campaign_id,customer_id,campaign_type,campaign_date,campaign_cost,delivered,clicked,redeemed,purchase_7d,revenue_7d,purchase_14d,revenue_14d,purchase_30d,revenue_30d,days_to_next_purchase,next_purchase_amount
CAMP00001,C0058,Discount,2024-11-30,19.75,1,1,0,0,0.0,0,0.0,0,0.0,,
CAMP00002,C0461,New Product,2026-07-28,23.0,1,0,0,0,0.0,0,0.0,0,0.0,,
CAMP00003,C0777,Win-back,2025-07-21,29.25,0,0,0,0,0.0,0,0.0,0,0.0,,
CAMP00004,C0358,Festival,2025-11-11,25.5,1,1,0,1,1296.54,1,1296.54,1,1296.54,7,1296.54
CAMP00005,C0200,Festival,2026-07-13,32.5,1,0,0,0,0.0,0,0.0,0,0.0,,
CAMP00006,C0817,New Product,2025-09-12,23.0,1,0,0,0,0.0,1,1659.6,1,1659.6,11,1659.6
CAMP00007,C0542,Birthday,2026-07-14,18.5,1,0,0,1,1793.86,1,1793.86,1,1793.86,4,896.93
CAMP00008,C0523,Festival,2025-06-13,25.5,1,1,0,1,1205.0,1,1205.0,1,1205.0,7,1205.0
CAMP00009,C0801,Loyalty,2025-05-18,18.0,0,0,0,0,0.0,0,0.0,1,1760.26,26,880.13
CAMP00010,C0075,Discount,2025-10-19,25.0,1,1,0,1,5973.86,1,5973.86,1,6640.15,3,985.13
CAMP00011,C0432,Win-back,2025-11-29,27.5,1,1,0,0,0.0,1,1171.89,1,10330.09,11,1171.89
CAMP00012,C0583,New Product,2026-01-23,23.0,0,0,0,0,0.0,0,0.0,1,6578.700000000001,16,1758.65
CAMP00013,C0144,Discount,2025-07-26,23.25,1,0,0,0,0.0,0,0.0,0,0.0,,
CAMP00014,C0110,New Product,2025-09-20,23.0,1,0,0,0,0.0,1,1564.48,1,1564.48,11,1564.48
CAMP00015,C0014,New Product,2025-10-03,23.0,1,1,0,1,1341.72,1,1341.72,1,1341.72,2,670.86
CAMP00016,C0186,Discount,2026-08-18,21.5,1,0,0,0,0.0,0,0.0,0,0.0,,
CAMP00017,C0225,Win-back,2026-05-29,31.0,1,1,1,0,0.0,1,886.91,1,1621.1799999999998,11,886.91
CAMP00018,C0351,Loyalty,2024-11-22,14.0,1,0,0,0,0.0,0,0.0,0,0.0,,
CAMP00019,C0045,New Product,2025-09-17,23.0,1,0,0,0,0.0,0,0.0,0,0.0,,
CAMP00020,C0791,New Product,2025-08-05,23.0,1,1,0,0,0.0,0,0.0,1,950.58,26,950.58
CAMP00021,C0983,Loyalty,2026-07-13,18.0,1,0,0,1,4190.6,1,4190.6,1,4190.6,5,4190.6
CAMP00022,C0778,Birthday,2026-01-08,22.0,1,0,0,0,0.0,1,1044.25,1,1044.25,14,1044.25
CAMP00023,C0148,Win-back,2026-06-07,27.5,1,0,0,0,0.0,1,5611.84,1,5611.84,12,1178.26
CAMP00024,C0008,Discount,2026-08-09,23.25,1,1,1,0,0.0,0,0.0,0,0.0,,
CAMP00025,C0239,Win-back,2025-11-28,31.0,1,0,0,0,0.0,0,0.0,0,0.0,,
CAMP00026,C0662,Birthday,2025-01-18,18.5,1,0,0,0,0.0,0,0.0,0,0.0,,
CAMP00027,C0964,New Product,2025-10-31,23.0,0,0,0,1,2569.8,1,2569.8,1,2569.8,6,1284.9
CAMP00028,C0157,Win-back,2026-04-27,27.5,1,0,0,0,0.0,0,0.0,0,0.0,,
CAMP00029,C0401,New Product,2025-07-20,23.0,1,0,0,0,0.0,0,0.0,0,0.0,,
CAMP00030,C0003,Win-back,2026-03-14,27.5,0,0,0,0,0.0,0,0.0,0,0.0,,
CAMP00031,C0615,Discount,2026-08-06,25.0,1,1,0,1,5666.6,1,5666.6,1,5666.6,3,1416.65
CAMP00032,C0387,Win-back,2026-08-20,32.75,0,0,0,0,0.0,0,0.0,0,0.0,,
CAMP00033,C0889,New Product,2026-03-13,23.0,1,1,0,0,0.0,0,0.0,0,0.0,,
CAMP00034,C0563,Festival,2026-08-23,30.75,1,0,0,0,0.0,0,0.0,0,0.0,,
CAMP00035,C0076,Festival,2024-08-14,32.5,1,0,0,0,0.0,0,0.0,1,709.52,24,709.52
CAMP00036,C0469,Loyalty,2024-06-02,14.0,1,0,0,0,0.0,0,0.0,1,1879.43,17,1879.43
CAMP00037,C0950,Festival,2026-06-29,32.5,1,0,0,1,1143.26,1,1892.48,1,2934.85,4,1143.26
CAMP00038,C0040,Loyalty,2026-04-30,16.0,1,0,0,0,0.0,0,0.0,1,1302.3,15,651.15
CAMP00039,C0246,Festival,2026-08-04,29.0,0,0,0,0,0.0,0,0.0,0,0.0,,
CAMP00040,C0101,Birthday,2026-06-10,22.0,0,0,0,0,0.0,1,9885.0,1,13702.649999999998,8,1490.36
CAMP00041,C0314,Loyalty,2025-10-19,22.0,1,0,0,0,0.0,0,0.0,0,0.0,,
CAMP00042,C0587,Win-back,2024-07-19,27.5,1,0,0,0,0.0,0,0.0,0,0.0,,
CAMP00043,C0264,Loyalty,2025-01-21,16.0,1,1,1,1,2582.08,1,2582.08,1,2582.08,3,1881.69
CAMP00044,C0747,New Product,2026-08-17,23.0,0,0,0,0,0.0,0,0.0,0,0.0,,
CAMP00045,C0584,Win-back,2025-11-19,29.25,1,1,0,0,0.0,0,0.0,0,0.0,,
CAMP00046,C0124,New Product,2025-02-05,23.0,1,0,0,0,0.0,0,0.0,0,0.0,,
CAMP00047,C0979,Discount,2025-08-11,19.75,1,1,0,0,0.0,0,0.0,0,0.0,,
CAMP00048,C0307,Win-back,2026-08-15,27.5,1,0,0,0,0.0,0,0.0,0,0.0,,
CAMP00049,C0923,Win-back,2024-02-17,27.5,1,0,0,1,2190.48,1,2190.48,1,3557.59,4,1095.24
CAMP00050,C0983,Festival,2026-07-05,30.75,1,0,0,0,0.0,1,4190.6,1,4190.6,13,4190.6
CAMP00051,C0997,Loyalty,2026-07-11,22.0,1,1,0,0,0.0,0,0.0,1,5551.8,19,2775.9
CAMP00052,C0839,Festival,2025-06-22,30.75,1,0,0,1,1739.64,1,1739.64,1,1739.64,5,1739.64
CAMP00053,C0519,Birthday,2025-09-05,18.5,1,1,1,0,0.0,0,0.0,0,0.0,,
CAMP00054,C0425,Birthday,2025-03-31,18.5,1,0,0,0,0.0,0,0.0,1,1425.48,27,712.74
CAMP00055,C0920,Birthday,2026-03-11,18.5,0,0,0,0,0.0,1,2672.62,1,4066.01,8,1336.31
CAMP00056,C0876,Birthday,2025-03-19,22.0,1,0,0,0,0.0,0,0.0,1,3714.8600000000006,16,507.76
CAMP00057,C0652,Festival,2025-02-17,32.5,1,0,0,1,1620.7,1,1620.7,1,2697.83,5,1620.7
CAMP00058,C0050,Loyalty,2026-06-30,16.0,1,0,0,0,0.0,0,0.0,0,0.0,,
CAMP00059,C0571,Festival,2026-07-19,25.5,1,1,0,0,0.0,0,0.0,0,0.0,,
CAMP00060,C0066,New Product,2026-06-28,23.0,1,1,0,0,0.0,0,0.0,0,0.0,,
CAMP00061,C0075,Birthday,2026-04-06,18.5,1,0,0,1,1131.81,1,1131.81,1,3235.55,3,1131.81
CAMP00062,C0141,Discount,2026-08-31,19.75,1,0,0,0,0.0,0,0.0,0,0.0,,
CAMP00063,C0503,Win-back,2026-05-14,32.75,1,0,0,0,0.0,0,0.0,1,2778.48,21,694.62
CAMP00064,C0398,Win-back,2025-10-07,29.25,1,0,0,0,0.0,0,0.0,1,5366.91,27,1788.97
CAMP00065,C0670,Loyalty,2024-11-07,18.0,1,0,0,0,0.0,0,0.0,0,0.0,,
CAMP00066,C0513,Win-back,2026-01-23,29.25,1,1,1,0,0.0,0,0.0,1,2226.99,16,1407.55
CAMP00067,C0088,New Product,2026-07-23,23.0,1,0,0,0,0.0,0,0.0,0,0.0,,
CAMP00068,C0962,Win-back,2026-06-22,29.25,1,0,0,0,0.0,0,0.0,0,0.0,,
CAMP00069,C0158,Discount,2026-08-12,19.75,1,1,0,0,0.0,0,0.0,0,0.0,,
CAMP00070,C0476,Loyalty,2026-04-05,14.0,0,0,0,0,0.0,0,0.0,0,0.0,,
CAMP00071,C0513,Loyalty,2026-08-24,18.0,1,1,1,0,0.0,0,0.0,0,0.0,,
CAMP00072,C0684,Festival,2026-08-15,32.5,1,0,0,1,1374.69,1,1374.69,1,1374.69,2,1374.69
CAMP00073,C0481,Discount,2024-10-06,25.0,1,0,0,0,0.0,0,0.0,1,696.1,29,696.1
CAMP00074,C0762,Festival,2026-02-21,25.5,1,0,0,1,5902.71,1,5902.71,1,5902.71,7,1967.57
CAMP00075,C0773,Birthday,2025-03-17,22.0,1,1,0,0,0.0,0,0.0,0,0.0,,
CAMP00076,C0317,Loyalty,2026-08-12,18.0,1,0,0,0,0.0,0,0.0,0,0.0,,
CAMP00077,C0094,Birthday,2025-01-15,22.0,1,1,0,1,918.21,1,918.21,1,2851.62,7,918.21
CAMP00078,C0763,Win-back,2024-07-09,27.5,1,0,0,0,0.0,1,1498.34,1,1498.34,9,1498.34
CAMP00079,C0654,Festival,2024-05-18,29.0,1,0,0,0,0.0,0,0.0,1,1084.98,28,542.49
CAMP00080,C0050,New Product,2026-05-25,23.0,1,0,0,0,0.0,0,0.0,0,0.0,,
CAMP00081,C0667,New Product,2026-08-10,23.0,1,0,0,0,0.0,0,0.0,0,0.0,,
CAMP00082,C0284,Discount,2026-06-29,23.25,1,0,0,0,0.0,0,0.0,0,0.0,,
CAMP00083,C0023,Festival,2025-09-15,30.75,1,1,0,1,2006.27,1,3947.86,1,5391.26,5,2006.27
CAMP00084,C0259,Birthday,2026-05-23,22.0,1,1,0,0,0.0,1,1868.34,1,3529.27,13,1868.34
CAMP00085,C0101,Birthday,2025-12-26,20.25,1,0,0,0,0.0,1,6174.22,1,6174.22,8,3087.11
CAMP00086,C0402,New Product,2025-06-07,23.0,1,0,0,0,0.0,0,0.0,0,0.0,,
CAMP00087,C0162,Birthday,2026-08-18,20.25,1,1,1,0,0.0,0,0.0,0,0.0,,
CAMP00088,C0827,Loyalty,2024-11-19,18.0,1,1,0,0,0.0,0,0.0,0,0.0,,
CAMP00089,C0915,Win-back,2025-01-17,32.75,1,0,0,0,0.0,0,0.0,1,4683.81,16,1561.27
CAMP00090,C0725,Loyalty,2026-08-21,18.0,1,0,0,1,854.13,1,854.13,1,854.13,4,854.13
CAMP00091,C0804,Festival,2025-09-12,25.5,1,0,0,0,0.0,0,0.0,1,432.09,21,432.09
CAMP00092,C0811,Birthday,2026-04-16,20.25,1,1,0,0,0.0,0,0.0,0,0.0,,
CAMP00093,C0237,Festival,2025-05-31,29.0,1,1,0,0,0.0,0,0.0,0,0.0,,
CAMP00094,C0455,New Product,2026-05-29,23.0,1,0,0,0,0.0,0,0.0,0,0.0,,
CAMP00095,C0127,Win-back,2025-03-13,31.0,1,0,0,0,0.0,0,0.0,1,3041.2500000000005,15,2038.94
CAMP00096,C0003,Birthday,2025-04-18,22.0,0,0,0,0,0.0,0,0.0,0,0.0,,
CAMP00097,C0539,Festival,2026-04-26,30.75,1,1,1,0,0.0,0,0.0,0,0.0,,
CAMP00098,C0472,Festival,2026-07-22,29.0,1,1,0,0,0.0,0,0.0,0,0.0,,
CAMP00099,C0820,Festival,2026-08-08,30.75,1,0,0,0,0.0,0,0.0,0,0.0,,
CAMP00100,C0824,Loyalty,2026-06-15,18.0,1,0,0,0,0.0,0,0.0,0,0.0,,
CAMP00101,C0373,Loyalty,2024-10-23,14.0,1,0,0,0,0.0,0,0.0,0,0.0,,
CAMP00102,C0251,Festival,2026-05-13,27.25,1,0,0,0,0.0,0,0.0,1,1396.72,15,1396.72
CAMP00103,C0143,Loyalty,2024-07-27,22.0,1,0,0,1,3692.97,1,3692.97,1,4644.910000000001,7,1153.14
CAMP00104,C0574,Loyalty,2025-10-24,18.0,1,1,0,0,0.0,1,4257.719999999999,1,5638.9,9,774.88
CAMP00105,C0755,Loyalty,2026-03-01,16.0,1,0,0,1,5147.64,1,5147.64,1,5147.64,6,1715.88
CAMP00106,C0851,New Product,2025-02-23,23.0,1,0,0,0,0.0,1,1406.18,1,1406.18,12,703.09
CAMP00107,C0153,Discount,2026-08-11,23.25,1,1,1,0,0.0,0,0.0,0,0.0,,
CAMP00108,C0539,Festival,2026-03-16,25.5,1,0,0,0,0.0,0,0.0,0,0.0,,
CAMP00109,C0376,Win-back,2026-04-21,29.25,1,1,0,0,0.0,0,0.0,0,0.0,,
CAMP00110,C0034,Win-back,2026-08-07,27.5,0,0,0,0,0.0,0,0.0,0,0.0,,
CAMP00111,C0393,Win-back,2024-02-13,29.25,1,0,0,0,0.0,0,0.0,1,1198.98,21,1198.98
CAMP00112,C0579,New Product,2026-06-15,23.0,1,0,0,1,3404.56,1,6080.06,1,6080.06,3,1702.28
CAMP00113,C0897,New Product,2024-05-10,23.0,1,0,0,0,0.0,0,0.0,1,9107.4,19,3035.8
CAMP00114,C0844,Festival,2025-01-31,29.0,1,0,0,0,0.0,0,0.0,0,0.0,,
CAMP00115,C0009,Festival,2026-03-24,32.5,1,0,0,1,1796.66,1,9868.18,1,11518.39,7,1796.66
CAMP00116,C0098,Festival,2026-02-23,30.75,1,0,0,0,0.0,0,0.0,0,0.0,,
CAMP00117,C0374,Discount,2024-02-16,21.5,1,0,0,0,0.0,0,0.0,0,0.0,,
CAMP00118,C0984,Loyalty,2026-07-28,18.0,1,0,0,0,0.0,0,0.0,0,0.0,,
CAMP00119,C0313,Win-back,2026-07-21,31.0,1,0,0,0,0.0,0,0.0,1,1055.97,21,1055.97
CAMP00120,C0111,Festival,2025-03-13,32.5,1,1,0,0,0.0,0,0.0,0,0.0,,
CAMP00121,C0008,New Product,2026-08-26,23.0,1,0,0,0,0.0,0,0.0,0,0.0,,
CAMP00122,C0951,Win-back,2026-08-28,29.25,1,0,0,0,0.0,0,0.0,0,0.0,,
CAMP00123,C0029,New Product,2026-07-17,23.0,1,0,0,0,0.0,0,0.0,0,0.0,,
CAMP00124,C0938,Loyalty,2024-11-02,22.0,1,0,0,0,0.0,0,0.0,1,762.89,15,762.89
CAMP00125,C0790,Discount,2026-08-31,23.25,1,0,0,0,0.0,0,0.0,0,0.0,,
CAMP00126,C0665,Festival,2025-04-28,30.75,1,0,0,0,0.0,0,0.0,0,0.0,,
CAMP00127,C0159,New Product,2026-06-06,23.0,1,0,0,1,2334.41,1,3243.95,1,3710.15,2,837.65
CAMP00128,C0747,Win-back,2026-07-07,32.75,1,1,0,0,0.0,1,775.76,1,775.76,14,387.88
CAMP00129,C0472,Festival,2026-06-24,32.5,0,0,0,0,0.0,0,0.0,0,0.0,,
CAMP00130,C0108,Birthday,2026-07-22,20.25,1,1,0,1,1751.72,1,1751.72,1,1751.72,4,875.86
CAMP00131,C0936,Win-back,2025-10-24,31.0,0,0,0,1,299.5,1,299.5,1,1956.83,3,299.5
CAMP00132,C0776,New Product,2026-02-27,23.0,1,0,0,0,0.0,0,0.0,0,0.0,,
CAMP00133,C0580,Festival,2026-08-07,25.5,1,0,0,0,0.0,0,0.0,0,0.0,,
CAMP00134,C0712,Win-back,2025-06-17,32.75,1,0,0,0,0.0,0,0.0,0,0.0,,
CAMP00135,C0222,Birthday,2024-02-19,20.25,1,1,1,0,0.0,0,0.0,0,0.0,,
CAMP00136,C0647,New Product,2026-08-31,23.0,0,0,0,0,0.0,0,0.0,0,0.0,,
CAMP00137,C0530,Loyalty,2026-01-19,16.0,1,0,0,0,0.0,0,0.0,0,0.0,,
CAMP00138,C0324,Festival,2026-06-09,25.5,1,0,0,1,2100.76,1,2100.76,1,4095.3600000000006,3,1050.38
CAMP00139,C0255,Discount,2025-12-20,21.5,1,0,0,1,603.74,1,603.74,1,603.74,4,301.87
CAMP00140,C0354,Discount,2026-07-28,25.0,1,0,0,0,0.0,0,0.0,0,0.0,,
CAMP00141,C0328,Festival,2023-12-15,29.0,1,0,0,0,0.0,0,0.0,0,0.0,,
CAMP00142,C0469,Festival,2025-02-06,25.5,1,1,0,0,0.0,0,0.0,1,9109.64,25,2381.47
CAMP00143,C0344,Win-back,2026-06-18,29.25,1,0,0,0,0.0,0,0.0,1,1755.14,28,877.57
CAMP00144,C0915,Birthday,2025-08-23,18.5,1,1,0,0,0.0,1,2447.34,1,7230.620000000001,13,1223.67
CAMP00145,C0462,Win-back,2025-12-26,31.0,1,0,0,0,0.0,0,0.0,1,1104.92,18,1104.92
CAMP00146,C0827,Discount,2024-05-27,23.25,1,0,0,0,0.0,0,0.0,0,0.0,,
CAMP00147,C0942,Birthday,2026-06-02,22.0,1,0,0,0,0.0,0,0.0,0,0.0,,
CAMP00148,C0290,Discount,2025-11-26,25.0,1,1,1,1,3211.3500000000004,1,3211.3500000000004,1,3211.3500000000004,6,1070.45
CAMP00149,C0112,Birthday,2025-08-19,22.0,1,0,0,0,0.0,1,1007.23,1,1007.23,8,1007.23
CAMP00150,C0499,Win-back,2025-07-19,32.75,1,0,0,0,0.0,0,0.0,0,0.0,,
CAMP00151,C0443,Birthday,2025-09-09,18.5,1,1,0,0,0.0,1,3595.68,1,6846.27,9,1198.56
CAMP00152,C0143,Birthday,2025-08-08,20.25,1,0,0,1,697.39,1,697.39,1,697.39,6,697.39
CAMP00153,C0625,Birthday,2026-08-22,22.0,0,0,0,0,0.0,0,0.0,0,0.0,,
CAMP00154,C0312,Birthday,2026-06-08,22.0,1,1,1,0,0.0,0,0.0,0,0.0,,
CAMP00155,C0511,Loyalty,2024-12-23,16.0,1,1,0,0,0.0,0,0.0,0,0.0,,
CAMP00156,C0449,Win-back,2026-07-19,31.0,1,1,1,1,717.68,1,717.68,1,717.68,2,717.68
CAMP00157,C0504,Festival,2026-05-03,25.5,1,1,0,0,0.0,0,0.0,0,0.0,,
CAMP00158,C0080,New Product,2024-07-22,23.0,1,0,0,0,0.0,0,0.0,1,4779.59,29,4779.59
CAMP00159,C0762,Discount,2026-04-06,25.0,1,0,0,0,0.0,0,0.0,1,1326.45,23,1326.45
CAMP00160,C0050,Discount,2026-06-04,23.25,1,1,1,0,0.0,0,0.0,0,0.0,,
CAMP00161,C0293,Discount,2025-01-22,19.75,1,1,0,0,0.0,0,0.0,1,1578.8,26,1578.8
CAMP00162,C0424,Festival,2026-03-21,25.5,0,0,0,0,0.0,1,1102.43,1,2593.41,12,1102.43
CAMP00163,C0560,New Product,2026-05-05,23.0,1,0,0,1,1166.42,1,4889.4,1,6916.200000000001,3,583.21
CAMP00164,C0587,Discount,2024-09-10,21.5,1,1,0,0,0.0,0,0.0,0,0.0,,
CAMP00165,C0597,New Product,2025-04-01,23.0,0,0,0,0,0.0,0,0.0,0,0.0,,
CAMP00166,C0582,Win-back,2026-03-21,31.0,1,0,0,0,0.0,0,0.0,1,5101.200000000001,22,4218.89
CAMP00167,C0500,Loyalty,2026-04-25,16.0,1,0,0,0,0.0,0,0.0,1,2319.9,21,2319.9
CAMP00168,C0440,Festival,2025-12-11,32.5,0,0,0,0,0.0,0,0.0,0,0.0,,
CAMP00169,C0368,Win-back,2024-12-07,27.5,1,0,0,0,0.0,0,0.0,1,653.62,29,653.62
CAMP00170,C0516,Loyalty,2024-10-24,16.0,1,0,0,0,0.0,0,0.0,0,0.0,,
CAMP00171,C0213,New Product,2024-05-17,23.0,1,1,0,0,0.0,0,0.0,0,0.0,,
CAMP00172,C0659,Discount,2025-09-14,25.0,1,0,0,0,0.0,0,0.0,0,0.0,,
CAMP00173,C0928,Discount,2026-03-26,25.0,1,1,0,0,0.0,0,0.0,0,0.0,,
CAMP00174,C0358,Discount,2026-04-15,19.75,1,1,0,0,0.0,0,0.0,0,0.0,,
CAMP00175,C0725,Discount,2026-06-26,23.25,1,1,0,0,0.0,0,0.0,1,3475.08,22,1737.54
CAMP00176,C0575,Loyalty,2023-11-30,16.0,1,1,1,0,0.0,0,0.0,0,0.0,,
CAMP00177,C0213,Loyalty,2025-11-21,16.0,1,0,0,0,0.0,0,0.0,0,0.0,,
CAMP00178,C0917,Festival,2026-06-10,27.25,1,0,0,0,0.0,0,0.0,0,0.0,,
CAMP00179,C0807,Discount,2025-11-30,23.25,1,1,0,0,0.0,1,606.92,1,2099.84,11,606.92
CAMP00180,C0452,New Product,2025-04-19,23.0,1,0,0,0,0.0,0,0.0,1,5268.02,15,563.76
CAMP00181,C0449,Festival,2026-05-04,29.0,1,1,0,1,1111.26,1,2194.4,1,2194.4,5,370.42
CAMP00182,C0092,New Product,2025-11-30,23.0,1,1,0,0,0.0,0,0.0,0,0.0,,
CAMP00183,C0571,Birthday,2025-05-19,18.5,1,0,0,0,0.0,1,772.44,1,772.44,13,772.44
CAMP00184,C0027,New Product,2026-03-03,23.0,0,0,0,0,0.0,1,1350.51,1,1350.51,12,1350.51
CAMP00185,C0915,Festival,2025-02-13,27.25,1,1,1,0,0.0,0,0.0,1,2373.81,26,791.27
CAMP00186,C0516,Win-back,2026-07-26,29.25,1,0,0,0,0.0,0,0.0,0,0.0,,
CAMP00187,C0670,Win-back,2026-05-24,27.5,1,1,0,0,0.0,1,1581.01,1,4212.79,9,1581.01
CAMP00188,C0033,Discount,2026-05-12,21.5,1,0,0,0,0.0,0,0.0,0,0.0,,
CAMP00189,C0578,Loyalty,2024-07-31,22.0,1,0,0,0,0.0,0,0.0,1,1877.99,17,600.27
CAMP00190,C0068,Loyalty,2025-08-14,16.0,1,1,0,0,0.0,1,3193.4700000000003,1,10563.38,13,1064.49
CAMP00191,C0375,Birthday,2025-03-17,18.5,1,0,0,1,365.49,1,365.49,1,365.49,3,365.49
CAMP00192,C0998,New Product,2026-07-02,23.0,1,0,0,0,0.0,0,0.0,1,1875.25,15,1875.25
CAMP00193,C0485,Discount,2026-05-21,23.25,1,0,0,0,0.0,0,0.0,0,0.0,,
CAMP00194,C0058,Discount,2025-03-16,23.25,1,1,0,0,0.0,0,0.0,1,2601.08,22,1300.54
CAMP00195,C0510,Birthday,2026-08-06,20.25,1,1,0,0,0.0,1,2828.78,1,2828.78,10,1414.39
CAMP00196,C0974,Festival,2026-07-02,32.5,1,0,0,0,0.0,0,0.0,0,0.0,,
CAMP00197,C0329,Festival,2025-10-09,30.75,1,0,0,0,0.0,0,0.0,0,0.0,,
CAMP00198,C0245,Festival,2025-11-01,29.0,1,0,0,0,0.0,0,0.0,0,0.0,,
CAMP00199,C0656,Festival,2025-10-10,30.75,1,0,0,0,0.0,0,0.0,0,0.0,,
CAMP00200,C0372,Festival,2025-06-07,32.5,1,0,0,0,0.0,1,3218.37,1,12863.81,13,1072.79
CAMP00201,C0159,Festival,2025-12-30,29.0,1,0,0,0,0.0,0,0.0,0,0.0,,
CAMP00202,C0895,Festival,2024-09-23,25.5,1,1,0,0,0.0,1,661.87,1,4158.29,10,661.87
CAMP00203,C0260,Festival,2025-10-09,30.75,1,0,0,0,0.0,0,0.0,0,0.0,,
CAMP00204,C0558,Discount,2025-02-22,23.25,1,0,0,0,0.0,1,8520.01,1,10384.6,11,3040.24
CAMP00205,C0911,Festival,2026-08-12,27.25,1,1,1,0,0.0,0,0.0,0,0.0,,
CAMP00206,C0655,Discount,2025-09-24,25.0,0,0,0,0,0.0,1,951.68,1,951.68,10,951.68
CAMP00207,C0301,Discount,2026-01-01,19.75,1,1,0,0,0.0,0,0.0,0,0.0,,
CAMP00208,C0769,Loyalty,2025-12-27,22.0,1,0,0,1,1415.62,1,1415.62,1,1415.62,1,1415.62
CAMP00209,C0434,Festival,2026-04-07,30.75,1,0,0,0,0.0,0,0.0,0,0.0,,
CAMP00210,C0358,New Product,2024-10-17,23.0,1,1,0,0,0.0,0,0.0,0,0.0,,
CAMP00211,C0841,Discount,2025-12-10,25.0,1,0,0,1,1077.3,1,2633.16,1,2633.16,6,1077.3
CAMP00212,C0753,Discount,2025-10-15,21.5,1,0,0,0,0.0,1,1697.25,1,1697.25,8,1697.25
CAMP00213,C0749,Birthday,2025-06-17,18.5,1,0,0,0,0.0,0,0.0,1,963.46,19,481.73
CAMP00214,C0123,Win-back,2024-08-06,31.0,1,1,0,0,0.0,0,0.0,0,0.0,,
CAMP00215,C0489,Win-back,2025-10-09,29.25,1,0,0,0,0.0,1,2441.08,1,2441.08,11,1220.54
CAMP00216,C0247,Birthday,2025-09-14,22.0,1,0,0,0,0.0,0,0.0,1,1162.57,27,1162.57
CAMP00217,C0814,Loyalty,2026-04-02,22.0,1,0,0,0,0.0,0,0.0,0,0.0,,
CAMP00218,C0140,New Product,2025-03-29,23.0,1,0,0,0,0.0,1,2510.48,1,5143.93,13,1255.24
CAMP00219,C0304,New Product,2025-05-08,23.0,1,0,0,0,0.0,0,0.0,0,0.0,,
CAMP00220,C0498,Birthday,2026-07-26,22.0,0,0,0,1,1900.28,1,1900.28,1,1900.28,2,950.14
CAMP00221,C0118,Loyalty,2026-06-04,22.0,1,0,0,0,0.0,0,0.0,1,3224.5,29,3224.5
CAMP00222,C0631,Win-back,2026-04-24,29.25,0,0,0,1,765.15,1,765.15,1,2729.37,5,765.15
CAMP00223,C0310,Discount,2025-09-17,19.75,1,1,1,0,0.0,0,0.0,0,0.0,,
CAMP00224,C0921,Festival,2026-01-06,30.75,1,0,0,0,0.0,0,0.0,1,2987.74,21,955.44
CAMP00225,C0469,Win-back,2023-11-10,29.25,1,0,0,0,0.0,0,0.0,0,0.0,,
CAMP00226,C0851,Loyalty,2025-10-27,16.0,1,0,0,0,0.0,0,0.0,0,0.0,,
CAMP00227,C0358,Win-back,2026-07-31,31.0,1,0,0,0,0.0,0,0.0,0,0.0,,
CAMP00228,C0958,Win-back,2026-01-02,32.75,1,0,0,0,0.0,0,0.0,1,1725.27,21,1725.27
CAMP00229,C0606,Birthday,2025-11-04,22.0,1,0,0,0,0.0,0,0.0,1,2455.84,15,917.31
CAMP00230,C0539,Festival,2026-08-24,30.75,1,0,0,0,0.0,0,0.0,0,0.0,,
CAMP00231,C0837,Discount,2026-06-24,21.5,1,0,0,0,0.0,0,0.0,1,339.82,21,339.82
CAMP00232,C0820,Birthday,2025-12-28,22.0,1,0,0,0,0.0,1,1324.78,1,1324.78,12,662.39
CAMP00233,C0787,Win-back,2023-12-11,29.25,1,0,0,0,0.0,0,0.0,1,1097.39,24,1097.39
CAMP00234,C0159,Festival,2026-01-31,27.25,1,0,0,0,0.0,0,0.0,0,0.0,,
CAMP00235,C0558,Win-back,2025-07-24,27.5,1,1,1,1,3106.9700000000003,1,3106.9700000000003,1,5424.59,1,1166.13
CAMP00236,C0976,Festival,2026-06-22,27.25,1,0,0,0,0.0,0,0.0,0,0.0,,
CAMP00237,C0155,Discount,2024-08-16,19.75,1,0,0,0,0.0,0,0.0,0,0.0,,
CAMP00238,C0018,Birthday,2025-02-05,22.0,1,0,0,0,0.0,0,0.0,1,5104.03,29,1588.78
CAMP00239,C0607,Birthday,2025-08-02,20.25,1,0,0,0,0.0,0,0.0,0,0.0,,
CAMP00240,C0816,Discount,2026-06-20,23.25,1,0,0,0,0.0,0,0.0,1,2561.78,20,1770.68
CAMP00241,C0821,Birthday,2024-03-13,20.25,1,0,0,0,0.0,1,3419.31,1,3419.31,8,1139.77
CAMP00242,C0473,Festival,2026-03-07,27.25,1,0,0,0,0.0,0,0.0,0,0.0,,
CAMP00243,C0901,New Product,2026-08-15,23.0,1,1,0,0,0.0,0,0.0,0,0.0,,
CAMP00244,C0780,Festival,2024-06-12,25.5,1,0,0,0,0.0,0,0.0,0,0.0,,
CAMP00245,C0765,Birthday,2026-02-19,20.25,1,1,0,0,0.0,0,0.0,0,0.0,,
CAMP00246,C0406,Discount,2024-10-24,21.5,1,0,0,1,2405.3,1,2405.3,1,5476.56,5,1202.65
CAMP00247,C0748,Loyalty,2026-03-13,22.0,1,0,0,1,1464.48,1,1464.48,1,1464.48,2,366.12
CAMP00248,C0120,Festival,2026-05-26,25.5,1,1,1,0,0.0,0,0.0,1,1958.4,20,979.2
CAMP00249,C0007,Festival,2026-07-20,25.5,1,1,1,1,4731.1,1,4731.1,1,6023.64,1,653.95
CAMP00250,C0421,Festival,2026-07-16,25.5,1,1,1,0,0.0,0,0.0,0,0.0,,
CAMP00251,C0861,Birthday,2026-08-18,22.0,1,0,0,0,0.0,0,0.0,0,0.0,,
CAMP00252,C0972,Discount,2026-08-03,23.25,1,0,0,0,0.0,0,0.0,0,0.0,,
CAMP00253,C0217,Loyalty,2026-01-05,14.0,0,0,0,0,0.0,0,0.0,1,5293.2,17,3710.58
CAMP00254,C0058,Festival,2025-11-26,27.25,1,0,0,0,0.0,0,0.0,0,0.0,,
CAMP00255,C0421,Loyalty,2026-01-09,14.0,1,1,1,0,0.0,0,0.0,0,0.0,,
CAMP00256,C0803,New Product,2026-04-02,23.0,0,0,0,0,0.0,0,0.0,0,0.0,,
CAMP00257,C0128,Discount,2026-05-17,25.0,1,0,0,0,0.0,0,0.0,0,0.0,,
CAMP00258,C0996,Discount,2025-07-24,21.5,0,0,0,1,1013.39,1,1921.16,1,1921.16,2,1013.39
CAMP00259,C0479,New Product,2025-10-02,23.0,1,0,0,1,2616.06,1,4822.54,1,8140.57,4,2616.06
CAMP00260,C0742,Loyalty,2026-08-02,16.0,1,1,0,0,0.0,0,0.0,0,0.0,,
CAMP00261,C0680,New Product,2024-07-23,23.0,1,1,0,0,0.0,1,391.87,1,1449.01,10,391.87
CAMP00262,C0200,Win-back,2025-01-07,27.5,1,1,0,0,0.0,0,0.0,1,6934.6,23,2758.95
CAMP00263,C0329,Win-back,2026-07-08,32.75,1,0,0,0,0.0,0,0.0,0,0.0,,
CAMP00264,C0845,Win-back,2026-07-21,27.5,1,0,0,0,0.0,1,2158.41,1,10515.28,9,2158.41
CAMP00265,C0773,Festival,2024-12-17,29.0,1,1,1,0,0.0,0,0.0,0,0.0,,
CAMP00266,C0773,Birthday,2025-02-27,20.25,1,0,0,0,0.0,0,0.0,0,0.0,,
CAMP00267,C0933,Win-back,2026-08-25,29.25,1,0,0,0,0.0,0,0.0,0,0.0,,
CAMP00268,C0937,Festival,2026-04-06,29.0,1,0,0,0,0.0,0,0.0,0,0.0,,
CAMP00269,C0078,New Product,2025-08-10,23.0,1,0,0,0,0.0,0,0.0,1,1758.83,30,1758.83
CAMP00270,C0393,Festival,2025-09-06,29.0,1,0,0,1,1311.73,1,2389.3700000000003,1,4534.67,2,1311.73
CAMP00271,C0356,Win-back,2026-07-13,32.75,1,0,0,0,0.0,1,596.42,1,596.42,10,596.42
CAMP00272,C0507,Birthday,2024-04-11,18.5,1,0,0,0,0.0,0,0.0,1,1416.93,20,472.31
CAMP00273,C0459,Win-back,2026-07-09,29.25,0,0,0,0,0.0,1,896.26,1,896.26,13,448.13
CAMP00274,C0975,Loyalty,2026-08-22,14.0,1,0,0,0,0.0,0,0.0,0,0.0,,
CAMP00275,C0266,Win-back,2025-10-22,31.0,1,0,0,0,0.0,0,0.0,1,2178.64,25,544.66
CAMP00276,C0358,New Product,2025-08-29,23.0,1,0,0,1,2338.68,1,2338.68,1,4059.84,6,1169.34
CAMP00277,C0161,New Product,2026-08-30,23.0,1,1,0,0,0.0,0,0.0,0,0.0,,
CAMP00278,C0344,Festival,2026-05-13,27.25,1,0,0,0,0.0,0,0.0,0,0.0,,
CAMP00279,C0065,Win-back,2023-11-21,27.5,0,0,0,0,0.0,0,0.0,0,0.0,,
CAMP00280,C0506,Birthday,2026-02-17,22.0,1,0,0,1,2365.67,1,3428.13,1,3428.13,6,2365.67
CAMP00281,C0876,Loyalty,2026-07-19,16.0,1,0,0,0,0.0,0,0.0,1,1160.46,22,1160.46
CAMP00282,C0715,New Product,2025-03-08,23.0,1,0,0,0,0.0,0,0.0,1,2598.82,23,1299.41
CAMP00283,C0742,Loyalty,2026-07-30,16.0,1,0,0,0,0.0,0,0.0,0,0.0,,
CAMP00284,C0400,Win-back,2026-06-24,29.25,1,0,0,0,0.0,0,0.0,0,0.0,,
CAMP00285,C0416,Loyalty,2026-07-30,16.0,1,0,0,0,0.0,0,0.0,0,0.0,,
CAMP00286,C0338,Festival,2025-10-13,32.5,1,0,0,0,0.0,0,0.0,0,0.0,,
CAMP00287,C0442,New Product,2026-05-17,23.0,1,0,0,0,0.0,0,0.0,1,4150.0,29,830.0
CAMP00288,C0494,New Product,2026-01-20,23.0,1,0,0,0,0.0,0,0.0,0,0.0,,
CAMP00289,C0567,Win-back,2026-02-06,31.0,1,0,0,0,0.0,0,0.0,0,0.0,,
CAMP00290,C0782,New Product,2026-03-31,23.0,1,0,0,0,0.0,0,0.0,0,0.0,,
CAMP00291,C0483,New Product,2026-03-02,23.0,1,0,0,0,0.0,0,0.0,0,0.0,,
CAMP00292,C0121,Discount,2026-01-02,25.0,1,0,0,0,0.0,0,0.0,0,0.0,,
CAMP00293,C0460,Loyalty,2025-11-09,18.0,1,0,0,0,0.0,0,0.0,1,1853.08,24,926.54
CAMP00294,C0242,Loyalty,2026-06-12,22.0,1,0,0,0,0.0,0,0.0,0,0.0,,
CAMP00295,C0804,Win-back,2025-03-27,27.5,1,0,0,0,0.0,1,1797.27,1,3956.11,13,599.09
CAMP00296,C0014,Win-back,2026-05-27,27.5,1,0,0,1,807.85,1,5160.85,1,5929.110000000001,5,807.85
CAMP00297,C0093,Win-back,2025-09-10,31.0,1,1,0,0,0.0,0,0.0,0,0.0,,
CAMP00298,C0380,Festival,2025-01-04,29.0,0,0,0,0,0.0,0,0.0,0,0.0,,
CAMP00299,C0828,Discount,2026-01-12,25.0,1,0,0,0,0.0,0,0.0,1,3255.29,20,1109.39
CAMP00300,C0615,Birthday,2026-05-11,22.0,1,0,0,0,0.0,0,0.0,1,3094.1,27,1547.05
CAMP00301,C0734,Win-back,2026-06-24,32.75,1,0,0,0,0.0,0,0.0,0,0.0,,
CAMP00302,C0378,New Product,2026-07-03,23.0,0,0,0,0,0.0,0,0.0,1,1077.03,21,563.88
CAMP00303,C0662,Win-back,2026-01-03,27.5,1,0,0,0,0.0,0,0.0,0,0.0,,
CAMP00304,C0004,Win-back,2026-08-09,31.0,1,0,0,0,0.0,0,0.0,0,0.0,,
CAMP00305,C0565,Win-back,2026-03-12,31.0,1,0,0,0,0.0,0,0.0,0,0.0,,
CAMP00306,C0026,Loyalty,2026-01-25,16.0,1,1,0,0,0.0,0,0.0,0,0.0,,
CAMP00307,C0647,Festival,2026-06-24,30.75,1,0,0,0,0.0,0,0.0,0,0.0,,
CAMP00308,C0437,Festival,2026-08-22,29.0,1,0,0,0,0.0,0,0.0,0,0.0,,
CAMP00309,C0103,Win-back,2026-08-15,27.5,1,0,0,0,0.0,0,0.0,0,0.0,,
CAMP00310,C0795,Festival,2025-11-08,30.75,1,0,0,0,0.0,0,0.0,0,0.0,,
CAMP00311,C0459,Festival,2026-01-04,29.0,1,1,0,1,2570.6,1,2570.6,1,4794.32,5,1285.3
CAMP00312,C0965,New Product,2025-10-16,23.0,1,1,0,0,0.0,0,0.0,1,3282.7900000000004,17,1322.15
CAMP00313,C0462,Loyalty,2026-02-28,16.0,1,0,0,0,0.0,0,0.0,1,1766.76,15,1766.76
CAMP00314,C0960,New Product,2025-03-04,23.0,1,1,0,1,7632.510000000001,1,11319.320000000002,1,11319.320000000002,3,4378.47
CAMP00315,C0169,Birthday,2026-08-07,22.0,1,0,0,0,0.0,0,0.0,0,0.0,,
CAMP00316,C0528,New Product,2026-07-01,23.0,1,0,0,1,1361.93,1,3255.8500000000004,1,3255.8500000000004,7,1361.93
CAMP00317,C0988,New Product,2026-08-29,23.0,1,1,1,0,0.0,0,0.0,0,0.0,,
CAMP00318,C0392,Win-back,2026-04-21,32.75,1,1,0,0,0.0,0,0.0,0,0.0,,
CAMP00319,C0136,Festival,2026-08-10,25.5,1,1,0,0,0.0,0,0.0,0,0.0,,
CAMP00320,C0230,Win-back,2026-08-06,31.0,1,0,0,0,0.0,0,0.0,0,0.0,,
CAMP00321,C0747,Win-back,2026-08-24,29.25,1,0,0,0,0.0,0,0.0,0,0.0,,
CAMP00322,C0481,Discount,2026-04-04,23.25,1,0,0,0,0.0,0,0.0,0,0.0,,
CAMP00323,C0429,Loyalty,2025-01-30,22.0,1,1,1,0,0.0,1,2495.81,1,2495.81,10,2495.81
CAMP00324,C0638,Loyalty,2026-07-03,16.0,1,0,0,0,0.0,0,0.0,0,0.0,,
CAMP00325,C0653,Birthday,2026-05-29,22.0,1,0,0,0,0.0,0,0.0,0,0.0,,
CAMP00326,C0781,Birthday,2026-07-13,20.25,1,0,0,0,0.0,0,0.0,0,0.0,,
CAMP00327,C0371,New Product,2025-03-10,23.0,1,0,0,1,2103.56,1,2103.56,1,6048.839999999998,4,1051.78
CAMP00328,C0177,Discount,2026-07-10,23.25,1,0,0,1,3576.34,1,3576.34,1,4729.95,3,1769.26
CAMP00329,C0194,Loyalty,2026-02-03,16.0,1,0,0,0,0.0,1,2396.67,1,6198.99,8,1178.76
CAMP00330,C0499,Festival,2026-07-23,27.25,1,0,0,0,0.0,0,0.0,0,0.0,,
CAMP00331,C0261,Discount,2026-08-13,25.0,1,0,0,1,938.84,1,938.84,1,938.84,1,938.84
CAMP00332,C0171,Discount,2026-08-11,19.75,1,1,0,1,1972.04,1,1972.04,1,1972.04,5,1972.04
CAMP00333,C0334,Win-back,2025-10-03,32.75,1,0,0,1,1160.79,1,5840.969999999999,1,7829.07,4,1160.79
CAMP00334,C0314,Festival,2026-06-26,29.0,1,1,0,0,0.0,0,0.0,1,1285.48,26,642.74
CAMP00335,C0197,New Product,2025-12-25,23.0,1,0,0,0,0.0,0,0.0,0,0.0,,
CAMP00336,C0372,New Product,2026-08-09,23.0,1,1,1,0,0.0,1,7434.08,1,7434.08,12,1858.52
CAMP00337,C0318,Festival,2026-08-28,30.75,0,0,0,0,0.0,0,0.0,0,0.0,,
CAMP00338,C0479,Birthday,2024-11-10,22.0,1,0,0,0,0.0,0,0.0,0,0.0,,
CAMP00339,C0272,Loyalty,2026-06-09,18.0,1,0,0,0,0.0,0,0.0,0,0.0,,
CAMP00340,C0067,Loyalty,2024-10-05,22.0,1,0,0,0,0.0,0,0.0,0,0.0,,
CAMP00341,C0077,Discount,2025-11-03,19.75,1,0,0,0,0.0,0,0.0,0,0.0,,
CAMP00342,C0919,Birthday,2026-08-28,22.0,1,0,0,0,0.0,0,0.0,0,0.0,,
CAMP00343,C0685,New Product,2026-01-13,23.0,1,0,0,0,0.0,0,0.0,0,0.0,,
CAMP00344,C0280,Win-back,2026-05-14,32.75,0,0,0,0,0.0,0,0.0,0,0.0,,
CAMP00345,C0440,Loyalty,2026-01-01,16.0,1,0,0,0,0.0,0,0.0,0,0.0,,
CAMP00346,C0699,Loyalty,2023-12-15,22.0,1,0,0,0,0.0,0,0.0,1,3380.84,18,3380.84
CAMP00347,C0448,Win-back,2026-05-21,29.25,1,0,0,1,732.72,1,4757.92,1,5601.52,3,732.72
CAMP00348,C0541,Birthday,2026-07-06,18.5,1,0,0,0,0.0,0,0.0,0,0.0,,
CAMP00349,C0660,New Product,2026-03-22,23.0,1,0,0,0,0.0,0,0.0,0,0.0,,
CAMP00350,C0112,Discount,2026-06-29,23.25,1,0,0,0,0.0,0,0.0,0,0.0,,
CAMP00351,C0897,New Product,2024-06-18,23.0,1,0,0,1,2865.06,1,2865.06,1,8068.08,6,1432.53
CAMP00352,C0894,Birthday,2026-05-02,20.25,1,0,0,0,0.0,0,0.0,0,0.0,,
CAMP00353,C0408,Discount,2025-05-15,19.75,1,0,0,0,0.0,0,0.0,0,0.0,,
CAMP00354,C0598,Discount,2026-05-11,21.5,1,0,0,0,0.0,0,0.0,1,2730.1400000000003,16,748.73
CAMP00355,C0017,Discount,2026-04-26,25.0,1,1,0,0,0.0,0,0.0,1,2613.8,16,1306.9
CAMP00356,C0793,New Product,2026-05-17,23.0,1,0,0,0,0.0,0,0.0,0,0.0,,
CAMP00357,C0298,New Product,2026-07-08,23.0,1,0,0,0,0.0,0,0.0,0,0.0,,
CAMP00358,C0412,Birthday,2026-08-25,20.25,1,0,0,0,0.0,0,0.0,0,0.0,,
CAMP00359,C0815,Discount,2025-08-13,23.25,1,0,0,0,0.0,1,1466.65,1,1466.65,12,1466.65
CAMP00360,C0243,Win-back,2024-10-22,32.75,1,0,0,1,1625.06,1,2333.24,1,2333.24,1,1188.06
CAMP00361,C0230,New Product,2026-03-02,23.0,1,0,0,0,0.0,0,0.0,0,0.0,,
CAMP00362,C0447,Festival,2025-04-30,25.5,1,1,0,1,4192.02,1,4192.02,1,4192.02,2,1345.99
CAMP00363,C0681,Discount,2024-10-26,25.0,1,0,0,0,0.0,0,0.0,1,2412.9,17,804.3
CAMP00364,C0489,Win-back,2025-03-05,32.75,0,0,0,0,0.0,0,0.0,0,0.0,,
CAMP00365,C0590,Birthday,2026-02-01,18.5,1,1,0,0,0.0,1,784.88,1,784.88,14,784.88
CAMP00366,C0144,Birthday,2026-08-31,18.5,1,0,0,0,0.0,0,0.0,0,0.0,,
CAMP00367,C0513,Discount,2026-03-10,25.0,1,0,0,0,0.0,1,1825.5,1,7562.25,10,912.75
CAMP00368,C0243,Loyalty,2025-02-05,22.0,1,0,0,1,801.11,1,801.11,1,801.11,3,801.11
CAMP00369,C0663,Loyalty,2026-06-17,22.0,1,0,0,1,958.35,1,958.35,1,958.35,7,958.35
CAMP00370,C0660,New Product,2026-01-20,23.0,1,1,0,0,0.0,1,1052.97,1,1052.97,11,1052.97
CAMP00371,C0558,New Product,2024-06-18,23.0,1,0,0,0,0.0,0,0.0,1,382.76,24,382.76
CAMP00372,C0296,Festival,2024-11-20,25.5,1,1,0,0,0.0,0,0.0,0,0.0,,
CAMP00373,C0308,Festival,2025-05-17,32.5,0,0,0,0,0.0,0,0.0,1,1326.32,23,663.16
CAMP00374,C0116,Loyalty,2024-05-04,22.0,1,1,0,0,0.0,0,0.0,0,0.0,,
CAMP00375,C0415,Win-back,2025-12-19,31.0,1,1,0,0,0.0,1,3004.68,1,3894.07,13,1502.34
CAMP00376,C0089,Win-back,2026-08-01,31.0,1,0,0,0,0.0,0,0.0,0,0.0,,
CAMP00377,C0355,Win-back,2026-05-04,29.25,1,0,0,0,0.0,0,0.0,0,0.0,,
CAMP00378,C0094,New Product,2026-06-05,23.0,1,0,0,0,0.0,0,0.0,0,0.0,,
CAMP00379,C0505,New Product,2026-05-17,23.0,1,1,1,0,0.0,0,0.0,0,0.0,,
CAMP00380,C0607,Festival,2024-07-12,27.25,1,1,1,0,0.0,0,0.0,0,0.0,,
CAMP00381,C0953,Birthday,2026-06-25,18.5,1,0,0,0,0.0,0,0.0,0,0.0,,
CAMP00382,C0154,Birthday,2026-04-02,20.25,1,1,0,0,0.0,0,0.0,1,4042.96,27,2021.48
CAMP00383,C0861,Win-back,2026-02-12,29.25,1,0,0,0,0.0,0,0.0,0,0.0,,
CAMP00384,C0119,Win-back,2025-04-10,32.75,1,0,0,0,0.0,0,0.0,1,1530.3,22,482.38
CAMP00385,C0056,Birthday,2026-01-10,18.5,1,0,0,0,0.0,0,0.0,0,0.0,,
CAMP00386,C0202,Birthday,2026-03-10,18.5,1,0,0,0,0.0,0,0.0,1,1193.58,21,1193.58
CAMP00387,C0367,Festival,2026-08-28,27.25,0,0,0,0,0.0,0,0.0,0,0.0,,
CAMP00388,C0446,Win-back,2026-04-19,32.75,0,0,0,0,0.0,0,0.0,0,0.0,,
CAMP00389,C0140,Festival,2025-08-01,30.75,1,1,0,0,0.0,0,0.0,1,1695.69,20,1695.69
CAMP00390,C0696,Win-back,2026-08-06,29.25,1,0,0,0,0.0,0,0.0,0,0.0,,
CAMP00391,C0014,Loyalty,2025-04-11,18.0,1,0,0,0,0.0,0,0.0,0,0.0,,
CAMP00392,C0621,Discount,2026-08-11,23.25,1,0,0,0,0.0,0,0.0,0,0.0,,
CAMP00393,C0267,Win-back,2026-05-19,29.25,1,1,0,0,0.0,0,0.0,1,3302.46,26,1651.23
CAMP00394,C0775,Win-back,2025-02-27,31.0,0,0,0,0,0.0,1,686.36,1,1885.28,12,686.36
CAMP00395,C0620,Discount,2026-04-22,23.25,1,1,0,1,3946.16,1,6787.639999999999,1,9623.52,2,1826.29
CAMP00396,C0506,Win-back,2025-11-03,31.0,1,1,1,0,0.0,0,0.0,1,1337.2,29,668.6
CAMP00397,C0717,Festival,2025-09-27,30.75,1,0,0,1,1869.22,1,1869.22,1,3042.88,3,934.61
CAMP00398,C0555,New Product,2026-01-25,23.0,0,0,0,0,0.0,0,0.0,1,850.24,23,850.24
CAMP00399,C0108,Loyalty,2026-01-17,22.0,1,0,0,0,0.0,0,0.0,0,0.0,,
CAMP00400,C0475,Loyalty,2025-06-06,18.0,1,0,0,0,0.0,0,0.0,0,0.0,,
CAMP00401,C0257,Win-back,2026-05-19,27.5,1,0,0,0,0.0,0,0.0,1,2607.97,16,900.6
CAMP00402,C0636,Festival,2026-05-25,25.5,1,0,0,1,5842.14,1,5842.14,1,8787.44,6,1947.38
CAMP00403,C0182,New Product,2026-08-11,23.0,0,0,0,0,0.0,0,0.0,0,0.0,,
CAMP00404,C0288,New Product,2025-12-07,23.0,1,0,0,0,0.0,0,0.0,0,0.0,,
CAMP00405,C0785,Festival,2026-08-13,29.0,1,1,1,0,0.0,0,0.0,0,0.0,,
CAMP00406,C0439,Birthday,2026-06-02,22.0,1,0,0,0,0.0,0,0.0,0,0.0,,
CAMP00407,C0669,Loyalty,2025-02-16,22.0,1,0,0,0,0.0,0,0.0,1,1668.02,18,1668.02
CAMP00408,C0649,Discount,2025-10-28,25.0,1,1,1,1,3431.08,1,3431.08,1,16794.09,3,1715.54
CAMP00409,C0867,Loyalty,2025-03-20,18.0,1,1,0,0,0.0,0,0.0,0,0.0,,
CAMP00410,C0632,Win-back,2026-02-10,32.75,1,0,0,1,1773.71,1,8889.470000000001,1,17133.590000000004,1,1773.71
CAMP00411,C0822,Loyalty,2026-08-20,14.0,1,0,0,0,0.0,0,0.0,0,0.0,,
CAMP00412,C0063,New Product,2026-03-07,23.0,1,0,0,0,0.0,0,0.0,0,0.0,,
CAMP00413,C0022,Loyalty,2025-12-26,14.0,1,0,0,0,0.0,0,0.0,1,735.51,17,735.51
CAMP00414,C0219,New Product,2024-09-12,23.0,1,0,0,0,0.0,0,0.0,0,0.0,,
CAMP00415,C0709,Discount,2026-06-13,23.25,1,1,0,1,1887.66,1,1887.66,1,1887.66,1,943.83
CAMP00416,C0139,Birthday,2026-06-14,18.5,1,1,0,0,0.0,1,4655.82,1,4655.82,9,4655.82
CAMP00417,C0341,Win-back,2026-01-14,31.0,1,0,0,0,0.0,0,0.0,0,0.0,,
CAMP00418,C0337,New Product,2025-03-29,23.0,1,0,0,0,0.0,0,0.0,0,0.0,,
CAMP00419,C0558,Discount,2026-07-22,25.0,1,0,0,1,4551.52,1,4551.52,1,4551.52,2,2275.76
CAMP00420,C0045,Discount,2025-12-14,23.25,1,1,0,1,4412.64,1,4412.64,1,7525.38,4,1470.88
CAMP00421,C0521,Loyalty,2024-09-05,18.0,1,1,0,0,0.0,1,683.4,1,683.4,11,683.4
CAMP00422,C0933,New Product,2025-08-13,23.0,1,0,0,1,709.25,1,709.25,1,1415.03,6,709.25
CAMP00423,C0071,Loyalty,2026-04-24,22.0,1,0,0,1,3852.71,1,3852.71,1,6309.97,4,2002.52
CAMP00424,C0752,Loyalty,2025-01-13,14.0,1,0,0,1,1451.68,1,1451.68,1,1451.68,7,725.84
CAMP00425,C0612,Win-back,2026-08-19,31.0,1,0,0,0,0.0,0,0.0,0,0.0,,
CAMP00426,C0302,New Product,2026-02-08,23.0,1,0,0,0,0.0,0,0.0,1,3251.6800000000003,15,619.86
CAMP00427,C0480,Loyalty,2026-05-29,16.0,1,0,0,0,0.0,1,2142.94,1,2142.94,10,1071.47
CAMP00428,C0839,Festival,2025-05-29,27.25,1,0,0,0,0.0,0,0.0,1,1739.64,29,1739.64
CAMP00429,C0586,Loyalty,2026-02-23,16.0,1,0,0,0,0.0,0,0.0,1,881.48,23,881.48
CAMP00430,C0663,Loyalty,2026-03-19,18.0,1,1,1,1,2526.3,1,4995.0,1,4995.0,1,842.1
CAMP00431,C0270,Festival,2026-02-14,30.75,1,0,0,0,0.0,0,0.0,0,0.0,,
CAMP00432,C0623,Discount,2026-08-19,25.0,1,1,0,0,0.0,0,0.0,0,0.0,,
CAMP00433,C0409,Festival,2026-05-25,29.0,0,0,0,0,0.0,0,0.0,0,0.0,,
CAMP00434,C0244,Win-back,2025-07-20,31.0,1,1,1,1,4175.02,1,4175.02,1,8635.26,3,2087.51
CAMP00435,C0379,Win-back,2025-10-21,31.0,1,1,0,1,4805.82,1,4805.82,1,4805.82,6,854.34
CAMP00436,C0186,Birthday,2025-03-03,20.25,1,1,1,0,0.0,0,0.0,1,391.37,24,391.37
CAMP00437,C0004,Festival,2025-08-15,25.5,1,1,0,0,0.0,0,0.0,0,0.0,,
CAMP00438,C0580,New Product,2024-04-10,23.0,1,0,0,0,0.0,0,0.0,0,0.0,,
CAMP00439,C0175,Festival,2026-06-11,32.5,1,0,0,1,841.91,1,841.91,1,2740.79,1,841.91
CAMP00440,C0445,Loyalty,2026-03-24,16.0,1,0,0,1,474.46,1,474.46,1,1268.25,2,474.46
CAMP00441,C0027,Win-back,2026-08-20,31.0,1,0,0,0,0.0,0,0.0,0,0.0,,
CAMP00442,C0668,Discount,2026-08-30,23.25,1,1,0,0,0.0,0,0.0,0,0.0,,
CAMP00443,C0301,New Product,2025-12-23,23.0,1,0,0,0,0.0,0,0.0,0,0.0,,
CAMP00444,C0919,New Product,2025-04-15,23.0,0,0,0,0,0.0,1,1283.3,1,1283.3,11,641.65
CAMP00445,C0008,Loyalty,2026-07-23,16.0,1,1,1,0,0.0,0,0.0,0,0.0,,
CAMP00446,C0833,Loyalty,2025-10-15,16.0,1,0,0,0,0.0,0,0.0,1,2062.96,23,1134.12
CAMP00447,C0079,Loyalty,2026-07-04,16.0,1,0,0,0,0.0,0,0.0,1,2512.26,19,1256.13
CAMP00448,C0450,Festival,2026-07-28,25.5,1,1,1,0,0.0,0,0.0,0,0.0,,
CAMP00449,C0903,Loyalty,2026-07-30,14.0,1,0,0,0,0.0,0,0.0,0,0.0,,
CAMP00450,C0725,New Product,2026-08-26,23.0,1,1,1,0,0.0,0,0.0,0,0.0,,
CAMP00451,C0346,Festival,2025-10-19,30.75,1,0,0,0,0.0,0,0.0,0,0.0,,
CAMP00452,C0888,Birthday,2026-08-16,18.5,1,0,0,0,0.0,0,0.0,0,0.0,,
CAMP00453,C0110,Festival,2026-03-28,30.75,1,0,0,0,0.0,0,0.0,0,0.0,,
CAMP00454,C0573,Birthday,2026-04-30,20.25,1,0,0,1,4930.88,1,4930.88,1,8723.44,5,2465.44
CAMP00455,C0694,New Product,2026-05-11,23.0,1,0,0,0,0.0,1,891.7,1,891.7,14,891.7
CAMP00456,C0712,Loyalty,2026-06-26,16.0,1,0,0,0,0.0,0,0.0,1,1631.68,17,815.84
CAMP00457,C0329,New Product,2025-02-08,23.0,1,0,0,1,4316.4,1,4316.4,1,11061.669999999998,3,2158.2
CAMP00458,C0635,Discount,2025-05-23,19.75,1,1,0,0,0.0,0,0.0,1,1417.95,17,1417.95
CAMP00459,C0525,New Product,2025-10-24,23.0,1,1,0,1,1451.76,1,1451.76,1,3538.25,3,1451.76
CAMP00460,C0745,Festival,2025-10-23,27.25,1,0,0,1,668.31,1,668.31,1,668.31,4,668.31
CAMP00461,C0512,Discount,2026-06-15,25.0,1,0,0,0,0.0,0,0.0,1,1292.07,30,430.69
CAMP00462,C0111,Win-back,2025-07-27,32.75,1,0,0,0,0.0,0,0.0,1,1717.44,15,526.55
CAMP00463,C0562,Loyalty,2025-11-23,16.0,1,0,0,0,0.0,0,0.0,1,998.68,22,499.34
CAMP00464,C0807,Festival,2025-12-10,30.75,0,0,0,1,2099.84,1,2099.84,1,2879.4999999999995,1,606.92
CAMP00465,C0928,Discount,2026-06-17,25.0,1,0,0,0,0.0,1,1558.27,1,1558.27,13,1558.27
CAMP00466,C0434,Discount,2025-10-18,19.75,1,1,0,0,0.0,0,0.0,0,0.0,,
CAMP00467,C0358,Festival,2025-08-08,27.25,1,1,1,1,1717.8,1,1717.8,1,4056.48,7,858.9
CAMP00468,C0591,Discount,2026-07-03,21.5,1,0,0,0,0.0,0,0.0,1,2111.64,16,1055.82
CAMP00469,C0699,Win-back,2024-05-12,29.25,1,1,0,0,0.0,0,0.0,0,0.0,,
CAMP00470,C0993,New Product,2026-07-25,23.0,1,0,0,0,0.0,0,0.0,0,0.0,,
CAMP00471,C0150,Festival,2026-03-27,30.75,1,1,0,0,0.0,0,0.0,0,0.0,,
CAMP00472,C0902,Festival,2025-04-28,29.0,0,0,0,0,0.0,0,0.0,0,0.0,,
CAMP00473,C0131,New Product,2026-07-01,23.0,0,0,0,1,1426.86,1,1426.86,1,1426.86,4,713.43
CAMP00474,C0219,Birthday,2025-03-23,18.5,1,0,0,1,2452.16,1,2452.16,1,4814.39,1,1226.08
CAMP00475,C0436,New Product,2026-01-22,23.0,0,0,0,0,0.0,0,0.0,1,765.71,20,765.71
CAMP00476,C0599,Discount,2026-04-28,19.75,1,0,0,0,0.0,0,0.0,1,732.1,16,732.1
CAMP00477,C0323,Discount,2026-07-13,19.75,1,0,0,0,0.0,0,0.0,0,0.0,,
CAMP00478,C0610,Discount,2026-06-29,19.75,1,0,0,0,0.0,0,0.0,0,0.0,,
CAMP00479,C0272,Discount,2025-10-30,23.25,1,0,0,0,0.0,0,0.0,0,0.0,,
CAMP00480,C0852,Discount,2025-08-27,25.0,1,0,0,0,0.0,0,0.0,1,2423.2,16,1428.6
CAMP00481,C0777,Win-back,2025-07-26,27.5,1,1,0,0,0.0,0,0.0,0,0.0,,
CAMP00482,C0095,Festival,2024-08-08,27.25,1,1,0,0,0.0,0,0.0,1,815.78,29,815.78
CAMP00483,C0782,Loyalty,2025-07-17,16.0,1,0,0,0,0.0,0,0.0,1,869.39,17,869.39
CAMP00484,C0972,Birthday,2026-04-14,18.5,1,0,0,0,0.0,0,0.0,1,4701.75,21,1567.25
CAMP00485,C0324,Birthday,2024-11-14,20.25,1,1,1,0,0.0,0,0.0,0,0.0,,
CAMP00486,C0809,New Product,2026-05-24,23.0,1,1,1,0,0.0,0,0.0,0,0.0,,
CAMP00487,C0708,Discount,2025-02-24,19.75,1,0,0,0,0.0,0,0.0,0,0.0,,
CAMP00488,C0453,Win-back,2025-07-08,31.0,1,1,0,0,0.0,0,0.0,1,1686.77,20,1686.77
CAMP00489,C0680,New Product,2024-07-08,23.0,1,0,0,1,432.4,1,432.4,1,1452.4299999999998,1,432.4
CAMP00490,C0753,Win-back,2026-03-04,27.5,1,0,0,0,0.0,0,0.0,1,3221.3,18,1610.65
CAMP00491,C0753,New Product,2026-07-05,23.0,1,0,0,0,0.0,0,0.0,1,3306.38,28,1653.19
CAMP00492,C0684,Win-back,2025-08-19,29.25,1,1,1,0,0.0,0,0.0,1,4120.38,21,1103.42
CAMP00493,C0047,New Product,2026-08-02,23.0,1,1,0,0,0.0,0,0.0,1,1660.03,15,1660.03
CAMP00494,C0130,Birthday,2024-06-28,22.0,1,0,0,0,0.0,0,0.0,0,0.0,,
CAMP00495,C0009,Win-back,2025-09-23,31.0,1,1,0,0,0.0,0,0.0,0,0.0,,
CAMP00496,C0501,Festival,2025-07-17,25.5,1,1,1,1,1907.78,1,4426.3,1,5323.01,4,1907.78
CAMP00497,C0694,Festival,2026-05-07,29.0,1,0,0,0,0.0,0,0.0,1,891.7,18,891.7
CAMP00498,C0036,Birthday,2025-10-22,20.25,1,0,0,0,0.0,1,899.55,1,9957.23,11,899.55
CAMP00499,C0683,Loyalty,2025-11-12,18.0,1,1,0,0,0.0,0,0.0,1,1704.21,29,1704.21
CAMP00500,C0685,Discount,2026-07-07,25.0,1,0,0,0,0.0,0,0.0,0,0.0,,
CAMP00501,C0604,Discount,2026-07-19,25.0,1,0,0,0,0.0,0,0.0,0,0.0,,
CAMP00502,C0641,New Product,2024-09-18,23.0,1,1,1,0,0.0,0,0.0,0,0.0,,
CAMP00503,C0250,Birthday,2026-02-21,22.0,1,0,0,0,0.0,0,0.0,0,0.0,,
CAMP00504,C0719,New Product,2026-07-10,23.0,1,0,0,0,0.0,0,0.0,1,1504.68,15,1504.68
CAMP00505,C0243,Discount,2025-04-01,19.75,0,0,0,0,0.0,0,0.0,1,1994.2,18,1994.2
CAMP00506,C0223,Loyalty,2025-07-06,22.0,1,1,0,0,0.0,0,0.0,1,2080.08,16,1040.04
CAMP00507,C0199,New Product,2026-05-06,23.0,1,1,0,0,0.0,1,1303.57,1,1303.57,8,1303.57
CAMP00508,C0144,Birthday,2026-08-13,18.5,1,1,0,1,3109.46,1,3109.46,1,3109.46,2,1554.73
CAMP00509,C0365,Festival,2026-02-23,29.0,1,1,0,1,6614.359999999999,1,6614.359999999999,1,19735.06,3,2437.92
CAMP00510,C0775,Festival,2026-03-20,30.75,1,0,0,0,0.0,0,0.0,0,0.0,,
CAMP00511,C0904,Loyalty,2024-06-13,14.0,1,0,0,0,0.0,0,0.0,1,1067.47,28,1067.47
CAMP00512,C0193,Win-back,2026-08-28,27.5,1,0,0,0,0.0,0,0.0,0,0.0,,
CAMP00513,C0065,Festival,2026-05-20,27.25,1,1,1,0,0.0,1,1579.74,1,9086.91,9,789.87
CAMP00514,C0615,Festival,2025-07-12,30.75,1,1,1,0,0.0,0,0.0,0,0.0,,
CAMP00515,C0354,Birthday,2026-05-23,20.25,1,0,0,0,0.0,0,0.0,0,0.0,,
CAMP00516,C0923,Birthday,2024-01-06,20.25,1,0,0,0,0.0,0,0.0,0,0.0,,
CAMP00517,C0191,Discount,2025-08-07,21.5,1,1,0,0,0.0,0,0.0,1,3555.34,18,1228.29
CAMP00518,C0013,Birthday,2025-11-01,20.25,1,0,0,0,0.0,0,0.0,1,3684.27,16,530.62
CAMP00519,C0780,Win-back,2024-06-23,29.25,1,0,0,0,0.0,0,0.0,0,0.0,,
CAMP00520,C0752,Loyalty,2025-12-08,18.0,1,0,0,0,0.0,0,0.0,0,0.0,,
CAMP00521,C0054,Win-back,2024-02-17,32.75,1,0,0,0,0.0,0,0.0,0,0.0,,
CAMP00522,C0868,Festival,2026-05-19,27.25,1,0,0,0,0.0,0,0.0,0,0.0,,
CAMP00523,C0982,Festival,2025-07-15,32.5,1,1,1,0,0.0,0,0.0,1,2270.72,26,1135.36
CAMP00524,C0125,Discount,2026-08-19,23.25,1,1,1,0,0.0,0,0.0,0,0.0,,
CAMP00525,C0618,Loyalty,2026-03-08,14.0,1,1,0,1,2502.27,1,2502.27,1,2502.27,1,834.09
CAMP00526,C0213,Festival,2024-09-04,25.5,1,0,0,0,0.0,0,0.0,1,746.33,29,746.33
CAMP00527,C0927,Loyalty,2025-10-01,22.0,1,0,0,0,0.0,0,0.0,1,1921.24,17,960.62
CAMP00528,C0023,Birthday,2026-06-22,20.25,0,0,0,0,0.0,0,0.0,1,10876.88,15,2676.36
CAMP00529,C0669,Discount,2026-03-04,25.0,1,0,0,0,0.0,0,0.0,0,0.0,,
CAMP00530,C0816,Birthday,2026-05-24,20.25,1,0,0,0,0.0,1,14160.41,1,20997.650000000005,8,1292.27
CAMP00531,C0835,Loyalty,2025-08-10,16.0,1,0,0,0,0.0,0,0.0,0,0.0,,
CAMP00532,C0966,Win-back,2026-06-12,32.75,1,1,0,0,0.0,0,0.0,0,0.0,,
CAMP00533,C0148,Festival,2026-07-05,29.0,1,0,0,0,0.0,0,0.0,1,3094.04,20,1547.02
CAMP00534,C0352,Loyalty,2026-05-05,22.0,1,0,0,0,0.0,0,0.0,0,0.0,,
CAMP00535,C0020,Loyalty,2025-10-28,14.0,1,0,0,0,0.0,1,1611.45,1,2250.96,11,1611.45
CAMP00536,C0304,Discount,2025-02-23,23.25,1,0,0,1,1239.72,1,1239.72,1,1239.72,2,619.86
CAMP00537,C0566,Win-back,2026-03-22,27.5,1,1,1,1,803.9,1,803.9,1,4485.61,5,803.9
CAMP00538,C0525,New Product,2025-12-20,23.0,1,1,1,0,0.0,0,0.0,1,7902.4,24,1975.6
CAMP00539,C0160,Birthday,2026-04-09,20.25,1,0,0,0,0.0,0,0.0,0,0.0,,
CAMP00540,C0982,Loyalty,2025-07-25,22.0,1,1,0,0,0.0,0,0.0,1,10569.76,16,1135.36
CAMP00541,C0981,Birthday,2026-02-19,22.0,1,0,0,1,2532.09,1,3275.59,1,3275.59,3,844.03
CAMP00542,C0614,Win-back,2026-05-04,29.25,1,1,0,1,1896.45,1,1896.45,1,6803.91,4,1896.45
CAMP00543,C0973,Birthday,2026-05-28,22.0,1,1,0,0,0.0,0,0.0,1,2095.02,28,1047.51
CAMP00544,C0118,Festival,2024-06-12,27.25,1,0,0,0,0.0,0,0.0,0,0.0,,
CAMP00545,C0024,New Product,2026-08-13,23.0,1,1,0,0,0.0,0,0.0,0,0.0,,
CAMP00546,C0186,Discount,2025-03-13,21.5,1,0,0,0,0.0,1,391.37,1,391.37,14,391.37
CAMP00547,C0419,Win-back,2025-02-05,31.0,1,1,0,1,3055.36,1,3055.36,1,4657.449999999999,1,575.27
CAMP00548,C0068,Festival,2026-03-05,32.5,1,1,1,0,0.0,0,0.0,1,1345.15,28,1345.15
CAMP00549,C0799,Win-back,2026-08-24,29.25,1,0,0,0,0.0,0,0.0,0,0.0,,
CAMP00550,C0079,New Product,2026-02-13,23.0,1,0,0,0,0.0,0,0.0,1,1780.02,24,890.01
CAMP00551,C0311,Loyalty,2025-07-07,16.0,1,1,0,1,1536.15,1,1536.15,1,3657.34,5,1536.15
CAMP00552,C0478,Birthday,2026-03-16,20.25,1,1,0,0,0.0,0,0.0,0,0.0,,
CAMP00553,C0813,Win-back,2026-04-05,27.5,1,1,1,0,0.0,0,0.0,0,0.0,,
CAMP00554,C0107,New Product,2026-01-20,23.0,1,0,0,1,2546.1,1,2546.1,1,2546.1,6,2546.1
CAMP00555,C0917,New Product,2026-02-28,23.0,1,0,0,0,0.0,1,3215.0,1,10503.69,12,921.46
CAMP00556,C0560,New Product,2026-08-29,23.0,1,0,0,0,0.0,0,0.0,0,0.0,,
CAMP00557,C0051,Win-back,2025-03-02,31.0,1,0,0,0,0.0,0,0.0,0,0.0,,
CAMP00558,C0372,New Product,2024-12-23,23.0,1,0,0,0,0.0,0,0.0,0,0.0,,
CAMP00559,C0786,Discount,2024-11-17,25.0,1,0,0,0,0.0,0,0.0,0,0.0,,
CAMP00560,C0402,Loyalty,2026-05-14,18.0,1,1,1,1,3337.97,1,3337.97,1,5572.87,4,376.79
CAMP00561,C0284,Loyalty,2026-06-12,18.0,1,1,1,0,0.0,0,0.0,0,0.0,,
CAMP00562,C0607,Discount,2025-11-30,19.75,1,0,0,0,0.0,0,0.0,0,0.0,,
CAMP00563,C0847,Loyalty,2026-06-05,14.0,1,1,0,0,0.0,0,0.0,0,0.0,,
CAMP00564,C0788,Festival,2025-09-25,29.0,1,1,0,0,0.0,0,0.0,0,0.0,,
CAMP00565,C0610,Festival,2026-08-13,29.0,0,0,0,0,0.0,0,0.0,0,0.0,,
CAMP00566,C0371,Win-back,2024-12-12,32.75,1,0,0,0,0.0,0,0.0,1,2108.64,26,1054.32
CAMP00567,C0583,Discount,2025-07-09,23.25,0,0,0,0,0.0,0,0.0,0,0.0,,
CAMP00568,C0434,Festival,2025-08-30,32.5,1,1,0,0,0.0,0,0.0,0,0.0,,
CAMP00569,C0210,New Product,2026-03-09,23.0,1,0,0,0,0.0,0,0.0,0,0.0,,
CAMP00570,C0891,Loyalty,2026-06-13,14.0,1,0,0,0,0.0,0,0.0,0,0.0,,
CAMP00571,C0610,Discount,2026-08-17,23.25,0,0,0,0,0.0,0,0.0,0,0.0,,
CAMP00572,C0106,Festival,2024-01-27,29.0,1,1,0,0,0.0,1,1031.84,1,1031.84,10,515.92
CAMP00573,C0922,Win-back,2026-08-02,29.25,1,0,0,0,0.0,0,0.0,0,0.0,,
CAMP00574,C0356,Birthday,2024-07-21,18.5,1,0,0,0,0.0,0,0.0,0,0.0,,
CAMP00575,C0082,New Product,2025-07-17,23.0,1,1,0,0,0.0,1,1011.01,1,1011.01,13,1011.01
CAMP00576,C0346,Festival,2025-04-18,32.5,1,0,0,0,0.0,0,0.0,0,0.0,,
CAMP00577,C0891,Win-back,2026-06-23,32.75,1,0,0,0,0.0,0,0.0,0,0.0,,
CAMP00578,C0911,Loyalty,2026-08-21,22.0,1,0,0,0,0.0,0,0.0,0,0.0,,
CAMP00579,C0832,Birthday,2025-06-23,22.0,1,1,1,1,1030.01,1,5300.57,1,5300.57,1,1030.01
CAMP00580,C0563,New Product,2026-06-04,23.0,1,0,0,0,0.0,0,0.0,0,0.0,,
CAMP00581,C0508,Birthday,2026-03-20,22.0,1,0,0,0,0.0,0,0.0,1,1068.68,18,534.34
CAMP00582,C0136,Loyalty,2025-08-29,16.0,1,0,0,1,2883.95,1,2883.95,1,2883.95,4,1291.68
CAMP00583,C0264,Birthday,2025-04-15,18.5,1,1,0,0,0.0,0,0.0,1,2555.12,20,1277.56
CAMP00584,C0462,Festival,2026-06-30,25.5,1,1,0,0,0.0,0,0.0,0,0.0,,
CAMP00585,C0138,Loyalty,2024-08-10,18.0,1,1,0,0,0.0,0,0.0,0,0.0,,
CAMP00586,C0255,New Product,2026-06-23,23.0,1,0,0,0,0.0,0,0.0,0,0.0,,
CAMP00587,C0326,New Product,2025-12-11,23.0,1,0,0,0,0.0,0,0.0,0,0.0,,
CAMP00588,C0348,Discount,2025-07-21,25.0,1,1,1,1,2492.36,1,7882.559999999999,1,7882.559999999999,4,1246.18
CAMP00589,C0278,Discount,2026-07-24,21.5,1,1,0,0,0.0,0,0.0,0,0.0,,
CAMP00590,C0102,Loyalty,2025-05-28,18.0,1,0,0,1,1312.8,1,1312.8,1,1312.8,2,656.4
CAMP00591,C0327,New Product,2026-07-20,23.0,1,0,0,0,0.0,0,0.0,0,0.0,,
CAMP00592,C0052,Loyalty,2026-07-22,14.0,1,1,1,0,0.0,0,0.0,1,2057.88,18,1028.94
CAMP00593,C0458,Loyalty,2026-08-04,14.0,1,0,0,0,0.0,0,0.0,0,0.0,,
CAMP00594,C0593,New Product,2026-08-30,23.0,1,0,0,0,0.0,0,0.0,0,0.0,,
CAMP00595,C0479,Birthday,2025-12-08,20.25,1,1,1,0,0.0,0,0.0,1,1954.89,20,1954.89
CAMP00596,C0040,Discount,2026-05-31,19.75,0,0,0,1,774.15,1,774.15,1,2414.29,6,774.15
CAMP00597,C0673,Win-back,2025-04-06,32.75,1,1,0,0,0.0,0,0.0,1,4781.93,16,1075.11
CAMP00598,C0416,Festival,2026-08-24,32.5,1,0,0,0,0.0,0,0.0,0,0.0,,
CAMP00599,C0124,Birthday,2026-06-29,22.0,1,1,0,0,0.0,1,3968.82,1,3968.82,9,1322.94
CAMP00600,C0285,New Product,2025-09-24,23.0,1,0,0,0,0.0,0,0.0,1,4335.29,18,1073.89
CAMP00601,C0152,Win-back,2026-03-04,32.75,0,0,0,1,557.14,1,2198.78,1,2198.78,1,557.14
CAMP00602,C0048,Birthday,2024-12-10,20.25,1,0,0,0,0.0,0,0.0,0,0.0,,
CAMP00603,C0204,Win-back,2026-08-27,27.5,1,1,0,0,0.0,0,0.0,0,0.0,,
CAMP00604,C0222,Birthday,2025-03-24,22.0,1,0,0,0,0.0,0,0.0,0,0.0,,
CAMP00605,C0620,Discount,2026-04-15,21.5,1,0,0,0,0.0,1,3946.16,1,9623.52,9,1826.29
CAMP00606,C0551,Festival,2026-04-25,25.5,1,0,0,0,0.0,0,0.0,0,0.0,,
CAMP00607,C0363,Birthday,2026-05-05,18.5,0,0,0,1,2398.62,1,2398.62,1,2398.62,6,799.54
CAMP00608,C0615,Loyalty,2026-01-21,14.0,1,0,0,0,0.0,1,1496.04,1,3725.47,12,1161.29
CAMP00609,C0222,New Product,2025-08-01,23.0,1,1,0,0,0.0,1,6016.12,1,7204.179999999999,13,1504.03
CAMP00610,C0028,New Product,2025-06-28,23.0,1,0,0,0,0.0,0,0.0,0,0.0,,
CAMP00611,C0311,Festival,2024-09-26,30.75,1,1,0,0,0.0,1,1049.24,1,1049.24,9,1049.24
CAMP00612,C0741,Festival,2026-07-07,32.5,1,0,0,0,0.0,0,0.0,0,0.0,,
CAMP00613,C0777,Loyalty,2025-06-02,18.0,1,0,0,0,0.0,0,0.0,1,706.33,28,706.33
CAMP00614,C0001,New Product,2026-04-04,23.0,1,0,0,0,0.0,0,0.0,0,0.0,,
CAMP00615,C0847,New Product,2026-05-20,23.0,1,0,0,0,0.0,0,0.0,0,0.0,,
CAMP00616,C0823,Birthday,2026-01-15,22.0,0,0,0,0,0.0,0,0.0,1,5445.09,16,878.0
CAMP00617,C0890,Festival,2024-08-04,27.25,0,0,0,1,1915.77,1,1915.77,1,1915.77,4,1915.77
CAMP00618,C0793,Birthday,2026-04-03,18.5,1,0,0,1,933.8,1,3246.76,1,6919.44,2,933.8
CAMP00619,C0721,Discount,2026-06-11,19.75,1,0,0,0,0.0,0,0.0,0,0.0,,
CAMP00620,C0084,Loyalty,2025-08-31,14.0,1,0,0,0,0.0,0,0.0,0,0.0,,
CAMP00621,C0326,Discount,2025-10-03,25.0,1,0,0,0,0.0,0,0.0,0,0.0,,
CAMP00622,C0191,New Product,2026-02-03,23.0,1,0,0,0,0.0,0,0.0,0,0.0,,
CAMP00623,C0778,Birthday,2025-10-10,18.5,0,0,0,0,0.0,0,0.0,1,6372.240000000001,17,1269.49
CAMP00624,C0547,Loyalty,2025-01-04,16.0,1,1,0,1,401.73,1,401.73,1,401.73,2,401.73
CAMP00625,C0581,Win-back,2026-05-07,27.5,1,1,0,0,0.0,0,0.0,0,0.0,,
CAMP00626,C0909,Birthday,2026-07-27,22.0,1,0,0,1,3226.38,1,12411.39,1,15678.270000000002,2,3226.38
CAMP00627,C0589,New Product,2026-02-19,23.0,1,0,0,0,0.0,1,4664.98,1,4664.98,13,2332.49
CAMP00628,C0741,New Product,2026-05-29,23.0,1,1,0,0,0.0,0,0.0,0,0.0,,
CAMP00629,C0750,Birthday,2026-06-18,20.25,1,0,0,0,0.0,1,5047.9800000000005,1,5535.540000000001,10,1682.66
CAMP00630,C0978,Win-back,2025-12-12,29.25,1,1,0,0,0.0,0,0.0,0,0.0,,
CAMP00631,C0593,New Product,2026-08-12,23.0,1,1,1,1,1923.75,1,1923.75,1,1923.75,4,1923.75
CAMP00632,C0984,Loyalty,2026-08-24,18.0,1,0,0,0,0.0,0,0.0,0,0.0,,
CAMP00633,C0646,New Product,2024-09-20,23.0,1,0,0,0,0.0,1,3726.55,1,5662.51,8,745.31
CAMP00634,C0070,Win-back,2026-06-15,32.75,1,0,0,0,0.0,0,0.0,1,2018.14,20,1009.07
CAMP00635,C0711,Birthday,2026-08-01,22.0,1,0,0,0,0.0,0,0.0,0,0.0,,
CAMP00636,C0080,Birthday,2025-08-17,18.5,0,0,0,1,1832.42,1,1832.42,1,1832.42,5,1832.42
CAMP00637,C0142,Loyalty,2026-03-13,16.0,1,1,1,0,0.0,0,0.0,0,0.0,,
CAMP00638,C0419,Festival,2024-10-09,25.5,1,1,0,1,1725.62,1,1725.62,1,1725.62,4,862.81
CAMP00639,C0199,Birthday,2026-03-24,20.25,0,0,0,0,0.0,0,0.0,0,0.0,,
CAMP00640,C1000,New Product,2026-08-19,23.0,1,0,0,0,0.0,0,0.0,0,0.0,,
CAMP00641,C0637,Discount,2026-04-25,23.25,1,0,0,0,0.0,0,0.0,0,0.0,,
CAMP00642,C0739,Win-back,2026-08-04,31.0,1,1,0,0,0.0,0,0.0,0,0.0,,
CAMP00643,C0754,New Product,2026-03-06,23.0,1,0,0,1,1931.6,1,1931.6,1,6430.43,5,965.8
CAMP00644,C0843,Festival,2026-08-23,25.5,1,1,1,0,0.0,0,0.0,0,0.0,,
CAMP00645,C0861,Birthday,2026-05-25,20.25,1,0,0,1,1368.07,1,1368.07,1,4278.84,6,1368.07
CAMP00646,C0403,Birthday,2025-05-12,18.5,1,0,0,1,885.96,1,885.96,1,885.96,3,295.32
CAMP00647,C0484,Festival,2025-12-13,25.5,0,0,0,0,0.0,0,0.0,0,0.0,,
CAMP00648,C0412,Win-back,2026-07-29,32.75,1,0,0,0,0.0,0,0.0,0,0.0,,
CAMP00649,C0344,Win-back,2026-06-17,32.75,1,1,0,0,0.0,0,0.0,1,1755.14,29,877.57
CAMP00650,C0932,New Product,2025-04-03,23.0,1,1,0,0,0.0,1,4094.7,1,5822.34,10,2047.35
CAMP00651,C0921,New Product,2025-09-20,23.0,1,0,0,0,0.0,0,0.0,0,0.0,,
CAMP00652,C0464,Loyalty,2025-08-10,18.0,1,1,1,1,2500.56,1,8688.220000000001,1,20741.96,4,1250.28
CAMP00653,C0963,Loyalty,2026-05-17,22.0,1,0,0,0,0.0,0,0.0,0,0.0,,
CAMP00654,C0016,Festival,2026-08-09,29.0,1,0,0,0,0.0,0,0.0,0,0.0,,
CAMP00655,C0825,Festival,2026-08-19,27.25,1,0,0,0,0.0,0,0.0,0,0.0,,
CAMP00656,C0782,Discount,2026-06-06,25.0,1,0,0,0,0.0,0,0.0,0,0.0,,
CAMP00657,C0394,Festival,2026-05-16,32.5,1,1,0,0,0.0,0,0.0,0,0.0,,
CAMP00658,C0179,Birthday,2025-10-31,20.25,1,0,0,1,2569.79,1,2569.79,1,6952.969999999999,5,2569.79
CAMP00659,C0477,Birthday,2025-01-27,22.0,1,1,0,0,0.0,0,0.0,0,0.0,,
CAMP00660,C0735,Discount,2026-07-18,21.5,1,0,0,0,0.0,0,0.0,0,0.0,,
CAMP00661,C0900,Festival,2026-04-15,27.25,1,0,0,1,2941.34,1,4212.02,1,4212.02,5,1470.67
CAMP00662,C0528,Birthday,2026-06-13,18.5,1,0,0,0,0.0,1,9354.170000000002,1,16572.579999999998,12,1212.64
CAMP00663,C0431,Birthday,2026-02-03,22.0,1,0,0,1,1900.99,1,1900.99,1,3749.13,7,1900.99
CAMP00664,C0582,Birthday,2026-04-09,18.5,1,0,0,1,4218.89,1,5101.200000000001,1,8017.82,3,4218.89
CAMP00665,C0550,Win-back,2025-11-27,31.0,1,0,0,0,0.0,0,0.0,0,0.0,,
CAMP00666,C0631,Festival,2026-04-28,29.0,1,1,0,1,765.15,1,765.15,1,2729.37,1,765.15
CAMP00667,C0905,New Product,2026-06-21,23.0,1,0,0,0,0.0,0,0.0,1,927.49,24,927.49
CAMP00668,C0246,Discount,2026-03-20,19.75,1,0,0,1,5318.82,1,6283.66,1,6283.66,7,1772.94
CAMP00669,C0931,Loyalty,2025-12-16,14.0,1,0,0,0,0.0,0,0.0,0,0.0,,
CAMP00670,C0776,Win-back,2026-05-18,32.75,1,1,0,0,0.0,1,2499.54,1,11182.55,11,1249.77
CAMP00671,C0125,Win-back,2026-05-07,27.5,1,0,0,0,0.0,0,0.0,1,2960.79,15,626.87
CAMP00672,C0557,Loyalty,2026-06-05,22.0,1,1,1,0,0.0,0,0.0,0,0.0,,
CAMP00673,C0197,Birthday,2025-12-30,22.0,1,0,0,0,0.0,0,0.0,1,2323.94,28,1161.97
CAMP00674,C0981,Loyalty,2025-12-29,18.0,1,0,0,0,0.0,1,765.37,1,765.37,14,765.37
CAMP00675,C0925,Birthday,2024-08-02,18.5,1,0,0,0,0.0,0,0.0,0,0.0,,
CAMP00676,C0679,New Product,2026-06-03,23.0,1,0,0,1,1335.71,1,1335.71,1,4209.51,2,1335.71
CAMP00677,C0872,New Product,2025-05-30,23.0,1,0,0,0,0.0,1,2573.05,1,3455.11,12,2573.05
CAMP00678,C0540,Win-back,2026-07-08,32.75,1,0,0,0,0.0,1,538.83,1,1621.4499999999998,8,538.83
CAMP00679,C0490,Discount,2026-04-28,23.25,0,0,0,0,0.0,1,3444.04,1,3444.04,9,1722.02
CAMP00680,C0216,Discount,2026-06-28,25.0,1,0,0,1,1414.9,1,1414.9,1,3527.54,4,1414.9
CAMP00681,C0196,Win-back,2026-04-04,27.5,1,1,0,0,0.0,1,1370.18,1,1370.18,12,1370.18
CAMP00682,C0683,Festival,2025-03-23,25.5,1,0,0,0,0.0,0,0.0,1,2556.76,27,1278.38
CAMP00683,C0803,New Product,2025-08-26,23.0,1,0,0,0,0.0,0,0.0,0,0.0,,
CAMP00684,C0037,Discount,2026-02-02,25.0,1,0,0,0,0.0,0,0.0,0,0.0,,
CAMP00685,C0124,New Product,2026-05-13,23.0,1,0,0,1,2476.76,1,2476.76,1,2476.76,2,1238.38
CAMP00686,C0951,Win-back,2026-04-21,32.75,1,0,0,1,4087.76,1,6252.49,1,10667.09,6,2043.88
CAMP00687,C0795,Birthday,2024-10-26,20.25,1,1,1,0,0.0,1,2137.4500000000003,1,3427.7900000000004,8,782.19
CAMP00688,C0430,Festival,2024-06-08,29.0,1,0,0,0,0.0,0,0.0,0,0.0,,
CAMP00689,C0882,New Product,2024-09-02,23.0,1,1,1,1,1078.62,1,1078.62,1,1824.08,4,539.31
CAMP00690,C0491,Discount,2026-08-20,23.25,1,0,0,0,0.0,0,0.0,0,0.0,,
CAMP00691,C0982,Win-back,2026-04-10,31.0,1,0,0,1,2927.12,1,3786.91,1,6551.77,6,1463.56
CAMP00692,C0232,Win-back,2026-05-06,31.0,1,0,0,1,1640.28,1,1640.28,1,1640.28,1,1640.28
CAMP00693,C0996,Win-back,2025-05-15,27.5,1,1,0,0,0.0,0,0.0,0,0.0,,
CAMP00694,C0537,Win-back,2024-03-23,31.0,1,0,0,0,0.0,0,0.0,0,0.0,,
CAMP00695,C0882,Loyalty,2023-11-25,18.0,1,0,0,0,0.0,0,0.0,0,0.0,,
CAMP00696,C0696,Birthday,2026-07-15,22.0,1,0,0,1,1390.44,1,1390.44,1,1390.44,5,695.22
CAMP00697,C0198,Discount,2025-02-25,21.5,1,1,0,0,0.0,0,0.0,0,0.0,,
CAMP00698,C0982,Win-back,2026-03-26,31.0,1,0,0,0,0.0,1,2560.3,1,8146.44,11,2560.3
CAMP00699,C0671,Win-back,2025-10-20,31.0,1,1,1,0,0.0,0,0.0,1,944.4,25,472.2
CAMP00700,C0262,Loyalty,2026-07-01,16.0,1,0,0,0,0.0,0,0.0,1,2068.06,17,1034.03
CAMP00701,C0984,Birthday,2026-08-28,22.0,0,0,0,0,0.0,0,0.0,0,0.0,,
CAMP00702,C0972,Discount,2026-08-22,25.0,1,1,1,0,0.0,0,0.0,0,0.0,,
CAMP00703,C0813,Win-back,2026-06-21,31.0,1,1,0,0,0.0,0,0.0,0,0.0,,
CAMP00704,C0202,New Product,2026-01-16,23.0,1,0,0,1,1278.89,1,1278.89,1,1278.89,4,1278.89
CAMP00705,C0261,Win-back,2026-08-20,32.75,1,0,0,0,0.0,0,0.0,0,0.0,,
CAMP00706,C0568,New Product,2024-04-19,23.0,1,1,1,0,0.0,0,0.0,0,0.0,,
CAMP00707,C0486,Loyalty,2025-08-02,18.0,1,1,1,0,0.0,1,1922.98,1,1922.98,14,961.49
CAMP00708,C0606,New Product,2026-03-25,23.0,1,0,0,0,0.0,0,0.0,1,2581.58,17,231.09
CAMP00709,C0632,New Product,2024-12-11,23.0,1,1,1,0,0.0,0,0.0,0,0.0,,
CAMP00710,C0337,Win-back,2025-12-02,32.75,1,0,0,0,0.0,1,887.2,1,6052.950000000001,13,443.6
CAMP00711,C0536,Discount,2026-02-22,21.5,1,0,0,0,0.0,0,0.0,1,4266.54,28,2133.27
CAMP00712,C0233,New Product,2025-05-18,23.0,1,1,0,1,12529.92,1,12529.92,1,15650.36,1,2022.92
CAMP00713,C0704,Festival,2025-10-29,25.5,1,0,0,0,0.0,0,0.0,0,0.0,,
CAMP00714,C0632,Festival,2024-11-17,32.5,0,0,0,0,0.0,0,0.0,1,1307.83,18,1307.83
CAMP00715,C0907,New Product,2026-01-03,23.0,1,0,0,1,1932.24,1,1932.24,1,3995.1,2,1494.71
CAMP00716,C0589,Birthday,2025-04-20,20.25,0,0,0,0,0.0,0,0.0,0,0.0,,
CAMP00717,C0075,Birthday,2025-08-05,22.0,1,1,0,0,0.0,0,0.0,0,0.0,,
CAMP00718,C0779,Festival,2026-05-11,27.25,1,0,0,0,0.0,0,0.0,0,0.0,,
CAMP00719,C0689,Loyalty,2025-12-20,18.0,1,0,0,0,0.0,0,0.0,1,5010.82,18,2505.41
CAMP00720,C0304,Win-back,2025-09-05,29.25,1,0,0,0,0.0,0,0.0,0,0.0,,
CAMP00721,C0245,Loyalty,2026-05-17,16.0,1,0,0,0,0.0,0,0.0,0,0.0,,
CAMP00722,C0595,Win-back,2026-04-24,29.25,1,1,0,1,6659.67,1,7883.75,1,19448.88,5,2219.89
CAMP00723,C0612,Loyalty,2026-08-23,16.0,1,0,0,0,0.0,0,0.0,0,0.0,,
CAMP00724,C0105,Loyalty,2025-11-24,16.0,1,0,0,0,0.0,0,0.0,1,4466.22,23,1488.74
CAMP00725,C0888,Win-back,2026-08-16,32.75,1,0,0,0,0.0,0,0.0,0,0.0,,
CAMP00726,C0296,Loyalty,2025-06-23,22.0,1,0,0,0,0.0,1,1617.04,1,5866.66,11,808.52
CAMP00727,C0785,Win-back,2025-12-26,31.0,0,0,0,0,0.0,0,0.0,0,0.0,,
CAMP00728,C0613,Discount,2026-07-17,21.5,0,0,0,1,4113.34,1,4113.34,1,4113.34,5,2056.67
CAMP00729,C0995,Discount,2026-01-15,21.5,1,0,0,0,0.0,0,0.0,1,2295.25,25,1616.71
CAMP00730,C0947,Win-back,2025-11-28,32.75,0,0,0,1,3599.58,1,7366.139999999999,1,7366.139999999999,6,1799.79
CAMP00731,C0530,Birthday,2025-11-28,18.5,1,1,1,1,2770.44,1,2770.44,1,2770.44,1,1385.22
CAMP00732,C0959,New Product,2026-07-29,23.0,1,0,0,0,0.0,0,0.0,0,0.0,,
CAMP00733,C0722,Win-back,2026-07-21,29.25,1,0,0,0,0.0,0,0.0,0,0.0,,
CAMP00734,C0548,Loyalty,2026-05-11,16.0,1,1,1,0,0.0,0,0.0,0,0.0,,
CAMP00735,C0919,Birthday,2025-10-21,18.5,1,0,0,0,0.0,0,0.0,0,0.0,,
CAMP00736,C0605,Festival,2025-04-03,32.5,1,0,0,1,990.05,1,2405.37,1,17485.81,2,990.05
CAMP00737,C0591,Win-back,2026-04-21,29.25,1,0,0,0,0.0,1,738.45,1,1279.71,8,738.45
CAMP00738,C0440,Loyalty,2026-05-20,14.0,1,1,0,0,0.0,1,759.14,1,759.14,13,759.14
CAMP00739,C0987,Discount,2026-05-26,21.5,1,0,0,0,0.0,0,0.0,0,0.0,,
CAMP00740,C0362,Birthday,2025-03-30,20.25,1,1,1,1,670.97,1,670.97,1,670.97,1,670.97
CAMP00741,C0071,Festival,2025-10-02,29.0,1,0,0,0,0.0,0,0.0,1,15115.24,27,3778.81
CAMP00742,C0805,Discount,2024-12-18,25.0,1,0,0,1,1144.69,1,1144.69,1,1144.69,7,1144.69
CAMP00743,C0883,Loyalty,2026-06-13,18.0,1,0,0,0,0.0,0,0.0,1,1096.02,22,1096.02
CAMP00744,C0587,Birthday,2025-09-16,20.25,1,0,0,0,0.0,0,0.0,0,0.0,,
CAMP00745,C0410,Loyalty,2024-10-02,22.0,0,0,0,1,2792.61,1,2792.61,1,2792.61,3,2792.61
CAMP00746,C0563,Birthday,2026-06-09,22.0,1,1,0,0,0.0,0,0.0,0,0.0,,
CAMP00747,C0468,Festival,2026-08-11,32.5,1,0,0,0,0.0,0,0.0,0,0.0,,
CAMP00748,C0683,Festival,2025-01-08,29.0,1,0,0,0,0.0,0,0.0,1,2360.82,17,1180.41
CAMP00749,C0138,Festival,2024-10-22,29.0,1,1,0,0,0.0,0,0.0,0,0.0,,
CAMP00750,C0440,Win-back,2026-04-13,31.0,1,0,0,0,0.0,0,0.0,1,599.0,18,599.0
CAMP00751,C0605,Birthday,2025-03-21,20.25,1,0,0,0,0.0,1,8684.65,1,19870.58,10,2104.9
CAMP00752,C0662,New Product,2025-10-18,23.0,1,0,0,0,0.0,1,1029.98,1,1029.98,12,1029.98
CAMP00753,C0319,New Product,2025-03-29,23.0,1,0,0,0,0.0,0,0.0,0,0.0,,
CAMP00754,C0854,New Product,2026-08-25,23.0,1,1,1,0,0.0,0,0.0,0,0.0,,
CAMP00755,C0623,Festival,2025-09-17,32.5,1,1,0,0,0.0,0,0.0,0,0.0,,
CAMP00756,C0552,Loyalty,2026-06-11,16.0,1,0,0,0,0.0,1,5340.099999999999,1,9806.2,8,788.63
CAMP00757,C0616,Loyalty,2026-05-26,18.0,1,1,0,1,2178.68,1,2178.68,1,10859.48,5,2178.68
CAMP00758,C0546,New Product,2025-11-04,23.0,1,0,0,0,0.0,0,0.0,0,0.0,,
CAMP00759,C0856,Festival,2026-05-28,29.0,0,0,0,0,0.0,0,0.0,0,0.0,,
CAMP00760,C0916,Birthday,2026-05-25,22.0,1,0,0,0,0.0,1,2574.0,1,5463.79,9,1287.0
CAMP00761,C0100,Discount,2024-08-06,25.0,1,0,0,0,0.0,1,2055.48,1,2055.48,11,685.16
CAMP00762,C0142,Discount,2025-12-07,19.75,1,1,0,0,0.0,0,0.0,0,0.0,,
CAMP00763,C0709,Discount,2026-06-30,19.75,1,0,0,0,0.0,1,993.36,1,5782.580000000001,14,496.68
CAMP00764,C0857,Festival,2024-11-19,25.5,1,1,1,0,0.0,0,0.0,0,0.0,,
CAMP00765,C0608,Discount,2025-09-27,25.0,1,1,1,0,0.0,0,0.0,0,0.0,,
CAMP00766,C0301,Discount,2026-03-17,21.5,1,0,0,1,1692.58,1,3394.77,1,3394.77,2,1692.58
CAMP00767,C0291,Birthday,2026-05-14,22.0,0,0,0,1,913.73,1,913.73,1,913.73,7,913.73
CAMP00768,C0008,Win-back,2026-08-06,27.5,1,0,0,0,0.0,0,0.0,0,0.0,,
CAMP00769,C0686,Loyalty,2025-08-03,18.0,1,0,0,0,0.0,0,0.0,1,799.05,22,799.05
CAMP00770,C0157,Festival,2026-07-06,30.75,1,0,0,0,0.0,0,0.0,0,0.0,,
CAMP00771,C0881,Discount,2024-12-17,19.75,1,1,0,0,0.0,0,0.0,0,0.0,,
CAMP00772,C0127,Birthday,2024-07-16,20.25,1,0,0,0,0.0,0,0.0,0,0.0,,
CAMP00773,C0164,New Product,2026-07-03,23.0,1,0,0,0,0.0,0,0.0,1,877.44,19,877.44
CAMP00774,C0864,New Product,2025-10-14,23.0,1,0,0,0,0.0,0,0.0,1,2946.18,17,2946.18
CAMP00775,C0530,Discount,2025-11-25,21.5,1,1,0,1,2770.44,1,2770.44,1,2770.44,4,1385.22
CAMP00776,C0368,Birthday,2024-11-03,22.0,1,1,0,0,0.0,0,0.0,1,1527.86,26,780.06
CAMP00777,C0845,Win-back,2026-07-02,27.5,1,1,0,0,0.0,1,1426.4,1,3584.81,14,1426.4
CAMP00778,C0138,Loyalty,2024-08-14,14.0,1,1,1,0,0.0,0,0.0,0,0.0,,
CAMP00779,C0112,Birthday,2025-02-18,20.25,1,0,0,0,0.0,0,0.0,0,0.0,,
CAMP00780,C0145,Win-back,2025-07-25,27.5,1,0,0,0,0.0,1,1003.59,1,1003.59,9,1003.59
CAMP00781,C0859,Discount,2026-06-23,19.75,1,1,1,0,0.0,0,0.0,1,11730.739999999998,19,1660.51
CAMP00782,C0648,Discount,2026-02-15,23.25,1,0,0,0,0.0,0,0.0,0,0.0,,
CAMP00783,C0281,Birthday,2025-03-05,20.25,1,0,0,0,0.0,0,0.0,0,0.0,,
CAMP00784,C0694,Festival,2026-03-12,29.0,0,0,0,0,0.0,0,0.0,0,0.0,,
CAMP00785,C0144,Win-back,2026-01-24,29.25,1,1,1,0,0.0,0,0.0,1,1271.85,29,1271.85
CAMP00786,C0685,Win-back,2026-07-23,32.75,1,0,0,0,0.0,0,0.0,0,0.0,,
CAMP00787,C0229,Festival,2025-01-30,25.5,1,0,0,0,0.0,0,0.0,1,1230.15,26,1230.15
CAMP00788,C0749,Birthday,2025-12-01,18.5,1,0,0,0,0.0,0,0.0,0,0.0,,
CAMP00789,C0904,Win-back,2024-06-21,27.5,1,0,0,0,0.0,0,0.0,1,1067.47,20,1067.47
CAMP00790,C0672,New Product,2025-07-11,23.0,0,0,0,0,0.0,0,0.0,1,2449.32,15,1224.66
CAMP00791,C0624,Festival,2026-08-01,32.5,1,0,0,0,0.0,0,0.0,0,0.0,,
CAMP00792,C0478,Loyalty,2024-09-03,22.0,1,1,0,0,0.0,0,0.0,0,0.0,,
CAMP00793,C0029,Loyalty,2026-04-17,14.0,1,0,0,0,0.0,0,0.0,0,0.0,,
CAMP00794,C0181,Win-back,2024-09-16,29.25,1,0,0,0,0.0,0,0.0,0,0.0,,
CAMP00795,C0309,Discount,2025-11-17,25.0,1,0,0,0,0.0,0,0.0,0,0.0,,
CAMP00796,C0985,Win-back,2026-07-31,32.75,1,0,0,0,0.0,0,0.0,0,0.0,,
CAMP00797,C0462,Win-back,2026-04-15,32.75,1,0,0,0,0.0,0,0.0,1,2405.8,30,1202.9
CAMP00798,C0261,Discount,2026-02-27,25.0,0,0,0,0,0.0,0,0.0,1,4979.79,16,1149.54
CAMP00799,C0382,New Product,2026-03-16,23.0,1,1,0,0,0.0,0,0.0,1,722.19,21,722.19
CAMP00800,C0661,New Product,2025-11-27,23.0,1,0,0,1,1540.53,1,5351.089999999999,1,6459.219999999999,1,1540.53
CAMP00801,C0750,Birthday,2026-01-23,18.5,1,0,0,0,0.0,0,0.0,1,1858.98,24,1858.98
CAMP00802,C0459,Birthday,2025-09-11,20.25,1,0,0,0,0.0,0,0.0,0,0.0,,
CAMP00803,C0613,Birthday,2026-08-04,18.5,1,1,1,0,0.0,0,0.0,0,0.0,,
CAMP00804,C0402,New Product,2026-06-09,23.0,1,0,0,0,0.0,0,0.0,1,549.06,27,549.06
CAMP00805,C0179,Win-back,2025-11-10,31.0,1,0,0,1,2765.94,1,4383.18,1,9068.56,5,921.98
CAMP00806,C1000,Loyalty,2026-08-04,14.0,1,0,0,0,0.0,0,0.0,0,0.0,,
CAMP00807,C0958,Birthday,2026-04-16,20.25,1,0,0,0,0.0,0,0.0,1,502.54,26,502.54
CAMP00808,C0127,Birthday,2026-07-19,20.25,1,0,0,0,0.0,0,0.0,0,0.0,,
CAMP00809,C0161,Birthday,2025-11-26,18.5,0,0,0,0,0.0,0,0.0,0,0.0,,
CAMP00810,C0293,Discount,2025-02-22,19.75,1,0,0,0,0.0,0,0.0,0,0.0,,
CAMP00811,C0177,Discount,2026-08-16,23.25,1,1,1,0,0.0,0,0.0,0,0.0,,
CAMP00812,C0086,Birthday,2025-08-09,22.0,1,1,0,0,0.0,0,0.0,1,3242.2,26,1621.1
CAMP00813,C0048,Birthday,2025-04-24,22.0,1,1,0,0,0.0,1,1354.68,1,4144.2,8,1354.68
CAMP00814,C0662,New Product,2025-05-15,23.0,1,0,0,1,3116.44,1,3116.44,1,6985.26,7,1558.22
CAMP00815,C0549,Loyalty,2024-05-27,16.0,1,1,0,0,0.0,0,0.0,0,0.0,,
CAMP00816,C0655,Festival,2024-04-22,25.5,1,0,0,0,0.0,0,0.0,1,5129.849999999999,19,1289.54
CAMP00817,C0648,New Product,2026-04-22,23.0,1,0,0,0,0.0,0,0.0,0,0.0,,
CAMP00818,C0106,Festival,2025-12-07,25.5,0,0,0,1,761.25,1,2276.33,1,2276.33,5,761.25
CAMP00819,C0535,Birthday,2024-11-17,22.0,1,0,0,0,0.0,0,0.0,1,1230.81,23,526.37
CAMP00820,C0916,Festival,2026-08-24,32.5,1,1,0,0,0.0,0,0.0,0,0.0,,
CAMP00821,C0857,Loyalty,2025-09-21,18.0,1,1,0,0,0.0,0,0.0,1,3867.87,17,1087.17
CAMP00822,C0728,Loyalty,2025-12-08,22.0,1,0,0,0,0.0,0,0.0,0,0.0,,
CAMP00823,C0980,Birthday,2026-07-24,20.25,0,0,0,0,0.0,0,0.0,1,12468.18,21,2255.51
CAMP00824,C0193,Discount,2026-06-12,23.25,1,0,0,0,0.0,0,0.0,1,1619.75,16,749.83
CAMP00825,C0564,Festival,2026-01-19,27.25,1,0,0,0,0.0,0,0.0,0,0.0,,
CAMP00826,C0655,New Product,2024-03-31,23.0,1,0,0,0,0.0,0,0.0,0,0.0,,
CAMP00827,C0782,Birthday,2026-07-20,22.0,1,0,0,0,0.0,0,0.0,0,0.0,,
CAMP00828,C0311,Discount,2026-08-09,21.5,1,0,0,0,0.0,0,0.0,0,0.0,,
CAMP00829,C0787,New Product,2024-03-02,23.0,1,1,0,0,0.0,0,0.0,0,0.0,,
CAMP00830,C0224,Loyalty,2025-11-24,18.0,1,0,0,0,0.0,0,0.0,1,2407.98,19,527.73
CAMP00831,C0240,Birthday,2025-07-28,20.25,1,0,0,0,0.0,0,0.0,0,0.0,,
CAMP00832,C0340,Birthday,2026-08-18,20.25,1,0,0,0,0.0,0,0.0,0,0.0,,
CAMP00833,C0710,Birthday,2025-11-22,18.5,1,0,0,1,2618.84,1,2618.84,1,3620.27,2,1309.42
CAMP00834,C0614,Birthday,2026-06-09,20.25,1,0,0,0,0.0,0,0.0,0,0.0,,
CAMP00835,C0900,Discount,2025-08-21,25.0,1,0,0,0,0.0,0,0.0,0,0.0,,
CAMP00836,C0733,Win-back,2025-08-24,31.0,1,1,1,0,0.0,0,0.0,0,0.0,,
CAMP00837,C0689,Birthday,2026-08-03,18.5,1,0,0,1,1733.31,1,7957.85,1,7957.85,2,1733.31
CAMP00838,C0201,Loyalty,2026-07-11,18.0,1,0,0,0,0.0,1,5019.2,1,8688.68,13,929.1
CAMP00839,C0210,Win-back,2026-06-15,27.5,1,0,0,0,0.0,0,0.0,0,0.0,,
CAMP00840,C0389,Loyalty,2025-04-20,16.0,1,0,0,1,408.01,1,408.01,1,408.01,6,408.01
CAMP00841,C0046,Festival,2026-04-23,30.75,1,0,0,0,0.0,1,1780.21,1,6284.370000000001,12,1780.21
CAMP00842,C0023,Loyalty,2025-02-26,22.0,1,0,0,0,0.0,0,0.0,1,2115.38,16,1057.69
CAMP00843,C0943,Win-back,2026-07-14,31.0,1,0,0,0,0.0,0,0.0,0,0.0,,
CAMP00844,C0199,New Product,2026-02-11,23.0,1,1,0,0,0.0,0,0.0,1,8522.49,16,1441.07
CAMP00845,C0517,Loyalty,2026-06-11,14.0,1,1,0,0,0.0,0,0.0,0,0.0,,
CAMP00846,C0408,Win-back,2026-06-11,31.0,1,0,0,0,0.0,0,0.0,1,964.2,18,964.2
CAMP00847,C0258,Win-back,2026-02-01,32.75,1,1,0,0,0.0,0,0.0,0,0.0,,
CAMP00848,C0710,Birthday,2026-05-31,18.5,1,0,0,1,3727.86,1,3727.86,1,3727.86,2,1863.93
CAMP00849,C0569,Loyalty,2025-04-14,22.0,1,0,0,0,0.0,0,0.0,0,0.0,,
CAMP00850,C0958,Festival,2026-04-03,25.5,1,0,0,1,1302.74,1,3421.4,1,3421.4,6,1302.74
CAMP00851,C0289,New Product,2025-12-05,23.0,1,0,0,0,0.0,1,2010.0,1,2010.0,13,670.0
CAMP00852,C0370,Festival,2026-07-02,27.25,0,0,0,0,0.0,0,0.0,0,0.0,,
CAMP00853,C0185,Birthday,2026-03-22,22.0,1,1,0,0,0.0,0,0.0,0,0.0,,
CAMP00854,C0161,Discount,2026-06-15,21.5,1,0,0,0,0.0,0,0.0,1,6070.379999999999,17,1326.36
CAMP00855,C0071,New Product,2026-05-18,23.0,1,0,0,0,0.0,0,0.0,0,0.0,,
CAMP00856,C0511,New Product,2025-09-29,23.0,1,0,0,0,0.0,1,1776.18,1,4022.480000000001,11,888.09
CAMP00857,C0844,Festival,2026-04-15,32.5,1,1,0,0,0.0,0,0.0,0,0.0,,
CAMP00858,C0508,New Product,2025-11-12,23.0,1,1,0,1,960.92,1,960.92,1,960.92,1,480.46
CAMP00859,C0378,Discount,2026-07-31,25.0,1,1,0,0,0.0,0,0.0,0,0.0,,
CAMP00860,C0382,Loyalty,2025-06-27,22.0,1,0,0,0,0.0,0,0.0,1,1593.73,20,1593.73
CAMP00861,C0897,Birthday,2024-05-24,18.5,1,0,0,1,9107.4,1,9107.4,1,9107.4,5,3035.8
CAMP00862,C0609,Discount,2024-03-21,19.75,1,1,0,0,0.0,0,0.0,0,0.0,,
CAMP00863,C0809,Discount,2025-08-18,23.25,1,0,0,1,1534.14,1,7888.46,1,19230.72,5,767.07
CAMP00864,C0760,Win-back,2026-08-15,29.25,1,0,0,0,0.0,0,0.0,0,0.0,,
CAMP00865,C0766,Loyalty,2026-05-17,16.0,1,1,0,0,0.0,1,1485.14,1,1485.14,11,742.57
CAMP00866,C0909,Discount,2026-06-23,25.0,1,0,0,0,0.0,0,0.0,1,5902.33,24,2050.39
CAMP00867,C0993,Festival,2026-08-01,29.0,1,0,0,0,0.0,0,0.0,0,0.0,,
CAMP00868,C0253,Discount,2025-11-29,21.5,1,1,1,0,0.0,1,1994.02,1,1994.02,13,997.01
CAMP00869,C0506,Birthday,2025-11-27,18.5,1,1,1,1,1337.2,1,1337.2,1,1337.2,5,668.6
CAMP00870,C0568,Loyalty,2025-08-31,18.0,1,1,0,0,0.0,1,715.51,1,715.51,13,715.51
CAMP00871,C0617,Discount,2024-05-18,23.25,1,0,0,0,0.0,0,0.0,1,8357.130000000001,22,2785.71
CAMP00872,C0097,New Product,2026-03-31,23.0,1,0,0,1,4192.18,1,4192.18,1,8311.18,3,2141.36
CAMP00873,C0144,Win-back,2026-04-10,29.25,1,0,0,1,2171.1,1,2171.1,1,3144.37,4,2171.1
CAMP00874,C0100,Birthday,2024-01-11,22.0,1,0,0,0,0.0,0,0.0,0,0.0,,
CAMP00875,C0877,Loyalty,2026-05-28,18.0,1,0,0,0,0.0,0,0.0,0,0.0,,
CAMP00876,C0759,Loyalty,2026-01-10,16.0,1,0,0,0,0.0,0,0.0,1,770.9,23,770.9
CAMP00877,C0736,New Product,2025-07-07,23.0,1,0,0,0,0.0,0,0.0,1,1569.31,19,1569.31
CAMP00878,C0444,Win-back,2026-08-02,32.75,1,1,0,0,0.0,1,2284.42,1,2284.42,10,2284.42
CAMP00879,C0215,Loyalty,2026-05-30,14.0,1,1,1,0,0.0,0,0.0,1,2652.5,17,1474.75
CAMP00880,C0860,Discount,2026-06-10,19.75,1,0,0,0,0.0,0,0.0,0,0.0,,
CAMP00881,C0233,Win-back,2024-03-16,32.75,1,0,0,0,0.0,0,0.0,1,5082.63,30,1694.21
CAMP00882,C0597,Birthday,2025-08-28,20.25,1,0,0,0,0.0,1,4520.97,1,4520.97,8,1506.99
CAMP00883,C0121,Loyalty,2026-03-14,16.0,1,0,0,0,0.0,0,0.0,0,0.0,,
CAMP00884,C0820,Discount,2025-11-04,23.25,1,0,0,0,0.0,0,0.0,1,1208.5,28,604.25
CAMP00885,C0651,Festival,2026-04-05,29.0,1,0,0,1,5904.450000000001,1,5904.450000000001,1,9241.43,2,2551.8
CAMP00886,C0790,Win-back,2026-07-18,32.75,0,0,0,0,0.0,0,0.0,0,0.0,,
CAMP00887,C0458,Discount,2025-06-03,23.25,1,0,0,0,0.0,1,1313.5500000000002,1,1313.5500000000002,8,437.85
CAMP00888,C0567,Festival,2024-07-23,29.0,1,1,1,1,1184.1,1,1184.1,1,2820.63,7,1184.1
CAMP00889,C0703,Win-back,2025-05-14,32.75,1,1,0,0,0.0,0,0.0,1,3614.43,18,2010.86
CAMP00890,C0602,Birthday,2025-10-20,18.5,1,0,0,0,0.0,0,0.0,1,1552.76,29,776.38
CAMP00891,C0919,New Product,2026-05-07,23.0,1,1,0,0,0.0,0,0.0,0,0.0,,
CAMP00892,C0843,New Product,2026-08-23,23.0,1,1,0,0,0.0,0,0.0,0,0.0,,
CAMP00893,C0638,Loyalty,2026-03-11,16.0,1,1,0,0,0.0,0,0.0,0,0.0,,
CAMP00894,C0729,Birthday,2025-10-04,22.0,0,0,0,0,0.0,1,5334.27,1,8929.96,10,1778.09
CAMP00895,C0276,New Product,2026-07-31,23.0,1,1,0,0,0.0,0,0.0,0,0.0,,
CAMP00896,C0303,Birthday,2026-08-12,18.5,1,0,0,0,0.0,0,0.0,0,0.0,,
CAMP00897,C0506,New Product,2026-05-16,23.0,1,0,0,0,0.0,0,0.0,1,4881.67,16,1508.06
CAMP00898,C0443,Festival,2026-02-12,30.75,1,0,0,0,0.0,0,0.0,0,0.0,,
CAMP00899,C0828,Festival,2025-07-15,29.0,1,0,0,0,0.0,0,0.0,0,0.0,,
CAMP00900,C0108,Loyalty,2024-07-05,14.0,1,0,0,0,0.0,0,0.0,0,0.0,,
CAMP00901,C0202,New Product,2025-05-25,23.0,1,0,0,0,0.0,0,0.0,0,0.0,,
CAMP00902,C0918,Win-back,2025-11-12,27.5,0,0,0,0,0.0,0,0.0,0,0.0,,
CAMP00903,C0341,Win-back,2026-06-16,31.0,1,1,1,0,0.0,0,0.0,0,0.0,,
CAMP00904,C0295,Loyalty,2025-02-26,14.0,1,1,0,0,0.0,0,0.0,0,0.0,,
CAMP00905,C0025,Loyalty,2026-04-18,18.0,1,0,0,0,0.0,0,0.0,0,0.0,,
CAMP00906,C0760,Win-back,2026-07-31,31.0,1,1,0,0,0.0,0,0.0,0,0.0,,
CAMP00907,C0387,New Product,2026-08-20,23.0,1,0,0,0,0.0,0,0.0,0,0.0,,
CAMP00908,C0204,Win-back,2026-07-27,32.75,1,1,0,1,4821.9,1,4821.9,1,4821.9,6,2410.95
CAMP00909,C0405,Birthday,2024-12-24,20.25,1,0,0,0,0.0,1,941.31,1,941.31,8,941.31
CAMP00910,C0467,Win-back,2025-08-15,29.25,1,1,0,0,0.0,0,0.0,1,989.21,28,989.21
CAMP00911,C0733,New Product,2026-04-22,23.0,1,0,0,0,0.0,0,0.0,1,6302.36,19,1733.58
CAMP00912,C0613,New Product,2026-07-02,23.0,1,0,0,0,0.0,0,0.0,1,4113.34,20,2056.67
CAMP00913,C0765,Festival,2026-06-08,27.25,1,0,0,0,0.0,0,0.0,1,1704.15,22,675.03
CAMP00914,C0987,Win-back,2026-03-26,27.5,0,0,0,0,0.0,0,0.0,0,0.0,,
CAMP00915,C0995,Birthday,2026-05-14,22.0,1,0,0,0,0.0,1,1279.95,1,5461.3,10,1279.95
CAMP00916,C0652,Discount,2026-01-19,19.75,0,0,0,0,0.0,0,0.0,0,0.0,,
CAMP00917,C0070,Festival,2025-08-20,27.25,1,0,0,0,0.0,1,381.06,1,381.06,13,381.06
CAMP00918,C0329,Festival,2024-04-26,32.5,1,0,0,0,0.0,0,0.0,0,0.0,,
CAMP00919,C0115,Festival,2025-05-30,27.25,1,0,0,0,0.0,0,0.0,0,0.0,,
CAMP00920,C0835,Loyalty,2025-09-15,16.0,1,0,0,0,0.0,0,0.0,0,0.0,,
CAMP00921,C0283,Festival,2026-01-20,30.75,1,0,0,0,0.0,0,0.0,1,2244.65,26,2244.65
CAMP00922,C0617,Win-back,2025-08-25,29.25,0,0,0,1,1644.18,1,1644.18,1,3790.77,6,1644.18
CAMP00923,C0534,Win-back,2025-05-16,27.5,1,0,0,1,1281.76,1,1281.76,1,1281.76,3,1281.76
CAMP00924,C0446,Win-back,2026-04-27,31.0,0,0,0,0,0.0,0,0.0,0,0.0,,
CAMP00925,C0559,New Product,2026-04-25,23.0,1,1,0,1,1361.79,1,1361.79,1,2720.05,7,1361.79
CAMP00926,C0778,Birthday,2026-01-16,20.25,1,1,0,1,1044.25,1,1044.25,1,2330.55,6,1044.25
CAMP00927,C0350,Loyalty,2026-05-19,22.0,1,0,0,0,0.0,0,0.0,1,2382.36,26,1191.18
CAMP00928,C0032,Discount,2023-12-20,21.5,1,0,0,0,0.0,0,0.0,0,0.0,,
CAMP00929,C0638,Festival,2025-09-04,29.0,1,0,0,0,0.0,0,0.0,0,0.0,,
CAMP00930,C0451,Loyalty,2026-08-24,22.0,1,0,0,0,0.0,0,0.0,0,0.0,,
CAMP00931,C0868,Loyalty,2026-02-04,16.0,1,1,1,1,7499.48,1,7499.48,1,8919.619999999999,4,1874.87
CAMP00932,C0371,Win-back,2026-05-02,27.5,1,1,1,0,0.0,0,0.0,0,0.0,,
CAMP00933,C0796,Discount,2026-06-27,25.0,1,1,1,0,0.0,0,0.0,1,756.88,21,378.44
CAMP00934,C0250,Birthday,2026-02-15,18.5,1,0,0,0,0.0,0,0.0,0,0.0,,
CAMP00935,C0577,Loyalty,2026-05-11,14.0,1,0,0,0,0.0,0,0.0,0,0.0,,
CAMP00936,C0224,Loyalty,2026-04-14,14.0,1,0,0,0,0.0,0,0.0,0,0.0,,
CAMP00937,C0225,Win-back,2026-08-05,27.5,0,0,0,0,0.0,0,0.0,0,0.0,,
CAMP00938,C0405,Birthday,2024-11-16,20.25,1,0,0,0,0.0,0,0.0,1,787.76,28,393.88
CAMP00939,C0679,New Product,2025-12-29,23.0,1,1,0,1,1413.75,1,1413.75,1,1413.75,7,1413.75
CAMP00940,C0201,New Product,2026-08-27,23.0,1,0,0,0,0.0,0,0.0,0,0.0,,
CAMP00941,C0942,Birthday,2026-03-27,20.25,1,1,0,0,0.0,0,0.0,0,0.0,,
CAMP00942,C0440,New Product,2026-04-02,23.0,1,0,0,0,0.0,1,2765.32,1,3364.32,8,712.66
CAMP00943,C0251,New Product,2026-05-14,23.0,1,1,0,0,0.0,1,1396.72,1,1396.72,14,1396.72
CAMP00944,C0909,Birthday,2026-08-02,22.0,1,0,0,1,9185.01,1,12451.89,1,12451.89,2,3353.45
CAMP00945,C0383,Win-back,2025-05-24,29.25,1,0,0,0,0.0,1,1182.63,1,10292.84,8,1182.63
CAMP00946,C0993,Loyalty,2026-08-29,14.0,1,0,0,0,0.0,0,0.0,0,0.0,,
CAMP00947,C0402,Loyalty,2026-05-21,22.0,1,0,0,0,0.0,1,687.74,1,2234.9,10,687.74
CAMP00948,C0327,Discount,2026-06-25,21.5,1,0,0,0,0.0,1,1731.44,1,1731.44,12,865.72
CAMP00949,C0633,Loyalty,2025-10-20,14.0,1,0,0,0,0.0,0,0.0,1,1639.64,29,819.82
CAMP00950,C0749,Loyalty,2025-12-13,18.0,1,0,0,0,0.0,0,0.0,0,0.0,,
CAMP00951,C0594,Loyalty,2026-03-15,14.0,1,0,0,0,0.0,1,1528.15,1,1528.15,8,1528.15
CAMP00952,C0648,Win-back,2026-04-28,32.75,1,0,0,0,0.0,0,0.0,0,0.0,,
CAMP00953,C0725,Discount,2026-08-03,19.75,1,1,0,1,3948.13,1,5826.849999999999,1,6680.98,2,1611.47
CAMP00954,C0699,New Product,2024-11-09,23.0,1,1,0,0,0.0,1,4096.36,1,7947.029999999999,12,2048.18
CAMP00955,C0139,Win-back,2025-06-07,27.5,1,0,0,0,0.0,0,0.0,1,1450.76,29,725.38
CAMP00956,C0857,New Product,2026-02-05,23.0,1,0,0,0,0.0,0,0.0,1,3193.2,26,798.3
CAMP00957,C0649,Festival,2026-03-23,32.5,0,0,0,0,0.0,1,1674.04,1,3233.61,13,837.02
CAMP00958,C0443,Loyalty,2026-08-06,22.0,1,1,0,0,0.0,0,0.0,0,0.0,,
CAMP00959,C0145,Birthday,2026-07-08,18.5,1,1,0,0,0.0,1,2319.17,1,3385.11,14,2319.17
CAMP00960,C0892,Birthday,2026-07-24,18.5,1,1,1,0,0.0,0,0.0,0,0.0,,
CAMP00961,C0854,Birthday,2025-02-01,20.25,0,0,0,0,0.0,0,0.0,1,1911.52,17,955.76
CAMP00962,C0104,Discount,2026-07-06,21.5,0,0,0,0,0.0,1,1224.3,1,1224.3,13,1224.3
CAMP00963,C0626,Birthday,2026-02-03,20.25,1,0,0,1,351.59,1,2120.73,1,2120.73,6,351.59
CAMP00964,C0564,Festival,2026-02-11,29.0,1,0,0,0,0.0,1,1196.68,1,2607.76,8,598.34
CAMP00965,C0555,Win-back,2026-02-07,27.5,1,1,0,0,0.0,1,850.24,1,1903.11,10,850.24
CAMP00966,C0675,New Product,2025-10-05,23.0,1,0,0,1,4358.84,1,8975.2,1,8975.2,1,2179.42
CAMP00967,C0858,Festival,2025-08-06,29.0,1,0,0,0,0.0,0,0.0,0,0.0,,
CAMP00968,C0064,Discount,2026-01-17,25.0,1,1,0,1,1795.65,1,1795.65,1,3709.09,1,598.55
CAMP00969,C0691,Win-back,2026-05-31,29.25,1,1,0,0,0.0,1,2303.35,1,2303.35,9,510.99
CAMP00970,C0836,Win-back,2025-11-23,31.0,1,0,0,0,0.0,0,0.0,0,0.0,,
CAMP00971,C0257,Festival,2024-07-13,32.5,1,1,0,0,0.0,1,7161.1900000000005,1,17185.41,8,1326.07
CAMP00972,C0100,Discount,2024-07-24,23.25,1,0,0,0,0.0,1,3780.78,1,5836.26,13,1890.39
CAMP00973,C0351,Win-back,2025-06-25,31.0,1,0,0,0,0.0,1,7007.72,1,9513.3,9,3503.86
CAMP00974,C0943,Festival,2026-08-03,32.5,1,0,0,0,0.0,0,0.0,0,0.0,,
CAMP00975,C0830,Loyalty,2025-12-29,18.0,1,1,1,0,0.0,1,1498.66,1,1498.66,8,1498.66
CAMP00976,C0367,Loyalty,2025-11-14,14.0,1,1,1,0,0.0,0,0.0,1,932.28,16,932.28
CAMP00977,C0942,Festival,2025-12-04,25.5,1,0,0,0,0.0,0,0.0,0,0.0,,
CAMP00978,C0614,Festival,2025-10-27,32.5,1,0,0,0,0.0,0,0.0,1,5067.82,19,1201.12
CAMP00979,C0891,Festival,2026-04-23,32.5,1,0,0,0,0.0,0,0.0,0,0.0,,
CAMP00980,C0315,Festival,2026-08-19,25.5,1,0,0,0,0.0,0,0.0,0,0.0,,
CAMP00981,C0763,Birthday,2024-07-20,22.0,1,1,0,0,0.0,0,0.0,0,0.0,,
CAMP00982,C0976,Win-back,2026-06-28,32.75,1,0,0,0,0.0,0,0.0,0,0.0,,
CAMP00983,C0135,Loyalty,2024-09-16,22.0,1,0,0,0,0.0,1,632.84,1,632.84,14,632.84
CAMP00984,C0973,New Product,2025-09-30,23.0,1,0,0,0,0.0,0,0.0,1,1090.81,28,1090.81
CAMP00985,C0597,Festival,2025-03-22,29.0,1,0,0,0,0.0,0,0.0,0,0.0,,
CAMP00986,C0464,Win-back,2026-04-08,31.0,1,1,1,0,0.0,0,0.0,1,3729.9,29,1864.95
CAMP00987,C0505,Birthday,2026-07-07,20.25,1,0,0,0,0.0,0,0.0,0,0.0,,
CAMP00988,C0043,Festival,2026-05-31,29.0,0,0,0,0,0.0,0,0.0,0,0.0,,
CAMP00989,C0124,Festival,2026-08-28,25.5,1,0,0,0,0.0,0,0.0,0,0.0,,
CAMP00990,C0063,New Product,2026-02-21,23.0,1,0,0,0,0.0,0,0.0,0,0.0,,
CAMP00991,C0050,Birthday,2026-07-03,22.0,1,0,0,0,0.0,0,0.0,0,0.0,,
CAMP00992,C0902,Loyalty,2025-12-05,16.0,1,0,0,0,0.0,0,0.0,1,660.03,17,660.03
CAMP00993,C0201,Festival,2026-07-19,27.25,1,0,0,1,5019.2,1,5019.2,1,8688.68,5,929.1
CAMP00994,C0686,Festival,2025-12-12,29.0,1,1,1,1,520.76,1,520.76,1,1135.4199999999998,6,520.76
CAMP00995,C0738,Birthday,2026-01-12,20.25,1,0,0,0,0.0,0,0.0,1,6722.06,16,2118.54
CAMP00996,C0352,Birthday,2026-05-12,20.25,1,0,0,0,0.0,0,0.0,0,0.0,,
CAMP00997,C0551,Discount,2026-05-13,21.5,1,0,0,0,0.0,0,0.0,0,0.0,,
CAMP00998,C0198,Loyalty,2025-04-27,22.0,1,0,0,0,0.0,0,0.0,0,0.0,,
CAMP00999,C0483,Win-back,2026-07-03,31.0,1,0,0,0,0.0,0,0.0,0,0.0,,
CAMP01000,C0653,Loyalty,2026-01-07,16.0,1,0,0,0,0.0,0,0.0,1,1104.87,29,368.29
CAMP01001,C0991,Win-back,2026-04-26,31.0,1,0,0,0,0.0,0,0.0,0,0.0,,
CAMP01002,C0919,Discount,2025-04-20,23.25,1,0,0,1,1283.3,1,1283.3,1,1283.3,6,641.65
CAMP01003,C0026,Festival,2025-11-04,29.0,1,0,0,0,0.0,0,0.0,0,0.0,,
CAMP01004,C0387,Birthday,2026-08-23,22.0,1,1,0,0,0.0,0,0.0,0,0.0,,
CAMP01005,C0060,New Product,2026-06-26,23.0,1,1,0,0,0.0,0,0.0,0,0.0,,
CAMP01006,C0511,New Product,2026-05-05,23.0,1,1,0,0,0.0,0,0.0,1,1607.49,25,1607.49
CAMP01007,C0453,Loyalty,2026-01-04,22.0,1,0,0,1,885.0,1,885.0,1,3570.7,3,885.0
CAMP01008,C0354,Win-back,2026-06-07,32.75,1,0,0,0,0.0,0,0.0,0,0.0,,
CAMP01009,C0561,Birthday,2023-11-13,18.5,1,1,1,0,0.0,0,0.0,0,0.0,,
CAMP01010,C0659,Discount,2026-07-05,19.75,1,0,0,0,0.0,0,0.0,0,0.0,,
CAMP01011,C0862,Festival,2026-08-12,29.0,1,1,0,0,0.0,0,0.0,0,0.0,,
CAMP01012,C0386,Win-back,2026-04-18,32.75,0,0,0,1,3254.16,1,3254.16,1,6638.68,4,1627.08
CAMP01013,C0057,Festival,2025-03-17,32.5,1,1,0,1,1678.15,1,1678.15,1,1678.15,7,1678.15
CAMP01014,C0344,Birthday,2026-07-23,18.5,1,1,0,0,0.0,0,0.0,0,0.0,,
CAMP01015,C0003,Win-back,2024-07-23,32.75,1,1,0,0,0.0,0,0.0,0,0.0,,
CAMP01016,C0791,New Product,2026-04-02,23.0,1,1,0,0,0.0,0,0.0,0,0.0,,
CAMP01017,C0347,Festival,2026-06-10,27.25,1,1,0,0,0.0,0,0.0,0,0.0,,
CAMP01018,C0805,Win-back,2024-08-18,29.25,1,0,0,0,0.0,1,1731.66,1,6161.04,11,1731.66
CAMP01019,C0936,New Product,2026-03-01,23.0,0,0,0,0,0.0,0,0.0,0,0.0,,
CAMP01020,C0935,Festival,2025-06-22,25.5,1,0,0,0,0.0,1,1362.56,1,1362.56,8,681.28
CAMP01021,C0354,Discount,2026-06-01,23.25,1,0,0,0,0.0,0,0.0,0,0.0,,
CAMP01022,C0590,New Product,2025-08-25,23.0,1,0,0,0,0.0,1,1091.52,1,2641.0,11,363.84
CAMP01023,C0751,Loyalty,2026-07-14,14.0,1,1,0,0,0.0,0,0.0,0,0.0,,
CAMP01024,C0286,Win-back,2024-12-06,27.5,1,0,0,0,0.0,0,0.0,1,611.88,21,611.88
CAMP01025,C0130,New Product,2026-07-20,23.0,1,1,0,1,1040.92,1,1040.92,1,1040.92,1,520.46
CAMP01026,C0281,Festival,2024-12-19,29.0,1,0,0,0,0.0,1,1274.46,1,1274.46,13,1274.46
CAMP01027,C0315,Birthday,2026-04-18,22.0,1,0,0,0,0.0,0,0.0,0,0.0,,
CAMP01028,C0231,Win-back,2024-12-29,27.5,1,1,1,0,0.0,1,2170.54,1,2170.54,12,1085.27
CAMP01029,C0478,New Product,2024-03-03,23.0,1,0,0,0,0.0,0,0.0,0,0.0,,
CAMP01030,C0045,Loyalty,2026-01-28,16.0,1,0,0,0,0.0,1,389.26,1,4960.299999999999,14,389.26
CAMP01031,C0818,New Product,2025-04-27,23.0,1,1,0,1,1454.98,1,3303.57,1,3303.57,4,1454.98
CAMP01032,C0133,Loyalty,2025-07-19,22.0,1,1,1,0,0.0,0,0.0,1,4548.08,17,1137.02
CAMP01033,C0742,Discount,2026-08-16,25.0,1,0,0,0,0.0,0,0.0,0,0.0,,
CAMP01034,C0328,Festival,2025-05-04,27.25,1,0,0,1,3809.73,1,3809.73,1,3809.73,1,798.13
CAMP01035,C0930,Birthday,2026-08-13,18.5,1,0,0,0,0.0,0,0.0,0,0.0,,
CAMP01036,C0085,Birthday,2026-01-19,20.25,0,0,0,1,605.18,1,2298.8900000000003,1,2298.8900000000003,1,605.18
CAMP01037,C0652,Win-back,2024-12-10,31.0,1,0,0,0,0.0,0,0.0,1,463.62,21,463.62
CAMP01038,C0397,Discount,2025-06-27,25.0,1,1,0,0,0.0,0,0.0,1,1233.14,24,616.57
CAMP01039,C0535,New Product,2026-03-25,23.0,1,0,0,0,0.0,0,0.0,1,511.14,18,511.14
CAMP01040,C0780,Festival,2026-05-07,30.75,1,0,0,0,0.0,0,0.0,0,0.0,,
CAMP01041,C0125,Festival,2026-01-17,32.5,1,0,0,0,0.0,0,0.0,1,3759.8,20,1879.9
CAMP01042,C0998,Festival,2025-10-13,29.0,1,0,0,1,6065.549999999999,1,6065.549999999999,1,7393.559999999999,7,2021.85
CAMP01043,C0936,New Product,2026-07-16,23.0,1,0,0,0,0.0,0,0.0,0,0.0,,
CAMP01044,C0225,Birthday,2026-07-16,20.25,1,1,1,0,0.0,0,0.0,0,0.0,,
CAMP01045,C0945,Festival,2025-07-24,29.0,1,0,0,1,1269.64,1,1269.64,1,1269.64,5,634.82
CAMP01046,C0085,Birthday,2025-09-21,18.5,1,0,0,0,0.0,0,0.0,0,0.0,,
CAMP01047,C0153,Win-back,2026-08-06,31.0,1,1,1,0,0.0,0,0.0,0,0.0,,
CAMP01048,C0583,Birthday,2026-01-14,22.0,1,1,0,0,0.0,0,0.0,1,2824.3,25,1758.65
CAMP01049,C0500,Festival,2025-10-19,30.75,1,0,0,0,0.0,0,0.0,0,0.0,,
CAMP01050,C0215,Festival,2026-01-24,29.0,1,1,1,0,0.0,1,2483.91,1,4997.75,12,827.97
CAMP01051,C0305,New Product,2026-04-06,23.0,1,0,0,0,0.0,0,0.0,0,0.0,,
CAMP01052,C0533,Birthday,2026-06-02,18.5,1,0,0,0,0.0,0,0.0,0,0.0,,
CAMP01053,C0176,Loyalty,2026-05-05,22.0,1,0,0,0,0.0,0,0.0,0,0.0,,
CAMP01054,C0913,Birthday,2025-04-16,20.25,1,1,0,0,0.0,0,0.0,0,0.0,,
CAMP01055,C0012,Win-back,2026-08-25,32.75,1,0,0,0,0.0,0,0.0,0,0.0,,
CAMP01056,C0947,Win-back,2026-06-03,29.25,1,0,0,0,0.0,0,0.0,0,0.0,,
CAMP01057,C0447,Win-back,2025-09-28,27.5,1,1,0,0,0.0,0,0.0,1,2123.58,22,1061.79
CAMP01058,C0320,Discount,2025-05-30,23.25,1,0,0,0,0.0,0,0.0,1,6527.28,23,3263.64
CAMP01059,C0003,Win-back,2026-03-11,29.25,1,0,0,0,0.0,0,0.0,0,0.0,,
CAMP01060,C0801,Discount,2025-05-29,23.25,1,0,0,0,0.0,0,0.0,1,1760.26,15,880.13
CAMP01061,C0427,Discount,2026-06-12,19.75,1,0,0,0,0.0,0,0.0,0,0.0,,
CAMP01062,C0694,New Product,2026-04-19,23.0,1,0,0,0,0.0,1,2677.36,1,4575.7,10,1338.68
CAMP01063,C0934,Win-back,2026-07-07,32.75,1,0,0,1,1745.97,1,1745.97,1,4891.69,2,1745.97
CAMP01064,C0416,Win-back,2026-07-20,32.75,1,0,0,0,0.0,0,0.0,0,0.0,,
CAMP01065,C0908,Win-back,2025-03-31,31.0,1,0,0,0,0.0,0,0.0,0,0.0,,
CAMP01066,C0299,Win-back,2025-01-31,31.0,1,0,0,1,910.48,1,910.48,1,910.48,5,455.24
CAMP01067,C0288,Discount,2024-05-28,25.0,1,1,1,0,0.0,0,0.0,1,1730.34,24,576.78
CAMP01068,C0621,New Product,2025-12-06,23.0,1,0,0,0,0.0,1,1966.8,1,1966.8,12,1966.8
CAMP01069,C0596,New Product,2024-11-14,23.0,1,0,0,1,1836.32,1,3537.09,1,3537.09,3,918.16
CAMP01070,C0184,Win-back,2025-01-23,32.75,1,0,0,0,0.0,1,781.44,1,2843.2000000000003,11,781.44
CAMP01071,C0280,New Product,2026-02-10,23.0,1,0,0,0,0.0,0,0.0,1,4166.4,28,1388.8
CAMP01072,C0741,New Product,2026-07-01,23.0,1,0,0,0,0.0,0,0.0,0,0.0,,
CAMP01073,C0234,Birthday,2026-06-17,20.25,1,0,0,0,0.0,0,0.0,0,0.0,,
CAMP01074,C0915,Festival,2025-10-20,30.75,1,1,0,1,5983.17,1,5983.17,1,7681.07,1,1994.39
CAMP01075,C0865,New Product,2026-07-02,23.0,1,1,0,1,2924.2,1,2924.2,1,3862.76,7,2924.2
CAMP01076,C0322,New Product,2026-02-03,23.0,1,0,0,1,3066.9,1,3066.9,1,3952.37,6,1022.3
CAMP01077,C0319,Discount,2025-06-26,21.5,1,0,0,1,2720.12,1,2720.12,1,2720.12,2,1360.06
CAMP01078,C0223,Birthday,2026-04-30,18.5,1,0,0,0,0.0,1,2384.68,1,2384.68,12,1192.34
CAMP01079,C0678,Win-back,2025-12-16,32.75,0,0,0,0,0.0,0,0.0,1,1952.35,28,1952.35
CAMP01080,C0435,Festival,2026-07-07,29.0,1,0,0,1,434.07,1,434.07,1,817.3199999999999,4,434.07
CAMP01081,C0118,Festival,2026-04-30,32.5,1,1,0,0,0.0,0,0.0,0,0.0,,
CAMP01082,C0973,New Product,2026-01-26,23.0,1,0,0,0,0.0,0,0.0,1,1321.77,25,1321.77
CAMP01083,C0138,Loyalty,2026-01-18,16.0,0,0,0,0,0.0,0,0.0,1,5777.6,16,768.44
CAMP01084,C0437,Loyalty,2026-06-25,22.0,1,0,0,0,0.0,0,0.0,0,0.0,,
CAMP01085,C0678,Birthday,2026-03-15,20.25,1,1,0,0,0.0,0,0.0,1,1250.69,19,1250.69
CAMP01086,C0790,Birthday,2026-08-29,18.5,1,1,0,0,0.0,0,0.0,0,0.0,,
CAMP01087,C0729,Discount,2026-06-24,25.0,1,0,0,0,0.0,1,2395.07,1,4776.1,8,2395.07
CAMP01088,C0837,Birthday,2025-07-14,18.5,1,0,0,0,0.0,0,0.0,0,0.0,,
CAMP01089,C0191,Loyalty,2026-05-06,22.0,1,0,0,0,0.0,0,0.0,0,0.0,,
CAMP01090,C0450,Birthday,2026-08-16,18.5,1,1,0,0,0.0,0,0.0,0,0.0,,
CAMP01091,C0056,Festival,2026-01-12,25.5,1,0,0,0,0.0,0,0.0,0,0.0,,
CAMP01092,C0388,Festival,2025-11-12,29.0,1,0,0,0,0.0,0,0.0,1,1603.08,23,801.54
CAMP01093,C0313,Festival,2026-08-19,32.5,1,1,1,0,0.0,0,0.0,0,0.0,,
CAMP01094,C0933,Win-back,2025-06-25,27.5,1,0,0,0,0.0,0,0.0,1,489.35,21,489.35
CAMP01095,C0336,Win-back,2025-04-09,31.0,0,0,0,1,9276.58,1,9276.58,1,18132.6,1,1107.74
CAMP01096,C0575,Festival,2025-10-02,29.0,1,1,0,0,0.0,0,0.0,0,0.0,,
CAMP01097,C0869,Loyalty,2026-03-31,22.0,1,0,0,0,0.0,0,0.0,0,0.0,,
CAMP01098,C0416,Discount,2026-07-19,19.75,1,0,0,0,0.0,0,0.0,0,0.0,,
CAMP01099,C0128,Win-back,2025-12-30,29.25,1,1,0,0,0.0,1,2010.84,1,2010.84,9,1029.31
CAMP01100,C0154,Birthday,2023-12-09,22.0,1,0,0,0,0.0,0,0.0,1,5916.51,26,1972.17
CAMP01101,C0233,Discount,2026-07-02,23.25,0,0,0,0,0.0,0,0.0,0,0.0,,
CAMP01102,C0568,Win-back,2025-03-17,31.0,1,0,0,1,1256.15,1,5056.01,1,5952.47,2,1256.15
CAMP01103,C0213,Birthday,2024-04-24,18.5,1,0,0,0,0.0,0,0.0,0,0.0,,
CAMP01104,C0298,Win-back,2026-07-19,31.0,1,1,1,0,0.0,0,0.0,0,0.0,,
CAMP01105,C0179,New Product,2025-02-12,23.0,1,0,0,0,0.0,0,0.0,1,1083.9,27,1083.9
CAMP01106,C0391,Birthday,2026-05-11,18.5,0,0,0,0,0.0,0,0.0,0,0.0,,
CAMP01107,C0432,Festival,2024-11-27,27.25,1,0,0,1,1306.12,1,1306.12,1,3830.38,3,653.06
CAMP01108,C0789,New Product,2025-09-10,23.0,1,0,0,0,0.0,1,7750.68,1,7750.68,10,2583.56
CAMP01109,C0018,Birthday,2026-08-09,18.5,1,1,1,0,0.0,0,0.0,0,0.0,,
CAMP01110,C0971,Festival,2026-05-27,29.0,1,0,0,1,1225.69,1,1225.69,1,1225.69,5,1225.69
CAMP01111,C0341,Loyalty,2026-04-05,16.0,1,0,0,0,0.0,0,0.0,1,10173.6,21,2628.07
CAMP01112,C0119,Birthday,2025-03-09,22.0,1,0,0,0,0.0,0,0.0,0,0.0,,
CAMP01113,C0799,Festival,2026-08-15,25.5,1,0,0,0,0.0,0,0.0,0,0.0,,
CAMP01114,C0736,Birthday,2025-06-30,22.0,1,0,0,0,0.0,0,0.0,1,1569.31,26,1569.31
CAMP01115,C0113,Festival,2026-02-13,30.75,1,0,0,0,0.0,0,0.0,0,0.0,,
CAMP01116,C0695,Loyalty,2026-07-27,22.0,1,0,0,0,0.0,0,0.0,0,0.0,,
CAMP01117,C0825,Discount,2026-06-26,25.0,1,1,0,0,0.0,0,0.0,0,0.0,,
CAMP01118,C0183,Festival,2026-01-09,25.5,1,1,0,0,0.0,0,0.0,0,0.0,,
CAMP01119,C0974,Win-back,2026-08-11,29.25,1,0,0,0,0.0,0,0.0,0,0.0,,
CAMP01120,C0423,Discount,2025-12-11,21.5,1,0,0,0,0.0,0,0.0,0,0.0,,
CAMP01121,C0821,Birthday,2025-07-17,18.5,1,0,0,0,0.0,0,0.0,1,3303.12,23,1651.56
CAMP01122,C0535,Discount,2025-05-16,21.5,1,0,0,1,937.71,1,937.71,1,3544.53,4,937.71
CAMP01123,C0423,Loyalty,2026-01-30,22.0,1,0,0,0,0.0,0,0.0,1,2880.21,16,1019.47
CAMP01124,C0469,Win-back,2025-04-15,27.5,1,1,0,0,0.0,1,1669.02,1,11512.77,14,834.51
CAMP01125,C0254,Birthday,2026-07-20,22.0,1,0,0,0,0.0,0,0.0,0,0.0,,
CAMP01126,C0710,Festival,2026-01-02,27.25,1,0,0,0,0.0,0,0.0,1,4184.9,26,2092.45
CAMP01127,C0339,Birthday,2026-04-07,22.0,0,0,0,0,0.0,0,0.0,0,0.0,,
CAMP01128,C0263,Discount,2026-03-19,19.75,1,0,0,0,0.0,0,0.0,0,0.0,,
CAMP01129,C0138,Festival,2025-06-16,25.5,0,0,0,1,2479.2,1,4643.01,1,13659.73,4,2479.2
CAMP01130,C0027,Loyalty,2026-05-29,14.0,1,0,0,0,0.0,1,2976.8,1,2976.8,8,2976.8
CAMP01131,C0887,New Product,2025-07-05,23.0,1,0,0,1,3034.53,1,4480.91,1,5465.06,4,1011.51
CAMP01132,C0948,Discount,2026-06-27,25.0,1,1,0,0,0.0,0,0.0,1,3847.4,24,1923.7
CAMP01133,C0373,Loyalty,2026-01-10,16.0,1,0,0,0,0.0,0,0.0,0,0.0,,
CAMP01134,C0047,Discount,2025-09-24,19.75,1,0,0,0,0.0,1,1189.97,1,9117.53,10,1189.97
CAMP01135,C0444,New Product,2025-07-31,23.0,1,0,0,0,0.0,0,0.0,0,0.0,,
CAMP01136,C0167,Discount,2026-07-28,21.5,1,0,0,1,1441.16,1,1441.16,1,1441.16,3,1441.16
CAMP01137,C0098,Discount,2024-04-07,23.25,0,0,0,0,0.0,0,0.0,1,992.2,18,496.1
CAMP01138,C0355,Festival,2026-04-06,25.5,1,0,0,1,3174.3900000000003,1,4919.830000000001,1,5610.310000000001,3,1058.13
CAMP01139,C0376,Festival,2025-09-20,32.5,1,1,1,0,0.0,1,2187.22,1,2807.96,10,1093.61
CAMP01140,C0283,Win-back,2025-10-12,32.75,1,1,1,0,0.0,1,3381.63,1,4282.68,10,1127.21
CAMP01141,C0506,New Product,2025-08-30,23.0,1,0,0,0,0.0,0,0.0,0,0.0,,
CAMP01142,C0361,Birthday,2026-06-12,18.5,1,0,0,0,0.0,0,0.0,0,0.0,,
CAMP01143,C0389,Birthday,2025-11-30,18.5,1,0,0,0,0.0,0,0.0,1,1073.55,19,1073.55
CAMP01144,C0894,Loyalty,2026-03-18,18.0,1,0,0,0,0.0,0,0.0,0,0.0,,
CAMP01145,C0928,Birthday,2026-03-12,20.25,1,0,0,1,835.43,1,835.43,1,835.43,5,835.43
CAMP01146,C0117,Discount,2025-09-01,25.0,1,0,0,0,0.0,0,0.0,0,0.0,,
CAMP01147,C0447,Festival,2025-11-05,32.5,1,0,0,0,0.0,0,0.0,0,0.0,,
CAMP01148,C0668,Discount,2026-08-25,25.0,1,1,0,0,0.0,0,0.0,0,0.0,,
CAMP01149,C0872,Discount,2026-02-20,25.0,1,0,0,1,4192.59,1,4192.59,1,7789.599999999999,6,1397.53
CAMP01150,C0234,Birthday,2026-03-17,20.25,1,1,1,0,0.0,0,0.0,0,0.0,,
CAMP01151,C0513,Loyalty,2024-09-08,14.0,1,1,1,0,0.0,0,0.0,0,0.0,,
CAMP01152,C0258,Birthday,2025-11-29,18.5,1,0,0,0,0.0,0,0.0,0,0.0,,
CAMP01153,C0425,Festival,2024-11-18,25.5,1,1,0,0,0.0,0,0.0,0,0.0,,
CAMP01154,C0204,Festival,2025-11-05,25.5,1,0,0,1,2932.57,1,2932.57,1,2932.57,4,2932.57
CAMP01155,C0181,New Product,2025-04-14,23.0,1,0,0,1,792.67,1,792.67,1,792.67,1,792.67
CAMP01156,C0238,Win-back,2026-06-29,27.5,1,0,0,1,1452.97,1,6103.09,1,7636.02,6,1452.97
CAMP01157,C0225,Discount,2026-06-02,25.0,1,0,0,1,886.91,1,886.91,1,1621.1799999999998,7,886.91
CAMP01158,C0312,Win-back,2026-08-16,29.25,0,0,0,0,0.0,0,0.0,0,0.0,,
CAMP01159,C0852,Win-back,2025-06-01,27.5,1,0,0,1,1756.35,1,1756.35,1,4580.33,4,1756.35
CAMP01160,C0935,Discount,2025-08-05,25.0,1,1,0,0,0.0,0,0.0,0,0.0,,
CAMP01161,C0904,Win-back,2024-04-24,32.75,1,1,0,0,0.0,0,0.0,0,0.0,,
CAMP01162,C0032,Discount,2026-05-30,21.5,1,0,0,0,0.0,0,0.0,1,2188.27,15,570.12
CAMP01163,C0380,New Product,2024-05-09,23.0,1,0,0,0,0.0,0,0.0,0,0.0,,
CAMP01164,C0018,Win-back,2026-01-25,32.75,1,0,0,1,3328.4,1,6415.5,1,6415.5,1,718.35
CAMP01165,C0764,Festival,2025-08-22,29.0,1,0,0,0,0.0,0,0.0,1,9764.1,18,2064.16
CAMP01166,C0092,Festival,2024-09-28,29.0,1,0,0,0,0.0,0,0.0,0,0.0,,
CAMP01167,C0987,Loyalty,2025-12-23,14.0,1,0,0,0,0.0,0,0.0,0,0.0,,
CAMP01168,C0894,Win-back,2026-04-04,31.0,1,0,0,0,0.0,0,0.0,0,0.0,,
CAMP01169,C0715,Discount,2026-01-22,25.0,1,1,1,0,0.0,0,0.0,0,0.0,,
CAMP01170,C0962,Discount,2025-08-12,21.5,1,0,0,0,0.0,0,0.0,0,0.0,,
CAMP01171,C0402,Discount,2025-12-02,25.0,1,0,0,0,0.0,1,490.95,1,2127.71,13,490.95
CAMP01172,C0522,Win-back,2025-12-17,32.75,1,1,0,0,0.0,0,0.0,1,934.4,23,934.4
CAMP01173,C0976,Birthday,2026-07-21,18.5,1,0,0,0,0.0,0,0.0,0,0.0,,
CAMP01174,C0628,Birthday,2026-07-27,20.25,0,0,0,0,0.0,0,0.0,0,0.0,,
CAMP01175,C0207,Win-back,2026-04-13,27.5,1,0,0,1,1144.39,1,1144.39,1,3067.91,2,1144.39
CAMP01176,C0024,Festival,2026-07-11,29.0,1,0,0,0,0.0,1,2567.86,1,4077.43,11,1283.93
CAMP01177,C0519,New Product,2026-05-05,23.0,1,1,0,1,3188.2,1,3188.2,1,3188.2,1,1594.1
CAMP01178,C0805,Birthday,2024-01-04,20.25,1,1,0,0,0.0,0,0.0,0,0.0,,
CAMP01179,C0192,Birthday,2026-06-09,18.5,1,0,0,1,454.76,1,454.76,1,454.76,7,454.76
CAMP01180,C0827,Birthday,2025-09-05,18.5,1,0,0,0,0.0,0,0.0,1,3930.18,20,1965.09
CAMP01181,C0058,Loyalty,2025-02-02,16.0,1,1,1,0,0.0,0,0.0,1,669.73,26,669.73
CAMP01182,C0004,Loyalty,2025-12-01,18.0,1,0,0,0,0.0,0,0.0,1,3900.34,28,1950.17
CAMP01183,C0603,Loyalty,2026-02-19,16.0,1,1,0,1,12454.02,1,12454.02,1,12454.02,4,6227.01
CAMP01184,C0553,Win-back,2026-07-19,29.25,0,0,0,0,0.0,0,0.0,0,0.0,,
CAMP01185,C0574,Discount,2025-10-09,21.5,1,0,0,1,1524.21,1,1524.21,1,5781.93,1,1524.21
CAMP01186,C0356,New Product,2025-11-23,23.0,1,0,0,1,3131.82,1,3996.92,1,7667.679999999999,1,1565.91
CAMP01187,C0342,Discount,2026-08-11,21.5,1,0,0,0,0.0,0,0.0,0,0.0,,
CAMP01188,C0287,Loyalty,2026-02-22,14.0,0,0,0,0,0.0,1,1761.96,1,7410.98,9,556.5
CAMP01189,C0898,Birthday,2025-12-31,22.0,1,1,0,0,0.0,0,0.0,1,8052.96,17,1285.06
CAMP01190,C0348,Birthday,2025-09-22,20.25,1,0,0,0,0.0,0,0.0,0,0.0,,
CAMP01191,C0500,Loyalty,2026-01-10,14.0,1,0,0,0,0.0,1,2363.67,1,2363.67,14,787.89
CAMP01192,C0991,Win-back,2026-07-10,27.5,1,1,0,0,0.0,1,1641.66,1,2483.98,9,1641.66
CAMP01193,C0854,Discount,2025-11-04,21.5,1,0,0,0,0.0,0,0.0,0,0.0,,
CAMP01194,C0136,Loyalty,2026-08-31,16.0,1,1,1,0,0.0,0,0.0,0,0.0,,
CAMP01195,C0948,Discount,2026-06-13,23.25,1,1,1,1,4044.53,1,4044.53,1,4044.53,3,2459.92
CAMP01196,C0554,Loyalty,2025-08-29,16.0,0,0,0,0,0.0,0,0.0,0,0.0,,
CAMP01197,C0679,Festival,2026-08-21,32.5,1,0,0,0,0.0,0,0.0,0,0.0,,
CAMP01198,C0711,New Product,2026-08-24,23.0,0,0,0,0,0.0,0,0.0,0,0.0,,
CAMP01199,C0695,New Product,2026-08-22,23.0,1,1,0,0,0.0,0,0.0,0,0.0,,
CAMP01200,C0607,Loyalty,2026-07-05,14.0,1,0,0,0,0.0,0,0.0,1,1405.02,19,702.51
CAMP01201,C0600,Discount,2025-07-30,19.75,0,0,0,0,0.0,0,0.0,0,0.0,,
CAMP01202,C0017,Birthday,2026-07-29,18.5,1,0,0,0,0.0,0,0.0,0,0.0,,
CAMP01203,C0502,Discount,2026-08-16,25.0,1,1,1,0,0.0,0,0.0,0,0.0,,
CAMP01204,C0283,Birthday,2025-04-29,22.0,1,1,1,0,0.0,0,0.0,0,0.0,,
CAMP01205,C0706,Discount,2024-09-22,23.25,1,0,0,0,0.0,1,828.56,1,4391.68,14,828.56
CAMP01206,C0188,Loyalty,2026-08-21,14.0,1,0,0,0,0.0,0,0.0,0,0.0,,
CAMP01207,C0472,Birthday,2026-04-21,18.5,1,0,0,0,0.0,0,0.0,0,0.0,,
CAMP01208,C0298,Discount,2026-07-06,19.75,1,0,0,0,0.0,0,0.0,0,0.0,,
CAMP01209,C0469,Win-back,2025-01-11,29.25,1,1,1,1,2446.2,1,8966.06,1,13032.36,5,1223.1
CAMP01210,C0017,Birthday,2025-06-30,22.0,1,0,0,0,0.0,1,1819.18,1,3046.1800000000003,12,1819.18
CAMP01211,C0344,Birthday,2026-05-03,22.0,1,1,1,0,0.0,0,0.0,0,0.0,,
CAMP01212,C0057,New Product,2024-06-04,23.0,1,1,0,1,4170.06,1,4170.06,1,4170.06,6,2085.03
CAMP01213,C0861,Loyalty,2026-06-25,16.0,1,0,0,0,0.0,1,3217.3,1,3217.3,13,1608.65
CAMP01214,C0265,Birthday,2026-03-26,20.25,1,1,1,0,0.0,0,0.0,0,0.0,,
CAMP01215,C0664,Loyalty,2026-07-02,18.0,1,1,0,0,0.0,0,0.0,0,0.0,,
CAMP01216,C0489,Festival,2026-03-13,25.5,0,0,0,0,0.0,0,0.0,1,708.6,22,708.6
CAMP01217,C0475,Win-back,2026-08-17,27.5,1,0,0,0,0.0,0,0.0,0,0.0,,
CAMP01218,C0316,Birthday,2026-04-29,20.25,1,0,0,0,0.0,1,1419.79,1,14130.510000000002,10,1419.79
CAMP01219,C0806,Discount,2025-11-23,21.5,1,0,0,1,2035.92,1,2035.92,1,2035.92,3,1017.96
CAMP01220,C0611,New Product,2026-07-05,23.0,1,0,0,0,0.0,0,0.0,1,1504.34,20,1504.34
CAMP01221,C0150,Discount,2026-03-04,25.0,1,1,1,0,0.0,0,0.0,0,0.0,,
CAMP01222,C0053,Birthday,2024-11-20,20.25,1,0,0,0,0.0,0,0.0,1,1001.14,22,1001.14
CAMP01223,C0545,Discount,2026-02-25,21.5,1,1,0,0,0.0,0,0.0,1,2392.56,23,1196.28
CAMP01224,C0293,New Product,2026-04-07,23.0,1,0,0,0,0.0,0,0.0,1,2216.78,24,1108.39
CAMP01225,C0594,Festival,2026-06-02,30.75,1,1,0,0,0.0,0,0.0,0,0.0,,
CAMP01226,C0949,Birthday,2025-05-30,18.5,1,0,0,0,0.0,0,0.0,0,0.0,,
CAMP01227,C0778,New Product,2025-10-24,23.0,1,0,0,1,6372.240000000001,1,6372.240000000001,1,6372.240000000001,3,1269.49
CAMP01228,C0372,Birthday,2026-02-08,20.25,1,0,0,0,0.0,1,7517.12,1,9427.07,9,3758.56
CAMP01229,C0177,Discount,2026-06-24,25.0,1,0,0,0,0.0,0,0.0,1,3576.34,19,1769.26
CAMP01230,C0748,Win-back,2025-04-13,27.5,1,0,0,0,0.0,0,0.0,1,698.42,18,698.42
CAMP01231,C0890,Win-back,2024-09-20,31.0,1,1,0,0,0.0,0,0.0,1,5678.139999999999,19,896.76
CAMP01232,C0536,Festival,2026-05-03,27.25,1,0,0,0,0.0,0,0.0,0,0.0,,
CAMP01233,C0730,Discount,2026-07-10,19.75,1,0,0,1,2848.75,1,2848.75,1,6893.1900000000005,2,2848.75
CAMP01234,C0505,Festival,2026-06-03,32.5,1,0,0,0,0.0,0,0.0,0,0.0,,
CAMP01235,C0173,Discount,2026-08-23,25.0,1,0,0,0,0.0,0,0.0,0,0.0,,
CAMP01236,C0375,Discount,2024-06-29,25.0,0,0,0,1,1574.92,1,1574.92,1,1574.92,3,787.46
CAMP01237,C0609,Birthday,2025-08-20,20.25,1,1,0,0,0.0,0,0.0,0,0.0,,
CAMP01238,C0443,Birthday,2026-06-08,22.0,1,0,0,0,0.0,0,0.0,0,0.0,,
CAMP01239,C0216,Discount,2026-02-25,19.75,1,0,0,0,0.0,0,0.0,0,0.0,,
CAMP01240,C0789,New Product,2026-01-04,23.0,1,1,0,1,3500.46,1,3500.46,1,4560.79,4,1750.23
CAMP01241,C0179,Birthday,2025-03-16,20.25,1,0,0,0,0.0,0,0.0,1,940.88,27,940.88
CAMP01242,C0829,Discount,2025-05-16,23.25,1,1,0,1,1700.68,1,2874.26,1,2874.26,3,850.34
CAMP01243,C0671,Loyalty,2026-07-30,22.0,1,0,0,0,0.0,0,0.0,0,0.0,,
CAMP01244,C0471,Discount,2026-06-10,23.25,1,0,0,0,0.0,0,0.0,0,0.0,,
CAMP01245,C0450,Discount,2026-08-23,21.5,1,1,0,0,0.0,0,0.0,0,0.0,,
CAMP01246,C0034,Festival,2026-08-21,30.75,1,0,0,0,0.0,0,0.0,0,0.0,,
CAMP01247,C0860,New Product,2026-06-09,23.0,1,0,0,0,0.0,0,0.0,0,0.0,,
CAMP01248,C0916,Win-back,2026-01-20,29.25,1,1,0,0,0.0,1,4490.31,1,4490.31,9,1496.77
CAMP01249,C0768,Discount,2025-03-15,25.0,0,0,0,0,0.0,0,0.0,0,0.0,,
CAMP01250,C0608,Win-back,2025-03-26,27.5,1,0,0,0,0.0,0,0.0,0,0.0,,
CAMP01251,C0535,Festival,2024-11-05,25.5,1,0,0,0,0.0,0,0.0,0,0.0,,
CAMP01252,C0813,Birthday,2026-06-27,22.0,1,0,0,0,0.0,0,0.0,0,0.0,,
CAMP01253,C0070,Loyalty,2025-08-03,18.0,1,1,0,0,0.0,1,3172.7,1,3553.76,10,1586.35
CAMP01254,C0153,Loyalty,2026-07-23,14.0,1,1,0,1,2832.66,1,7185.27,1,7185.27,3,944.22
CAMP01255,C0401,Win-back,2025-11-18,32.75,1,0,0,0,0.0,0,0.0,1,1733.72,21,866.86
CAMP01256,C0259,Loyalty,2026-06-07,16.0,1,1,1,0,0.0,1,1660.93,1,1660.93,9,1660.93
CAMP01257,C0603,New Product,2025-07-28,23.0,1,0,0,1,2414.16,1,2414.16,1,4569.639999999999,2,896.91
CAMP01258,C0229,New Product,2026-01-28,23.0,1,0,0,0,0.0,0,0.0,1,1046.63,24,1046.63
CAMP01259,C0956,Festival,2025-06-04,27.25,1,0,0,0,0.0,1,9128.28,1,10003.990000000002,10,2282.07
CAMP01260,C0831,Festival,2026-07-30,25.5,1,0,0,0,0.0,0,0.0,0,0.0,,
CAMP01261,C0131,New Product,2026-07-01,23.0,1,0,0,1,1426.86,1,1426.86,1,1426.86,4,713.43
CAMP01262,C0439,New Product,2026-07-01,23.0,1,0,0,0,0.0,1,698.65,1,1414.56,11,698.65
CAMP01263,C0739,Discount,2026-02-13,23.25,0,0,0,0,0.0,0,0.0,0,0.0,,
CAMP01264,C0873,Discount,2025-02-12,21.5,0,0,0,0,0.0,0,0.0,1,2620.04,22,834.0
CAMP01265,C0340,Win-back,2026-04-14,32.75,1,1,1,0,0.0,0,0.0,0,0.0,,
CAMP01266,C0370,Win-back,2025-10-28,29.25,1,0,0,0,0.0,0,0.0,0,0.0,,
CAMP01267,C0111,Discount,2025-04-05,25.0,0,0,0,0,0.0,0,0.0,1,2019.06,19,1009.53
CAMP01268,C0206,Discount,2026-02-20,21.5,1,1,0,0,0.0,0,0.0,0,0.0,,
CAMP01269,C0438,Loyalty,2026-08-18,18.0,1,0,0,0,0.0,0,0.0,0,0.0,,
CAMP01270,C0616,Festival,2025-04-26,32.5,1,1,0,1,4202.12,1,8315.82,1,9558.65,7,2101.06
CAMP01271,C0782,Loyalty,2024-07-19,16.0,1,0,0,1,1876.5,1,1876.5,1,3723.16,4,938.25
CAMP01272,C0608,Discount,2025-06-10,21.5,1,1,0,0,0.0,0,0.0,0,0.0,,
CAMP01273,C0033,Festival,2026-07-27,27.25,1,1,0,0,0.0,0,0.0,0,0.0,,
CAMP01274,C0438,Loyalty,2026-07-26,14.0,1,1,1,0,0.0,0,0.0,0,0.0,,
CAMP01275,C0215,New Product,2026-01-27,23.0,1,0,0,0,0.0,1,3634.51,1,4997.75,9,827.97
CAMP01276,C0307,Loyalty,2026-08-25,16.0,1,0,0,0,0.0,0,0.0,0,0.0,,
CAMP01277,C0360,Birthday,2024-06-09,18.5,1,0,0,0,0.0,1,2108.98,1,4239.33,10,2108.98
CAMP01278,C0695,Birthday,2026-08-18,18.5,1,0,0,0,0.0,0,0.0,0,0.0,,
CAMP01279,C0638,Birthday,2026-01-07,18.5,1,0,0,0,0.0,0,0.0,1,2957.76,19,550.72
CAMP01280,C0638,Loyalty,2026-01-03,14.0,1,1,0,0,0.0,0,0.0,1,1707.16,23,550.72
CAMP01281,C0336,Loyalty,2025-04-02,22.0,1,1,1,0,0.0,1,9276.58,1,12308.759999999998,8,1107.74
CAMP01282,C0026,Discount,2026-01-23,25.0,1,0,0,0,0.0,0,0.0,0,0.0,,
CAMP01283,C0642,Win-back,2026-06-03,32.75,1,0,0,0,0.0,0,0.0,1,6270.12,17,1188.76
CAMP01284,C0157,Discount,2026-06-04,19.75,1,0,0,0,0.0,0,0.0,1,1770.36,27,1770.36
CAMP01285,C0771,Discount,2025-06-27,23.25,0,0,0,1,1608.98,1,1608.98,1,2021.59,4,1608.98
CAMP01286,C0806,Festival,2026-03-18,29.0,1,0,0,0,0.0,0,0.0,0,0.0,,
CAMP01287,C0283,Loyalty,2024-12-12,16.0,1,0,0,0,0.0,0,0.0,0,0.0,,
CAMP01288,C0788,New Product,2025-04-11,23.0,1,0,0,0,0.0,0,0.0,0,0.0,,
CAMP01289,C0023,Festival,2026-08-30,29.0,1,0,0,0,0.0,0,0.0,0,0.0,,
CAMP01290,C0480,Discount,2026-04-23,25.0,1,1,0,0,0.0,0,0.0,1,1308.87,26,1308.87
CAMP01291,C0762,New Product,2026-07-03,23.0,1,0,0,0,0.0,0,0.0,0,0.0,,
CAMP01292,C0370,Win-back,2026-03-09,31.0,0,0,0,0,0.0,0,0.0,0,0.0,,
CAMP01293,C0234,New Product,2025-09-23,23.0,1,0,0,0,0.0,0,0.0,0,0.0,,
CAMP01294,C0485,Loyalty,2026-07-17,22.0,1,0,0,0,0.0,0,0.0,0,0.0,,
CAMP01295,C0835,Loyalty,2025-09-05,18.0,1,0,0,1,702.62,1,702.62,1,702.62,5,702.62
CAMP01296,C0936,Discount,2026-07-02,19.75,1,0,0,0,0.0,0,0.0,0,0.0,,
CAMP01297,C0085,Birthday,2025-11-10,22.0,1,0,0,0,0.0,0,0.0,0,0.0,,
CAMP01298,C0546,Win-back,2026-04-13,31.0,1,0,0,0,0.0,0,0.0,1,586.1,18,586.1
CAMP01299,C0914,Win-back,2025-01-18,29.25,1,0,0,1,2326.32,1,2326.32,1,3599.62,6,775.44
CAMP01300,C0572,New Product,2025-03-18,23.0,1,0,0,0,0.0,0,0.0,0,0.0,,
CAMP01301,C0939,Birthday,2026-03-03,18.5,1,1,0,1,1154.92,1,1779.34,1,2800.32,7,1154.92
CAMP01302,C0834,New Product,2025-10-15,23.0,1,0,0,1,3394.2000000000003,1,3394.2000000000003,1,3394.2000000000003,2,1131.4
CAMP01303,C0569,Festival,2026-06-17,25.5,1,0,0,0,0.0,0,0.0,1,1323.0,23,661.5
CAMP01304,C0612,Win-back,2026-08-21,29.25,1,0,0,0,0.0,0,0.0,0,0.0,,
CAMP01305,C0231,Win-back,2024-12-05,32.75,1,1,0,1,6636.9,1,6636.9,1,6636.9,3,3318.45
CAMP01306,C0203,Discount,2026-07-02,21.5,1,1,1,0,0.0,0,0.0,1,5737.34,19,2868.67
CAMP01307,C0643,Win-back,2026-03-10,27.5,1,1,0,0,0.0,0,0.0,1,1023.29,18,1023.29
CAMP01308,C0350,Discount,2025-10-11,23.25,1,1,1,0,0.0,0,0.0,0,0.0,,
CAMP01309,C0812,Loyalty,2026-03-01,14.0,1,1,0,0,0.0,0,0.0,0,0.0,,
CAMP01310,C0760,New Product,2026-07-15,23.0,1,0,0,0,0.0,0,0.0,0,0.0,,
CAMP01311,C0035,Loyalty,2025-08-19,18.0,1,1,0,0,0.0,0,0.0,0,0.0,,
CAMP01312,C0255,New Product,2026-03-28,23.0,1,0,0,0,0.0,0,0.0,0,0.0,,
CAMP01313,C0621,Birthday,2024-12-30,18.5,0,0,0,0,0.0,1,687.9,1,687.9,12,687.9
CAMP01314,C0878,Discount,2026-08-22,19.75,1,1,1,0,0.0,0,0.0,0,0.0,,
CAMP01315,C0535,Festival,2024-05-18,29.0,0,0,0,1,1004.12,1,1004.12,1,1004.12,6,1004.12
CAMP01316,C0714,Discount,2025-05-22,25.0,1,0,0,0,0.0,0,0.0,0,0.0,,
CAMP01317,C0001,New Product,2025-10-26,23.0,1,0,0,1,1162.19,1,1162.19,1,1162.19,2,1162.19
CAMP01318,C0510,New Product,2024-01-09,23.0,1,0,0,0,0.0,0,0.0,0,0.0,,
CAMP01319,C0139,Festival,2026-08-16,27.25,1,1,1,0,0.0,0,0.0,0,0.0,,
CAMP01320,C0627,New Product,2026-06-30,23.0,0,0,0,0,0.0,0,0.0,1,2778.31,22,1997.24
CAMP01321,C0242,Festival,2026-06-22,25.5,1,1,0,0,0.0,0,0.0,0,0.0,,
CAMP01322,C0466,Birthday,2025-06-01,18.5,1,0,0,0,0.0,1,1181.82,1,1181.82,10,1181.82
CAMP01323,C0676,Discount,2025-09-24,23.25,0,0,0,0,0.0,1,3070.3899999999994,1,3070.3899999999994,9,549.66
CAMP01324,C0812,Festival,2025-03-09,29.0,1,1,0,0,0.0,0,0.0,1,1071.06,19,357.02
CAMP01325,C0724,New Product,2026-03-10,23.0,1,0,0,1,596.97,1,596.97,1,596.97,1,596.97
CAMP01326,C0142,New Product,2026-01-12,23.0,1,0,0,0,0.0,1,1095.39,1,2583.46,10,469.84
CAMP01327,C0117,Loyalty,2026-03-31,16.0,1,0,0,0,0.0,1,5928.66,1,5928.66,8,1976.22
CAMP01328,C0583,Loyalty,2025-12-05,14.0,1,0,0,1,466.25,1,466.25,1,1427.86,4,466.25
CAMP01329,C0787,New Product,2026-06-15,23.0,1,0,0,1,853.33,1,853.33,1,853.33,2,853.33
CAMP01330,C0764,Loyalty,2025-10-10,16.0,1,0,0,0,0.0,1,7384.139999999999,1,7384.139999999999,13,995.01
CAMP01331,C0826,Loyalty,2025-10-28,16.0,1,1,0,1,1605.88,1,3819.76,1,3819.76,4,802.94
CAMP01332,C0050,Birthday,2026-08-28,18.5,1,0,0,0,0.0,0,0.0,0,0.0,,
CAMP01333,C0357,Discount,2026-08-29,25.0,1,0,0,0,0.0,0,0.0,0,0.0,,
CAMP01334,C0853,Loyalty,2026-06-24,14.0,1,0,0,0,0.0,1,2572.8,1,7149.5,11,2572.8
CAMP01335,C0777,New Product,2025-10-14,23.0,1,0,0,0,0.0,1,2618.72,1,2618.72,14,654.68
CAMP01336,C0233,Win-back,2024-08-29,31.0,0,0,0,1,24850.44,1,24850.44,1,26200.39,2,8283.48
CAMP01337,C0583,New Product,2026-08-24,23.0,1,0,0,0,0.0,0,0.0,0,0.0,,
CAMP01338,C0088,Festival,2026-07-16,25.5,1,0,0,0,0.0,0,0.0,0,0.0,,
CAMP01339,C0846,Loyalty,2026-08-02,22.0,1,0,0,0,0.0,0,0.0,0,0.0,,
CAMP01340,C0459,Birthday,2025-08-22,20.25,1,1,0,0,0.0,0,0.0,0,0.0,,
CAMP01341,C0094,Win-back,2025-09-18,29.25,1,1,1,1,4847.68,1,4847.68,1,9014.17,2,1711.21
CAMP01342,C0883,Birthday,2025-10-13,18.5,1,1,0,0,0.0,1,4928.76,1,4928.76,9,1189.76
CAMP01343,C0392,Loyalty,2026-07-14,16.0,1,0,0,0,0.0,0,0.0,0,0.0,,
CAMP01344,C0185,Discount,2025-05-30,21.5,1,1,0,0,0.0,0,0.0,1,3622.74,28,1207.58
CAMP01345,C0613,New Product,2026-06-24,23.0,1,0,0,1,783.64,1,783.64,1,4896.98,7,783.64
CAMP01346,C0188,Discount,2026-08-03,25.0,1,0,0,0,0.0,0,0.0,0,0.0,,
CAMP01347,C0491,Loyalty,2026-07-04,16.0,1,1,1,0,0.0,0,0.0,0,0.0,,
CAMP01348,C0085,New Product,2025-01-23,23.0,1,0,0,0,0.0,0,0.0,1,2128.74,16,709.58
CAMP01349,C0563,Loyalty,2026-08-03,18.0,1,0,0,0,0.0,1,4669.25,1,7250.889999999999,8,2794.04
CAMP01350,C0399,Discount,2026-01-07,25.0,1,0,0,1,1390.0,1,1390.0,1,1390.0,5,695.0
CAMP01351,C0301,Birthday,2026-01-25,20.25,1,0,0,0,0.0,0,0.0,1,1520.35,21,1033.52
CAMP01352,C0474,Discount,2026-04-04,25.0,1,0,0,0,0.0,0,0.0,0,0.0,,
CAMP01353,C0993,Birthday,2026-08-26,18.5,1,0,0,0,0.0,0,0.0,0,0.0,,
CAMP01354,C0744,New Product,2026-08-23,23.0,1,1,0,0,0.0,0,0.0,0,0.0,,
CAMP01355,C0894,Discount,2026-05-27,25.0,0,0,0,0,0.0,0,0.0,0,0.0,,
CAMP01356,C0801,New Product,2025-05-29,23.0,1,0,0,0,0.0,0,0.0,1,1760.26,15,880.13
CAMP01357,C0491,Discount,2026-07-13,21.5,1,1,1,0,0.0,0,0.0,1,4921.63,22,1560.05
CAMP01358,C0100,Discount,2025-04-19,23.25,1,0,0,1,2201.34,1,2201.34,1,2201.34,5,1100.67
CAMP01359,C0363,Discount,2025-10-02,25.0,1,0,0,0,0.0,0,0.0,0,0.0,,
CAMP01360,C0621,Festival,2026-07-27,32.5,1,0,0,0,0.0,0,0.0,0,0.0,,
CAMP01361,C0527,Birthday,2026-08-03,20.25,1,0,0,0,0.0,0,0.0,0,0.0,,
CAMP01362,C0860,Discount,2025-07-27,25.0,1,0,0,0,0.0,0,0.0,0,0.0,,
CAMP01363,C0598,Festival,2026-04-03,30.75,1,0,0,0,0.0,0,0.0,0,0.0,,
CAMP01364,C0611,Birthday,2026-07-12,20.25,1,1,0,0,0.0,1,1504.34,1,4558.92,13,1504.34
CAMP01365,C0843,Birthday,2026-08-04,22.0,0,0,0,0,0.0,0,0.0,0,0.0,,
CAMP01366,C0603,Win-back,2026-04-30,32.75,1,0,0,0,0.0,0,0.0,0,0.0,,
CAMP01367,C0033,Loyalty,2026-01-11,22.0,1,1,0,0,0.0,0,0.0,1,968.38,30,484.19
CAMP01368,C0352,New Product,2026-04-30,23.0,1,0,0,0,0.0,0,0.0,0,0.0,,
CAMP01369,C0220,Birthday,2025-06-12,22.0,1,1,0,0,0.0,0,0.0,0,0.0,,
CAMP01370,C0251,Festival,2026-07-17,32.5,1,0,0,0,0.0,0,0.0,0,0.0,,
CAMP01371,C0754,New Product,2026-05-19,23.0,1,1,0,1,8958.28,1,14965.45,1,19074.53,1,1323.89
CAMP01372,C0767,Festival,2025-07-03,25.5,0,0,0,0,0.0,0,0.0,0,0.0,,
CAMP01373,C0971,Festival,2026-04-09,29.0,1,0,0,0,0.0,0,0.0,1,2621.88,23,1077.92
CAMP01374,C0454,Loyalty,2025-04-03,16.0,1,1,1,1,4001.19,1,9589.55,1,21733.81,4,1333.73
CAMP01375,C0681,New Product,2025-04-14,23.0,1,0,0,1,5684.52,1,5684.52,1,10148.2,3,1894.84
CAMP01376,C0949,Birthday,2026-08-08,22.0,0,0,0,0,0.0,0,0.0,0,0.0,,
CAMP01377,C0444,New Product,2026-06-14,23.0,1,1,0,1,13462.320000000002,1,15841.260000000002,1,17090.65,2,4148.14
CAMP01378,C0757,Win-back,2026-02-15,32.75,1,0,0,0,0.0,0,0.0,1,4049.14,26,2024.57
CAMP01379,C0864,Festival,2025-05-14,32.5,1,0,0,1,6238.5,1,6238.5,1,10725.12,3,1465.14
CAMP01380,C0053,Win-back,2026-05-18,27.5,1,1,0,0,0.0,0,0.0,0,0.0,,
CAMP01381,C0962,Win-back,2025-07-05,32.75,1,0,0,0,0.0,0,0.0,0,0.0,,
CAMP01382,C0362,Loyalty,2025-10-22,22.0,1,1,0,1,553.9,1,553.9,1,2110.99,3,553.9
CAMP01383,C0042,Festival,2026-04-05,29.0,1,0,0,0,0.0,0,0.0,0,0.0,,
CAMP01384,C0610,Festival,2026-05-08,29.0,1,0,0,0,0.0,0,0.0,0,0.0,,
CAMP01385,C0525,Festival,2025-09-06,29.0,0,0,0,1,1764.32,1,1764.32,1,3072.96,1,1764.32
CAMP01386,C0288,Loyalty,2024-10-20,14.0,1,0,0,0,0.0,0,0.0,0,0.0,,
CAMP01387,C0334,Birthday,2026-02-18,18.5,0,0,0,1,6243.93,1,10354.17,1,10354.17,5,2081.31
CAMP01388,C0054,Loyalty,2024-06-12,14.0,1,0,0,0,0.0,1,857.02,1,857.02,9,857.02
CAMP01389,C0784,Loyalty,2026-03-23,14.0,0,0,0,0,0.0,0,0.0,0,0.0,,
CAMP01390,C0188,Festival,2026-06-30,25.5,1,0,0,0,0.0,1,4060.16,1,4927.379999999999,8,1040.09
CAMP01391,C0674,Birthday,2025-09-07,18.5,1,1,0,0,0.0,0,0.0,1,7131.1,18,3402.14
CAMP01392,C0446,Festival,2026-02-20,25.5,1,0,0,0,0.0,0,0.0,0,0.0,,
CAMP01393,C0160,Loyalty,2026-01-03,22.0,1,0,0,0,0.0,0,0.0,0,0.0,,
CAMP01394,C0805,Birthday,2024-06-15,20.25,1,0,0,0,0.0,0,0.0,1,1068.66,15,1068.66
CAMP01395,C0994,Birthday,2025-11-09,22.0,0,0,0,0,0.0,0,0.0,1,1187.14,19,1187.14
CAMP01396,C0611,Win-back,2026-06-11,31.0,1,1,0,0,0.0,1,1272.09,1,2881.3,14,1272.09
CAMP01397,C0368,Discount,2026-03-04,21.5,1,1,0,0,0.0,0,0.0,0,0.0,,
CAMP01398,C0111,Birthday,2025-12-03,18.5,0,0,0,1,529.82,1,529.82,1,2303.0600000000004,3,529.82
CAMP01399,C0390,Win-back,2025-07-18,27.5,1,1,0,0,0.0,1,664.86,1,3223.9,13,664.86
CAMP01400,C0587,Discount,2025-04-17,21.5,1,0,0,0,0.0,0,0.0,0,0.0,,
CAMP01401,C0228,Win-back,2024-04-08,27.5,1,1,0,0,0.0,0,0.0,0,0.0,,
CAMP01402,C0271,Win-back,2026-07-27,31.0,1,1,1,0,0.0,0,0.0,0,0.0,,
CAMP01403,C0913,Loyalty,2025-12-21,14.0,1,0,0,0,0.0,0,0.0,0,0.0,,
CAMP01404,C0741,New Product,2026-07-08,23.0,1,1,0,0,0.0,0,0.0,0,0.0,,
CAMP01405,C0594,Win-back,2026-05-22,29.25,1,1,0,0,0.0,0,0.0,0,0.0,,
CAMP01406,C0037,Birthday,2026-05-10,18.5,1,1,0,0,0.0,0,0.0,0,0.0,,
CAMP01407,C0461,Discount,2025-10-13,25.0,1,1,0,1,1982.42,1,1982.42,1,2392.87,2,991.21
CAMP01408,C0538,Festival,2026-07-20,32.5,1,1,1,1,827.47,1,1675.38,1,1675.38,5,827.47
CAMP01409,C0629,Birthday,2025-08-30,22.0,1,0,0,1,3188.78,1,3188.78,1,5787.72,3,1594.39
CAMP01410,C0362,Win-back,2026-08-25,31.0,1,1,0,0,0.0,0,0.0,0,0.0,,
CAMP01411,C0534,New Product,2025-12-11,23.0,1,1,0,0,0.0,0,0.0,1,1032.51,27,1032.51
CAMP01412,C0560,Birthday,2026-07-09,18.5,0,0,0,1,3332.4,1,3332.4,1,6944.34,2,1110.8
CAMP01413,C0019,Birthday,2026-08-13,22.0,1,1,0,1,3758.36,1,3758.36,1,3758.36,2,1879.18
CAMP01414,C0509,Win-back,2026-06-05,31.0,1,0,0,1,2007.34,1,2007.34,1,2007.34,3,1003.67
CAMP01415,C0393,Birthday,2025-08-21,18.5,1,0,0,1,3662.09,1,3662.09,1,6051.459999999999,1,956.53
CAMP01416,C0635,Win-back,2026-01-01,32.75,1,0,0,1,5194.42,1,7510.42,1,7510.42,6,2597.21
CAMP01417,C0171,Birthday,2026-08-31,20.25,1,0,0,0,0.0,0,0.0,0,0.0,,
CAMP01418,C0309,Discount,2024-11-03,21.5,1,0,0,0,0.0,1,415.25,1,415.25,14,415.25
CAMP01419,C0792,New Product,2025-12-02,23.0,1,1,1,0,0.0,1,420.8,1,420.8,10,420.8
CAMP01420,C0207,Loyalty,2025-09-04,16.0,1,0,0,0,0.0,0,0.0,1,7024.56,23,2341.52
CAMP01421,C0340,New Product,2026-07-07,23.0,1,1,0,1,3078.78,1,3078.78,1,3078.78,1,1026.26
CAMP01422,C0251,New Product,2026-03-26,23.0,1,0,0,0,0.0,0,0.0,0,0.0,,
CAMP01423,C0701,Win-back,2025-08-20,29.25,1,1,0,0,0.0,0,0.0,1,1778.26,28,1778.26
CAMP01424,C0422,Discount,2026-02-12,21.5,1,1,0,1,619.37,1,619.37,1,619.37,3,619.37
CAMP01425,C0041,Discount,2026-01-23,21.5,0,0,0,0,0.0,0,0.0,1,926.5,17,926.5
CAMP01426,C0993,Loyalty,2026-07-19,18.0,1,0,0,0,0.0,0,0.0,0,0.0,,
CAMP01427,C0437,Birthday,2026-06-30,20.25,0,0,0,0,0.0,0,0.0,0,0.0,,
CAMP01428,C0140,Loyalty,2024-12-19,16.0,1,0,0,0,0.0,1,3502.78,1,5279.96,9,1751.39
CAMP01429,C0245,Festival,2026-03-27,25.5,1,0,0,0,0.0,0,0.0,0,0.0,,
CAMP01430,C0140,Discount,2025-05-15,23.25,1,0,0,0,0.0,0,0.0,0,0.0,,
CAMP01431,C0841,Discount,2025-10-29,19.75,1,0,0,0,0.0,1,2726.46,1,2726.46,12,1363.23
CAMP01432,C0427,Win-back,2025-11-04,29.25,0,0,0,0,0.0,0,0.0,1,4944.200000000001,23,739.12
CAMP01433,C0783,New Product,2026-06-14,23.0,1,0,0,0,0.0,0,0.0,0,0.0,,
CAMP01434,C0031,Birthday,2026-08-22,22.0,1,0,0,0,0.0,0,0.0,0,0.0,,
CAMP01435,C0308,Festival,2025-11-17,29.0,1,0,0,1,3608.16,1,3608.16,1,6028.549999999999,5,1202.72
CAMP01436,C0469,Discount,2024-08-01,21.5,1,0,0,0,0.0,0,0.0,1,1630.07,18,1630.07
CAMP01437,C0186,Birthday,2026-07-17,18.5,0,0,0,0,0.0,0,0.0,0,0.0,,
CAMP01438,C0040,Festival,2026-05-04,27.25,1,0,0,0,0.0,1,1302.3,1,1302.3,11,651.15
CAMP01439,C0194,Win-back,2026-03-07,27.5,1,0,0,0,0.0,0,0.0,0,0.0,,
CAMP01440,C0878,Discount,2026-03-15,25.0,1,0,0,0,0.0,0,0.0,0,0.0,,
CAMP01441,C0352,Festival,2026-08-04,32.5,1,0,0,0,0.0,0,0.0,0,0.0,,
CAMP01442,C0642,New Product,2025-07-19,23.0,1,0,0,1,1053.71,1,1053.71,1,1053.71,7,1053.71
CAMP01443,C0743,New Product,2025-10-15,23.0,1,0,0,0,0.0,0,0.0,1,3129.51,15,1043.17
CAMP01444,C0198,Festival,2025-12-24,29.0,1,0,0,0,0.0,0,0.0,1,2686.86,18,1687.54
CAMP01445,C0646,Loyalty,2025-04-24,16.0,1,0,0,0,0.0,0,0.0,0,0.0,,
CAMP01446,C0846,Win-back,2026-03-13,27.5,1,0,0,1,6056.4,1,6056.4,1,18760.91,1,2018.8
CAMP01447,C0879,Festival,2024-08-14,32.5,1,0,0,0,0.0,0,0.0,0,0.0,,
CAMP01448,C0590,Loyalty,2026-06-11,14.0,1,1,1,0,0.0,1,3977.86,1,5228.92,9,1288.18
CAMP01449,C0207,Discount,2025-07-29,19.75,1,0,0,0,0.0,1,1271.15,1,1271.15,14,1271.15
CAMP01450,C0886,New Product,2026-03-12,23.0,1,0,0,0,0.0,0,0.0,1,4601.67,17,1533.89
CAMP01451,C0685,Birthday,2026-03-15,22.0,1,0,0,0,0.0,0,0.0,0,0.0,,
CAMP01452,C0386,Loyalty,2026-02-11,22.0,1,0,0,0,0.0,0,0.0,1,2327.79,26,816.81
CAMP01453,C0255,Win-back,2025-10-18,29.25,1,1,0,0,0.0,1,432.03,1,432.03,9,432.03
CAMP01454,C0056,New Product,2025-11-30,23.0,1,0,0,0,0.0,1,1215.2,1,1215.2,10,607.6
CAMP01455,C0413,Win-back,2026-06-20,31.0,1,0,0,0,0.0,0,0.0,1,1043.65,28,1043.65
CAMP01456,C0789,Birthday,2025-08-14,22.0,1,0,0,0,0.0,0,0.0,0,0.0,,
CAMP01457,C0016,Birthday,2025-04-30,18.5,1,1,0,0,0.0,0,0.0,1,1967.74,26,983.87
CAMP01458,C0280,Discount,2026-02-04,19.75,0,0,0,0,0.0,0,0.0,0,0.0,,
CAMP01459,C0500,Win-back,2025-11-06,32.75,1,1,0,0,0.0,0,0.0,1,2260.53,15,850.48
CAMP01460,C0029,Discount,2023-10-28,23.25,0,0,0,0,0.0,0,0.0,0,0.0,,
CAMP01461,C0386,New Product,2025-12-03,23.0,1,0,0,0,0.0,0,0.0,0,0.0,,
CAMP01462,C0170,Festival,2026-07-06,29.0,1,0,0,1,768.11,1,768.11,1,768.11,2,768.11
CAMP01463,C0586,New Product,2025-05-25,23.0,1,0,0,0,0.0,0,0.0,0,0.0,,
CAMP01464,C0778,Festival,2026-05-15,30.75,1,1,0,0,0.0,0,0.0,1,510.6,28,510.6
CAMP01465,C0264,Festival,2025-11-23,29.0,1,0,0,0,0.0,0,0.0,1,475.27,16,475.27
CAMP01466,C0420,Birthday,2025-11-04,20.25,1,1,0,1,2752.37,1,2752.37,1,3849.47,3,2752.37
CAMP01467,C0693,Discount,2026-06-27,21.5,1,1,0,0,0.0,0,0.0,1,1580.14,21,1580.14
CAMP01468,C0283,New Product,2025-03-20,23.0,1,0,0,0,0.0,0,0.0,0,0.0,,
CAMP01469,C0744,New Product,2026-06-08,23.0,1,1,0,0,0.0,0,0.0,1,1440.16,23,720.08
CAMP01470,C0400,New Product,2026-08-06,23.0,1,0,0,0,0.0,0,0.0,0,0.0,,
CAMP01471,C0268,Birthday,2024-03-17,18.5,1,0,0,0,0.0,0,0.0,0,0.0,,
CAMP01472,C0195,New Product,2025-11-25,23.0,1,0,0,1,1570.44,1,3008.95,1,3919.12,2,785.22
CAMP01473,C0963,Birthday,2026-08-26,20.25,1,1,0,0,0.0,0,0.0,0,0.0,,
CAMP01474,C0844,Win-back,2026-01-14,32.75,1,0,0,0,0.0,1,3883.52,1,9864.43,11,1941.76
CAMP01475,C0988,Birthday,2026-05-25,18.5,1,0,0,1,830.0,1,830.0,1,830.0,2,830.0
CAMP01476,C0149,Birthday,2026-04-10,20.25,1,1,1,0,0.0,0,0.0,1,2902.12,25,1451.06
CAMP01477,C0219,New Product,2024-10-11,23.0,0,0,0,0,0.0,0,0.0,0,0.0,,
CAMP01478,C0734,Loyalty,2026-08-13,22.0,1,0,0,0,0.0,0,0.0,0,0.0,,
CAMP01479,C0135,Loyalty,2024-05-07,14.0,1,0,0,0,0.0,0,0.0,0,0.0,,
CAMP01480,C0835,Discount,2025-08-20,25.0,1,1,1,0,0.0,0,0.0,1,702.62,21,702.62
CAMP01481,C0754,Discount,2026-02-17,19.75,1,1,0,1,2724.24,1,2724.24,1,4655.84,7,908.08
CAMP01482,C0544,Loyalty,2025-07-23,14.0,1,0,0,1,2539.78,1,2539.78,1,3366.28,1,1269.89
CAMP01483,C0867,Win-back,2025-06-14,32.75,1,0,0,0,0.0,0,0.0,0,0.0,,
CAMP01484,C0865,Festival,2026-08-17,27.25,1,1,0,0,0.0,0,0.0,0,0.0,,
CAMP01485,C0311,Discount,2025-08-20,25.0,1,0,0,0,0.0,0,0.0,1,580.93,29,580.93
CAMP01486,C0335,Win-back,2025-03-20,27.5,1,0,0,0,0.0,0,0.0,0,0.0,,
CAMP01487,C0825,Festival,2026-05-30,25.5,1,0,0,0,0.0,0,0.0,0,0.0,,
CAMP01488,C0804,Win-back,2024-12-30,27.5,1,0,0,0,0.0,0,0.0,0,0.0,,
CAMP01489,C0213,Win-back,2025-07-19,29.25,1,0,0,0,0.0,0,0.0,0,0.0,,
CAMP01490,C0018,Win-back,2026-07-31,31.0,1,1,1,0,0.0,0,0.0,0,0.0,,
CAMP01491,C0887,Loyalty,2025-03-14,18.0,1,1,0,1,1041.52,1,1041.52,1,1041.52,2,1041.52
CAMP01492,C0377,Win-back,2026-05-20,29.25,1,0,0,0,0.0,0,0.0,1,872.73,16,872.73
CAMP01493,C0631,Discount,2026-05-01,23.25,1,0,0,0,0.0,0,0.0,1,1964.22,16,982.11
CAMP01494,C0174,Discount,2026-04-10,19.75,1,1,0,0,0.0,0,0.0,1,4348.77,18,1499.94
CAMP01495,C0598,Loyalty,2025-11-03,14.0,1,0,0,0,0.0,1,2132.56,1,2132.56,14,1066.28
CAMP01496,C0085,Discount,2024-11-02,19.75,1,1,0,0,0.0,0,0.0,0,0.0,,
CAMP01497,C0844,Birthday,2026-08-11,22.0,1,0,0,0,0.0,0,0.0,0,0.0,,
CAMP01498,C0375,Loyalty,2024-10-17,14.0,1,0,0,1,1080.5,1,1080.5,1,1080.5,2,1080.5
CAMP01499,C0418,Win-back,2025-07-20,27.5,1,1,0,0,0.0,0,0.0,0,0.0,,
CAMP01500,C0894,Birthday,2026-08-22,22.0,1,1,0,0,0.0,0,0.0,0,0.0,,
CAMP01501,C0406,New Product,2026-03-31,23.0,1,1,0,0,0.0,0,0.0,0,0.0,,
CAMP01502,C0754,Win-back,2024-10-14,29.25,1,1,1,0,0.0,0,0.0,1,565.68,15,565.68
CAMP01503,C0426,Loyalty,2026-01-15,18.0,1,0,0,1,2694.75,1,2694.75,1,13364.05,3,2694.75
CAMP01504,C0418,New Product,2025-10-15,23.0,1,0,0,0,0.0,0,0.0,0,0.0,,
CAMP01505,C0124,Win-back,2025-10-31,29.25,1,0,0,0,0.0,0,0.0,0,0.0,,
CAMP01506,C0780,Birthday,2026-03-12,22.0,1,0,0,0,0.0,0,0.0,0,0.0,,
CAMP01507,C0580,Birthday,2025-09-13,22.0,1,0,0,1,5699.26,1,8925.34,1,10061.52,6,2849.63
CAMP01508,C0165,Loyalty,2026-04-07,18.0,1,1,0,0,0.0,0,0.0,1,9359.940000000002,15,1668.23
CAMP01509,C0421,Festival,2026-02-01,27.25,1,0,0,0,0.0,0,0.0,1,9704.96,17,3788.83
CAMP01510,C0146,Loyalty,2026-01-16,16.0,1,0,0,0,0.0,0,0.0,0,0.0,,
CAMP01511,C0721,Win-back,2024-05-24,27.5,1,0,0,0,0.0,0,0.0,0,0.0,,
CAMP01512,C0678,Festival,2025-10-30,27.25,1,0,0,0,0.0,0,0.0,0,0.0,,
CAMP01513,C0957,Birthday,2025-12-14,20.25,1,1,0,0,0.0,0,0.0,0,0.0,,
CAMP01514,C0397,New Product,2025-09-06,23.0,1,1,1,1,2773.22,1,2773.22,1,2773.22,2,836.56
CAMP01515,C0158,Win-back,2026-03-21,31.0,1,0,0,0,0.0,0,0.0,0,0.0,,
CAMP01516,C0020,Birthday,2026-04-03,18.5,1,1,0,0,0.0,0,0.0,1,7990.199999999999,17,2077.79
CAMP01517,C0186,Birthday,2026-02-03,20.25,0,0,0,0,0.0,0,0.0,0,0.0,,
CAMP01518,C0324,Discount,2024-12-06,23.25,1,0,0,0,0.0,0,0.0,0,0.0,,
CAMP01519,C0098,Win-back,2024-02-04,31.0,1,0,0,0,0.0,0,0.0,0,0.0,,
CAMP01520,C0744,Birthday,2026-08-03,22.0,1,0,0,0,0.0,0,0.0,0,0.0,,
CAMP01521,C0696,Win-back,2026-05-04,31.0,0,0,0,1,7293.789999999999,1,7293.789999999999,1,10144.05,6,285.81
CAMP01522,C0397,Festival,2026-05-11,25.5,0,0,0,0,0.0,1,1841.36,1,1841.36,9,920.68
CAMP01523,C0231,Festival,2024-08-17,25.5,1,0,0,0,0.0,0,0.0,0,0.0,,
CAMP01524,C0233,Discount,2024-10-08,23.25,1,0,0,0,0.0,0,0.0,0,0.0,,
CAMP01525,C0248,Win-back,2026-07-12,29.25,1,0,0,0,0.0,0,0.0,0,0.0,,
CAMP01526,C0595,Discount,2026-05-23,25.0,1,0,0,1,1019.34,1,1019.34,1,1019.34,1,1019.34
CAMP01527,C0031,Loyalty,2026-03-19,18.0,0,0,0,0,0.0,0,0.0,0,0.0,,
CAMP01528,C0382,Festival,2025-03-07,27.25,1,1,1,0,0.0,1,2229.66,1,2229.66,12,2229.66
CAMP01529,C0155,New Product,2025-07-29,23.0,1,0,0,0,0.0,0,0.0,1,1072.82,17,1072.82
CAMP01530,C0714,Win-back,2026-07-28,29.25,1,0,0,0,0.0,0,0.0,0,0.0,,
CAMP01531,C0351,Loyalty,2024-11-14,22.0,1,0,0,1,3743.68,1,3743.68,1,3743.68,5,1871.84
CAMP01532,C0918,New Product,2026-06-19,23.0,1,0,0,0,0.0,0,0.0,0,0.0,,
CAMP01533,C1000,Festival,2026-08-13,30.75,1,0,0,0,0.0,0,0.0,0,0.0,,
CAMP01534,C0251,Loyalty,2026-04-05,22.0,1,0,0,0,0.0,0,0.0,0,0.0,,
CAMP01535,C0068,Win-back,2025-05-26,29.25,1,0,0,1,5810.639999999999,1,5810.639999999999,1,5810.639999999999,1,1578.84
CAMP01536,C0645,Festival,2026-03-20,27.25,1,0,0,0,0.0,1,513.69,1,513.69,14,513.69
CAMP01537,C0470,Loyalty,2025-06-17,14.0,1,1,0,0,0.0,0,0.0,0,0.0,,
CAMP01538,C0314,New Product,2026-07-07,23.0,0,0,0,0,0.0,0,0.0,1,1285.48,15,642.74
CAMP01539,C0605,Festival,2025-12-26,25.5,1,0,0,1,5274.459999999999,1,6902.699999999999,1,12259.919999999998,2,2062.72
CAMP01540,C0275,Loyalty,2025-03-13,16.0,1,0,0,0,0.0,0,0.0,0,0.0,,
CAMP01541,C0837,Birthday,2026-05-12,18.5,1,0,0,1,831.17,1,3261.86,1,3261.86,4,831.17
CAMP01542,C0849,Discount,2023-10-23,19.75,1,0,0,0,0.0,0,0.0,1,2149.67,30,2149.67
CAMP01543,C0489,Birthday,2025-09-12,20.25,1,0,0,0,0.0,0,0.0,1,839.0699999999999,15,448.78
CAMP01544,C0226,Discount,2026-03-02,23.25,1,0,0,0,0.0,0,0.0,1,4352.28,19,2176.14
CAMP01545,C0398,Win-back,2025-03-15,31.0,1,1,1,0,0.0,0,0.0,0,0.0,,
CAMP01546,C0459,New Product,2025-11-30,23.0,1,0,0,0,0.0,1,2126.08,1,2126.08,14,1063.04
CAMP01547,C0124,Win-back,2026-04-26,27.5,1,0,0,0,0.0,0,0.0,1,2476.76,19,1238.38
CAMP01548,C0467,New Product,2025-03-09,23.0,1,0,0,0,0.0,0,0.0,0,0.0,,
CAMP01549,C0180,Festival,2025-04-27,32.5,1,1,0,0,0.0,0,0.0,0,0.0,,
CAMP01550,C0513,Discount,2026-07-18,23.25,1,0,0,1,1088.32,1,1088.32,1,1088.32,2,1088.32
CAMP01551,C0373,New Product,2024-12-17,23.0,1,0,0,0,0.0,0,0.0,0,0.0,,
CAMP01552,C0215,Loyalty,2026-06-09,16.0,1,0,0,1,1474.75,1,1474.75,1,3828.28,7,1474.75
CAMP01553,C0252,Loyalty,2026-08-14,22.0,1,1,0,0,0.0,0,0.0,0,0.0,,
CAMP01554,C0494,Loyalty,2026-07-03,16.0,1,1,0,1,2982.86,1,5415.11,1,14649.51,2,1491.43
CAMP01555,C0870,New Product,2026-08-03,23.0,1,1,0,0,0.0,0,0.0,0,0.0,,
CAMP01556,C0841,Discount,2024-03-09,21.5,1,1,1,0,0.0,0,0.0,0,0.0,,
CAMP01557,C0886,Loyalty,2026-08-23,16.0,1,0,0,0,0.0,0,0.0,0,0.0,,
CAMP01558,C0529,Birthday,2026-06-28,20.25,1,1,1,0,0.0,0,0.0,0,0.0,,
CAMP01559,C0096,Festival,2025-02-02,29.0,0,0,0,1,1865.81,1,1865.81,1,1865.81,6,1865.81
CAMP01560,C0352,Loyalty,2026-08-17,18.0,1,0,0,0,0.0,0,0.0,0,0.0,,
CAMP01561,C0156,Win-back,2026-08-01,32.75,1,0,0,0,0.0,1,998.41,1,998.41,12,998.41
CAMP01562,C0014,Win-back,2026-01-31,31.0,1,0,0,1,4594.349999999999,1,6330.179999999999,1,8748.52,2,372.35
CAMP01563,C0058,Birthday,2025-03-18,18.5,1,0,0,0,0.0,0,0.0,1,2601.08,20,1300.54
CAMP01564,C0584,Festival,2025-10-04,30.75,0,0,0,0,0.0,0,0.0,0,0.0,,
CAMP01565,C0916,Discount,2026-03-07,19.75,1,0,0,1,4850.650000000001,1,4850.650000000001,1,9177.39,5,1115.43
CAMP01566,C0330,Loyalty,2024-06-25,14.0,1,1,0,0,0.0,0,0.0,0,0.0,,
CAMP01567,C0476,Discount,2025-12-27,19.75,1,0,0,0,0.0,1,1258.3,1,3191.67,12,1258.3
CAMP01568,C0347,New Product,2026-05-31,23.0,1,0,0,0,0.0,0,0.0,0,0.0,,
CAMP01569,C0257,Win-back,2024-11-26,29.25,1,1,0,1,2379.08,1,2379.08,1,10882.78,6,1189.54
CAMP01570,C0930,Win-back,2026-07-31,32.75,1,0,0,0,0.0,0,0.0,0,0.0,,
CAMP01571,C0175,Win-back,2026-02-14,32.75,1,0,0,0,0.0,1,2319.98,1,2319.98,9,1159.99
CAMP01572,C0341,Win-back,2026-04-13,27.5,0,0,0,0,0.0,1,5256.14,1,10173.6,13,2628.07
CAMP01573,C0467,New Product,2025-12-16,23.0,1,0,0,0,0.0,0,0.0,0,0.0,,
CAMP01574,C0077,Festival,2025-09-11,32.5,1,0,0,0,0.0,0,0.0,0,0.0,,
CAMP01575,C0956,Loyalty,2026-02-08,16.0,1,0,0,0,0.0,0,0.0,0,0.0,,
CAMP01576,C0372,Loyalty,2025-09-21,22.0,1,0,0,0,0.0,1,521.37,1,3122.28,10,521.37
CAMP01577,C0267,Discount,2026-04-04,25.0,1,1,0,0,0.0,0,0.0,0,0.0,,
CAMP01578,C0680,Loyalty,2024-04-17,22.0,1,0,0,0,0.0,0,0.0,0,0.0,,
CAMP01579,C0538,Win-back,2025-12-16,32.75,1,0,0,0,0.0,0,0.0,1,2067.14,17,1033.57
CAMP01580,C0145,Festival,2025-05-01,32.5,0,0,0,0,0.0,0,0.0,0,0.0,,
CAMP01581,C0706,New Product,2025-02-04,23.0,1,0,0,0,0.0,0,0.0,0,0.0,,
CAMP01582,C0154,New Product,2025-05-01,23.0,1,0,0,0,0.0,1,5856.679999999999,1,9686.0,8,739.55
CAMP01583,C0231,Birthday,2025-12-07,18.5,1,0,0,0,0.0,1,3090.75,1,7118.58,12,1030.25
CAMP01584,C0995,Loyalty,2026-05-09,18.0,1,0,0,0,0.0,0,0.0,1,3748.27,15,1279.95
CAMP01585,C0228,Loyalty,2026-07-16,16.0,1,0,0,0,0.0,0,0.0,0,0.0,,
CAMP01586,C0740,New Product,2026-06-29,23.0,1,0,0,0,0.0,0,0.0,0,0.0,,
CAMP01587,C0984,Festival,2026-08-10,32.5,1,0,0,0,0.0,0,0.0,0,0.0,,
CAMP01588,C0359,Festival,2025-08-30,32.5,0,0,0,1,1388.06,1,4355.4800000000005,1,5161.570000000001,3,1388.06
CAMP01589,C0816,Festival,2026-04-24,30.75,1,0,0,0,0.0,0,0.0,1,3123.42,25,1561.71
CAMP01590,C0978,Discount,2025-06-11,21.5,1,0,0,0,0.0,1,736.58,1,736.58,14,736.58
CAMP01591,C0852,Discount,2026-02-21,19.75,1,0,0,1,3035.56,1,4808.21,1,6826.89,1,1517.78
CAMP01592,C0519,Festival,2025-07-14,29.0,1,1,1,0,0.0,0,0.0,0,0.0,,
CAMP01593,C0205,Loyalty,2025-11-10,22.0,1,1,1,0,0.0,1,1676.5,1,1676.5,14,838.25
CAMP01594,C0783,Birthday,2026-02-03,22.0,0,0,0,0,0.0,1,2004.72,1,2004.72,11,501.18
CAMP01595,C0326,Festival,2025-10-27,32.5,1,0,0,0,0.0,0,0.0,1,1442.81,30,1442.81
CAMP01596,C0189,Discount,2026-04-19,23.25,1,0,0,0,0.0,0,0.0,1,662.77,21,662.77
CAMP01597,C0379,Discount,2026-03-19,19.75,1,0,0,1,1606.0,1,1606.0,1,1606.0,4,803.0
CAMP01598,C0965,Win-back,2026-03-17,27.5,1,0,0,0,0.0,0,0.0,0,0.0,,
CAMP01599,C0179,Win-back,2026-08-03,29.25,1,0,0,0,0.0,0,0.0,0,0.0,,
CAMP01600,C0745,Festival,2026-08-18,32.5,1,1,0,0,0.0,0,0.0,0,0.0,,
CAMP01601,C0200,New Product,2024-04-13,23.0,1,0,0,0,0.0,0,0.0,1,5031.68,16,2515.84
CAMP01602,C0744,Festival,2026-07-13,25.5,1,1,1,0,0.0,1,743.05,1,743.05,9,743.05
CAMP01603,C0640,New Product,2026-03-20,23.0,1,0,0,0,0.0,0,0.0,0,0.0,,
CAMP01604,C0123,Discount,2024-12-29,21.5,1,0,0,1,3703.47,1,6750.17,1,9663.5,3,1234.49
CAMP01605,C0869,Discount,2026-06-26,25.0,1,0,0,0,0.0,0,0.0,0,0.0,,
CAMP01606,C0207,Discount,2026-05-01,19.75,1,1,0,1,1923.52,1,1923.52,1,10517.46,4,1923.52
CAMP01607,C0526,Birthday,2026-01-02,22.0,1,0,0,0,0.0,1,911.51,1,911.51,13,911.51
CAMP01608,C0102,Birthday,2024-02-23,18.5,1,0,0,0,0.0,0,0.0,0,0.0,,
CAMP01609,C0893,Birthday,2025-10-21,18.5,1,0,0,0,0.0,0,0.0,0,0.0,,
CAMP01610,C0120,Loyalty,2026-06-01,14.0,1,0,0,0,0.0,1,1958.4,1,1958.4,14,979.2
CAMP01611,C0761,Win-back,2026-07-18,29.25,1,1,0,0,0.0,0,0.0,0,0.0,,
CAMP01612,C0499,Loyalty,2025-11-06,14.0,0,0,0,0,0.0,0,0.0,0,0.0,,
CAMP01613,C0338,Birthday,2026-03-03,20.25,1,0,0,0,0.0,0,0.0,0,0.0,,
CAMP01614,C0062,Loyalty,2025-08-29,18.0,1,0,0,0,0.0,0,0.0,1,1973.04,26,986.52
CAMP01615,C0880,Birthday,2025-12-07,20.25,1,1,0,0,0.0,0,0.0,0,0.0,,
CAMP01616,C0704,Win-back,2025-07-08,32.75,1,0,0,1,772.53,1,772.53,1,772.53,7,772.53
CAMP01617,C0183,Loyalty,2026-07-12,14.0,1,1,1,0,0.0,0,0.0,1,2996.32,24,1498.16
CAMP01618,C0198,Loyalty,2025-11-16,22.0,1,0,0,1,3368.16,1,3368.16,1,5309.360000000001,4,1684.08
CAMP01619,C0173,New Product,2026-04-20,23.0,1,0,0,0,0.0,1,811.04,1,3787.6,10,811.04
CAMP01620,C0955,Win-back,2024-11-30,32.75,1,1,0,0,0.0,0,0.0,1,1544.85,26,1544.85
CAMP01621,C0726,New Product,2025-01-07,23.0,1,0,0,0,0.0,0,0.0,0,0.0,,
CAMP01622,C0045,New Product,2025-12-26,23.0,1,0,0,1,3112.74,1,3112.74,1,3921.2,6,1037.58
CAMP01623,C0795,Win-back,2026-03-04,29.25,1,1,0,0,0.0,0,0.0,0,0.0,,
CAMP01624,C0207,Festival,2026-06-24,25.5,1,0,0,1,2311.44,1,2311.44,1,8598.72,2,2311.44
CAMP01625,C0695,Win-back,2026-05-20,29.25,1,0,0,0,0.0,0,0.0,0,0.0,,
CAMP01626,C0991,Festival,2026-05-01,27.25,1,0,0,0,0.0,0,0.0,0,0.0,,
CAMP01627,C0060,Loyalty,2026-03-24,16.0,0,0,0,0,0.0,0,0.0,0,0.0,,
CAMP01628,C0555,New Product,2026-06-08,23.0,1,1,0,0,0.0,1,1357.64,1,4178.78,9,1357.64
CAMP01629,C0119,Loyalty,2026-02-09,14.0,0,0,0,0,0.0,0,0.0,0,0.0,,
CAMP01630,C0016,Win-back,2024-10-24,29.25,1,0,0,0,0.0,0,0.0,0,0.0,,
CAMP01631,C0685,New Product,2026-04-09,23.0,1,0,0,0,0.0,0,0.0,0,0.0,,
CAMP01632,C0661,Birthday,2025-09-05,18.5,1,0,0,1,4856.349999999999,1,4856.349999999999,1,5921.369999999999,1,687.32
CAMP01633,C0910,Win-back,2025-11-30,32.75,1,0,0,0,0.0,0,0.0,1,2053.35,16,660.27
CAMP01634,C0019,Discount,2026-08-28,21.5,1,0,0,0,0.0,0,0.0,0,0.0,,
CAMP01635,C0337,New Product,2024-11-06,23.0,1,0,0,0,0.0,0,0.0,1,4330.28,16,2165.14
CAMP01636,C0204,Win-back,2026-03-26,31.0,1,1,0,1,1870.88,1,1870.88,1,2652.15,4,935.44
CAMP01637,C0555,New Product,2026-06-04,23.0,1,1,1,0,0.0,1,1357.64,1,4178.78,13,1357.64
CAMP01638,C0998,Birthday,2026-07-16,18.5,1,0,0,1,1875.25,1,1875.25,1,4181.07,1,1875.25
CAMP01639,C0547,Birthday,2025-01-09,18.5,1,0,0,0,0.0,0,0.0,0,0.0,,
CAMP01640,C0135,Birthday,2024-05-25,18.5,1,0,0,0,0.0,0,0.0,0,0.0,,
CAMP01641,C0654,Discount,2024-06-09,25.0,1,1,0,1,1084.98,1,1084.98,1,1084.98,6,542.49
CAMP01642,C0295,Birthday,2025-04-24,20.25,1,0,0,0,0.0,0,0.0,0,0.0,,
CAMP01643,C0391,Discount,2026-04-26,23.25,1,1,0,0,0.0,0,0.0,0,0.0,,
CAMP01644,C0794,Birthday,2025-07-30,22.0,1,0,0,0,0.0,0,0.0,0,0.0,,
CAMP01645,C0929,New Product,2026-03-09,23.0,1,0,0,0,0.0,1,2782.62,1,4397.679999999999,12,1391.31
CAMP01646,C0195,New Product,2026-08-18,23.0,1,0,0,0,0.0,0,0.0,0,0.0,,
CAMP01647,C0552,New Product,2026-05-19,23.0,1,0,0,0,0.0,0,0.0,1,5331.24,18,897.76
CAMP01648,C0832,Birthday,2026-06-25,18.5,1,1,1,0,0.0,1,845.87,1,3123.29,8,845.87
CAMP01649,C0993,New Product,2026-08-05,23.0,1,0,0,0,0.0,0,0.0,0,0.0,,
CAMP01650,C0808,Discount,2026-05-10,21.5,1,1,0,0,0.0,0,0.0,1,1501.79,15,1501.79
CAMP01651,C0709,Birthday,2026-08-31,22.0,1,0,0,0,0.0,0,0.0,0,0.0,,
CAMP01652,C0835,Festival,2025-04-05,27.25,1,0,0,0,0.0,1,2651.74,1,5550.709999999999,14,1325.87
CAMP01653,C0865,New Product,2026-07-01,23.0,1,1,1,1,2590.83,1,5515.03,1,6453.59,1,1792.75
CAMP01654,C0810,Discount,2025-09-17,23.25,1,1,0,0,0.0,0,0.0,0,0.0,,
CAMP01655,C0778,Win-back,2025-11-08,27.5,1,0,0,0,0.0,0,0.0,1,1487.29,26,1487.29
CAMP01656,C0808,Birthday,2026-06-21,18.5,1,0,0,0,0.0,1,1521.88,1,2553.5200000000004,12,1521.88
CAMP01657,C0940,Win-back,2025-03-13,31.0,0,0,0,0,0.0,0,0.0,0,0.0,,
CAMP01658,C0289,Loyalty,2026-03-09,16.0,1,0,0,0,0.0,0,0.0,0,0.0,,
CAMP01659,C0886,New Product,2026-05-22,23.0,1,0,0,0,0.0,0,0.0,0,0.0,,
CAMP01660,C0224,Festival,2025-11-01,32.5,1,0,0,1,902.52,1,902.52,1,2152.72,5,451.26
CAMP01661,C0162,Discount,2025-11-08,21.5,1,0,0,0,0.0,0,0.0,1,2045.24,28,2045.24
CAMP01662,C0344,Loyalty,2026-06-24,16.0,1,1,0,0,0.0,0,0.0,1,1755.14,22,877.57
CAMP01663,C0666,Win-back,2025-03-12,29.25,1,0,0,0,0.0,0,0.0,0,0.0,,
CAMP01664,C0756,Loyalty,2025-10-03,16.0,1,1,0,1,1407.82,1,2206.78,1,3270.5199999999995,7,1407.82
CAMP01665,C0924,New Product,2026-08-21,23.0,1,0,0,0,0.0,0,0.0,0,0.0,,
CAMP01666,C0069,New Product,2024-11-21,23.0,1,0,0,0,0.0,0,0.0,0,0.0,,
CAMP01667,C0401,Festival,2026-03-06,30.75,1,1,0,0,0.0,0,0.0,1,4451.22,28,1483.74
CAMP01668,C0791,Discount,2026-01-23,25.0,1,1,0,0,0.0,1,1519.58,1,1519.58,9,759.79
CAMP01669,C0224,Win-back,2025-12-23,29.25,1,0,0,0,0.0,0,0.0,0,0.0,,
CAMP01670,C0588,New Product,2025-12-03,23.0,0,0,0,0,0.0,0,0.0,0,0.0,,
CAMP01671,C0623,New Product,2025-04-20,23.0,1,0,0,0,0.0,1,834.62,1,834.62,9,834.62
CAMP01672,C0137,Festival,2026-05-12,25.5,1,0,0,0,0.0,0,0.0,1,11126.72,23,3138.61
CAMP01673,C0098,Win-back,2026-03-16,31.0,1,0,0,0,0.0,0,0.0,0,0.0,,
CAMP01674,C0263,Loyalty,2026-07-16,18.0,1,1,0,0,0.0,0,0.0,0,0.0,,
CAMP01675,C0723,Discount,2025-03-06,25.0,1,0,0,0,0.0,0,0.0,0,0.0,,
CAMP01676,C0158,Discount,2026-06-15,23.25,1,1,1,1,1255.57,1,1255.57,1,2772.49,7,1255.57
CAMP01677,C0171,Festival,2026-08-13,32.5,1,1,1,1,1972.04,1,1972.04,1,1972.04,3,1972.04
CAMP01678,C0281,Loyalty,2026-04-17,16.0,1,0,0,0,0.0,0,0.0,0,0.0,,
CAMP01679,C0209,Festival,2024-12-20,30.75,1,1,1,1,3508.0199999999995,1,3508.0199999999995,1,3508.0199999999995,2,1169.34
CAMP01680,C0862,Festival,2026-08-07,25.5,1,0,0,0,0.0,0,0.0,0,0.0,,
CAMP01681,C0087,New Product,2024-03-26,23.0,1,0,0,0,0.0,0,0.0,0,0.0,,
CAMP01682,C0635,Loyalty,2025-05-28,16.0,1,0,0,0,0.0,1,1417.95,1,1417.95,12,1417.95
CAMP01683,C0596,Festival,2024-07-06,30.75,1,0,0,0,0.0,0,0.0,0,0.0,,
CAMP01684,C0459,Win-back,2025-07-17,29.25,1,1,0,0,0.0,0,0.0,0,0.0,,
CAMP01685,C0041,Discount,2025-10-14,21.5,1,0,0,1,2025.24,1,2025.24,1,2025.24,5,1012.62
CAMP01686,C0154,Festival,2025-03-29,32.5,1,0,0,0,0.0,0,0.0,0,0.0,,
CAMP01687,C0631,Loyalty,2026-04-02,18.0,1,0,0,1,5342.52,1,5342.52,1,6107.67,1,995.13
CAMP01688,C0445,New Product,2024-01-14,23.0,1,0,0,0,0.0,0,0.0,0,0.0,,
CAMP01689,C0517,Loyalty,2025-12-17,22.0,1,0,0,1,2717.94,1,3497.87,1,4579.41,4,1358.97
CAMP01690,C0418,Loyalty,2025-09-08,16.0,0,0,0,0,0.0,1,980.7,1,980.7,14,980.7
CAMP01691,C0900,Birthday,2026-02-28,20.25,1,1,0,1,2107.14,1,5765.139999999999,1,11915.569999999998,5,1053.57
CAMP01692,C0474,Festival,2026-04-15,29.0,1,0,0,0,0.0,0,0.0,0,0.0,,
CAMP01693,C0774,New Product,2024-03-28,23.0,1,0,0,0,0.0,0,0.0,0,0.0,,
CAMP01694,C0940,New Product,2025-11-08,23.0,1,1,0,0,0.0,1,5563.32,1,8103.86,13,1390.83
CAMP01695,C0848,New Product,2025-10-29,23.0,1,1,0,0,0.0,0,0.0,0,0.0,,
CAMP01696,C0639,Loyalty,2026-07-31,18.0,1,0,0,0,0.0,0,0.0,0,0.0,,
CAMP01697,C0752,Win-back,2025-05-27,32.75,1,0,0,1,952.53,1,3852.36,1,5224.01,6,952.53
CAMP01698,C0222,Loyalty,2026-06-24,14.0,1,0,0,0,0.0,0,0.0,1,1497.76,21,748.88
CAMP01699,C0177,Festival,2026-05-16,27.25,1,1,0,0,0.0,0,0.0,1,4622.16,27,1540.72
CAMP01700,C0880,Loyalty,2026-04-11,22.0,1,0,0,0,0.0,0,0.0,0,0.0,,
CAMP01701,C0154,Win-back,2024-03-13,29.25,1,1,0,0,0.0,0,0.0,0,0.0,,
CAMP01702,C0769,Festival,2025-09-21,32.5,1,1,0,1,4074.84,1,4074.84,1,8113.82,1,2037.42
CAMP01703,C0495,Loyalty,2026-03-24,22.0,1,0,0,0,0.0,0,0.0,0,0.0,,
CAMP01704,C0936,Festival,2026-06-16,32.5,1,0,0,0,0.0,0,0.0,0,0.0,,
CAMP01705,C0637,Birthday,2026-04-08,22.0,1,0,0,1,1335.78,1,1999.51,1,1999.51,2,667.89
CAMP01706,C0825,Win-back,2026-08-26,31.0,0,0,0,0,0.0,0,0.0,0,0.0,,
CAMP01707,C0303,New Product,2025-08-06,23.0,1,0,0,0,0.0,0,0.0,1,2314.71,28,771.57
CAMP01708,C0080,Birthday,2024-06-05,20.25,1,1,1,0,0.0,0,0.0,0,0.0,,
CAMP01709,C0688,Festival,2026-05-15,25.5,1,0,0,0,0.0,0,0.0,0,0.0,,
CAMP01710,C0823,Birthday,2025-11-17,20.25,1,0,0,0,0.0,1,1489.07,1,5752.530000000001,10,1489.07
CAMP01711,C0931,Win-back,2025-09-29,32.75,1,0,0,0,0.0,0,0.0,1,5627.76,20,1875.92
CAMP01712,C0866,Win-back,2025-02-15,29.25,1,0,0,1,1415.22,1,1415.22,1,1415.22,5,707.61
CAMP01713,C0052,Loyalty,2026-08-21,14.0,1,1,0,0,0.0,0,0.0,0,0.0,,
CAMP01714,C0102,Loyalty,2025-03-05,16.0,1,1,0,0,0.0,0,0.0,0,0.0,,
CAMP01715,C0572,Birthday,2025-04-29,20.25,0,0,0,0,0.0,0,0.0,0,0.0,,
CAMP01716,C0082,Festival,2026-04-25,25.5,1,1,0,0,0.0,0,0.0,0,0.0,,
CAMP01717,C0316,New Product,2026-06-14,23.0,1,1,1,0,0.0,1,9323.09,1,13798.97,11,2313.69
CAMP01718,C0034,New Product,2026-08-20,23.0,1,1,0,0,0.0,0,0.0,0,0.0,,
CAMP01719,C0516,New Product,2024-05-24,23.0,1,0,0,0,0.0,0,0.0,0,0.0,,
CAMP01720,C0186,Win-back,2026-02-27,29.25,1,0,0,0,0.0,0,0.0,0,0.0,,
CAMP01721,C0035,Win-back,2025-09-09,29.25,1,0,0,0,0.0,0,0.0,0,0.0,,
CAMP01722,C0008,Loyalty,2026-08-23,18.0,1,1,1,0,0.0,0,0.0,0,0.0,,
CAMP01723,C0168,Birthday,2026-03-06,18.5,1,0,0,0,0.0,0,0.0,1,2812.22,17,1406.11
CAMP01724,C0859,Loyalty,2026-07-28,18.0,1,0,0,0,0.0,1,3781.65,1,5049.209999999999,10,1260.55
CAMP01725,C0600,Win-back,2025-04-30,29.25,1,0,0,0,0.0,0,0.0,1,4322.36,22,1080.59
CAMP01726,C0121,Win-back,2026-06-29,27.5,1,0,0,0,0.0,0,0.0,0,0.0,,
CAMP01727,C0385,Loyalty,2026-06-02,14.0,1,0,0,0,0.0,0,0.0,0,0.0,,
CAMP01728,C0766,Festival,2026-02-08,25.5,1,1,0,1,7400.13,1,8244.57,1,8244.57,1,1438.07
CAMP01729,C0329,New Product,2025-06-08,23.0,1,0,0,1,1062.34,1,1062.34,1,8059.49,6,1062.34
CAMP01730,C0307,Festival,2026-07-29,29.0,1,1,0,0,0.0,0,0.0,0,0.0,,
CAMP01731,C0100,Festival,2025-01-11,27.25,1,0,0,0,0.0,0,0.0,0,0.0,,
CAMP01732,C0420,Discount,2025-05-08,25.0,1,0,0,0,0.0,0,0.0,1,974.28,19,974.28
CAMP01733,C0939,Loyalty,2024-02-12,14.0,1,1,0,0,0.0,0,0.0,0,0.0,,
CAMP01734,C0100,New Product,2025-03-04,23.0,0,0,0,0,0.0,0,0.0,0,0.0,,
CAMP01735,C0427,Birthday,2025-07-03,18.5,1,0,0,0,0.0,0,0.0,0,0.0,,
CAMP01736,C0740,New Product,2026-08-07,23.0,1,1,0,0,0.0,1,4059.52,1,4059.52,8,2029.76
CAMP01737,C0454,Festival,2025-10-11,29.0,1,0,0,1,674.02,1,674.02,1,674.02,6,674.02
CAMP01738,C0771,Festival,2026-07-20,30.75,0,0,0,1,1478.18,1,1478.18,1,1478.18,1,739.09
CAMP01739,C0473,Discount,2025-09-26,23.25,1,0,0,0,0.0,0,0.0,0,0.0,,
CAMP01740,C0100,Win-back,2025-03-09,31.0,0,0,0,0,0.0,0,0.0,0,0.0,,
CAMP01741,C0801,Loyalty,2025-04-10,16.0,1,0,0,1,2131.74,1,2131.74,1,2131.74,7,1065.87
CAMP01742,C0213,Loyalty,2025-04-13,16.0,1,1,0,1,948.92,1,948.92,1,948.92,3,474.46
CAMP01743,C0841,Festival,2026-02-08,27.25,0,0,0,0,0.0,1,1130.59,1,6563.2,13,1130.59
CAMP01744,C0001,New Product,2025-02-05,23.0,1,1,0,0,0.0,0,0.0,0,0.0,,
CAMP01745,C0816,Festival,2026-07-16,29.0,1,1,0,0,0.0,1,1440.89,1,1440.89,10,1440.89
CAMP01746,C0046,Discount,2026-02-08,19.75,1,1,0,0,0.0,1,1304.77,1,6269.09,9,1304.77
CAMP01747,C0699,New Product,2026-07-01,23.0,1,0,0,0,0.0,1,5757.66,1,10761.920000000002,10,2878.83
CAMP01748,C0369,Birthday,2025-11-08,22.0,1,1,0,1,2220.54,1,2220.54,1,4887.22,1,1110.27
CAMP01749,C0717,Discount,2026-06-14,23.25,1,0,0,0,0.0,0,0.0,1,1101.83,19,1101.83
CAMP01750,C0348,New Product,2025-12-26,23.0,1,0,0,0,0.0,1,11524.38,1,22607.14,14,3841.46
CAMP01751,C0514,Discount,2026-07-30,23.25,1,0,0,0,0.0,0,0.0,0,0.0,,
CAMP01752,C0492,Loyalty,2024-09-08,22.0,1,0,0,0,0.0,0,0.0,0,0.0,,
CAMP01753,C0278,New Product,2026-06-07,23.0,1,0,0,0,0.0,0,0.0,0,0.0,,
CAMP01754,C0103,Loyalty,2026-08-08,16.0,1,0,0,0,0.0,0,0.0,0,0.0,,
CAMP01755,C0523,Loyalty,2026-01-13,22.0,1,0,0,0,0.0,0,0.0,0,0.0,,
CAMP01756,C0534,Discount,2025-08-28,25.0,1,1,1,0,0.0,1,690.75,1,5368.43,11,690.75
CAMP01757,C0958,New Product,2026-06-03,23.0,0,0,0,0,0.0,1,1733.5,1,5470.139999999999,13,866.75
CAMP01758,C0054,Birthday,2025-10-28,22.0,1,0,0,0,0.0,0,0.0,0,0.0,,
CAMP01759,C0584,Loyalty,2026-01-19,18.0,1,0,0,0,0.0,0,0.0,0,0.0,,
CAMP01760,C0853,Discount,2026-08-10,25.0,1,0,0,0,0.0,0,0.0,0,0.0,,
CAMP01761,C0965,Birthday,2025-11-01,18.5,1,1,0,1,3282.7900000000004,1,3282.7900000000004,1,4257.33,1,1322.15
CAMP01762,C0505,Birthday,2026-07-30,20.25,1,0,0,0,0.0,0,0.0,0,0.0,,
CAMP01763,C0293,Festival,2026-06-03,32.5,1,0,0,0,0.0,0,0.0,0,0.0,,
CAMP01764,C0228,Win-back,2024-12-19,27.5,1,0,0,0,0.0,0,0.0,1,326.74,29,326.74
CAMP01765,C0522,New Product,2026-07-09,23.0,1,0,0,0,0.0,0,0.0,0,0.0,,
CAMP01766,C0367,Win-back,2026-02-04,32.75,1,1,0,0,0.0,1,3119.94,1,3119.94,13,1559.97
CAMP01767,C0846,Discount,2026-04-24,19.75,1,0,0,1,4043.34,1,4043.34,1,4043.34,5,1944.54
CAMP01768,C0611,Win-back,2026-05-25,32.75,1,1,0,1,4377.299999999999,1,4377.299999999999,1,10689.94,7,1459.1
CAMP01769,C0498,Win-back,2026-06-12,29.25,1,0,0,0,0.0,1,1006.01,1,3234.36,8,1006.01
CAMP01770,C0085,Loyalty,2024-11-04,18.0,0,0,0,0,0.0,0,0.0,0,0.0,,
CAMP01771,C0626,New Product,2025-09-02,23.0,0,0,0,0,0.0,0,0.0,0,0.0,,
CAMP01772,C0012,Festival,2026-03-05,32.5,1,0,0,0,0.0,0,0.0,0,0.0,,
CAMP01773,C0478,Birthday,2024-03-31,20.25,1,0,0,0,0.0,0,0.0,0,0.0,,
CAMP01774,C0338,Festival,2025-11-10,25.5,1,1,0,0,0.0,1,646.33,1,646.33,13,646.33
CAMP01775,C0405,New Product,2026-06-08,23.0,1,0,0,0,0.0,0,0.0,0,0.0,,
CAMP01776,C0466,Discount,2025-10-16,21.5,1,1,0,0,0.0,0,0.0,1,2608.92,23,869.64
CAMP01777,C0024,Festival,2026-08-27,29.0,1,1,1,0,0.0,0,0.0,0,0.0,,
CAMP01778,C0977,Loyalty,2026-05-13,14.0,1,0,0,0,0.0,0,0.0,0,0.0,,
CAMP01779,C0758,Festival,2025-08-07,30.75,1,0,0,0,0.0,0,0.0,1,860.09,15,860.09
CAMP01780,C0826,Birthday,2024-12-11,22.0,1,1,0,0,0.0,0,0.0,0,0.0,,
CAMP01781,C0028,Win-back,2025-01-14,27.5,1,1,0,0,0.0,0,0.0,1,844.66,23,844.66
CAMP01782,C0923,Birthday,2024-11-04,22.0,1,1,0,0,0.0,0,0.0,0,0.0,,
CAMP01783,C0206,Win-back,2026-07-31,31.0,1,1,1,0,0.0,0,0.0,0,0.0,,
CAMP01784,C0184,Birthday,2025-05-14,22.0,1,0,0,1,2348.57,1,3835.05,1,6587.950000000001,4,2348.57
CAMP01785,C0362,Win-back,2025-02-13,29.25,1,0,0,0,0.0,0,0.0,0,0.0,,
CAMP01786,C0882,New Product,2025-04-24,23.0,1,0,0,0,0.0,0,0.0,0,0.0,,
CAMP01787,C0420,New Product,2026-02-09,23.0,1,1,0,0,0.0,1,1647.3,1,1647.3,10,823.65
CAMP01788,C0272,Loyalty,2026-04-27,16.0,1,0,0,0,0.0,0,0.0,0,0.0,,
CAMP01789,C0896,Loyalty,2026-01-16,16.0,1,0,0,0,0.0,1,903.32,1,5475.710000000001,13,903.32
CAMP01790,C0979,Festival,2025-12-10,29.0,0,0,0,1,1850.51,1,1850.51,1,2862.0300000000007,3,676.37
CAMP01791,C0301,Birthday,2025-10-05,22.0,1,0,0,0,0.0,0,0.0,0,0.0,,
CAMP01792,C0649,Win-back,2024-11-17,29.25,1,1,0,0,0.0,0,0.0,0,0.0,,
CAMP01793,C0212,Discount,2025-08-16,25.0,1,0,0,0,0.0,1,2419.48,1,3016.9700000000003,8,1209.74
CAMP01794,C0779,Birthday,2026-08-07,18.5,0,0,0,0,0.0,0,0.0,0,0.0,,
CAMP01795,C0652,Win-back,2026-05-01,32.75,1,0,0,1,10437.4,1,17713.74,1,20771.16,4,3158.65
CAMP01796,C0299,Discount,2024-07-31,21.5,1,0,0,0,0.0,0,0.0,1,654.32,21,654.32
CAMP01797,C0862,Win-back,2026-08-06,31.0,1,1,1,0,0.0,0,0.0,0,0.0,,
CAMP01798,C0961,Discount,2026-08-07,21.5,1,1,0,0,0.0,0,0.0,0,0.0,,
CAMP01799,C0226,Discount,2026-03-16,19.75,1,0,0,1,4352.28,1,4352.28,1,4352.28,5,2176.14
CAMP01800,C0714,New Product,2025-04-21,23.0,1,1,0,0,0.0,0,0.0,0,0.0,,
CAMP01801,C0418,Loyalty,2026-07-19,14.0,1,0,0,0,0.0,0,0.0,0,0.0,,
CAMP01802,C0884,Discount,2026-01-24,21.5,0,0,0,0,0.0,0,0.0,1,1270.88,23,635.44
CAMP01803,C0359,Discount,2024-08-17,21.5,1,1,0,0,0.0,0,0.0,1,1654.1,30,1654.1
CAMP01804,C0578,Discount,2025-06-27,19.75,1,0,0,0,0.0,0,0.0,0,0.0,,
CAMP01805,C0316,Festival,2026-08-17,27.25,1,0,0,0,0.0,0,0.0,0,0.0,,
CAMP01806,C0480,Win-back,2026-06-09,31.0,1,1,0,0,0.0,0,0.0,1,1175.65,25,1175.65
CAMP01807,C0922,Win-back,2025-06-18,27.5,1,1,0,0,0.0,0,0.0,0,0.0,,
CAMP01808,C0692,Win-back,2026-06-12,29.25,1,0,0,0,0.0,0,0.0,1,4478.37,28,1492.79
CAMP01809,C0923,Birthday,2024-03-18,20.25,1,1,0,0,0.0,1,4145.24,1,4145.24,8,1036.31
CAMP01810,C0835,Festival,2025-04-11,30.75,1,0,0,0,0.0,1,2651.74,1,7113.25,8,1325.87
CAMP01811,C0919,Win-back,2025-10-18,31.0,1,0,0,0,0.0,0,0.0,0,0.0,,
CAMP01812,C0303,Festival,2026-08-11,25.5,1,0,0,0,0.0,0,0.0,0,0.0,,
CAMP01813,C0478,Win-back,2024-07-15,32.75,1,1,0,0,0.0,0,0.0,0,0.0,,
CAMP01814,C0213,Birthday,2023-12-02,22.0,1,1,1,0,0.0,0,0.0,0,0.0,,
CAMP01815,C0318,Loyalty,2026-07-18,18.0,1,0,0,1,5952.219999999999,1,5952.219999999999,1,7635.269999999999,1,722.93
CAMP01816,C0174,Discount,2026-07-29,21.5,1,0,0,0,0.0,0,0.0,0,0.0,,
CAMP01817,C0480,Festival,2026-03-14,32.5,1,0,0,1,681.04,1,681.04,1,681.04,3,681.04
CAMP01818,C0703,Festival,2026-02-28,27.25,1,0,0,1,9596.95,1,14982.28,1,22637.590000000004,1,757.34
CAMP01819,C0712,Win-back,2025-07-02,31.0,1,0,0,0,0.0,0,0.0,0,0.0,,
CAMP01820,C0475,New Product,2026-08-15,23.0,1,1,0,0,0.0,0,0.0,0,0.0,,
CAMP01821,C0268,Birthday,2025-01-06,22.0,1,0,0,0,0.0,0,0.0,1,816.8,22,816.8
CAMP01822,C0627,Loyalty,2026-08-28,18.0,0,0,0,0,0.0,0,0.0,0,0.0,,
CAMP01823,C0451,Birthday,2026-08-11,18.5,1,0,0,0,0.0,0,0.0,0,0.0,,
CAMP01824,C0682,Festival,2025-07-26,27.25,1,0,0,1,1999.7,1,1999.7,1,9202.4,5,999.85
CAMP01825,C0971,New Product,2026-08-10,23.0,1,1,0,0,0.0,0,0.0,0,0.0,,
CAMP01826,C0921,Discount,2025-08-20,25.0,1,0,0,0,0.0,0,0.0,1,4071.96,30,1017.99
CAMP01827,C0593,Festival,2026-07-21,27.25,0,0,0,1,5675.870000000001,1,5675.870000000001,1,7599.620000000001,1,2751.07
CAMP01828,C0907,Festival,2026-03-16,30.75,1,0,0,0,0.0,0,0.0,0,0.0,,
CAMP01829,C0269,Festival,2026-08-02,29.0,1,0,0,0,0.0,1,4553.28,1,4553.28,8,2276.64
CAMP01830,C0098,Birthday,2024-11-29,18.5,1,0,0,0,0.0,0,0.0,0,0.0,,
CAMP01831,C0614,Discount,2026-03-10,21.5,0,0,0,0,0.0,0,0.0,1,954.64,17,954.64
CAMP01832,C0003,Loyalty,2025-12-19,18.0,1,0,0,0,0.0,0,0.0,0,0.0,,
CAMP01833,C0712,Discount,2026-07-14,19.75,1,0,0,0,0.0,0,0.0,0,0.0,,
CAMP01834,C0345,Festival,2025-01-27,25.5,1,1,0,1,4406.7,1,6255.5,1,6255.5,3,2203.35
CAMP01835,C0651,Win-back,2026-04-24,32.75,1,1,1,0,0.0,1,3336.98,1,4419.9,11,1668.49
CAMP01836,C0888,Loyalty,2026-08-20,16.0,1,0,0,0,0.0,0,0.0,0,0.0,,
CAMP01837,C0067,Loyalty,2024-06-29,18.0,1,0,0,0,0.0,0,0.0,0,0.0,,
CAMP01838,C0007,New Product,2026-07-02,23.0,1,0,0,0,0.0,1,1047.99,1,8508.53,12,1047.99
CAMP01839,C0312,Win-back,2026-07-14,27.5,1,0,0,0,0.0,0,0.0,0,0.0,,
CAMP01840,C0105,Win-back,2025-12-23,32.75,1,1,0,1,4479.0,1,12389.64,1,13983.88,7,1493.0
CAMP01841,C0713,Discount,2026-05-12,19.75,1,0,0,1,886.64,1,886.64,1,886.64,7,886.64
CAMP01842,C0915,Discount,2024-11-09,19.75,1,0,0,0,0.0,0,0.0,1,1376.0,20,1376.0
CAMP01843,C0242,New Product,2026-06-10,23.0,1,1,1,0,0.0,0,0.0,0,0.0,,
CAMP01844,C0789,New Product,2026-04-29,23.0,1,0,0,0,0.0,1,5219.7,1,5219.7,8,2609.85
CAMP01845,C0028,Birthday,2026-03-01,18.5,1,0,0,0,0.0,0,0.0,0,0.0,,
CAMP01846,C0395,Win-back,2024-12-08,29.25,1,0,0,0,0.0,0,0.0,0,0.0,,
CAMP01847,C0219,Discount,2026-02-19,19.75,1,0,0,1,5131.85,1,9979.51,1,11555.71,2,1106.1
CAMP01848,C0224,Birthday,2025-06-17,18.5,0,0,0,0,0.0,1,2347.77,1,2347.77,14,782.59
CAMP01849,C0683,Discount,2026-01-13,21.5,1,0,0,1,1550.42,1,1550.42,1,3312.1400000000003,5,1550.42
CAMP01850,C0499,Festival,2025-08-13,30.75,1,0,0,0,0.0,0,0.0,1,7023.9800000000005,21,1244.34
CAMP01851,C0113,New Product,2026-03-18,23.0,1,0,0,0,0.0,0,0.0,1,1049.31,27,1049.31
CAMP01852,C0917,Win-back,2026-03-11,31.0,0,0,0,1,4935.3,1,10503.69,1,10503.69,1,921.46
CAMP01853,C0307,New Product,2026-07-28,23.0,1,0,0,0,0.0,0,0.0,0,0.0,,
CAMP01854,C0299,New Product,2026-08-27,23.0,1,0,0,0,0.0,0,0.0,0,0.0,,
CAMP01855,C0812,Festival,2026-01-24,27.25,0,0,0,0,0.0,0,0.0,0,0.0,,
CAMP01856,C0173,Discount,2026-02-27,25.0,1,1,0,0,0.0,0,0.0,0,0.0,,
CAMP01857,C0426,New Product,2026-05-03,23.0,1,1,0,1,1302.49,1,1302.49,1,3291.15,4,1302.49
CAMP01858,C0888,Festival,2026-08-05,29.0,1,0,0,0,0.0,0,0.0,0,0.0,,
CAMP01859,C0742,Festival,2026-06-22,25.5,0,0,0,0,0.0,0,0.0,1,2420.7,17,1210.35
CAMP01860,C0678,Loyalty,2024-09-12,22.0,1,0,0,0,0.0,0,0.0,0,0.0,,
CAMP01861,C0055,Festival,2026-08-01,30.75,1,0,0,0,0.0,0,0.0,0,0.0,,
CAMP01862,C0154,Birthday,2026-06-24,22.0,0,0,0,0,0.0,0,0.0,0,0.0,,
CAMP01863,C0652,Discount,2026-03-16,19.75,1,0,0,0,0.0,0,0.0,0,0.0,,
CAMP01864,C0445,Win-back,2024-12-20,31.0,0,0,0,0,0.0,0,0.0,1,1182.01,18,738.04
CAMP01865,C0132,New Product,2025-06-15,23.0,1,0,0,0,0.0,1,2343.9,1,4326.83,12,1171.95
CAMP01866,C0669,Birthday,2025-11-01,18.5,1,0,0,1,2003.43,1,2003.43,1,2834.2200000000003,3,2003.43
CAMP01867,C0364,Birthday,2026-02-22,18.5,1,0,0,0,0.0,0,0.0,0,0.0,,
CAMP01868,C0944,Win-back,2026-06-05,32.75,1,1,1,0,0.0,0,0.0,0,0.0,,
CAMP01869,C0610,New Product,2026-07-24,23.0,1,0,0,0,0.0,0,0.0,0,0.0,,
CAMP01870,C0724,Win-back,2026-06-03,27.5,1,0,0,1,314.72,1,314.72,1,314.72,2,314.72
CAMP01871,C0768,New Product,2026-07-13,23.0,1,1,0,0,0.0,0,0.0,1,6996.179999999999,17,456.87
CAMP01872,C0151,Win-back,2025-07-11,29.25,1,1,1,0,0.0,0,0.0,0,0.0,,
CAMP01873,C0084,Festival,2025-10-21,25.5,1,0,0,0,0.0,0,0.0,0,0.0,,
CAMP01874,C0096,New Product,2025-01-09,23.0,1,0,0,0,0.0,0,0.0,1,1865.81,30,1865.81
CAMP01875,C0657,Discount,2025-10-23,21.5,1,0,0,0,0.0,0,0.0,1,2994.33,18,998.11
CAMP01876,C0259,Loyalty,2026-04-02,22.0,1,0,0,0,0.0,0,0.0,0,0.0,,
CAMP01877,C0749,Discount,2026-02-09,19.75,1,0,0,0,0.0,0,0.0,0,0.0,,
CAMP01878,C0918,Loyalty,2025-06-28,22.0,1,0,0,0,0.0,0,0.0,1,1431.21,23,1431.21
CAMP01879,C0886,New Product,2026-07-13,23.0,1,1,1,0,0.0,0,0.0,0,0.0,,
CAMP01880,C0499,Festival,2026-07-21,30.75,1,0,0,0,0.0,0,0.0,0,0.0,,
CAMP01881,C0627,Festival,2026-05-13,32.5,1,0,0,1,2805.19,1,2805.19,1,2805.19,5,1963.24
CAMP01882,C0310,Birthday,2025-08-25,18.5,1,0,0,0,0.0,0,0.0,0,0.0,,
CAMP01883,C0483,New Product,2026-07-27,23.0,1,1,0,0,0.0,0,0.0,0,0.0,,
CAMP01884,C0823,Birthday,2024-09-16,20.25,1,1,0,0,0.0,0,0.0,0,0.0,,
CAMP01885,C0511,Festival,2026-05-23,27.25,1,0,0,1,1607.49,1,1607.49,1,1607.49,7,1607.49
CAMP01886,C0209,Birthday,2023-12-22,18.5,1,0,0,0,0.0,0,0.0,0,0.0,,
CAMP01887,C0633,Win-back,2025-06-03,29.25,1,0,0,0,0.0,0,0.0,0,0.0,,
CAMP01888,C0240,Loyalty,2026-05-12,18.0,1,0,0,0,0.0,0,0.0,0,0.0,,
CAMP01889,C0129,Win-back,2025-02-07,32.75,1,0,0,1,7191.68,1,7191.68,1,7191.68,2,3595.84
CAMP01890,C0885,Birthday,2024-03-25,22.0,1,0,0,0,0.0,1,1051.78,1,1051.78,9,1051.78
CAMP01891,C0278,New Product,2026-07-06,23.0,1,0,0,1,822.49,1,822.49,1,822.49,6,822.49
CAMP01892,C0107,New Product,2026-02-03,23.0,1,0,0,0,0.0,0,0.0,1,2553.32,19,1276.66
CAMP01893,C0352,New Product,2026-08-20,23.0,1,1,1,0,0.0,0,0.0,0,0.0,,
CAMP01894,C0329,Festival,2026-03-29,25.5,1,0,0,0,0.0,0,0.0,0,0.0,,
CAMP01895,C0353,Loyalty,2026-08-20,14.0,1,0,0,0,0.0,0,0.0,0,0.0,,
CAMP01896,C0102,Birthday,2025-05-18,18.5,0,0,0,0,0.0,1,1312.8,1,1312.8,12,656.4
CAMP01897,C0159,Festival,2026-04-08,32.5,1,0,0,0,0.0,0,0.0,0,0.0,,
CAMP01898,C0245,New Product,2026-02-07,23.0,1,0,0,0,0.0,0,0.0,0,0.0,,
CAMP01899,C0619,Birthday,2026-05-24,18.5,1,0,0,0,0.0,0,0.0,0,0.0,,
CAMP01900,C0721,Win-back,2026-02-05,27.5,1,0,0,1,2081.74,1,2081.74,1,3134.64,6,2081.74
CAMP01901,C0486,Festival,2026-06-30,30.75,1,0,0,0,0.0,0,0.0,1,1516.99,27,1516.99
CAMP01902,C0666,Win-back,2025-01-15,32.75,1,0,0,0,0.0,0,0.0,0,0.0,,
CAMP01903,C0932,Birthday,2026-01-01,22.0,1,0,0,1,1454.37,1,7219.559999999999,1,7219.559999999999,1,1454.37
CAMP01904,C0493,New Product,2025-11-24,23.0,1,0,0,1,9107.97,1,9774.44,1,9774.44,1,713.19
CAMP01905,C0193,Festival,2026-01-12,32.5,1,0,0,0,0.0,0,0.0,1,3999.63,16,1559.77
CAMP01906,C0838,Loyalty,2026-06-26,22.0,1,0,0,0,0.0,0,0.0,0,0.0,,
CAMP01907,C0724,Loyalty,2025-06-25,14.0,1,1,1,0,0.0,0,0.0,0,0.0,,
CAMP01908,C0163,Win-back,2024-06-23,31.0,1,0,0,1,1884.22,1,1884.22,1,4011.84,2,1884.22
CAMP01909,C0441,Birthday,2024-11-02,18.5,1,0,0,0,0.0,0,0.0,1,1771.31,18,1771.31
CAMP01910,C0031,Birthday,2023-10-02,18.5,1,0,0,0,0.0,0,0.0,0,0.0,,
CAMP01911,C0928,New Product,2026-05-24,23.0,1,1,0,1,7666.589999999999,1,13460.87,1,13460.87,2,978.96
CAMP01912,C0772,New Product,2025-10-06,23.0,1,1,1,0,0.0,0,0.0,0,0.0,,
CAMP01913,C0321,Festival,2026-06-08,25.5,1,0,0,1,1145.4,1,1145.4,1,1145.4,4,1145.4
CAMP01914,C0110,Discount,2026-06-27,19.75,1,0,0,0,0.0,0,0.0,0,0.0,,
CAMP01915,C0876,New Product,2024-12-02,23.0,1,1,1,0,0.0,0,0.0,1,1958.02,19,979.01
CAMP01916,C0056,Loyalty,2026-04-24,22.0,1,1,0,0,0.0,0,0.0,0,0.0,,
CAMP01917,C0407,Birthday,2026-08-27,18.5,1,1,1,0,0.0,0,0.0,0,0.0,,
CAMP01918,C0709,Birthday,2026-06-18,18.5,1,0,0,0,0.0,0,0.0,1,2405.0,26,496.68
CAMP01919,C0399,Festival,2026-06-23,32.5,1,0,0,0,0.0,0,0.0,0,0.0,,
CAMP01920,C0060,Birthday,2026-02-21,20.25,1,1,0,0,0.0,0,0.0,0,0.0,,
CAMP01921,C0914,New Product,2026-06-26,23.0,1,0,0,0,0.0,0,0.0,0,0.0,,
CAMP01922,C0445,New Product,2026-02-27,23.0,1,1,1,0,0.0,0,0.0,1,1937.71,22,1463.25
CAMP01923,C0942,Discount,2025-11-11,19.75,1,0,0,0,0.0,0,0.0,0,0.0,,
CAMP01924,C0280,Win-back,2025-10-21,32.75,0,0,0,0,0.0,0,0.0,1,779.11,24,779.11
CAMP01925,C0021,Loyalty,2026-06-03,14.0,1,0,0,0,0.0,0,0.0,0,0.0,,
CAMP01926,C0939,Birthday,2025-02-05,22.0,1,0,0,0,0.0,1,489.76,1,489.76,11,244.88
CAMP01927,C0650,New Product,2026-08-06,23.0,1,0,0,0,0.0,0,0.0,0,0.0,,
CAMP01928,C0312,Loyalty,2026-08-26,16.0,1,0,0,0,0.0,0,0.0,0,0.0,,
CAMP01929,C0038,New Product,2025-02-08,23.0,1,0,0,0,0.0,0,0.0,1,1518.6,17,759.3
CAMP01930,C0686,New Product,2026-03-21,23.0,1,0,0,1,3661.44,1,3661.44,1,4297.32,4,915.36
CAMP01931,C0089,Discount,2026-08-29,23.25,1,0,0,0,0.0,0,0.0,0,0.0,,
CAMP01932,C0145,Loyalty,2026-05-21,14.0,1,0,0,0,0.0,0,0.0,0,0.0,,
CAMP01933,C0915,Loyalty,2026-03-05,14.0,1,0,0,0,0.0,0,0.0,1,5370.44,24,1342.61
CAMP01934,C0992,Birthday,2025-10-20,20.25,1,0,0,0,0.0,0,0.0,1,1235.55,23,1235.55
CAMP01935,C1000,Discount,2026-08-23,23.25,1,0,0,0,0.0,0,0.0,0,0.0,,
CAMP01936,C0898,Loyalty,2025-05-07,18.0,1,0,0,1,2638.3500000000004,1,4307.52,1,9255.82,4,879.45
CAMP01937,C0896,Festival,2025-06-08,27.25,1,0,0,0,0.0,0,0.0,1,3766.98,17,1883.49
CAMP01938,C0230,Win-back,2026-04-24,29.25,1,0,0,0,0.0,1,2527.28,1,10378.35,13,2527.28
CAMP01939,C0874,Win-back,2026-07-23,31.0,1,0,0,0,0.0,0,0.0,0,0.0,,
CAMP01940,C0742,Festival,2026-07-20,29.0,1,0,0,0,0.0,0,0.0,0,0.0,,
CAMP01941,C0237,Loyalty,2026-01-28,18.0,1,0,0,1,1337.36,1,1337.36,1,1337.36,7,668.68
CAMP01942,C0909,Loyalty,2026-07-29,22.0,1,0,0,1,3353.45,1,9185.01,1,12451.89,6,3353.45
CAMP01943,C0033,New Product,2026-03-19,23.0,1,0,0,0,0.0,1,2629.52,1,2629.52,13,1314.76
CAMP01944,C0837,New Product,2026-06-15,23.0,1,0,0,0,0.0,0,0.0,1,339.82,30,339.82
CAMP01945,C0449,Win-back,2026-07-30,31.0,1,0,0,0,0.0,0,0.0,0,0.0,,
CAMP01946,C0720,Festival,2025-11-14,25.5,1,1,0,0,0.0,0,0.0,1,1429.3,19,859.38
CAMP01947,C0230,New Product,2026-05-26,23.0,1,1,0,1,2721.72,1,8511.66,1,10022.73,3,1360.86
CAMP01948,C0214,Discount,2026-03-01,21.5,1,0,0,0,0.0,0,0.0,1,3210.98,24,1605.49
CAMP01949,C0637,Birthday,2025-07-01,22.0,1,1,0,1,1884.22,1,1884.22,1,1884.22,5,942.11
CAMP01950,C0116,Festival,2025-01-31,25.5,1,1,0,1,1355.76,1,1355.76,1,1355.76,2,677.88
CAMP01951,C0963,Discount,2026-04-13,23.25,1,0,0,1,2609.55,1,2609.55,1,2609.55,7,869.85
CAMP01952,C0634,New Product,2026-04-26,23.0,1,0,0,1,2251.16,1,2251.16,1,5038.57,3,2251.16
CAMP01953,C0670,New Product,2026-05-18,23.0,0,0,0,1,1933.22,1,1933.22,1,3514.23,5,966.61
CAMP01954,C0342,New Product,2025-09-30,23.0,1,0,0,0,0.0,0,0.0,0,0.0,,
CAMP01955,C0947,Win-back,2025-11-15,32.75,1,1,0,0,0.0,0,0.0,1,7366.139999999999,19,1799.79
CAMP01956,C0575,Loyalty,2025-09-17,14.0,1,0,0,0,0.0,1,779.7,1,779.7,11,779.7
CAMP01957,C0674,Discount,2026-08-28,19.75,1,1,0,0,0.0,0,0.0,0,0.0,,
CAMP01958,C0436,Birthday,2025-05-11,22.0,1,0,0,0,0.0,0,0.0,0,0.0,,
CAMP01959,C0598,Loyalty,2026-06-13,18.0,1,0,0,0,0.0,0,0.0,1,1519.72,24,759.86
CAMP01960,C0074,New Product,2026-01-28,23.0,1,0,0,0,0.0,0,0.0,0,0.0,,
CAMP01961,C0220,Discount,2025-03-03,19.75,1,1,0,0,0.0,0,0.0,0,0.0,,
CAMP01962,C0959,Win-back,2026-06-14,31.0,0,0,0,0,0.0,0,0.0,1,3461.3900000000003,18,1777.0
CAMP01963,C0657,New Product,2024-05-07,23.0,1,0,0,0,0.0,0,0.0,0,0.0,,
CAMP01964,C0932,Discount,2025-07-06,19.75,1,0,0,0,0.0,0,0.0,1,896.97,21,896.97
CAMP01965,C0658,Discount,2026-05-25,23.25,1,1,0,1,3686.94,1,3686.94,1,3686.94,1,1228.98
CAMP01966,C0505,Loyalty,2026-04-09,16.0,1,0,0,0,0.0,0,0.0,0,0.0,,
CAMP01967,C0533,Loyalty,2025-10-21,18.0,1,1,1,0,0.0,0,0.0,1,4453.7,15,1321.97
CAMP01968,C0190,Win-back,2026-04-24,32.75,1,0,0,0,0.0,0,0.0,0,0.0,,
CAMP01969,C0085,Discount,2024-09-16,21.5,0,0,0,0,0.0,0,0.0,0,0.0,,
CAMP01970,C0199,New Product,2026-08-10,23.0,1,0,0,0,0.0,0,0.0,0,0.0,,
CAMP01971,C0847,Discount,2026-06-19,23.25,1,0,0,0,0.0,0,0.0,1,2422.34,24,1211.17
CAMP01972,C0877,Birthday,2026-07-12,18.5,1,0,0,0,0.0,0,0.0,0,0.0,,
CAMP01973,C0236,Loyalty,2026-06-15,14.0,1,0,0,0,0.0,0,0.0,0,0.0,,
CAMP01974,C0062,Discount,2026-08-02,19.75,1,0,0,0,0.0,0,0.0,0,0.0,,
CAMP01975,C0987,Loyalty,2026-05-26,16.0,1,0,0,0,0.0,0,0.0,0,0.0,,
CAMP01976,C0620,Win-back,2026-08-13,32.75,1,0,0,0,0.0,0,0.0,0,0.0,,
CAMP01977,C0124,Win-back,2025-09-25,31.0,1,0,0,0,0.0,0,0.0,0,0.0,,
CAMP01978,C0282,Discount,2024-10-17,19.75,1,1,1,0,0.0,0,0.0,0,0.0,,
CAMP01979,C0755,New Product,2025-11-27,23.0,1,0,0,0,0.0,0,0.0,1,7663.12,28,1915.78
CAMP01980,C0914,Birthday,2026-01-27,18.5,1,0,0,0,0.0,0,0.0,0,0.0,,
CAMP01981,C0069,New Product,2026-02-15,23.0,1,0,0,1,1602.72,1,1602.72,1,2730.96,2,801.36
CAMP01982,C0178,Win-back,2025-06-12,29.25,1,1,0,0,0.0,0,0.0,0,0.0,,
CAMP01983,C0139,Win-back,2025-01-15,32.75,1,1,1,0,0.0,0,0.0,0,0.0,,
CAMP01984,C0350,Birthday,2025-04-14,20.25,1,0,0,1,1054.58,1,3560.48,1,3560.48,7,1054.58
CAMP01985,C0446,Discount,2026-05-28,25.0,1,0,0,0,0.0,0,0.0,0,0.0,,
CAMP01986,C0040,New Product,2026-02-27,23.0,0,0,0,0,0.0,0,0.0,0,0.0,,
CAMP01987,C0911,Birthday,2026-08-08,18.5,1,1,0,0,0.0,0,0.0,0,0.0,,
CAMP01988,C0685,Win-back,2026-03-23,29.25,1,0,0,0,0.0,0,0.0,0,0.0,,
CAMP01989,C0872,New Product,2026-01-09,23.0,1,1,1,1,1265.54,1,1265.54,1,4421.16,6,1265.54
CAMP01990,C0768,Birthday,2026-02-28,22.0,0,0,0,0,0.0,0,0.0,1,5089.74,25,1054.13
CAMP01991,C0095,Loyalty,2026-01-31,16.0,1,0,0,0,0.0,0,0.0,0,0.0,,
CAMP01992,C0118,Birthday,2024-02-04,18.5,1,0,0,0,0.0,0,0.0,0,0.0,,
CAMP01993,C0024,Festival,2026-08-30,30.75,0,0,0,0,0.0,0,0.0,0,0.0,,
CAMP01994,C0128,Festival,2026-04-07,27.25,1,0,0,0,0.0,0,0.0,1,1021.04,26,1021.04
CAMP01995,C0740,Birthday,2026-07-04,20.25,1,1,0,0,0.0,0,0.0,0,0.0,,
CAMP01996,C0863,Discount,2026-08-27,23.25,1,1,0,0,0.0,0,0.0,0,0.0,,
CAMP01997,C0839,Festival,2025-12-28,30.75,1,0,0,1,3656.54,1,3656.54,1,5825.549999999999,7,1828.27
CAMP01998,C0312,Festival,2026-07-05,25.5,1,0,0,0,0.0,0,0.0,0,0.0,,
CAMP01999,C0634,Discount,2025-06-05,21.5,1,0,0,0,0.0,0,0.0,0,0.0,,
CAMP02000,C0392,New Product,2026-04-12,23.0,1,0,0,0,0.0,0,0.0,0,0.0,,
CAMP02001,C0848,Birthday,2025-12-12,22.0,1,0,0,0,0.0,0,0.0,1,916.84,16,916.84
CAMP02002,C0329,New Product,2024-08-11,23.0,1,0,0,0,0.0,1,2810.36,1,4814.98,10,1405.18
CAMP02003,C0166,Loyalty,2026-07-29,16.0,1,0,0,0,0.0,0,0.0,0,0.0,,
CAMP02004,C0699,Loyalty,2025-12-21,14.0,1,1,0,0,0.0,0,0.0,1,10394.87,17,1930.58
CAMP02005,C0500,New Product,2025-08-19,23.0,1,0,0,0,0.0,0,0.0,0,0.0,,
CAMP02006,C0205,New Product,2026-04-16,23.0,1,0,0,0,0.0,0,0.0,0,0.0,,
CAMP02007,C0946,Loyalty,2025-12-27,14.0,1,1,0,1,2670.55,1,4670.56,1,4670.56,5,734.44
CAMP02008,C0413,Loyalty,2026-08-06,16.0,1,0,0,0,0.0,0,0.0,0,0.0,,
CAMP02009,C0656,Discount,2026-01-11,25.0,1,0,0,0,0.0,0,0.0,0,0.0,,
CAMP02010,C0483,New Product,2026-02-19,23.0,0,0,0,0,0.0,0,0.0,0,0.0,,
CAMP02011,C0714,Win-back,2025-03-22,32.75,1,1,0,0,0.0,1,985.93,1,985.93,13,985.93
CAMP02012,C0659,Birthday,2025-12-14,18.5,0,0,0,0,0.0,0,0.0,0,0.0,,
CAMP02013,C0840,Birthday,2025-06-20,18.5,1,0,0,0,0.0,0,0.0,0,0.0,,
CAMP02014,C0689,Festival,2026-06-16,27.25,1,1,0,0,0.0,1,5126.8,1,8938.41,9,1115.75
CAMP02015,C0722,Birthday,2026-08-02,22.0,1,0,0,0,0.0,0,0.0,0,0.0,,
CAMP02016,C0718,Birthday,2025-09-29,22.0,1,1,1,1,2027.7,1,2027.7,1,3581.51,1,2027.7
CAMP02017,C0099,Loyalty,2025-12-30,16.0,1,0,0,0,0.0,0,0.0,0,0.0,,
CAMP02018,C0141,New Product,2026-04-25,23.0,1,0,0,0,0.0,0,0.0,0,0.0,,
CAMP02019,C0574,Win-back,2025-08-03,29.25,0,0,0,0,0.0,1,1547.78,1,1547.78,11,773.89
CAMP02020,C0974,New Product,2026-04-27,23.0,1,0,0,0,0.0,0,0.0,0,0.0,,
CAMP02021,C0352,Win-back,2026-05-16,32.75,0,0,0,0,0.0,0,0.0,0,0.0,,
CAMP02022,C0768,Loyalty,2025-03-29,14.0,1,1,0,0,0.0,0,0.0,0,0.0,,
CAMP02023,C0051,Birthday,2025-07-14,22.0,0,0,0,0,0.0,0,0.0,0,0.0,,
CAMP02024,C0432,Discount,2024-05-06,19.75,1,0,0,1,763.13,1,763.13,1,763.13,3,763.13
CAMP02025,C0226,Birthday,2026-03-12,22.0,1,1,0,0,0.0,1,4352.28,1,4352.28,9,2176.14
CAMP02026,C0663,New Product,2026-08-29,23.0,1,0,0,0,0.0,0,0.0,0,0.0,,
CAMP02027,C0467,Birthday,2025-08-05,20.25,1,0,0,0,0.0,1,584.3,1,584.3,10,584.3
CAMP02028,C0664,New Product,2026-07-13,23.0,1,0,0,0,0.0,0,0.0,0,0.0,,
CAMP02029,C0065,Win-back,2024-06-18,31.0,1,1,0,0,0.0,0,0.0,1,823.23,15,823.23
CAMP02030,C0428,Win-back,2025-05-29,31.0,1,1,0,1,3504.0,1,11734.46,1,11734.46,4,1752.0
CAMP02031,C0472,Festival,2026-08-13,25.5,1,0,0,0,0.0,0,0.0,0,0.0,,
CAMP02032,C0887,Birthday,2024-11-08,20.25,1,0,0,0,0.0,0,0.0,0,0.0,,
CAMP02033,C0275,Festival,2024-12-08,29.0,1,1,1,0,0.0,0,0.0,0,0.0,,
CAMP02034,C0443,Festival,2025-10-01,29.0,1,0,0,1,1829.32,1,1829.32,1,1829.32,6,1829.32
CAMP02035,C0881,Win-back,2025-08-25,32.75,1,0,0,1,2600.1000000000004,1,2600.1000000000004,1,2600.1000000000004,4,866.7
CAMP02036,C0481,Loyalty,2026-07-23,18.0,1,1,0,0,0.0,0,0.0,0,0.0,,
CAMP02037,C0021,Birthday,2026-07-30,18.5,1,0,0,0,0.0,0,0.0,0,0.0,,
CAMP02038,C0047,Festival,2025-03-27,29.0,1,1,0,0,0.0,1,6527.43,1,6527.43,12,2175.81
CAMP02039,C0895,Festival,2026-03-15,30.75,1,1,0,0,0.0,1,2475.62,1,2475.62,11,2475.62
CAMP02040,C0134,Loyalty,2025-04-16,14.0,1,0,0,0,0.0,1,595.91,1,595.91,11,595.91
CAMP02041,C0582,New Product,2025-11-09,23.0,1,0,0,0,0.0,1,1240.94,1,1240.94,9,1240.94
CAMP02042,C0823,Festival,2025-10-10,29.0,1,0,0,0,0.0,0,0.0,1,1369.66,16,1369.66
CAMP02043,C0745,Festival,2026-03-30,29.0,1,0,0,0,0.0,0,0.0,0,0.0,,
CAMP02044,C0465,Festival,2026-03-25,27.25,1,0,0,1,2079.9,1,2079.9,1,2079.9,5,2079.9
CAMP02045,C0068,Festival,2025-09-17,25.5,1,0,0,1,1062.66,1,4512.4,1,4512.4,4,1062.66
CAMP02046,C0846,Discount,2026-07-02,21.5,1,0,0,0,0.0,0,0.0,0,0.0,,
CAMP02047,C0797,Discount,2026-06-29,25.0,1,0,0,0,0.0,0,0.0,0,0.0,,
CAMP02048,C0951,Discount,2026-05-16,25.0,1,1,1,0,0.0,1,2144.66,1,5329.67,8,1072.33
CAMP02049,C0199,Loyalty,2026-07-08,22.0,1,1,1,0,0.0,0,0.0,0,0.0,,
CAMP02050,C0931,Loyalty,2026-02-27,14.0,1,0,0,1,3557.78,1,3557.78,1,16828.100000000002,6,1778.89
CAMP02051,C0179,Win-back,2025-04-01,32.75,1,0,0,0,0.0,1,940.88,1,1508.21,11,940.88
CAMP02052,C0905,Loyalty,2024-12-31,16.0,1,1,1,0,0.0,0,0.0,0,0.0,,
CAMP02053,C0644,Discount,2025-11-29,25.0,1,0,0,1,6047.639999999999,1,6047.639999999999,1,6047.639999999999,2,709.72
CAMP02054,C0116,Birthday,2025-07-24,22.0,1,0,0,0,0.0,0,0.0,0,0.0,,
CAMP02055,C0165,Birthday,2026-04-22,18.5,1,0,0,1,6582.6,1,7691.71,1,7691.71,2,3291.3
CAMP02056,C0529,Loyalty,2026-06-29,22.0,1,0,0,0,0.0,0,0.0,0,0.0,,
CAMP02057,C0833,Win-back,2026-01-01,32.75,1,0,0,1,670.54,1,670.54,1,670.54,5,670.54
CAMP02058,C0313,New Product,2026-01-23,23.0,1,0,0,0,0.0,0,0.0,1,4501.530000000001,27,2772.28
CAMP02059,C0933,Win-back,2026-05-30,32.75,1,0,0,0,0.0,0,0.0,0,0.0,,
CAMP02060,C0150,Birthday,2026-05-17,20.25,1,0,0,0,0.0,0,0.0,0,0.0,,
CAMP02061,C0250,Birthday,2025-11-09,18.5,1,0,0,0,0.0,0,0.0,0,0.0,,
CAMP02062,C0891,Festival,2026-08-15,30.75,1,0,0,0,0.0,0,0.0,0,0.0,,
CAMP02063,C0105,Birthday,2026-06-25,18.5,1,1,0,0,0.0,0,0.0,0,0.0,,
CAMP02064,C0727,Win-back,2026-07-15,27.5,1,0,0,0,0.0,0,0.0,0,0.0,,
CAMP02065,C0307,Birthday,2026-08-05,18.5,1,0,0,0,0.0,0,0.0,0,0.0,,
CAMP02066,C0705,Win-back,2026-06-30,29.25,1,0,0,0,0.0,0,0.0,0,0.0,,
CAMP02067,C0412,New Product,2026-07-17,23.0,1,0,0,0,0.0,0,0.0,0,0.0,,
CAMP02068,C0482,New Product,2025-08-14,23.0,1,0,0,0,0.0,0,0.0,1,2079.82,24,1039.91
CAMP02069,C0837,Festival,2025-08-01,32.5,1,0,0,0,0.0,0,0.0,0,0.0,,
CAMP02070,C0336,Discount,2026-07-14,25.0,1,0,0,0,0.0,0,0.0,1,5060.08,30,2530.04
CAMP02071,C0462,New Product,2026-06-19,23.0,1,0,0,0,0.0,0,0.0,0,0.0,,
CAMP02072,C0377,Loyalty,2026-02-24,16.0,1,0,0,1,1148.86,1,2104.77,1,2776.44,2,574.43
CAMP02073,C0544,Discount,2025-07-29,19.75,1,0,0,0,0.0,0,0.0,1,826.5,22,826.5
CAMP02074,C0570,Festival,2026-05-18,25.5,1,0,0,0,0.0,0,0.0,1,2186.78,20,705.16
CAMP02075,C0599,Festival,2026-08-14,29.0,1,0,0,0,0.0,0,0.0,0,0.0,,
CAMP02076,C0023,Discount,2026-02-21,19.75,0,0,0,0,0.0,0,0.0,1,4287.91,16,1489.47
CAMP02077,C0494,Discount,2025-12-25,19.75,1,1,0,0,0.0,0,0.0,0,0.0,,
CAMP02078,C0582,Loyalty,2026-04-18,22.0,1,1,1,1,882.31,1,882.31,1,3798.93,2,882.31
CAMP02079,C0185,Festival,2026-04-13,32.5,1,0,0,0,0.0,0,0.0,1,2877.08,29,1438.54
CAMP02080,C0990,Festival,2025-12-01,25.5,1,1,0,1,1673.1,1,1673.1,1,1673.1,3,836.55
CAMP02081,C0106,Birthday,2026-04-08,22.0,1,1,1,0,0.0,0,0.0,1,1658.94,26,552.98
CAMP02082,C0859,Birthday,2025-09-22,18.5,1,1,1,0,0.0,0,0.0,1,1075.3,16,1075.3
CAMP02083,C0040,Loyalty,2026-04-05,14.0,1,0,0,1,942.23,1,942.23,1,2070.09,3,942.23
CAMP02084,C0375,Festival,2026-05-23,25.5,1,0,0,0,0.0,0,0.0,0,0.0,,
CAMP02085,C0580,Birthday,2026-03-08,22.0,1,0,0,0,0.0,1,8970.32,1,8970.32,11,1716.12
CAMP02086,C0859,New Product,2025-11-29,23.0,1,0,0,0,0.0,0,0.0,1,6019.9800000000005,29,2006.66
CAMP02087,C0675,Festival,2025-10-22,25.5,1,0,0,0,0.0,0,0.0,0,0.0,,
CAMP02088,C0605,Loyalty,2024-10-15,14.0,1,1,0,1,1386.97,1,4897.94,1,8507.29,2,1386.97
CAMP02089,C0711,Festival,2026-08-05,29.0,1,0,0,0,0.0,0,0.0,0,0.0,,
CAMP02090,C0227,Loyalty,2024-05-09,18.0,1,0,0,0,0.0,0,0.0,0,0.0,,
CAMP02091,C0599,Festival,2026-01-27,30.75,1,0,0,0,0.0,0,0.0,1,1347.02,20,962.63
CAMP02092,C0231,Discount,2026-02-04,25.0,1,0,0,1,1431.9,1,5930.360000000001,1,14857.81,7,715.95
CAMP02093,C0877,Win-back,2025-12-19,32.75,1,0,0,0,0.0,0,0.0,1,3000.32,18,1500.16
CAMP02094,C0632,Birthday,2025-08-31,18.5,1,0,0,0,0.0,0,0.0,1,3618.76,18,1809.38
CAMP02095,C0407,Discount,2026-08-02,19.75,1,1,1,1,1167.65,1,1167.65,1,1167.65,3,1167.65
CAMP02096,C0055,Birthday,2026-03-12,22.0,1,0,0,1,1891.63,1,1891.63,1,1891.63,5,1891.63
CAMP02097,C0860,Festival,2026-03-03,30.75,1,0,0,0,0.0,0,0.0,1,7543.710000000001,22,912.75
CAMP02098,C0241,New Product,2025-11-04,23.0,1,0,0,0,0.0,0,0.0,1,9366.82,19,3074.61
CAMP02099,C0686,Win-back,2025-02-14,31.0,1,0,0,0,0.0,0,0.0,1,1389.82,18,1389.82
CAMP02100,C0296,Birthday,2024-12-31,22.0,1,0,0,0,0.0,0,0.0,0,0.0,,
CAMP02101,C0639,Birthday,2026-07-17,20.25,1,0,0,1,3990.28,1,3990.28,1,3990.28,2,638.83
CAMP02102,C0468,Festival,2026-05-11,32.5,1,0,0,1,5593.28,1,5593.28,1,5593.28,6,1398.32
CAMP02103,C0690,Birthday,2026-03-29,20.25,1,0,0,0,0.0,0,0.0,0,0.0,,
CAMP02104,C0845,Loyalty,2026-05-27,16.0,1,0,0,1,4792.92,1,4792.92,1,15163.13,2,2396.46
CAMP02105,C0418,Win-back,2025-04-27,27.5,1,0,0,1,2619.22,1,2619.22,1,3085.78,1,1309.61
CAMP02106,C0303,Discount,2025-10-22,25.0,1,0,0,0,0.0,0,0.0,1,5048.01,16,1161.09
CAMP02107,C0627,Loyalty,2026-08-26,22.0,1,0,0,0,0.0,0,0.0,0,0.0,,
CAMP02108,C0878,Discount,2026-04-08,23.25,1,0,0,0,0.0,0,0.0,0,0.0,,
CAMP02109,C0159,Festival,2025-12-16,27.25,1,1,1,0,0.0,0,0.0,0,0.0,,
CAMP02110,C0855,Discount,2025-01-04,23.25,1,0,0,0,0.0,0,0.0,1,4008.75,27,801.75
CAMP02111,C0764,Win-back,2026-05-14,31.0,1,0,0,0,0.0,0,0.0,1,5478.3,17,3447.23
CAMP02112,C0711,Birthday,2026-08-02,20.25,1,0,0,0,0.0,0,0.0,0,0.0,,
CAMP02113,C0989,Birthday,2026-08-22,18.5,1,0,0,0,0.0,0,0.0,0,0.0,,
CAMP02114,C0070,Discount,2025-09-03,19.75,1,0,0,0,0.0,0,0.0,0,0.0,,
CAMP02115,C0814,Win-back,2025-05-07,29.25,1,0,0,0,0.0,0,0.0,0,0.0,,
CAMP02116,C0912,New Product,2025-07-25,23.0,1,0,0,1,871.4,1,871.4,1,1721.51,7,435.7
CAMP02117,C0352,New Product,2026-07-06,23.0,1,0,0,0,0.0,0,0.0,0,0.0,,
CAMP02118,C0240,Festival,2025-12-15,29.0,1,0,0,0,0.0,1,1815.43,1,1815.43,10,1815.43
CAMP02119,C0553,Birthday,2026-08-21,22.0,1,0,0,0,0.0,0,0.0,0,0.0,,
CAMP02120,C0585,New Product,2026-02-10,23.0,1,0,0,0,0.0,0,0.0,0,0.0,,
CAMP02121,C0833,Loyalty,2025-06-14,16.0,1,0,0,0,0.0,0,0.0,0,0.0,,
CAMP02122,C0114,Win-back,2024-09-13,27.5,1,0,0,0,0.0,1,493.32,1,493.32,13,493.32
CAMP02123,C0207,Win-back,2026-06-11,29.25,1,0,0,0,0.0,1,2700.76,1,5012.200000000001,13,1350.38
CAMP02124,C0543,Loyalty,2025-02-20,18.0,1,0,0,0,0.0,1,2914.4,1,2914.4,8,904.63
CAMP02125,C0597,Birthday,2025-02-21,22.0,1,0,0,1,1428.9,1,1428.9,1,4911.629999999999,7,714.45
CAMP02126,C0708,Win-back,2025-04-10,27.5,0,0,0,0,0.0,0,0.0,0,0.0,,
CAMP02127,C0449,Birthday,2026-03-13,20.25,1,1,0,0,0.0,0,0.0,0,0.0,,
CAMP02128,C0046,New Product,2026-08-23,23.0,1,0,0,0,0.0,0,0.0,0,0.0,,
CAMP02129,C0663,Win-back,2026-05-19,29.25,1,0,0,0,0.0,0,0.0,1,3108.4,20,1554.2
CAMP02130,C0098,Win-back,2026-04-23,27.5,1,0,0,0,0.0,0,0.0,0,0.0,,
CAMP02131,C0560,Festival,2026-07-16,27.25,1,0,0,0,0.0,0,0.0,1,3611.94,15,1805.97
CAMP02132,C0288,New Product,2025-12-16,23.0,1,0,0,0,0.0,0,0.0,0,0.0,,
CAMP02133,C0675,Birthday,2026-07-21,22.0,1,0,0,0,0.0,0,0.0,1,5920.41,15,2979.7
CAMP02134,C0521,Win-back,2024-03-28,27.5,1,0,0,0,0.0,0,0.0,0,0.0,,
CAMP02135,C0365,Birthday,2025-04-30,20.25,1,0,0,1,2369.64,1,2369.64,1,6843.74,5,2369.64
CAMP02136,C0814,Loyalty,2026-05-27,14.0,1,0,0,0,0.0,0,0.0,0,0.0,,
CAMP02137,C0807,Win-back,2026-02-18,27.5,1,1,0,0,0.0,0,0.0,1,444.89,26,444.89
CAMP02138,C0527,Birthday,2026-08-10,20.25,1,1,1,0,0.0,0,0.0,0,0.0,,
CAMP02139,C0366,New Product,2025-08-21,23.0,1,1,0,0,0.0,0,0.0,0,0.0,,
CAMP02140,C0313,Win-back,2026-04-24,27.5,1,1,0,0,0.0,1,12026.66,1,13359.98,10,1628.83
CAMP02141,C0217,Win-back,2025-12-05,27.5,1,0,0,0,0.0,0,0.0,1,2879.92,28,1439.96
CAMP02142,C0107,Discount,2025-09-16,25.0,1,0,0,0,0.0,0,0.0,0,0.0,,
CAMP02143,C0138,Win-back,2025-12-28,32.75,1,1,1,0,0.0,1,6166.39,1,6166.39,8,1284.61
CAMP02144,C0334,Loyalty,2025-07-02,18.0,1,0,0,0,0.0,1,1046.11,1,2422.71,10,1046.11
CAMP02145,C0425,Festival,2025-08-05,27.25,0,0,0,0,0.0,0,0.0,0,0.0,,
CAMP02146,C0182,New Product,2026-06-12,23.0,1,0,0,0,0.0,1,1147.63,1,3596.26,11,1147.63
CAMP02147,C0690,Loyalty,2025-11-11,14.0,1,1,0,0,0.0,0,0.0,0,0.0,,
CAMP02148,C0402,Loyalty,2025-08-09,14.0,1,0,0,0,0.0,0,0.0,1,1352.01,20,1352.01
CAMP02149,C0697,Loyalty,2026-05-02,22.0,1,0,0,0,0.0,0,0.0,0,0.0,,
CAMP02150,C0794,Festival,2023-12-26,25.5,1,0,0,0,0.0,0,0.0,0,0.0,,
CAMP02151,C0196,Birthday,2025-11-23,18.5,1,0,0,1,1604.34,1,1604.34,1,2501.28,1,802.17
CAMP02152,C0175,Loyalty,2025-08-01,22.0,1,0,0,0,0.0,0,0.0,0,0.0,,
CAMP02153,C0475,Festival,2025-07-01,29.0,1,0,0,0,0.0,0,0.0,0,0.0,,
CAMP02154,C0480,Festival,2026-08-11,25.5,1,0,0,0,0.0,0,0.0,0,0.0,,
CAMP02155,C0049,Birthday,2025-10-21,20.25,1,1,0,0,0.0,0,0.0,0,0.0,,
CAMP02156,C0588,New Product,2023-11-07,23.0,1,1,1,0,0.0,0,0.0,0,0.0,,
CAMP02157,C0846,Birthday,2026-03-01,22.0,1,0,0,0,0.0,1,6056.4,1,10269.39,13,2018.8
CAMP02158,C0917,Discount,2026-07-24,23.25,1,1,0,0,0.0,0,0.0,0,0.0,,
CAMP02159,C0481,Loyalty,2025-12-08,22.0,1,1,0,0,0.0,0,0.0,1,1924.64,15,1924.64
CAMP02160,C0326,Loyalty,2026-03-23,16.0,1,0,0,0,0.0,1,1574.26,1,5890.860000000001,8,939.34
CAMP02161,C0498,Discount,2026-02-11,23.25,1,1,0,0,0.0,0,0.0,1,1653.65,26,1653.65
CAMP02162,C0676,Birthday,2024-12-19,22.0,1,1,0,1,1727.82,1,4012.56,1,5920.36,1,863.91
CAMP02163,C0652,Loyalty,2024-09-26,18.0,1,0,0,0,0.0,0,0.0,0,0.0,,
CAMP02164,C0110,New Product,2026-07-07,23.0,1,1,0,0,0.0,0,0.0,0,0.0,,
CAMP02165,C0975,Loyalty,2025-07-05,14.0,1,0,0,0,0.0,0,0.0,0,0.0,,
CAMP02166,C0449,Festival,2026-05-04,27.25,1,0,0,1,1111.26,1,2194.4,1,2194.4,5,370.42
CAMP02167,C0285,Win-back,2024-12-17,29.25,1,0,0,1,1805.38,1,1805.38,1,4102.14,5,902.69
CAMP02168,C0829,Birthday,2025-12-15,18.5,0,0,0,0,0.0,0,0.0,1,590.87,19,590.87
CAMP02169,C0890,Win-back,2024-11-29,29.25,1,1,0,0,0.0,0,0.0,1,4985.700000000001,24,1661.9
CAMP02170,C0445,Birthday,2024-04-10,22.0,1,1,0,0,0.0,0,0.0,0,0.0,,
CAMP02171,C0546,Discount,2026-03-20,19.75,1,0,0,1,604.62,1,604.62,1,604.62,3,604.62
CAMP02172,C0956,New Product,2025-10-31,23.0,1,0,0,1,941.26,1,941.26,1,941.26,2,941.26
CAMP02173,C0061,Festival,2026-02-05,25.5,1,0,0,0,0.0,0,0.0,1,4094.64,20,744.49
CAMP02174,C0937,Festival,2024-10-18,30.75,1,0,0,0,0.0,0,0.0,0,0.0,,
CAMP02175,C0115,Birthday,2025-09-22,22.0,1,0,0,0,0.0,0,0.0,0,0.0,,
CAMP02176,C0528,New Product,2026-07-10,23.0,1,0,0,1,1893.92,1,1893.92,1,1893.92,1,946.96
CAMP02177,C0162,Win-back,2026-01-24,27.5,0,0,0,1,2552.1,1,2552.1,1,4487.12,7,1276.05
CAMP02178,C0167,New Product,2025-07-11,23.0,1,0,0,0,0.0,1,859.24,1,859.24,8,859.24
CAMP02179,C0970,Win-back,2026-06-05,31.0,1,0,0,0,0.0,0,0.0,0,0.0,,
CAMP02180,C0982,Birthday,2026-07-06,18.5,1,0,0,0,0.0,0,0.0,1,4404.84,16,2202.42
CAMP02181,C0732,Festival,2024-08-28,30.75,1,0,0,0,0.0,1,920.54,1,3138.69,9,455.67
CAMP02182,C0589,Loyalty,2025-04-21,18.0,1,0,0,0,0.0,0,0.0,0,0.0,,
CAMP02183,C0275,Festival,2025-07-09,32.5,1,0,0,0,0.0,0,0.0,0,0.0,,
CAMP02184,C0549,Birthday,2025-07-16,20.25,1,0,0,0,0.0,0,0.0,1,2649.44,21,1324.72
CAMP02185,C0040,Win-back,2026-05-07,31.0,1,0,0,0,0.0,1,1302.3,1,2076.45,8,651.15
CAMP02186,C0867,Birthday,2025-10-14,18.5,1,0,0,0,0.0,0,0.0,0,0.0,,
CAMP02187,C0828,Birthday,2026-05-11,18.5,0,0,0,0,0.0,1,1356.47,1,7701.85,11,1356.47
CAMP02188,C0232,Birthday,2026-03-12,18.5,1,0,0,0,0.0,1,1977.57,1,1977.57,10,1977.57
CAMP02189,C0709,Discount,2026-08-16,21.5,1,1,1,0,0.0,0,0.0,0,0.0,,
CAMP02190,C0384,New Product,2025-12-18,23.0,1,0,0,1,2015.31,1,3626.9,1,5288.429999999999,7,2015.31
CAMP02191,C0788,Loyalty,2025-05-19,22.0,1,1,0,1,2167.46,1,2167.46,1,2167.46,1,1083.73
CAMP02192,C0560,Loyalty,2026-06-15,18.0,1,0,0,1,864.88,1,2019.54,1,5351.9400000000005,7,864.88
CAMP02193,C0305,Loyalty,2026-06-24,16.0,1,0,0,0,0.0,1,747.73,1,3396.11,10,747.73
CAMP02194,C0059,Loyalty,2025-09-12,16.0,1,0,0,0,0.0,1,3084.72,1,3084.72,8,1542.36
CAMP02195,C0637,Birthday,2026-06-06,18.5,1,0,0,0,0.0,0,0.0,0,0.0,,
CAMP02196,C0676,Festival,2024-06-18,27.25,0,0,0,1,1244.57,1,1244.57,1,1244.57,7,1244.57
CAMP02197,C0766,New Product,2024-09-13,23.0,0,0,0,0,0.0,0,0.0,1,885.08,24,885.08
CAMP02198,C0714,Win-back,2025-06-21,32.75,1,0,0,0,0.0,0,0.0,1,1017.64,20,1017.64
CAMP02199,C0014,Loyalty,2026-02-06,14.0,0,0,0,0,0.0,1,3579.42,1,6188.75,8,578.61
CAMP02200,C0177,New Product,2026-05-22,23.0,1,1,0,0,0.0,0,0.0,1,4622.16,21,1540.72
CAMP02201,C0611,Festival,2026-06-19,27.25,1,0,0,1,2881.3,1,2881.3,1,2881.3,6,1272.09
CAMP02202,C0223,Festival,2026-01-24,30.75,1,0,0,0,0.0,0,0.0,0,0.0,,
CAMP02203,C0151,Win-back,2025-10-02,29.25,1,0,0,0,0.0,0,0.0,1,626.96,26,626.96
CAMP02204,C0669,Birthday,2024-05-07,18.5,1,0,0,0,0.0,1,5312.04,1,5312.04,12,1770.68
CAMP02205,C0749,Festival,2026-04-05,30.75,1,0,0,0,0.0,0,0.0,0,0.0,,
CAMP02206,C0452,Festival,2024-07-24,27.25,1,0,0,0,0.0,0,0.0,0,0.0,,
CAMP02207,C0680,Win-back,2024-09-17,27.5,1,0,0,0,0.0,1,3652.32,1,3652.32,10,913.08
CAMP02208,C0385,Loyalty,2026-08-21,16.0,1,1,1,0,0.0,0,0.0,0,0.0,,
CAMP02209,C0409,Loyalty,2026-08-28,18.0,1,0,0,0,0.0,0,0.0,0,0.0,,
CAMP02210,C0253,New Product,2026-01-03,23.0,1,0,0,0,0.0,1,1739.6,1,5317.84,12,869.8
CAMP02211,C0001,Loyalty,2026-03-23,16.0,1,1,0,1,2016.26,1,2016.26,1,2016.26,6,2016.26
CAMP02212,C0069,New Product,2025-01-21,23.0,1,0,0,0,0.0,0,0.0,1,928.92,29,928.92
CAMP02213,C0869,Birthday,2026-03-29,18.5,1,0,0,0,0.0,0,0.0,0,0.0,,
CAMP02214,C0476,Festival,2026-04-18,27.25,1,0,0,0,0.0,0,0.0,1,1049.23,29,1049.23
CAMP02215,C0196,Festival,2024-02-19,32.5,1,0,0,0,0.0,0,0.0,0,0.0,,
CAMP02216,C0509,Win-back,2025-01-25,27.5,1,1,1,1,1644.29,1,1644.29,1,2557.62,1,1644.29
CAMP02217,C0376,Win-back,2026-06-14,31.0,1,0,0,0,0.0,0,0.0,0,0.0,,
CAMP02218,C0014,Birthday,2026-03-26,20.25,1,0,0,0,0.0,0,0.0,1,5991.000000000001,19,1130.72
CAMP02219,C0732,Loyalty,2025-04-08,22.0,0,0,0,0,0.0,0,0.0,0,0.0,,
CAMP02220,C0908,Birthday,2025-11-23,22.0,1,1,0,0,0.0,1,1420.9499999999998,1,1420.9499999999998,11,473.65
CAMP02221,C0579,Discount,2026-01-09,19.75,1,1,1,0,0.0,0,0.0,1,1281.86,21,1281.86
CAMP02222,C0568,Win-back,2025-12-17,31.0,1,1,0,1,1535.48,1,2651.19,1,3510.31,1,1535.48
CAMP02223,C0038,New Product,2025-05-21,23.0,1,1,0,0,0.0,1,1215.08,1,1724.04,14,607.54
CAMP02224,C0343,New Product,2026-08-21,23.0,1,0,0,0,0.0,0,0.0,0,0.0,,
CAMP02225,C0641,Loyalty,2025-07-02,14.0,1,1,0,0,0.0,0,0.0,0,0.0,,
CAMP02226,C0340,Birthday,2026-04-04,20.25,1,0,0,0,0.0,0,0.0,0,0.0,,
CAMP02227,C0564,Discount,2026-07-15,21.5,1,1,0,0,0.0,0,0.0,0,0.0,,
CAMP02228,C0921,Festival,2024-12-13,27.25,1,0,0,0,0.0,1,589.52,1,1806.85,8,294.76
CAMP02229,C0223,Birthday,2025-10-21,18.5,1,0,0,1,2517.77,1,4659.42,1,4659.42,1,1480.85
CAMP02230,C0317,Discount,2026-06-24,19.75,1,0,0,0,0.0,0,0.0,1,1469.5,15,734.75
CAMP02231,C0012,Discount,2026-06-15,25.0,1,0,0,0,0.0,0,0.0,0,0.0,,
CAMP02232,C0473,Birthday,2026-07-09,22.0,1,1,0,1,4058.06,1,5255.52,1,5255.52,5,1492.92
CAMP02233,C0082,Festival,2025-05-11,27.25,1,0,0,1,1252.14,1,2154.67,1,3507.57,1,1252.14
CAMP02234,C0727,Win-back,2026-08-29,29.25,1,1,0,0,0.0,0,0.0,0,0.0,,
CAMP02235,C0393,Discount,2024-05-22,21.5,1,0,0,0,0.0,0,0.0,0,0.0,,
CAMP02236,C0140,Birthday,2026-08-26,22.0,1,0,0,0,0.0,0,0.0,0,0.0,,
CAMP02237,C0002,Festival,2025-06-12,27.25,1,0,0,0,0.0,0,0.0,0,0.0,,
CAMP02238,C0899,New Product,2026-07-15,23.0,1,0,0,0,0.0,0,0.0,0,0.0,,
CAMP02239,C0534,Birthday,2025-08-22,22.0,1,1,1,1,1395.14,1,1395.14,1,6763.57,2,697.57
CAMP02240,C0805,New Product,2023-12-02,23.0,1,0,0,0,0.0,0,0.0,0,0.0,,
CAMP02241,C0739,Discount,2026-04-24,19.75,1,0,0,0,0.0,1,2003.74,1,2550.95,12,1001.87
CAMP02242,C0789,Festival,2025-07-28,32.5,1,0,0,1,1547.17,1,1547.17,1,1547.17,4,1547.17
CAMP02243,C0095,Festival,2026-08-05,32.5,1,0,0,0,0.0,0,0.0,0,0.0,,
CAMP02244,C0440,Discount,2026-04-29,25.0,1,0,0,1,599.0,1,599.0,1,599.0,2,599.0
CAMP02245,C0082,Win-back,2024-05-23,32.75,1,0,0,1,2497.08,1,2497.08,1,2497.08,5,1248.54
CAMP02246,C0472,Loyalty,2026-02-19,16.0,0,0,0,0,0.0,1,703.08,1,1411.92,13,351.54
CAMP02247,C0209,Discount,2025-11-09,21.5,1,0,0,1,2927.13,1,2927.13,1,6304.69,3,975.71
CAMP02248,C0595,New Product,2025-12-01,23.0,1,0,0,0,0.0,0,0.0,1,3461.46,23,1153.82
CAMP02249,C0138,Festival,2025-01-26,30.75,1,0,0,0,0.0,1,3635.87,1,3635.87,8,1584.26
CAMP02250,C0281,Loyalty,2026-02-21,22.0,0,0,0,0,0.0,0,0.0,0,0.0,,
CAMP02251,C0348,Win-back,2025-08-14,32.75,1,1,0,0,0.0,1,3550.96,1,12807.53,9,1775.48
CAMP02252,C0129,Birthday,2026-07-23,20.25,1,0,0,0,0.0,1,5781.200000000001,1,5781.200000000001,10,916.48
CAMP02253,C0149,Win-back,2026-02-04,27.5,1,0,0,0,0.0,0,0.0,0,0.0,,
CAMP02254,C0812,Festival,2025-11-02,32.5,1,0,0,0,0.0,0,0.0,0,0.0,,
CAMP02255,C0691,New Product,2026-07-26,23.0,1,0,0,0,0.0,0,0.0,0,0.0,,
CAMP02256,C0063,Loyalty,2026-04-08,18.0,0,0,0,0,0.0,0,0.0,0,0.0,,
CAMP02257,C0464,Win-back,2024-10-28,29.25,1,1,0,0,0.0,0,0.0,1,5260.09,15,1456.48
CAMP02258,C0250,New Product,2026-03-10,23.0,0,0,0,0,0.0,0,0.0,0,0.0,,
CAMP02259,C0471,Birthday,2026-03-29,22.0,1,0,0,0,0.0,0,0.0,0,0.0,,
CAMP02260,C0112,Loyalty,2025-07-01,16.0,1,1,0,0,0.0,1,827.99,1,3848.85,14,827.99
CAMP02261,C0875,Birthday,2025-12-03,22.0,1,0,0,0,0.0,1,1346.11,1,2130.55,13,1346.11
CAMP02262,C0215,Loyalty,2025-12-31,18.0,1,1,0,0,0.0,0,0.0,1,1549.19,16,1549.19
CAMP02263,C0437,New Product,2026-08-18,23.0,1,0,0,0,0.0,0,0.0,0,0.0,,
CAMP02264,C0531,Birthday,2026-02-15,20.25,1,0,0,0,0.0,1,2401.3500000000004,1,6263.490000000001,13,800.45
CAMP02265,C0013,Discount,2024-12-12,19.75,1,1,0,0,0.0,1,1364.34,1,1364.34,9,1364.34
CAMP02266,C0209,New Product,2025-10-31,23.0,1,0,0,0,0.0,1,4808.52,1,8186.08,8,669.08
CAMP02267,C0514,New Product,2025-10-05,23.0,1,1,0,0,0.0,0,0.0,1,632.31,20,632.31
CAMP02268,C0466,New Product,2025-06-12,23.0,1,1,0,0,0.0,0,0.0,0,0.0,,
CAMP02269,C0536,Birthday,2025-05-14,20.25,1,1,0,0,0.0,0,0.0,0,0.0,,
CAMP02270,C0826,Loyalty,2024-09-15,18.0,1,0,0,0,0.0,0,0.0,0,0.0,,
CAMP02271,C0579,Birthday,2024-04-15,22.0,1,1,1,0,0.0,0,0.0,0,0.0,,
CAMP02272,C0416,Festival,2026-07-28,27.25,1,1,0,0,0.0,0,0.0,0,0.0,,
CAMP02273,C0499,Festival,2025-09-14,27.25,1,0,0,1,5049.72,1,5049.72,1,5049.72,3,1683.24
CAMP02274,C0808,New Product,2026-07-18,23.0,1,0,0,0,0.0,0,0.0,0,0.0,,
CAMP02275,C0501,Birthday,2025-04-29,22.0,0,0,0,0,0.0,1,1259.51,1,6864.51,13,1259.51
CAMP02276,C0954,Festival,2026-08-18,27.25,1,1,0,0,0.0,0,0.0,0,0.0,,
CAMP02277,C0742,Discount,2026-07-19,19.75,1,0,0,0,0.0,0,0.0,0,0.0,,
CAMP02278,C0727,Win-back,2026-05-15,32.75,1,0,0,1,1004.44,1,1004.44,1,2882.3,2,502.22
CAMP02279,C0848,New Product,2026-05-09,23.0,1,1,0,1,843.5,1,843.5,1,3100.38,1,421.75
CAMP02280,C0609,New Product,2024-07-25,23.0,1,0,0,0,0.0,0,0.0,0,0.0,,
CAMP02281,C0484,Win-back,2024-12-27,27.5,1,1,1,0,0.0,0,0.0,0,0.0,,
CAMP02282,C0555,Win-back,2026-08-11,31.0,1,0,0,0,0.0,0,0.0,0,0.0,,
CAMP02283,C0355,Festival,2025-12-01,29.0,1,0,0,0,0.0,0,0.0,1,2834.82,18,1258.58
CAMP02284,C0539,Festival,2025-12-29,27.25,1,1,0,0,0.0,0,0.0,0,0.0,,
CAMP02285,C0655,Discount,2025-05-01,25.0,1,0,0,0,0.0,0,0.0,1,1494.91,18,1494.91
CAMP02286,C0960,New Product,2026-04-24,23.0,1,0,0,0,0.0,0,0.0,1,3508.1800000000003,15,2104.08
CAMP02287,C0893,Discount,2025-12-09,21.5,0,0,0,0,0.0,0,0.0,1,5756.4,19,1212.12
CAMP02288,C0369,Festival,2025-09-25,29.0,1,0,0,0,0.0,1,2091.1,1,5207.54,10,2091.1
CAMP02289,C0265,Birthday,2026-08-07,20.25,1,0,0,0,0.0,0,0.0,0,0.0,,
CAMP02290,C0328,Loyalty,2024-08-01,22.0,1,1,0,0,0.0,0,0.0,1,2860.98,29,953.66
CAMP02291,C0902,Birthday,2025-03-19,18.5,1,0,0,0,0.0,0,0.0,0,0.0,,
CAMP02292,C0449,Birthday,2026-03-09,18.5,0,0,0,0,0.0,0,0.0,0,0.0,,
CAMP02293,C0894,Festival,2026-07-25,25.5,1,1,0,0,0.0,0,0.0,0,0.0,,
CAMP02294,C0227,Birthday,2026-03-09,22.0,1,0,0,1,597.87,1,597.87,1,4186.76,1,597.87
CAMP02295,C0608,Win-back,2025-11-16,29.25,1,1,0,0,0.0,0,0.0,0,0.0,,
CAMP02296,C0037,Discount,2024-11-27,19.75,1,0,0,0,0.0,0,0.0,0,0.0,,
CAMP02297,C0378,Birthday,2026-07-05,22.0,1,0,0,0,0.0,0,0.0,1,1077.03,19,563.88
CAMP02298,C0221,Loyalty,2026-07-29,22.0,1,1,0,0,0.0,0,0.0,0,0.0,,
CAMP02299,C0680,Loyalty,2024-07-18,22.0,1,1,0,0,0.0,0,0.0,1,1449.01,15,391.87
CAMP02300,C0607,Birthday,2026-04-17,18.5,0,0,0,0,0.0,0,0.0,1,6618.23,17,1004.52
CAMP02301,C0449,New Product,2026-04-22,23.0,1,1,1,0,0.0,0,0.0,1,2194.4,17,370.42
CAMP02302,C0544,Festival,2026-04-23,27.25,1,0,0,0,0.0,0,0.0,0,0.0,,
CAMP02303,C0088,Loyalty,2026-06-30,22.0,0,0,0,0,0.0,0,0.0,0,0.0,,
CAMP02304,C0813,Festival,2026-06-03,30.75,0,0,0,0,0.0,0,0.0,0,0.0,,
CAMP02305,C0895,Loyalty,2025-12-10,18.0,1,0,0,0,0.0,0,0.0,1,14485.55,16,3448.15
CAMP02306,C0360,Birthday,2023-11-11,20.25,1,0,0,0,0.0,0,0.0,0,0.0,,
CAMP02307,C0395,Birthday,2024-11-22,18.5,1,1,0,0,0.0,1,707.98,1,707.98,10,707.98
CAMP02308,C0840,Win-back,2025-11-02,27.5,1,0,0,1,456.36,1,1749.26,1,5313.54,1,456.36
CAMP02309,C0027,Discount,2025-11-12,25.0,1,1,0,0,0.0,0,0.0,0,0.0,,
CAMP02310,C0877,Festival,2026-08-05,27.25,1,1,1,0,0.0,0,0.0,0,0.0,,
CAMP02311,C0749,New Product,2026-07-12,23.0,1,0,0,0,0.0,0,0.0,0,0.0,,
CAMP02312,C0406,Loyalty,2024-09-18,22.0,1,0,0,0,0.0,0,0.0,0,0.0,,
CAMP02313,C0097,Festival,2025-11-24,32.5,1,1,1,0,0.0,0,0.0,0,0.0,,
CAMP02314,C0604,New Product,2026-03-16,23.0,1,1,0,0,0.0,1,3987.81,1,5409.7300000000005,12,1329.27
CAMP02315,C0186,New Product,2025-01-23,23.0,0,0,0,0,0.0,0,0.0,0,0.0,,
CAMP02316,C0408,Loyalty,2025-02-16,16.0,1,0,0,0,0.0,0,0.0,0,0.0,,
CAMP02317,C0730,Festival,2025-07-19,27.25,1,1,0,0,0.0,1,1598.24,1,5282.68,10,1598.24
CAMP02318,C0044,Festival,2025-07-15,29.0,1,0,0,0,0.0,0,0.0,0,0.0,,
CAMP02319,C0562,Birthday,2025-10-09,22.0,1,0,0,0,0.0,0,0.0,0,0.0,,
CAMP02320,C0011,Discount,2024-05-13,25.0,1,0,0,1,2560.3500000000004,1,2560.3500000000004,1,2560.3500000000004,7,853.45
CAMP02321,C0240,New Product,2025-12-10,23.0,1,0,0,0,0.0,0,0.0,1,1815.43,15,1815.43
CAMP02322,C0089,New Product,2026-07-27,23.0,1,1,0,0,0.0,0,0.0,0,0.0,,
CAMP02323,C0576,Loyalty,2026-03-24,14.0,1,0,0,0,0.0,0,0.0,1,1855.52,18,927.76
CAMP02324,C0901,New Product,2026-05-16,23.0,1,0,0,0,0.0,0,0.0,0,0.0,,
CAMP02325,C0722,Discount,2026-07-22,25.0,1,0,0,0,0.0,0,0.0,0,0.0,,
CAMP02326,C0350,New Product,2024-10-09,23.0,1,0,0,0,0.0,0,0.0,0,0.0,,
CAMP02327,C0958,Discount,2026-03-07,21.5,1,0,0,0,0.0,0,0.0,1,444.62,25,444.62
CAMP02328,C0735,Birthday,2026-08-09,22.0,1,0,0,0,0.0,0,0.0,0,0.0,,
CAMP02329,C0086,Festival,2025-07-21,27.25,1,1,0,0,0.0,0,0.0,0,0.0,,
CAMP02330,C0918,Birthday,2025-09-27,20.25,1,0,0,0,0.0,0,0.0,1,1579.63,22,1579.63
CAMP02331,C0112,Loyalty,2025-07-31,16.0,1,0,0,1,8726.720000000001,1,8726.720000000001,1,13580.53,1,1003.81
CAMP02332,C0987,Festival,2026-02-07,25.5,1,0,0,0,0.0,0,0.0,0,0.0,,
CAMP02333,C0872,Festival,2025-02-18,25.5,1,1,0,0,0.0,0,0.0,0,0.0,,
CAMP02334,C0031,Festival,2024-02-02,32.5,1,0,0,0,0.0,0,0.0,0,0.0,,
CAMP02335,C0967,Festival,2026-04-15,30.75,1,0,0,0,0.0,0,0.0,0,0.0,,
CAMP02336,C0464,Birthday,2025-11-28,18.5,1,0,0,1,7625.76,1,11070.02,1,18680.480000000003,4,1906.44
CAMP02337,C0932,Birthday,2024-12-21,18.5,1,1,1,0,0.0,0,0.0,1,5027.97,22,1675.99
CAMP02338,C0902,Loyalty,2025-08-21,22.0,1,0,0,0,0.0,0,0.0,1,3228.08,24,1614.04
CAMP02339,C0056,New Product,2026-07-31,23.0,1,0,0,1,904.1,1,2999.52,1,2999.52,6,904.1
CAMP02340,C0138,Festival,2026-04-16,30.75,1,0,0,0,0.0,0,0.0,1,12044.7,17,2074.49
CAMP02341,C0661,Win-back,2023-10-12,29.25,1,0,0,0,0.0,0,0.0,0,0.0,,
CAMP02342,C0045,Discount,2025-09-11,25.0,1,0,0,0,0.0,0,0.0,0,0.0,,
CAMP02343,C0299,Festival,2026-02-08,25.5,1,1,0,0,0.0,0,0.0,1,2566.16,17,1283.08
CAMP02344,C0666,Discount,2025-06-14,23.25,1,1,0,1,4320.93,1,4320.93,1,4320.93,1,1440.31
CAMP02345,C0873,Win-back,2026-04-20,31.0,1,0,0,1,412.67,1,412.67,1,1588.31,1,412.67
CAMP02346,C0876,Birthday,2025-09-11,22.0,1,1,0,0,0.0,1,1674.77,1,9713.329999999998,12,489.13
CAMP02347,C0930,Loyalty,2026-06-15,22.0,1,0,0,1,1776.02,1,1776.02,1,2842.92,7,888.01
CAMP02348,C0228,Win-back,2024-08-04,27.5,1,0,0,0,0.0,0,0.0,1,990.92,23,495.46
CAMP02349,C0848,Loyalty,2025-10-14,14.0,1,0,0,0,0.0,0,0.0,0,0.0,,
CAMP02350,C0892,Discount,2026-08-18,25.0,1,0,0,0,0.0,0,0.0,0,0.0,,
CAMP02351,C0408,New Product,2025-10-31,23.0,1,0,0,1,1957.54,1,1957.54,1,5514.28,7,978.77
CAMP02352,C0646,Loyalty,2024-05-29,18.0,1,0,0,0,0.0,0,0.0,0,0.0,,
CAMP02353,C0264,Festival,2025-10-05,27.25,1,0,0,0,0.0,0,0.0,1,5313.94,18,446.89
CAMP02354,C0539,New Product,2026-02-05,23.0,1,0,0,0,0.0,0,0.0,0,0.0,,
CAMP02355,C0112,New Product,2026-01-02,23.0,1,0,0,0,0.0,0,0.0,1,2800.64,29,1400.32
CAMP02356,C0393,Discount,2024-09-14,21.5,1,1,1,0,0.0,0,0.0,0,0.0,,
CAMP02357,C0398,Win-back,2026-03-03,32.75,1,0,0,0,0.0,1,1188.37,1,7950.93,14,1188.37
CAMP02358,C0028,New Product,2026-01-29,23.0,1,0,0,0,0.0,0,0.0,1,3180.45,22,612.07
CAMP02359,C0155,Win-back,2025-09-04,32.75,1,0,0,0,0.0,0,0.0,0,0.0,,
CAMP02360,C0855,Discount,2026-08-21,23.25,1,0,0,0,0.0,0,0.0,0,0.0,,
CAMP02361,C0089,Birthday,2026-08-21,20.25,1,0,0,0,0.0,0,0.0,0,0.0,,
CAMP02362,C0544,Loyalty,2026-03-09,16.0,1,1,1,0,0.0,0,0.0,1,1461.75,21,1461.75
CAMP02363,C0935,Birthday,2025-12-31,18.5,1,1,0,0,0.0,0,0.0,0,0.0,,
CAMP02364,C0375,Birthday,2026-01-11,22.0,1,0,0,0,0.0,0,0.0,0,0.0,,
CAMP02365,C0834,Discount,2025-07-30,19.75,1,0,0,0,0.0,0,0.0,0,0.0,,
CAMP02366,C0275,Loyalty,2025-06-07,22.0,1,0,0,0,0.0,0,0.0,0,0.0,,
CAMP02367,C0919,Festival,2025-04-25,29.0,0,0,0,1,1283.3,1,1283.3,1,1283.3,1,641.65
CAMP02368,C0523,Win-back,2026-04-05,32.75,1,1,1,0,0.0,0,0.0,0,0.0,,
CAMP02369,C0344,Loyalty,2026-07-12,14.0,1,0,0,1,1755.14,1,1755.14,1,1755.14,4,877.57
CAMP02370,C0022,Festival,2025-12-21,32.5,1,0,0,0,0.0,0,0.0,1,735.51,22,735.51
CAMP02371,C0859,Loyalty,2024-12-19,14.0,0,0,0,0,0.0,1,2729.79,1,2729.79,11,909.93
CAMP02372,C0812,Loyalty,2025-12-15,16.0,1,0,0,0,0.0,0,0.0,0,0.0,,
CAMP02373,C0649,Birthday,2026-06-09,18.5,1,0,0,1,974.25,1,974.25,1,16011.3,3,974.25
CAMP02374,C0385,Win-back,2026-07-18,29.25,1,1,0,0,0.0,0,0.0,0,0.0,,
CAMP02375,C0314,New Product,2026-05-21,23.0,1,0,0,1,5089.42,1,6154.13,1,8738.72,4,2544.71
CAMP02376,C0574,Birthday,2026-05-21,20.25,1,0,0,0,0.0,0,0.0,0,0.0,,
CAMP02377,C0004,Festival,2026-04-10,32.5,0,0,0,0,0.0,0,0.0,1,3119.75,24,3119.75
CAMP02378,C0121,Festival,2026-01-29,27.25,1,0,0,0,0.0,0,0.0,0,0.0,,
CAMP02379,C0486,New Product,2025-08-13,23.0,1,0,0,1,1922.98,1,1922.98,1,1922.98,3,961.49
CAMP02380,C0347,Loyalty,2026-08-30,16.0,1,1,0,0,0.0,0,0.0,0,0.0,,
CAMP02381,C0628,Birthday,2026-07-02,22.0,1,0,0,0,0.0,0,0.0,0,0.0,,
CAMP02382,C0412,Loyalty,2026-05-09,16.0,1,0,0,1,3289.03,1,3289.03,1,3289.03,2,3289.03
CAMP02383,C0548,Birthday,2026-06-16,18.5,1,0,0,0,0.0,0,0.0,0,0.0,,
CAMP02384,C0801,Win-back,2025-01-25,32.75,1,0,0,0,0.0,0,0.0,0,0.0,,
CAMP02385,C0349,Birthday,2026-04-09,18.5,0,0,0,0,0.0,0,0.0,0,0.0,,
CAMP02386,C0070,Loyalty,2025-10-26,16.0,1,0,0,0,0.0,1,1135.33,1,1135.33,10,1135.33
CAMP02387,C0864,Discount,2026-05-09,19.75,1,0,0,0,0.0,0,0.0,0,0.0,,
CAMP02388,C0998,Discount,2026-03-11,21.5,1,0,0,0,0.0,0,0.0,1,6667.33,24,1975.36
CAMP02389,C0057,Festival,2024-08-14,29.0,1,1,0,0,0.0,0,0.0,1,2863.2,20,1431.6
CAMP02390,C0921,Loyalty,2026-08-06,18.0,1,0,0,0,0.0,0,0.0,0,0.0,,
CAMP02391,C0886,New Product,2026-02-01,23.0,1,0,0,0,0.0,1,1815.06,1,2862.43,13,907.53
CAMP02392,C0046,New Product,2026-03-24,23.0,1,0,0,0,0.0,0,0.0,1,3074.4,23,1024.8
CAMP02393,C0192,Festival,2025-06-20,32.5,1,0,0,0,0.0,0,0.0,0,0.0,,
CAMP02394,C0279,Win-back,2026-07-11,31.0,1,0,0,0,0.0,0,0.0,0,0.0,,
CAMP02395,C0378,Festival,2026-08-06,27.25,1,1,0,0,0.0,0,0.0,0,0.0,,
CAMP02396,C0534,Win-back,2025-08-11,27.5,1,1,0,0,0.0,1,2047.88,1,2738.63,11,652.74
CAMP02397,C0416,Discount,2026-08-18,21.5,1,0,0,0,0.0,0,0.0,0,0.0,,
CAMP02398,C0474,Birthday,2026-08-18,20.25,1,0,0,0,0.0,0,0.0,0,0.0,,
CAMP02399,C0873,Birthday,2025-09-05,18.5,1,0,0,1,809.36,1,809.36,1,3105.46,1,809.36
CAMP02400,C0813,New Product,2026-08-22,23.0,1,1,1,0,0.0,0,0.0,0,0.0,,
CAMP02401,C0489,Festival,2026-04-26,32.5,1,1,0,0,0.0,1,1606.86,1,1606.86,8,803.43
CAMP02402,C0216,Discount,2025-12-04,21.5,1,0,0,0,0.0,0,0.0,1,5093.04,25,1697.68
CAMP02403,C0229,Festival,2024-11-02,25.5,1,0,0,0,0.0,1,5734.72,1,5734.72,8,1433.68
CAMP02404,C0498,New Product,2026-07-03,23.0,1,0,0,1,1228.32,1,2228.35,1,4128.63,4,1228.32
CAMP02405,C0805,Discount,2026-05-04,21.5,1,0,0,0,0.0,0,0.0,1,1188.0,25,1188.0
CAMP02406,C0407,Festival,2026-07-29,32.5,1,0,0,1,1167.65,1,1167.65,1,1167.65,7,1167.65
CAMP02407,C0692,Festival,2026-01-03,27.25,1,0,0,0,0.0,0,0.0,0,0.0,,
CAMP02408,C0776,Loyalty,2026-05-04,14.0,1,0,0,0,0.0,0,0.0,1,2499.54,25,1249.77
CAMP02409,C0345,Win-back,2024-08-17,29.25,1,1,1,0,0.0,0,0.0,0,0.0,,
CAMP02410,C0358,Win-back,2026-06-18,32.75,1,0,0,0,0.0,0,0.0,1,1024.76,24,512.38
CAMP02411,C0019,Festival,2026-07-23,27.25,1,1,0,1,1309.54,1,1309.54,1,5067.900000000001,2,1309.54
CAMP02412,C0207,Discount,2026-06-03,23.25,1,0,0,0,0.0,0,0.0,1,5012.200000000001,21,1350.38
CAMP02413,C0159,Win-back,2025-11-17,32.75,1,1,0,0,0.0,0,0.0,1,1034.66,26,1034.66
CAMP02414,C0918,Festival,2026-04-21,30.75,1,0,0,0,0.0,0,0.0,0,0.0,,
CAMP02415,C0602,New Product,2026-08-28,23.0,0,0,0,0,0.0,0,0.0,0,0.0,,
CAMP02416,C0813,Win-back,2026-08-15,32.75,1,0,0,0,0.0,0,0.0,0,0.0,,
CAMP02417,C0995,New Product,2026-06-24,23.0,1,0,0,0,0.0,0,0.0,0,0.0,,
CAMP02418,C0317,Loyalty,2026-05-19,16.0,1,0,0,1,1745.32,1,7988.849999999999,1,7988.849999999999,3,872.66
CAMP02419,C0831,Festival,2026-08-12,32.5,1,0,0,0,0.0,0,0.0,0,0.0,,
CAMP02420,C0697,Birthday,2024-09-07,20.25,1,0,0,0,0.0,0,0.0,0,0.0,,
CAMP02421,C0297,Birthday,2026-07-31,22.0,1,0,0,0,0.0,0,0.0,0,0.0,,
CAMP02422,C0635,Win-back,2025-08-07,31.0,1,0,0,0,0.0,0,0.0,0,0.0,,
CAMP02423,C0866,Birthday,2026-07-14,20.25,1,0,0,1,1727.77,1,1727.77,1,10621.11,5,1727.77
CAMP02424,C0287,New Product,2025-09-04,23.0,1,0,0,0,0.0,0,0.0,1,3292.3,24,1320.44
CAMP02425,C0313,Birthday,2026-05-05,18.5,1,1,0,1,1245.68,1,1245.68,1,4060.96,2,1245.68
CAMP02426,C0274,Loyalty,2023-12-07,18.0,1,0,0,0,0.0,0,0.0,0,0.0,,
CAMP02427,C0834,Festival,2026-07-08,30.75,1,0,0,0,0.0,1,1719.67,1,3517.6900000000005,8,1719.67
CAMP02428,C0810,Win-back,2025-01-03,31.0,1,0,0,0,0.0,0,0.0,0,0.0,,
CAMP02429,C0125,Win-back,2026-04-14,32.75,1,1,0,1,858.92,1,858.92,1,858.92,2,858.92
CAMP02430,C0671,Win-back,2025-08-26,32.75,1,1,0,0,0.0,0,0.0,0,0.0,,
CAMP02431,C0059,Festival,2026-02-22,27.25,0,0,0,1,1569.7,1,1569.7,1,2319.35,7,784.85
CAMP02432,C0693,Win-back,2026-07-25,29.25,1,1,0,0,0.0,0,0.0,0,0.0,,
CAMP02433,C0873,Loyalty,2024-12-26,14.0,1,1,0,0,0.0,0,0.0,1,4006.1,18,2003.05
CAMP02434,C0928,Win-back,2026-05-13,29.25,1,0,0,0,0.0,1,2936.88,1,13460.87,13,978.96
CAMP02435,C0361,Festival,2025-06-23,25.5,1,1,0,0,0.0,1,6729.860000000001,1,11237.04,11,1049.51
CAMP02436,C0217,New Product,2025-10-28,23.0,1,0,0,0,0.0,1,3883.08,1,7169.09,10,3222.93
CAMP02437,C0173,Discount,2026-04-11,19.75,1,1,1,0,0.0,1,872.1,1,1683.14,8,872.1
CAMP02438,C0757,Birthday,2025-07-28,18.5,1,0,0,1,1708.66,1,1708.66,1,7868.11,5,1708.66
CAMP02439,C0502,Festival,2026-06-16,30.75,1,0,0,1,3208.52,1,4631.11,1,4631.11,4,1604.26
CAMP02440,C0700,Birthday,2023-11-24,18.5,1,1,1,0,0.0,0,0.0,1,1048.0,30,1048.0
CAMP02441,C0759,New Product,2025-04-10,23.0,1,0,0,0,0.0,0,0.0,1,1836.14,28,1836.14
CAMP02442,C0112,Festival,2026-04-21,29.0,1,0,0,0,0.0,0,0.0,0,0.0,,
CAMP02443,C0950,Win-back,2025-12-17,29.25,1,0,0,1,2574.62,1,2574.62,1,3224.37,5,2574.62
CAMP02444,C0764,Win-back,2026-07-10,31.0,1,1,1,1,1759.74,1,1759.74,1,4674.18,6,879.87
CAMP02445,C0019,Loyalty,2026-08-11,16.0,1,1,0,1,3758.36,1,3758.36,1,3758.36,4,1879.18
CAMP02446,C0173,New Product,2025-10-15,23.0,1,0,0,0,0.0,1,922.04,1,922.04,13,461.02
CAMP02447,C0490,Birthday,2025-10-02,22.0,1,0,0,1,3495.52,1,5100.56,1,10238.15,2,873.88
CAMP02448,C0278,New Product,2026-06-29,23.0,1,0,0,0,0.0,1,822.49,1,822.49,13,822.49
CAMP02449,C0124,Win-back,2025-05-08,27.5,1,0,0,0,0.0,1,6888.450000000001,1,6888.450000000001,8,2296.15
CAMP02450,C0603,Loyalty,2024-04-10,22.0,1,0,0,0,0.0,0,0.0,0,0.0,,
CAMP02451,C0560,Birthday,2026-08-24,22.0,1,0,0,0,0.0,0,0.0,0,0.0,,
CAMP02452,C0345,Birthday,2026-01-28,18.5,0,0,0,0,0.0,0,0.0,0,0.0,,
CAMP02453,C0427,Birthday,2025-11-11,18.5,1,1,0,0,0.0,0,0.0,1,4944.200000000001,16,739.12
CAMP02454,C0638,Discount,2026-08-22,25.0,1,1,0,0,0.0,0,0.0,0,0.0,,
CAMP02455,C0363,Festival,2026-04-25,29.0,1,1,0,0,0.0,0,0.0,1,2398.62,16,799.54
CAMP02456,C0510,New Product,2024-08-03,23.0,1,0,0,0,0.0,0,0.0,1,5466.82,18,2733.41
CAMP02457,C0451,Birthday,2026-08-23,20.25,1,0,0,0,0.0,0,0.0,0,0.0,,
CAMP02458,C0965,New Product,2026-02-16,23.0,1,1,1,0,0.0,1,941.89,1,4446.849999999999,12,941.89
CAMP02459,C0200,Win-back,2024-04-24,32.75,1,1,0,1,5031.68,1,5031.68,1,5031.68,5,2515.84
CAMP02460,C0437,Loyalty,2026-07-13,22.0,1,0,0,0,0.0,0,0.0,0,0.0,,
CAMP02461,C0503,Loyalty,2024-09-25,18.0,1,1,0,1,783.3,1,2495.1,1,2495.1,6,783.3
CAMP02462,C0331,Loyalty,2026-05-05,22.0,1,0,0,0,0.0,0,0.0,0,0.0,,
CAMP02463,C0491,Birthday,2026-08-14,22.0,1,1,0,1,2266.94,1,2266.94,1,2266.94,3,1133.47
CAMP02464,C0718,New Product,2025-01-30,23.0,1,1,1,0,0.0,0,0.0,0,0.0,,
CAMP02465,C0720,Loyalty,2026-05-18,14.0,1,1,0,0,0.0,0,0.0,0,0.0,,
CAMP02466,C0150,Festival,2024-11-02,27.25,0,0,0,1,1767.34,1,1767.34,1,1767.34,1,1767.34
CAMP02467,C0300,Birthday,2026-07-05,18.5,1,1,0,0,0.0,0,0.0,0,0.0,,
CAMP02468,C0617,New Product,2025-11-01,23.0,1,0,0,0,0.0,1,4352.95,1,5480.93,8,1148.08
CAMP02469,C0742,Win-back,2026-07-14,31.0,1,0,0,0,0.0,0,0.0,0,0.0,,
CAMP02470,C0692,New Product,2026-08-20,23.0,1,0,0,0,0.0,0,0.0,0,0.0,,
CAMP02471,C0570,New Product,2026-02-17,23.0,1,0,0,1,3370.82,1,6777.46,1,13155.11,3,1685.41
CAMP02472,C0819,Loyalty,2025-10-25,18.0,1,1,1,1,4976.48,1,6813.92,1,9123.03,1,2033.39
CAMP02473,C0499,Birthday,2026-03-24,18.5,1,0,0,0,0.0,0,0.0,0,0.0,,
CAMP02474,C0761,Festival,2025-12-05,32.5,1,1,0,0,0.0,0,0.0,1,2063.38,27,2063.38
CAMP02475,C0812,Discount,2025-10-02,23.25,1,1,0,0,0.0,0,0.0,0,0.0,,
CAMP02476,C0900,Birthday,2026-01-13,18.5,1,0,0,1,1614.37,1,24140.43,1,26681.54,5,1614.37
CAMP02477,C0028,New Product,2025-12-03,23.0,1,0,0,1,465.48,1,3953.72,1,6070.150000000001,1,465.48
CAMP02478,C0589,New Product,2026-01-04,23.0,1,0,0,1,709.66,1,709.66,1,4972.679999999999,6,709.66
CAMP02479,C0275,Win-back,2025-08-15,29.25,1,1,0,0,0.0,0,0.0,0,0.0,,
CAMP02480,C0309,Loyalty,2025-01-19,18.0,1,0,0,0,0.0,0,0.0,1,343.71,25,343.71
CAMP02481,C0924,Loyalty,2026-07-28,22.0,1,1,0,0,0.0,0,0.0,0,0.0,,
CAMP02482,C0510,Discount,2024-08-24,23.25,1,0,0,0,0.0,0,0.0,1,5494.280000000001,16,938.91
CAMP02483,C0033,Birthday,2025-11-11,22.0,1,1,0,0,0.0,0,0.0,0,0.0,,
CAMP02484,C0115,New Product,2025-09-12,23.0,0,0,0,0,0.0,0,0.0,0,0.0,,
CAMP02485,C0647,Birthday,2026-06-14,20.25,1,0,0,0,0.0,0,0.0,0,0.0,,
CAMP02486,C0831,Birthday,2026-06-25,22.0,0,0,0,1,2419.48,1,5452.82,1,7967.6,7,2419.48
CAMP02487,C0859,Birthday,2026-01-10,18.5,1,0,0,1,3830.16,1,3830.16,1,3830.16,3,1289.52
CAMP02488,C0523,Discount,2025-02-28,19.75,0,0,0,0,0.0,0,0.0,0,0.0,,
CAMP02489,C0131,Discount,2026-07-03,21.5,1,0,0,1,1426.86,1,1426.86,1,1426.86,2,713.43
CAMP02490,C0342,Discount,2025-12-08,19.75,1,0,0,0,0.0,0,0.0,0,0.0,,
CAMP02491,C0892,Festival,2026-08-30,25.5,1,0,0,0,0.0,0,0.0,0,0.0,,
CAMP02492,C0531,Loyalty,2025-09-17,16.0,1,0,0,0,0.0,0,0.0,1,7548.18,26,3774.09
CAMP02493,C0493,Loyalty,2025-06-30,14.0,1,0,0,0,0.0,0,0.0,0,0.0,,
CAMP02494,C0608,Festival,2025-02-27,29.0,1,1,0,0,0.0,0,0.0,0,0.0,,
CAMP02495,C0678,Festival,2024-07-09,32.5,1,0,0,0,0.0,0,0.0,0,0.0,,
CAMP02496,C0298,Festival,2026-07-15,27.25,1,0,0,0,0.0,0,0.0,0,0.0,,
CAMP02497,C0462,Festival,2026-03-29,27.25,0,0,0,0,0.0,0,0.0,0,0.0,,
CAMP02498,C0205,Discount,2025-06-24,19.75,1,0,0,0,0.0,0,0.0,0,0.0,,
CAMP02499,C0883,Loyalty,2025-07-19,14.0,1,0,0,0,0.0,0,0.0,1,1322.12,30,1322.12
CAMP02500,C0785,Loyalty,2026-08-22,16.0,1,0,0,0,0.0,0,0.0,0,0.0,,
CAMP02501,C0743,Birthday,2025-10-06,18.5,1,0,0,1,3137.82,1,3137.82,1,6267.33,7,1045.94
CAMP02502,C0251,Birthday,2026-08-14,20.25,1,0,0,0,0.0,0,0.0,0,0.0,,
CAMP02503,C0789,Festival,2025-11-04,25.5,0,0,0,1,2256.18,1,2256.18,1,2256.18,7,752.06
CAMP02504,C0752,Win-back,2025-05-28,27.5,0,0,0,1,952.53,1,3852.36,1,5224.01,5,952.53
CAMP02505,C0592,Festival,2026-03-10,25.5,1,1,1,0,0.0,0,0.0,0,0.0,,
CAMP02506,C0118,Discount,2025-02-10,21.5,1,0,0,0,0.0,0,0.0,0,0.0,,
CAMP02507,C0476,Festival,2025-07-24,25.5,1,0,0,0,0.0,0,0.0,0,0.0,,
CAMP02508,C0140,Discount,2025-02-03,21.5,1,0,0,0,0.0,0,0.0,1,2166.08,27,1083.04
CAMP02509,C0063,Discount,2026-03-29,21.5,1,0,0,0,0.0,0,0.0,0,0.0,,
CAMP02510,C0513,Win-back,2026-03-04,29.25,1,0,0,1,6506.08,1,6506.08,1,12084.52,4,1931.76
CAMP02511,C0864,Discount,2025-04-19,21.5,1,0,0,1,4350.36,1,6852.51,1,9782.79,5,2175.18
CAMP02512,C0928,Festival,2026-08-22,30.75,1,0,0,0,0.0,0,0.0,0,0.0,,
CAMP02513,C0722,Discount,2026-06-22,25.0,1,1,1,0,0.0,0,0.0,0,0.0,,
CAMP02514,C0412,Birthday,2026-03-16,22.0,1,0,0,1,805.13,1,805.13,1,2273.86,2,805.13
CAMP02515,C0320,Loyalty,2024-07-05,18.0,1,0,0,1,5387.4,1,5387.4,1,12156.419999999998,1,2693.7
CAMP02516,C0778,Win-back,2026-04-21,32.75,1,0,0,1,473.18,1,473.18,1,473.18,7,473.18
CAMP02517,C0546,New Product,2026-02-20,23.0,1,0,0,1,900.44,1,1691.13,1,1691.13,4,450.22
CAMP02518,C0036,Loyalty,2025-04-18,18.0,1,1,0,1,1942.4,1,1942.4,1,2923.07,1,1942.4
CAMP02519,C0190,New Product,2025-11-06,23.0,1,1,1,0,0.0,0,0.0,1,1448.19,28,482.73
CAMP02520,C0292,Birthday,2026-02-24,18.5,1,1,1,1,909.94,1,909.94,1,4069.39,6,909.94
CAMP02521,C0004,Discount,2025-10-08,21.5,1,0,0,0,0.0,0,0.0,0,0.0,,
CAMP02522,C0717,Birthday,2026-05-18,18.5,1,1,1,1,304.14,1,304.14,1,857.9499999999999,4,304.14
CAMP02523,C0182,Loyalty,2026-06-03,18.0,1,1,0,0,0.0,0,0.0,1,2120.92,20,1147.63
CAMP02524,C0966,New Product,2026-08-30,23.0,1,0,0,0,0.0,0,0.0,0,0.0,,
CAMP02525,C0875,New Product,2025-11-11,23.0,0,0,0,0,0.0,0,0.0,1,6092.360000000001,19,1876.9
CAMP02526,C0215,Festival,2026-07-13,25.5,1,1,0,0,0.0,0,0.0,0,0.0,,
CAMP02527,C0194,Festival,2025-01-04,27.25,1,0,0,0,0.0,0,0.0,0,0.0,,
CAMP02528,C0063,New Product,2026-08-20,23.0,1,0,0,0,0.0,0,0.0,0,0.0,,
CAMP02529,C0998,Festival,2026-01-15,30.75,1,0,0,1,1367.35,1,1367.35,1,1367.35,7,1367.35
CAMP02530,C0219,Loyalty,2026-01-06,22.0,1,1,1,0,0.0,1,2651.12,1,2651.12,9,1325.56
CAMP02531,C0297,Win-back,2026-06-18,31.0,1,1,0,0,0.0,1,2319.96,1,4120.34,8,1159.98
CAMP02532,C0029,Loyalty,2023-12-06,22.0,1,0,0,1,948.62,1,948.62,1,948.62,2,474.31
CAMP02533,C0002,Discount,2026-02-25,25.0,1,1,0,1,557.89,1,557.89,1,2128.46,7,557.89
CAMP02534,C0305,Loyalty,2026-05-02,14.0,0,0,0,0,0.0,1,643.19,1,1535.5700000000002,12,643.19
CAMP02535,C0483,New Product,2025-09-19,23.0,1,0,0,0,0.0,0,0.0,0,0.0,,
CAMP02536,C0773,New Product,2025-07-04,23.0,1,0,0,0,0.0,0,0.0,0,0.0,,
CAMP02537,C0865,Discount,2026-06-05,19.75,1,1,1,0,0.0,0,0.0,1,2590.83,27,1792.75
CAMP02538,C0406,Discount,2026-08-10,23.25,0,0,0,0,0.0,0,0.0,0,0.0,,
CAMP02539,C0458,Discount,2025-10-15,25.0,1,1,1,1,4426.860000000001,1,4426.860000000001,1,11533.94,2,1065.38
CAMP02540,C0817,Win-back,2026-01-19,31.0,1,0,0,1,1012.08,1,1012.08,1,1012.08,4,1012.08
CAMP02541,C0198,New Product,2025-06-01,23.0,1,1,0,0,0.0,0,0.0,0,0.0,,
CAMP02542,C0908,Loyalty,2025-05-15,18.0,1,0,0,0,0.0,0,0.0,0,0.0,,
CAMP02543,C0339,Loyalty,2026-03-30,14.0,1,0,0,0,0.0,0,0.0,0,0.0,,
CAMP02544,C0499,Festival,2025-09-08,25.5,1,1,0,1,802.28,1,5852.0,1,5852.0,4,401.14
CAMP02545,C0836,Birthday,2026-01-27,22.0,1,0,0,0,0.0,0,0.0,1,1455.68,27,1455.68
CAMP02546,C0259,New Product,2026-07-01,23.0,1,0,0,0,0.0,1,3860.76,1,6249.66,11,1286.92
CAMP02547,C0426,Loyalty,2025-07-22,14.0,1,0,0,0,0.0,0,0.0,1,2383.54,20,1191.77
CAMP02548,C0597,Win-back,2026-06-18,29.25,1,0,0,0,0.0,1,1189.92,1,1189.92,8,1189.92
CAMP02549,C0815,Festival,2026-01-05,32.5,1,0,0,1,1327.8,1,1327.8,1,1327.8,5,663.9
CAMP02550,C0858,Birthday,2026-06-16,18.5,1,0,0,0,0.0,0,0.0,0,0.0,,
CAMP02551,C0353,Discount,2026-06-06,19.75,1,1,0,0,0.0,0,0.0,1,2181.48,20,1090.74
CAMP02552,C0299,New Product,2025-09-29,23.0,1,0,0,0,0.0,1,3113.55,1,3771.7,11,1037.85
CAMP02553,C0305,Birthday,2026-03-24,20.25,1,0,0,0,0.0,0,0.0,0,0.0,,
CAMP02554,C0424,Birthday,2026-05-08,20.25,1,1,0,1,3451.8,1,3451.8,1,4700.04,7,1150.6
CAMP02555,C0877,Win-back,2026-07-06,32.75,1,0,0,0,0.0,0,0.0,0,0.0,,
CAMP02556,C0927,Festival,2026-06-08,27.25,0,0,0,0,0.0,0,0.0,0,0.0,,
CAMP02557,C0159,New Product,2025-06-10,23.0,1,0,0,1,879.63,1,879.63,1,879.63,5,879.63
CAMP02558,C0761,Birthday,2025-08-07,20.25,1,1,1,0,0.0,0,0.0,0,0.0,,
CAMP02559,C0834,Loyalty,2025-09-11,22.0,1,0,0,1,1332.02,1,1332.02,1,1332.02,1,1332.02
CAMP02560,C0131,Birthday,2026-08-09,20.25,1,0,0,0,0.0,0,0.0,0,0.0,,
CAMP02561,C0027,Discount,2026-06-06,25.0,1,1,0,0,0.0,0,0.0,0,0.0,,
CAMP02562,C0085,Win-back,2026-03-11,32.75,1,1,0,0,0.0,0,0.0,1,4422.42,30,1474.14
CAMP02563,C0950,Festival,2025-09-14,29.0,1,0,0,1,1401.83,1,1401.83,1,1401.83,5,1401.83
CAMP02564,C0400,Discount,2026-04-18,19.75,1,0,0,0,0.0,0,0.0,0,0.0,,
CAMP02565,C0890,Win-back,2025-04-23,29.25,1,0,0,0,0.0,1,2022.04,1,2022.04,9,1011.02
CAMP02566,C0280,Win-back,2025-07-02,31.0,0,0,0,0,0.0,0,0.0,0,0.0,,
CAMP02567,C0740,New Product,2026-07-23,23.0,1,0,0,0,0.0,0,0.0,1,4059.52,23,2029.76
CAMP02568,C0334,Festival,2023-12-31,25.5,1,0,0,0,0.0,0,0.0,0,0.0,,
CAMP02569,C0088,Birthday,2026-08-19,18.5,1,0,0,0,0.0,0,0.0,0,0.0,,
CAMP02570,C0319,Loyalty,2024-12-31,14.0,1,0,0,0,0.0,0,0.0,0,0.0,,
CAMP02571,C0839,Discount,2025-12-27,19.75,1,0,0,0,0.0,1,3656.54,1,4887.07,8,1828.27
CAMP02572,C0810,New Product,2025-10-21,23.0,1,0,0,0,0.0,0,0.0,0,0.0,,
CAMP02573,C0512,Discount,2026-08-18,25.0,1,1,0,0,0.0,0,0.0,0,0.0,,
CAMP02574,C0650,New Product,2026-08-26,23.0,1,0,0,0,0.0,0,0.0,0,0.0,,
CAMP02575,C0683,Win-back,2024-01-16,29.25,1,0,0,0,0.0,0,0.0,0,0.0,,
CAMP02576,C0842,Win-back,2026-08-23,31.0,1,0,0,0,0.0,0,0.0,0,0.0,,
CAMP02577,C0227,Loyalty,2025-03-10,14.0,1,0,0,0,0.0,0,0.0,0,0.0,,
CAMP02578,C0301,Loyalty,2026-03-12,16.0,1,0,0,1,1692.58,1,3394.77,1,3394.77,7,1692.58
CAMP02579,C0075,New Product,2026-07-03,23.0,1,0,0,0,0.0,1,1126.46,1,1126.46,9,1126.46
CAMP02580,C0756,Festival,2024-12-09,25.5,1,0,0,0,0.0,0,0.0,0,0.0,,
CAMP02581,C0790,New Product,2026-07-16,23.0,0,0,0,0,0.0,0,0.0,0,0.0,,
CAMP02582,C0402,Loyalty,2025-12-31,18.0,1,0,0,1,758.13,1,758.13,1,758.13,1,758.13
CAMP02583,C0083,Festival,2025-06-29,32.5,1,1,0,0,0.0,0,0.0,1,6147.740000000001,17,923.19
CAMP02584,C0888,Discount,2026-07-29,23.25,1,0,0,1,560.09,1,560.09,1,560.09,4,560.09
CAMP02585,C0233,New Product,2024-09-22,23.0,1,1,0,0,0.0,0,0.0,0,0.0,,
CAMP02586,C0544,Win-back,2025-02-12,31.0,1,1,0,0,0.0,0,0.0,0,0.0,,
CAMP02587,C0266,Festival,2024-09-11,27.25,1,0,0,0,0.0,0,0.0,0,0.0,,
CAMP02588,C0871,New Product,2026-01-04,23.0,1,0,0,0,0.0,1,1888.67,1,3806.49,8,1888.67
CAMP02589,C0466,New Product,2025-05-24,23.0,1,0,0,0,0.0,0,0.0,1,1181.82,18,1181.82
CAMP02590,C0429,Loyalty,2026-06-23,16.0,1,1,1,1,2260.13,1,2260.13,1,2260.13,2,2260.13
CAMP02591,C0335,Loyalty,2025-01-07,14.0,0,0,0,0,0.0,0,0.0,0,0.0,,
CAMP02592,C0142,Festival,2026-03-13,27.25,1,0,0,0,0.0,0,0.0,0,0.0,,
CAMP02593,C0282,Loyalty,2026-04-29,18.0,1,0,0,0,0.0,0,0.0,0,0.0,,
CAMP02594,C0096,Birthday,2025-06-12,20.25,1,1,0,0,0.0,1,1580.23,1,3280.3,9,1580.23
CAMP02595,C0509,Birthday,2025-06-14,18.5,1,0,0,0,0.0,1,3107.28,1,3107.28,10,1553.64
CAMP02596,C0208,Birthday,2026-04-23,20.25,1,0,0,0,0.0,0,0.0,0,0.0,,
CAMP02597,C0176,Birthday,2026-08-06,20.25,1,1,1,1,6309.84,1,6309.84,1,6309.84,4,2103.28
CAMP02598,C0385,Birthday,2026-04-16,18.5,1,0,0,0,0.0,0,0.0,0,0.0,,
CAMP02599,C0404,Birthday,2026-05-23,22.0,1,1,0,0,0.0,1,1730.8,1,1730.8,10,865.4
CAMP02600,C0827,Festival,2025-04-25,29.0,1,0,0,0,0.0,0,0.0,1,3130.98,27,1175.05
CAMP02601,C0053,Discount,2024-09-28,23.25,1,0,0,0,0.0,0,0.0,0,0.0,,
CAMP02602,C0560,Festival,2026-08-01,27.25,1,0,0,0,0.0,0,0.0,0,0.0,,
CAMP02603,C0388,New Product,2025-09-15,23.0,1,1,0,0,0.0,1,948.58,1,948.58,14,474.29
CAMP02604,C0856,Festival,2026-08-26,25.5,1,1,1,0,0.0,0,0.0,0,0.0,,
CAMP02605,C0738,New Product,2025-08-30,23.0,0,0,0,1,1325.05,1,1325.05,1,1325.05,3,1325.05
CAMP02606,C0470,Win-back,2026-07-21,31.0,1,1,0,0,0.0,1,480.35,1,480.35,11,480.35
CAMP02607,C0914,Birthday,2025-08-25,20.25,1,0,0,1,2342.73,1,2342.73,1,2342.73,5,780.91
CAMP02608,C0209,Birthday,2024-03-31,20.25,1,1,1,0,0.0,0,0.0,1,1049.55,26,1049.55
CAMP02609,C0443,Win-back,2026-02-18,31.0,1,1,0,0,0.0,0,0.0,0,0.0,,
CAMP02610,C0524,Festival,2026-02-23,30.75,1,1,0,1,1521.45,1,1521.45,1,4521.21,3,1521.45
CAMP02611,C0687,Loyalty,2024-07-20,18.0,1,0,0,0,0.0,0,0.0,0,0.0,,
CAMP02612,C0848,Festival,2026-02-22,27.25,1,0,0,1,4632.619999999999,1,5651.56,1,6197.369999999999,3,742.21
CAMP02613,C0442,Discount,2026-08-20,25.0,1,0,0,0,0.0,0,0.0,0,0.0,,
CAMP02614,C0842,New Product,2026-06-03,23.0,1,0,0,0,0.0,0,0.0,1,2203.41,26,734.47
CAMP02615,C0730,Festival,2025-04-30,32.5,1,1,1,1,4806.88,1,4806.88,1,6010.33,1,2403.44
CAMP02616,C0499,Loyalty,2025-12-22,14.0,1,1,1,0,0.0,0,0.0,0,0.0,,
CAMP02617,C0222,Festival,2025-10-01,25.5,1,1,0,1,672.01,1,1300.93,1,1994.07,2,672.01
CAMP02618,C0049,Discount,2026-08-15,21.5,1,0,0,0,0.0,0,0.0,0,0.0,,
CAMP02619,C0260,Loyalty,2025-07-29,14.0,1,0,0,1,1176.0,1,5551.83,1,5551.83,4,588.0
CAMP02620,C0546,Loyalty,2026-07-10,14.0,1,0,0,1,2293.32,1,2293.32,1,2293.32,2,764.44
CAMP02621,C0536,Loyalty,2026-01-31,14.0,1,0,0,1,3484.52,1,6634.4,1,10043.37,4,3484.52
CAMP02622,C0749,Win-back,2026-04-11,29.25,0,0,0,0,0.0,0,0.0,0,0.0,,
CAMP02623,C0533,Festival,2026-02-28,29.0,1,1,1,1,2637.36,1,2637.36,1,2637.36,3,1318.68
CAMP02624,C0065,New Product,2024-10-29,23.0,1,0,0,0,0.0,0,0.0,1,2016.26,15,1008.13
CAMP02625,C0150,Birthday,2026-07-21,22.0,1,0,0,0,0.0,0,0.0,0,0.0,,
CAMP02626,C0100,New Product,2025-03-03,23.0,1,0,0,0,0.0,0,0.0,0,0.0,,
CAMP02627,C0187,New Product,2026-07-19,23.0,1,0,0,0,0.0,1,5658.27,1,5658.27,9,1886.09
CAMP02628,C0031,Festival,2026-01-02,32.5,1,0,0,0,0.0,0,0.0,0,0.0,,
CAMP02629,C0811,Loyalty,2026-06-21,18.0,1,1,0,0,0.0,0,0.0,0,0.0,,
CAMP02630,C0156,Festival,2026-03-16,30.75,1,1,0,0,0.0,1,2801.34,1,2801.34,10,933.78
CAMP02631,C0630,Birthday,2026-06-20,22.0,1,0,0,0,0.0,0,0.0,0,0.0,,
CAMP02632,C0394,New Product,2026-01-05,23.0,1,1,0,0,0.0,1,1365.89,1,6211.799999999999,14,1365.89
CAMP02633,C0346,Festival,2025-09-23,29.0,1,1,1,1,948.51,1,948.51,1,948.51,7,948.51
CAMP02634,C0499,Loyalty,2025-07-30,22.0,1,0,0,0,0.0,0,0.0,0,0.0,,
CAMP02635,C0157,Win-back,2025-07-14,31.0,1,1,1,0,0.0,0,0.0,1,2801.6,21,1586.75
CAMP02636,C0494,New Product,2026-06-17,23.0,1,0,0,1,6965.88,1,6965.88,1,12380.990000000002,7,2116.52
CAMP02637,C0346,Loyalty,2025-10-22,22.0,1,0,0,0,0.0,0,0.0,0,0.0,,
CAMP02638,C0148,New Product,2026-08-16,23.0,1,0,0,0,0.0,0,0.0,0,0.0,,
CAMP02639,C0433,Birthday,2026-05-26,20.25,1,0,0,0,0.0,0,0.0,0,0.0,,
CAMP02640,C0047,Birthday,2026-05-18,18.5,1,0,0,0,0.0,1,2963.06,1,4283.8,8,1481.53
CAMP02641,C0358,Festival,2026-06-04,29.0,1,0,0,0,0.0,0,0.0,0,0.0,,
CAMP02642,C0123,Win-back,2024-12-11,29.25,1,0,0,0,0.0,0,0.0,1,6750.17,21,1234.49
CAMP02643,C0312,Win-back,2026-06-18,31.0,1,1,1,0,0.0,0,0.0,0,0.0,,
CAMP02644,C0804,Discount,2025-05-20,23.25,1,0,0,0,0.0,0,0.0,0,0.0,,
CAMP02645,C0570,Loyalty,2026-08-23,22.0,1,0,0,0,0.0,0,0.0,0,0.0,,
CAMP02646,C0624,Festival,2026-08-29,27.25,1,1,0,0,0.0,0,0.0,0,0.0,,
CAMP02647,C0865,Loyalty,2026-08-02,22.0,1,0,0,0,0.0,1,1422.82,1,1422.82,10,1422.82
CAMP02648,C0694,Festival,2026-07-02,25.5,1,0,0,1,2293.18,1,2293.18,1,5792.2,4,1146.59
CAMP02649,C0956,New Product,2025-12-28,23.0,1,0,0,1,1255.66,1,1255.66,1,4199.6900000000005,6,1255.66
CAMP02650,C0694,New Product,2026-08-21,23.0,1,0,0,0,0.0,0,0.0,0,0.0,,
CAMP02651,C0671,Win-back,2026-03-07,32.75,0,0,0,0,0.0,1,271.6,1,1615.2800000000002,11,271.6
CAMP02652,C0511,Win-back,2026-08-01,32.75,1,0,0,1,938.97,1,938.97,1,938.97,5,938.97
CAMP02653,C0673,Win-back,2024-11-11,29.25,1,1,0,0,0.0,0,0.0,1,4785.839999999999,27,777.16
CAMP02654,C0679,Birthday,2026-06-02,22.0,1,0,0,1,1335.71,1,1335.71,1,4209.51,3,1335.71
CAMP02655,C0778,Birthday,2025-05-28,20.25,1,1,0,0,0.0,0,0.0,0,0.0,,
CAMP02656,C0020,Discount,2024-08-27,25.0,1,0,0,1,2187.83,1,5959.52,1,5959.52,2,2187.83
CAMP02657,C0513,New Product,2025-06-30,23.0,1,0,0,0,0.0,0,0.0,0,0.0,,
CAMP02658,C0475,Birthday,2026-06-04,18.5,1,0,0,0,0.0,0,0.0,1,501.35,20,501.35
CAMP02659,C0155,Loyalty,2026-07-28,14.0,1,0,0,0,0.0,0,0.0,0,0.0,,
CAMP02660,C0648,Loyalty,2026-06-10,14.0,0,0,0,0,0.0,0,0.0,0,0.0,,
CAMP02661,C0626,Discount,2024-09-30,25.0,1,1,0,0,0.0,0,0.0,1,1689.63,16,505.13
CAMP02662,C0607,Win-back,2025-01-13,29.25,1,0,0,0,0.0,0,0.0,0,0.0,,
CAMP02663,C0943,Birthday,2026-07-13,20.25,1,1,0,0,0.0,0,0.0,0,0.0,,
CAMP02664,C0429,Birthday,2024-10-05,20.25,1,0,0,0,0.0,0,0.0,0,0.0,,
CAMP02665,C0850,Discount,2025-10-11,19.75,1,0,0,0,0.0,1,619.55,1,619.55,14,619.55
CAMP02666,C0567,Festival,2024-11-16,30.75,1,0,0,1,2689.18,1,2689.18,1,6371.01,7,1344.59
CAMP02667,C0692,Festival,2025-11-19,25.5,1,0,0,0,0.0,0,0.0,0,0.0,,
CAMP02668,C0712,Win-back,2026-03-01,27.5,1,1,1,1,2028.12,1,2028.12,1,3068.14,3,676.04
CAMP02669,C0548,Festival,2026-06-15,30.75,1,1,0,0,0.0,0,0.0,0,0.0,,
CAMP02670,C0366,Win-back,2026-04-08,31.0,1,1,0,0,0.0,0,0.0,1,4788.04,20,1548.36
CAMP02671,C0721,Loyalty,2024-05-13,14.0,1,1,0,0,0.0,0,0.0,0,0.0,,
CAMP02672,C0050,New Product,2026-06-24,23.0,1,0,0,0,0.0,0,0.0,0,0.0,,
CAMP02673,C0940,Festival,2025-01-04,30.75,1,0,0,0,0.0,0,0.0,0,0.0,,
CAMP02674,C0455,New Product,2025-04-03,23.0,1,0,0,0,0.0,1,2303.73,1,3062.66,8,985.01
CAMP02675,C0126,Discount,2026-07-31,19.75,1,0,0,0,0.0,0,0.0,0,0.0,,
CAMP02676,C0466,New Product,2024-11-09,23.0,1,1,0,0,0.0,0,0.0,0,0.0,,
CAMP02677,C0600,Festival,2025-11-16,25.5,1,0,0,0,0.0,1,4267.799999999999,1,4267.799999999999,13,1422.6
CAMP02678,C0664,New Product,2026-08-13,23.0,1,0,0,0,0.0,0,0.0,0,0.0,,
CAMP02679,C0124,Loyalty,2025-09-22,14.0,1,0,0,0,0.0,0,0.0,0,0.0,,
CAMP02680,C0702,Birthday,2025-06-27,18.5,1,0,0,0,0.0,0,0.0,0,0.0,,
CAMP02681,C0108,Birthday,2024-12-20,20.25,1,1,0,0,0.0,0,0.0,1,1580.26,22,790.13
CAMP02682,C0436,New Product,2025-07-03,23.0,1,0,0,0,0.0,0,0.0,1,4447.2,29,2223.6
CAMP02683,C0032,Discount,2024-12-06,23.25,1,0,0,0,0.0,0,0.0,0,0.0,,
CAMP02684,C0294,Festival,2026-06-28,30.75,1,0,0,0,0.0,0,0.0,0,0.0,,
CAMP02685,C0253,Win-back,2025-11-19,29.25,1,1,0,0,0.0,0,0.0,1,1994.02,23,997.01
CAMP02686,C0907,Loyalty,2026-01-06,22.0,1,0,0,1,437.53,1,835.0899999999999,1,2500.39,4,437.53
CAMP02687,C0071,Discount,2026-08-05,23.25,1,0,0,0,0.0,0,0.0,0,0.0,,
CAMP02688,C0282,Loyalty,2025-11-21,14.0,1,0,0,1,3044.49,1,3044.49,1,3044.49,1,1014.83
CAMP02689,C0753,Festival,2026-01-31,27.25,1,1,0,0,0.0,0,0.0,1,2067.96,27,2067.96
CAMP02690,C0251,Loyalty,2026-05-06,14.0,1,1,1,0,0.0,0,0.0,1,1396.72,22,1396.72
CAMP02691,C0664,Birthday,2026-03-22,22.0,1,0,0,0,0.0,0,0.0,0,0.0,,
CAMP02692,C0619,Birthday,2025-03-04,18.5,1,1,1,0,0.0,0,0.0,0,0.0,,
CAMP02693,C0872,Discount,2025-03-28,25.0,1,0,0,1,5161.58,1,5161.58,1,5161.58,3,2580.79
CAMP02694,C0462,Festival,2025-11-25,32.5,1,1,0,0,0.0,0,0.0,0,0.0,,
CAMP02695,C0502,Discount,2026-07-12,21.5,1,1,0,0,0.0,0,0.0,0,0.0,,
CAMP02696,C0401,Festival,2026-05-29,32.5,0,0,0,0,0.0,1,1299.98,1,2729.63,8,1299.98
CAMP02697,C0212,Festival,2026-06-18,27.25,1,0,0,0,0.0,1,2811.18,1,10363.38,14,937.06
CAMP02698,C0905,Discount,2026-05-29,23.25,1,1,0,0,0.0,0,0.0,0,0.0,,
CAMP02699,C0343,Birthday,2026-08-20,18.5,1,0,0,0,0.0,0,0.0,0,0.0,,
CAMP02700,C0695,Discount,2026-08-04,23.25,1,0,0,0,0.0,0,0.0,0,0.0,,
CAMP02701,C0309,Loyalty,2026-03-11,22.0,1,0,0,0,0.0,0,0.0,0,0.0,,
CAMP02702,C0681,New Product,2026-04-21,23.0,1,1,1,1,1406.38,1,4863.24,1,4863.24,1,1406.38
CAMP02703,C0865,Birthday,2026-04-29,18.5,1,0,0,0,0.0,0,0.0,1,8979.320000000002,18,2137.26
CAMP02704,C0740,New Product,2026-08-28,23.0,1,1,0,0,0.0,0,0.0,0,0.0,,
CAMP02705,C0904,New Product,2025-03-13,23.0,1,0,0,0,0.0,0,0.0,1,376.1,29,376.1
CAMP02706,C0687,Discount,2025-01-04,19.75,1,1,0,0,0.0,0,0.0,0,0.0,,
CAMP02707,C0189,New Product,2026-05-10,23.0,1,0,0,0,0.0,0,0.0,0,0.0,,
CAMP02708,C0361,Birthday,2025-04-16,22.0,1,1,0,0,0.0,0,0.0,1,1789.14,16,1789.14
CAMP02709,C0580,Discount,2024-06-19,19.75,1,0,0,0,0.0,0,0.0,0,0.0,,
CAMP02710,C0968,New Product,2025-02-02,23.0,1,0,0,0,0.0,1,2659.4,1,2659.4,9,1329.7
CAMP02711,C0691,Loyalty,2026-08-24,22.0,0,0,0,0,0.0,0,0.0,0,0.0,,
CAMP02712,C0520,Discount,2026-08-02,25.0,1,1,1,0,0.0,0,0.0,0,0.0,,
CAMP02713,C0776,Festival,2026-03-08,25.5,1,0,0,0,0.0,0,0.0,0,0.0,,
CAMP02714,C0789,New Product,2026-06-26,23.0,1,0,0,0,0.0,0,0.0,0,0.0,,
CAMP02715,C0639,Loyalty,2026-08-10,22.0,0,0,0,0,0.0,0,0.0,0,0.0,,
CAMP02716,C0172,Festival,2024-05-10,27.25,1,0,0,0,0.0,0,0.0,0,0.0,,
CAMP02717,C0205,Win-back,2026-02-04,32.75,1,0,0,0,0.0,0,0.0,0,0.0,,
CAMP02718,C0967,Festival,2026-02-05,25.5,1,0,0,0,0.0,0,0.0,0,0.0,,
CAMP02719,C0597,New Product,2026-02-03,23.0,0,0,0,1,2204.74,1,10378.94,1,12446.66,3,1348.65
CAMP02720,C0757,Birthday,2026-05-29,20.25,1,0,0,0,0.0,0,0.0,0,0.0,,
CAMP02721,C0842,Loyalty,2026-08-08,16.0,1,0,0,0,0.0,0,0.0,0,0.0,,
CAMP02722,C0683,Loyalty,2024-10-03,14.0,1,0,0,0,0.0,0,0.0,0,0.0,,
CAMP02723,C0496,Festival,2026-07-28,25.5,1,0,0,0,0.0,0,0.0,0,0.0,,
CAMP02724,C0882,Birthday,2024-12-18,22.0,1,0,0,0,0.0,1,961.15,1,2672.65,14,961.15
CAMP02725,C0608,Loyalty,2025-04-25,22.0,1,0,0,0,0.0,0,0.0,0,0.0,,
CAMP02726,C0115,Birthday,2025-07-16,18.5,1,1,0,0,0.0,0,0.0,0,0.0,,
CAMP02727,C0051,Loyalty,2025-09-17,14.0,1,0,0,0,0.0,0,0.0,0,0.0,,
CAMP02728,C0416,Loyalty,2026-07-31,18.0,1,0,0,0,0.0,0,0.0,0,0.0,,
CAMP02729,C0737,New Product,2026-02-11,23.0,1,0,0,0,0.0,0,0.0,0,0.0,,
CAMP02730,C0692,Win-back,2026-07-25,29.25,0,0,0,1,2782.12,1,2782.12,1,2782.12,1,1391.06
CAMP02731,C0457,Festival,2026-04-24,29.0,1,0,0,0,0.0,0,0.0,0,0.0,,
CAMP02732,C0178,Win-back,2026-02-07,32.75,1,1,0,1,1007.44,1,2163.21,1,2163.21,1,503.72
CAMP02733,C0110,Loyalty,2025-04-23,22.0,1,0,0,0,0.0,1,3374.46,1,10681.41,10,1687.23
CAMP02734,C0187,Birthday,2026-08-31,18.5,1,0,0,0,0.0,0,0.0,0,0.0,,
CAMP02735,C0943,Win-back,2026-07-04,31.0,1,1,0,1,621.18,1,621.18,1,621.18,1,621.18
CAMP02736,C0904,Festival,2024-02-02,25.5,1,0,0,0,0.0,1,1261.79,1,1261.79,8,1261.79
CAMP02737,C0915,Win-back,2026-07-20,29.25,0,0,0,1,3478.58,1,6017.719999999999,1,9448.6,7,1739.29
CAMP02738,C0557,Loyalty,2026-07-06,22.0,0,0,0,0,0.0,0,0.0,0,0.0,,
CAMP02739,C0254,Loyalty,2025-05-05,16.0,1,1,1,0,0.0,0,0.0,0,0.0,,
CAMP02740,C0337,Discount,2025-06-10,25.0,1,0,0,0,0.0,0,0.0,1,772.48,16,772.48
CAMP02741,C0775,Discount,2025-09-05,21.5,1,0,0,0,0.0,0,0.0,0,0.0,,
CAMP02742,C0551,Birthday,2026-05-07,20.25,1,1,0,0,0.0,0,0.0,0,0.0,,
CAMP02743,C0561,Discount,2024-01-11,23.25,1,0,0,0,0.0,0,0.0,0,0.0,,
CAMP02744,C0358,New Product,2025-07-11,23.0,1,0,0,0,0.0,1,484.68,1,484.68,8,484.68
CAMP02745,C0318,Festival,2026-08-03,25.5,1,0,0,0,0.0,0,0.0,0,0.0,,
CAMP02746,C0797,Discount,2026-08-21,25.0,1,0,0,0,0.0,0,0.0,0,0.0,,
CAMP02747,C0198,Festival,2025-09-08,25.5,0,0,0,0,0.0,0,0.0,1,10790.41,17,957.75
CAMP02748,C0707,Birthday,2026-06-08,20.25,1,0,0,0,0.0,0,0.0,0,0.0,,
CAMP02749,C0244,Festival,2024-04-11,32.5,1,0,0,0,0.0,0,0.0,0,0.0,,
CAMP02750,C0385,New Product,2026-06-18,23.0,1,0,0,0,0.0,0,0.0,0,0.0,,
CAMP02751,C0464,Birthday,2025-06-13,18.5,1,1,0,1,17474.760000000002,1,17474.760000000002,1,19781.44,4,3164.86
CAMP02752,C0689,Birthday,2026-02-25,22.0,1,0,0,0,0.0,0,0.0,0,0.0,,
CAMP02753,C0875,Win-back,2025-11-27,27.5,0,0,0,1,6092.360000000001,1,6092.360000000001,1,8222.91,3,1876.9
CAMP02754,C0144,Discount,2025-05-29,21.5,1,1,0,0,0.0,0,0.0,1,3318.94,23,3318.94
CAMP02755,C0190,New Product,2025-01-06,23.0,1,0,0,0,0.0,0,0.0,1,3225.93,22,1231.1
CAMP02756,C0508,Discount,2025-12-20,21.5,1,0,0,1,1642.14,1,1642.14,1,1642.14,7,892.34
CAMP02757,C0306,Loyalty,2025-06-15,16.0,0,0,0,0,0.0,0,0.0,0,0.0,,
CAMP02758,C0571,New Product,2025-07-10,23.0,1,0,0,0,0.0,0,0.0,1,7755.62,16,1650.12
CAMP02759,C0188,Discount,2026-06-05,25.0,1,0,0,0,0.0,1,9622.04,1,15174.09,8,1310.17
CAMP02760,C0502,Birthday,2026-07-27,20.25,1,1,0,0,0.0,0,0.0,0,0.0,,
CAMP02761,C0857,Loyalty,2024-09-03,22.0,1,1,1,0,0.0,0,0.0,0,0.0,,
CAMP02762,C0836,Discount,2025-07-06,21.5,1,0,0,0,0.0,0,0.0,0,0.0,,
CAMP02763,C0692,Birthday,2026-05-07,18.5,1,1,0,0,0.0,0,0.0,1,1896.82,17,1896.82
CAMP02764,C0697,Festival,2025-08-16,29.0,1,0,0,0,0.0,0,0.0,0,0.0,,
CAMP02765,C0937,Win-back,2024-09-27,32.75,1,0,0,0,0.0,0,0.0,0,0.0,,
CAMP02766,C0792,Loyalty,2026-03-15,16.0,1,0,0,0,0.0,0,0.0,0,0.0,,
CAMP02767,C0820,Festival,2026-04-21,30.75,1,1,0,0,0.0,0,0.0,1,602.65,30,602.65
CAMP02768,C0907,Loyalty,2026-05-04,18.0,0,0,0,0,0.0,0,0.0,0,0.0,,
CAMP02769,C0547,Birthday,2026-05-13,18.5,1,0,0,0,0.0,1,1617.07,1,2571.68,11,1617.07
CAMP02770,C0025,New Product,2024-08-03,23.0,0,0,0,1,4107.24,1,4107.24,1,5565.56,6,1369.08
CAMP02771,C0188,Festival,2026-05-07,27.25,1,0,0,0,0.0,0,0.0,1,1062.02,25,1062.02
CAMP02772,C0040,Loyalty,2026-05-15,18.0,1,0,0,0,0.0,0,0.0,1,774.15,22,774.15
CAMP02773,C0864,Discount,2026-01-25,21.5,0,0,0,0,0.0,1,2523.78,1,2523.78,11,841.26
CAMP02774,C0970,New Product,2026-08-30,23.0,1,0,0,0,0.0,0,0.0,0,0.0,,
CAMP02775,C0100,New Product,2025-09-02,23.0,1,0,0,1,2550.3,1,2550.3,1,3380.48,2,1275.15
CAMP02776,C0355,Win-back,2026-07-06,29.25,1,1,0,0,0.0,0,0.0,0,0.0,,
CAMP02777,C0409,New Product,2026-06-18,23.0,1,0,0,0,0.0,0,0.0,0,0.0,,
CAMP02778,C0039,Win-back,2025-01-13,31.0,1,1,0,0,0.0,0,0.0,0,0.0,,
CAMP02779,C0344,Festival,2026-04-04,25.5,0,0,0,0,0.0,0,0.0,0,0.0,,
CAMP02780,C0521,Discount,2025-08-10,25.0,1,0,0,0,0.0,0,0.0,1,2142.36,23,761.81
CAMP02781,C0483,Discount,2026-04-05,25.0,1,0,0,0,0.0,0,0.0,0,0.0,,
CAMP02782,C0124,Win-back,2025-04-03,27.5,1,1,0,0,0.0,0,0.0,1,3074.91,27,1024.97
CAMP02783,C0446,Loyalty,2026-06-24,22.0,1,0,0,0,0.0,0,0.0,0,0.0,,
CAMP02784,C0507,Win-back,2025-11-28,32.75,0,0,0,0,0.0,0,0.0,0,0.0,,
CAMP02785,C0311,New Product,2024-07-13,23.0,1,1,0,0,0.0,0,0.0,0,0.0,,
CAMP02786,C0499,Loyalty,2025-09-15,16.0,1,1,1,1,5049.72,1,5049.72,1,5049.72,2,1683.24
CAMP02787,C0635,Loyalty,2025-10-26,16.0,1,0,0,1,1470.06,1,1470.06,1,2880.14,5,1470.06
CAMP02788,C0071,Loyalty,2026-07-16,14.0,1,0,0,0,0.0,0,0.0,0,0.0,,
CAMP02789,C0681,Loyalty,2026-03-07,14.0,1,0,0,0,0.0,1,1382.86,1,11040.580000000002,10,1382.86
CAMP02790,C0164,Win-back,2026-06-17,32.75,1,0,0,0,0.0,0,0.0,0,0.0,,
CAMP02791,C0283,Loyalty,2025-07-03,18.0,1,0,0,0,0.0,0,0.0,1,1509.96,18,537.55
CAMP02792,C0658,Birthday,2026-04-22,18.5,1,0,0,0,0.0,1,586.85,1,586.85,14,586.85
CAMP02793,C0482,Loyalty,2026-05-21,22.0,1,1,0,1,2492.32,1,2492.32,1,2492.32,1,935.75
CAMP02794,C0440,Win-back,2025-12-10,32.75,1,1,0,0,0.0,0,0.0,0,0.0,,
CAMP02795,C0991,Loyalty,2026-07-24,14.0,0,0,0,0,0.0,1,842.32,1,842.32,13,842.32
CAMP02796,C0947,New Product,2024-04-11,23.0,1,0,0,0,0.0,0,0.0,0,0.0,,
CAMP02797,C0624,Festival,2026-08-01,27.25,1,1,1,0,0.0,0,0.0,0,0.0,,
CAMP02798,C0585,Discount,2025-11-26,25.0,1,0,0,1,409.7,1,409.7,1,409.7,3,409.7
CAMP02799,C0274,Festival,2025-03-22,32.5,1,0,0,1,675.01,1,675.01,1,675.01,7,675.01
CAMP02800,C0036,Win-back,2026-03-12,31.0,0,0,0,0,0.0,1,3449.25,1,3449.25,10,1149.75
CAMP02801,C0180,Birthday,2026-05-27,22.0,1,1,0,1,1777.53,1,1777.53,1,3580.89,1,1777.53
CAMP02802,C0471,Birthday,2025-08-14,18.5,1,1,0,0,0.0,0,0.0,0,0.0,,
CAMP02803,C0520,Festival,2026-08-01,30.75,1,0,0,0,0.0,0,0.0,0,0.0,,
CAMP02804,C0760,Discount,2026-08-30,23.25,1,0,0,0,0.0,0,0.0,0,0.0,,
CAMP02805,C0692,Loyalty,2026-04-28,14.0,1,1,0,1,1517.12,1,1517.12,1,3413.94,3,1517.12
CAMP02806,C0541,Birthday,2026-06-15,18.5,1,0,0,0,0.0,0,0.0,0,0.0,,
CAMP02807,C0577,New Product,2025-08-21,23.0,1,0,0,0,0.0,0,0.0,0,0.0,,
CAMP02808,C0139,New Product,2026-02-19,23.0,1,0,0,0,0.0,0,0.0,1,591.34,28,591.34
CAMP02809,C0563,Birthday,2026-06-21,20.25,1,1,0,0,0.0,0,0.0,1,8854.48,21,4398.78
CAMP02810,C0618,Win-back,2026-02-04,27.5,1,0,0,0,0.0,0,0.0,0,0.0,,
CAMP02811,C0911,Festival,2026-07-16,32.5,1,0,0,1,1474.22,1,1474.22,1,1474.22,5,1474.22
CAMP02812,C0561,Birthday,2026-01-02,22.0,1,0,0,1,2356.08,1,2356.08,1,4169.66,6,1178.04
CAMP02813,C0056,Festival,2026-01-04,25.5,0,0,0,0,0.0,0,0.0,0,0.0,,
CAMP02814,C0154,Discount,2024-08-30,21.5,1,0,0,0,0.0,0,0.0,0,0.0,,
CAMP02815,C0782,Festival,2025-11-03,32.5,0,0,0,0,0.0,0,0.0,0,0.0,,
CAMP02816,C0253,Festival,2026-03-16,27.25,1,0,0,0,0.0,0,0.0,1,4812.219999999999,20,1698.84
CAMP02817,C0655,Festival,2025-04-21,32.5,1,1,1,1,1307.58,1,1307.58,1,2802.49,3,653.79
CAMP02818,C0129,Win-back,2026-01-16,27.5,1,1,0,0,0.0,0,0.0,1,9272.340000000002,21,2480.26
CAMP02819,C0113,New Product,2026-07-04,23.0,1,1,0,0,0.0,0,0.0,1,2904.9,26,2904.9
CAMP02820,C0774,Festival,2024-11-19,25.5,1,0,0,0,0.0,0,0.0,0,0.0,,
CAMP02821,C0067,Discount,2024-08-10,21.5,1,0,0,0,0.0,0,0.0,0,0.0,,
CAMP02822,C0041,New Product,2025-11-10,23.0,1,0,0,0,0.0,1,2174.42,1,2174.42,14,1087.21
CAMP02823,C0745,Win-back,2025-09-04,31.0,1,1,0,0,0.0,0,0.0,0,0.0,,
CAMP02824,C0837,New Product,2025-10-20,23.0,1,0,0,0,0.0,1,3740.62,1,3740.62,9,1870.31
CAMP02825,C0316,New Product,2026-02-21,23.0,1,1,0,0,0.0,0,0.0,1,1735.25,15,1156.84
CAMP02826,C0207,New Product,2026-07-03,23.0,1,0,0,0,0.0,1,6287.28,1,6287.28,9,2336.31
CAMP02827,C0093,New Product,2025-11-30,23.0,1,0,0,0,0.0,0,0.0,0,0.0,,
CAMP02828,C0828,Birthday,2025-08-22,18.5,1,1,1,0,0.0,0,0.0,0,0.0,,
CAMP02829,C0782,Loyalty,2025-08-03,18.0,1,0,0,0,0.0,0,0.0,0,0.0,,
CAMP02830,C0181,Discount,2024-08-26,21.5,1,0,0,0,0.0,0,0.0,0,0.0,,
CAMP02831,C0507,New Product,2024-01-10,23.0,1,0,0,0,0.0,0,0.0,0,0.0,,
CAMP02832,C0342,Win-back,2026-05-30,32.75,1,0,0,0,0.0,0,0.0,0,0.0,,
CAMP02833,C0944,Loyalty,2026-08-27,18.0,1,1,0,0,0.0,0,0.0,0,0.0,,
CAMP02834,C0443,New Product,2026-08-12,23.0,1,0,0,0,0.0,0,0.0,0,0.0,,
CAMP02835,C0268,New Product,2024-09-04,23.0,1,0,0,0,0.0,0,0.0,0,0.0,,
CAMP02836,C0834,New Product,2025-10-02,23.0,0,0,0,0,0.0,0,0.0,1,3394.2000000000003,15,1131.4
CAMP02837,C0798,Loyalty,2025-12-17,18.0,0,0,0,0,0.0,1,2100.52,1,3860.86,11,1050.26
CAMP02838,C0025,Win-back,2025-10-23,32.75,1,0,0,0,0.0,1,5754.76,1,8973.86,14,1438.69
CAMP02839,C0569,Loyalty,2026-04-19,18.0,1,0,0,0,0.0,0,0.0,1,591.16,17,591.16
CAMP02840,C0257,Festival,2026-02-03,29.0,1,0,0,1,1693.78,1,7544.74,1,9374.62,7,1693.78
CAMP02841,C0492,Discount,2026-05-20,23.25,1,0,0,0,0.0,0,0.0,0,0.0,,
CAMP02842,C0103,New Product,2026-06-19,23.0,1,0,0,0,0.0,1,2573.66,1,2573.66,8,929.36
CAMP02843,C0724,Discount,2024-11-11,21.5,1,0,0,0,0.0,0,0.0,0,0.0,,
CAMP02844,C0107,New Product,2026-08-24,23.0,1,0,0,0,0.0,0,0.0,0,0.0,,
CAMP02845,C0881,Win-back,2026-08-11,31.0,1,0,0,0,0.0,0,0.0,0,0.0,,
CAMP02846,C0930,Discount,2026-07-07,23.25,1,1,1,0,0.0,0,0.0,0,0.0,,
CAMP02847,C0872,Loyalty,2024-11-06,18.0,1,0,0,0,0.0,0,0.0,0,0.0,,
CAMP02848,C0995,Loyalty,2025-12-03,14.0,0,0,0,0,0.0,0,0.0,0,0.0,,
CAMP02849,C0691,Birthday,2026-02-24,22.0,1,1,0,0,0.0,0,0.0,0,0.0,,
CAMP02850,C0846,Win-back,2026-07-05,31.0,1,1,0,0,0.0,0,0.0,0,0.0,,
CAMP02851,C0433,Win-back,2026-07-08,27.5,1,0,0,0,0.0,0,0.0,0,0.0,,
CAMP02852,C0640,Festival,2026-06-30,27.25,1,0,0,0,0.0,1,1216.49,1,2635.81,10,1216.49
CAMP02853,C0670,Discount,2026-05-04,23.25,1,0,0,0,0.0,0,0.0,1,3514.23,19,966.61
CAMP02854,C0738,Win-back,2025-08-13,32.75,1,0,0,0,0.0,0,0.0,1,1325.05,20,1325.05
CAMP02855,C0071,Festival,2026-07-16,30.75,0,0,0,0,0.0,0,0.0,0,0.0,,
CAMP02856,C0787,Discount,2024-09-30,19.75,0,0,0,0,0.0,0,0.0,1,459.86,29,459.86
CAMP02857,C0058,Festival,2025-02-24,27.25,1,0,0,1,669.73,1,669.73,1,669.73,4,669.73
CAMP02858,C0924,Win-back,2026-08-04,27.5,1,0,0,0,0.0,0,0.0,0,0.0,,
CAMP02859,C0953,Birthday,2026-05-21,22.0,1,0,0,0,0.0,0,0.0,0,0.0,,
CAMP02860,C0382,Festival,2025-05-07,30.75,1,0,0,0,0.0,0,0.0,1,3961.09,24,3961.09
CAMP02861,C0197,New Product,2025-10-24,23.0,1,1,0,1,847.19,1,847.19,1,3691.27,1,847.19
CAMP02862,C0576,Loyalty,2026-06-30,22.0,1,0,0,0,0.0,0,0.0,1,4761.24,16,1587.08
CAMP02863,C0980,Festival,2026-08-17,27.25,1,1,0,0,0.0,0,0.0,0,0.0,,
CAMP02864,C0163,Birthday,2024-11-23,18.5,1,0,0,0,0.0,0,0.0,0,0.0,,
CAMP02865,C0281,Loyalty,2026-08-23,18.0,1,0,0,0,0.0,0,0.0,0,0.0,,
CAMP02866,C0278,Loyalty,2026-04-25,14.0,1,0,0,0,0.0,1,1584.22,1,1584.22,8,1584.22
CAMP02867,C0426,New Product,2026-08-01,23.0,1,0,0,1,1810.46,1,1810.46,1,1810.46,1,1810.46
CAMP02868,C0049,Win-back,2026-04-04,29.25,1,1,0,1,1455.43,1,2843.9300000000003,1,4291.35,5,1455.43
CAMP02869,C0105,Loyalty,2026-04-22,18.0,1,0,0,0,0.0,0,0.0,0,0.0,,
CAMP02870,C0301,Loyalty,2026-08-18,22.0,1,1,0,0,0.0,0,0.0,0,0.0,,
CAMP02871,C0414,Win-back,2025-09-02,29.25,0,0,0,0,0.0,1,8985.97,1,8985.97,9,1415.68
CAMP02872,C0034,Discount,2026-07-18,21.5,1,0,0,0,0.0,0,0.0,0,0.0,,
CAMP02873,C0613,Win-back,2026-02-25,32.75,1,1,0,0,0.0,0,0.0,0,0.0,,
CAMP02874,C0645,Loyalty,2026-06-22,18.0,1,0,0,0,0.0,1,1610.0,1,3359.1800000000003,8,805.0
CAMP02875,C0050,New Product,2026-06-12,23.0,1,0,0,0,0.0,0,0.0,0,0.0,,
CAMP02876,C0028,Birthday,2025-09-08,22.0,1,0,0,0,0.0,0,0.0,1,1840.62,21,920.31
CAMP02877,C0402,Discount,2025-07-19,19.75,1,0,0,0,0.0,0,0.0,0,0.0,,
CAMP02878,C0117,New Product,2025-09-29,23.0,1,1,0,0,0.0,0,0.0,0,0.0,,
CAMP02879,C0076,Win-back,2026-02-23,27.5,1,0,0,0,0.0,0,0.0,0,0.0,,
CAMP02880,C0780,Loyalty,2024-09-27,14.0,1,0,0,1,2888.96,1,2888.96,1,2888.96,1,1444.48
CAMP02881,C0029,Festival,2024-01-17,29.0,1,0,0,0,0.0,0,0.0,0,0.0,,
CAMP02882,C0558,Win-back,2024-12-12,27.5,1,1,0,1,2183.54,1,2183.54,1,4606.9400000000005,7,1091.77
CAMP02883,C0923,Festival,2024-11-23,27.25,1,1,0,0,0.0,0,0.0,0,0.0,,
CAMP02884,C0937,Discount,2026-08-27,23.25,1,0,0,0,0.0,0,0.0,0,0.0,,
CAMP02885,C0194,New Product,2026-04-08,23.0,0,0,0,0,0.0,0,0.0,0,0.0,,
CAMP02886,C0502,Loyalty,2026-07-29,18.0,1,0,0,0,0.0,0,0.0,0,0.0,,
CAMP02887,C0551,Win-back,2026-07-02,31.0,1,1,0,0,0.0,1,3276.34,1,3276.34,9,860.46
CAMP02888,C0084,New Product,2025-10-05,23.0,1,0,0,0,0.0,0,0.0,0,0.0,,
CAMP02889,C0467,Festival,2025-06-06,32.5,1,1,0,0,0.0,0,0.0,0,0.0,,
CAMP02890,C0835,Win-back,2024-07-04,27.5,1,0,0,0,0.0,0,0.0,0,0.0,,
CAMP02891,C0137,New Product,2026-07-31,23.0,1,0,0,0,0.0,0,0.0,0,0.0,,
CAMP02892,C0224,Win-back,2026-04-29,29.25,1,1,0,0,0.0,0,0.0,0,0.0,,
CAMP02893,C0335,Birthday,2024-11-28,22.0,1,0,0,0,0.0,0,0.0,0,0.0,,
CAMP02894,C0762,Birthday,2026-05-22,20.25,1,0,0,0,0.0,0,0.0,0,0.0,,
CAMP02895,C0259,Win-back,2026-08-10,31.0,1,1,1,0,0.0,0,0.0,0,0.0,,
CAMP02896,C0887,Discount,2025-03-10,21.5,1,0,0,1,1041.52,1,1041.52,1,1041.52,6,1041.52
CAMP02897,C0794,Festival,2025-06-13,27.25,1,0,0,0,0.0,0,0.0,0,0.0,,
CAMP02898,C0788,Win-back,2026-01-13,27.5,0,0,0,0,0.0,0,0.0,0,0.0,,
CAMP02899,C0545,Birthday,2025-08-01,22.0,1,1,0,0,0.0,0,0.0,0,0.0,,
CAMP02900,C0479,Birthday,2026-04-04,22.0,1,0,0,1,3510.0,1,3510.0,1,3510.0,1,1170.0
CAMP02901,C0763,Discount,2025-03-11,21.5,1,0,0,0,0.0,1,2389.95,1,4573.2300000000005,13,796.65
CAMP02902,C0078,Win-back,2026-03-12,32.75,1,0,0,1,1133.5,1,1133.5,1,1133.5,6,1133.5
CAMP02903,C0412,New Product,2026-08-10,23.0,0,0,0,0,0.0,0,0.0,0,0.0,,
CAMP02904,C0220,Festival,2025-12-12,27.25,1,0,0,0,0.0,0,0.0,1,1942.62,21,1317.9
CAMP02905,C0313,Festival,2026-03-14,32.5,1,0,0,0,0.0,0,0.0,1,1832.36,24,1832.36
CAMP02906,C0238,Discount,2025-04-17,23.25,1,0,0,0,0.0,0,0.0,1,4871.98,25,2435.99
CAMP02907,C0652,Discount,2025-07-27,23.25,1,0,0,1,3945.47,1,3945.47,1,3945.47,2,1546.49
CAMP02908,C0098,New Product,2026-01-05,23.0,1,0,0,0,0.0,0,0.0,0,0.0,,
CAMP02909,C0795,New Product,2025-01-29,23.0,0,0,0,0,0.0,0,0.0,0,0.0,,
CAMP02910,C0949,Win-back,2026-02-16,32.75,1,0,0,0,0.0,0,0.0,0,0.0,,
CAMP02911,C0908,Loyalty,2026-04-21,16.0,1,1,1,1,3163.17,1,3163.17,1,6194.52,3,1054.39
CAMP02912,C0808,New Product,2026-05-16,23.0,1,1,0,0,0.0,1,1501.79,1,1501.79,9,1501.79
CAMP02913,C0188,Win-back,2026-05-24,27.5,1,0,0,0,0.0,1,1062.02,1,13008.260000000002,8,1062.02
CAMP02914,C0710,Win-back,2025-09-02,29.25,1,0,0,0,0.0,1,1972.79,1,3473.46,8,1972.79
CAMP02915,C0032,Discount,2024-12-04,19.75,1,0,0,0,0.0,0,0.0,0,0.0,,
CAMP02916,C0496,Festival,2025-12-22,27.25,0,0,0,1,2382.99,1,2382.99,1,2382.99,4,794.33
CAMP02917,C0693,Festival,2026-07-12,32.5,1,1,1,1,1580.14,1,1580.14,1,1580.14,6,1580.14
CAMP02918,C0441,Festival,2024-05-14,30.75,1,1,0,1,2309.58,1,2309.58,1,2309.58,6,1154.79
CAMP02919,C0608,Festival,2025-02-13,30.75,1,0,0,0,0.0,0,0.0,0,0.0,,
CAMP02920,C0814,Discount,2025-06-12,19.75,1,0,0,0,0.0,0,0.0,1,724.3,16,724.3
CAMP02921,C0474,Birthday,2026-07-03,20.25,1,0,0,0,0.0,0,0.0,0,0.0,,
CAMP02922,C0094,Birthday,2025-03-24,22.0,1,0,0,0,0.0,0,0.0,1,6755.429999999999,18,1264.31
CAMP02923,C0540,Win-back,2026-06-20,31.0,1,0,0,0,0.0,0,0.0,1,538.83,26,538.83
CAMP02924,C0932,Festival,2025-07-02,30.75,1,0,0,0,0.0,0,0.0,1,896.97,25,896.97
CAMP02925,C0746,Win-back,2025-01-28,32.75,1,0,0,1,1231.9,1,1231.9,1,1231.9,3,615.95
CAMP02926,C0610,Birthday,2026-08-28,22.0,1,0,0,0,0.0,0,0.0,0,0.0,,
CAMP02927,C0360,Festival,2025-06-26,27.25,1,0,0,0,0.0,1,3425.44,1,6674.1900000000005,12,1712.72
CAMP02928,C0848,New Product,2026-04-28,23.0,1,0,0,0,0.0,1,843.5,1,843.5,12,421.75
CAMP02929,C0191,Discount,2026-06-27,19.75,1,0,0,0,0.0,0,0.0,0,0.0,,
CAMP02930,C0586,Birthday,2025-07-05,20.25,1,1,1,0,0.0,1,996.41,1,996.41,8,996.41
CAMP02931,C0228,New Product,2026-05-10,23.0,1,0,0,0,0.0,0,0.0,0,0.0,,
CAMP02932,C0425,Win-back,2024-05-12,32.75,1,0,0,1,3637.68,1,3637.68,1,3637.68,1,1212.56
CAMP02933,C0403,Festival,2025-10-19,25.5,1,0,0,0,0.0,0,0.0,0,0.0,,
CAMP02934,C0127,Loyalty,2024-10-03,16.0,1,1,0,0,0.0,0,0.0,1,1148.54,24,574.27
CAMP02935,C0777,Win-back,2025-05-06,32.75,1,0,0,0,0.0,0,0.0,1,1240.92,23,1240.92
CAMP02936,C0904,Discount,2023-11-30,19.75,1,0,0,0,0.0,0,0.0,0,0.0,,
CAMP02937,C0578,New Product,2025-10-20,23.0,1,0,0,1,1797.52,1,1797.52,1,1797.52,1,898.76
CAMP02938,C0567,Win-back,2024-11-18,29.25,1,0,0,1,2689.18,1,2689.18,1,6371.01,5,1344.59
CAMP02939,C0331,Win-back,2026-04-23,32.75,1,0,0,0,0.0,0,0.0,0,0.0,,
CAMP02940,C0660,Discount,2026-02-08,19.75,1,0,0,0,0.0,0,0.0,1,3645.51,19,1215.17
CAMP02941,C0844,New Product,2026-02-18,23.0,1,0,0,1,3777.24,1,3777.24,1,3777.24,3,1888.62
CAMP02942,C0966,Birthday,2026-08-23,22.0,1,1,1,0,0.0,0,0.0,0,0.0,,
CAMP02943,C0901,Loyalty,2026-08-31,22.0,1,0,0,0,0.0,0,0.0,0,0.0,,
CAMP02944,C0473,Win-back,2026-02-24,27.5,1,1,0,1,2010.56,1,2010.56,1,2010.56,1,2010.56
CAMP02945,C0689,Festival,2026-06-28,29.0,1,0,0,0,0.0,1,807.85,1,8190.650000000001,13,807.85
CAMP02946,C0580,Win-back,2025-09-28,32.75,0,0,0,0,0.0,0,0.0,1,1136.18,15,1136.18
CAMP02947,C0219,Loyalty,2025-09-29,16.0,1,1,1,0,0.0,0,0.0,1,7266.630000000001,16,1377.86
CAMP02948,C0899,Win-back,2025-06-09,32.75,1,0,0,0,0.0,0,0.0,0,0.0,,
CAMP02949,C0875,Loyalty,2026-03-25,18.0,1,0,0,1,1742.48,1,1742.48,1,1742.48,5,1742.48
CAMP02950,C0912,Birthday,2025-09-06,18.5,1,0,0,0,0.0,0,0.0,1,3670.36,15,917.59
CAMP02951,C0036,Festival,2025-12-01,29.0,1,0,0,0,0.0,0,0.0,0,0.0,,
CAMP02952,C0388,New Product,2025-04-04,23.0,1,1,1,0,0.0,1,741.96,1,1995.45,14,741.96
CAMP02953,C0890,Festival,2025-07-19,27.25,1,1,0,0,0.0,0,0.0,1,1707.16,23,853.58
CAMP02954,C0654,Discount,2025-12-17,25.0,1,1,0,0,0.0,0,0.0,1,1298.22,21,649.11
CAMP02955,C0217,Discount,2025-06-16,23.25,1,1,0,0,0.0,0,0.0,1,4490.42,19,1402.96
CAMP02956,C0025,Win-back,2026-05-18,31.0,1,0,0,0,0.0,0,0.0,0,0.0,,
CAMP02957,C0341,New Product,2026-08-28,23.0,1,1,0,0,0.0,0,0.0,0,0.0,,
CAMP02958,C0409,Birthday,2026-06-14,20.25,1,0,0,0,0.0,0,0.0,0,0.0,,
CAMP02959,C0754,Win-back,2026-02-23,32.75,1,1,0,1,2724.24,1,2724.24,1,6738.97,1,908.08
CAMP02960,C0475,Festival,2024-10-26,27.25,1,1,1,1,696.78,1,1228.4,1,1228.4,5,696.78
CAMP02961,C0530,Loyalty,2025-11-19,14.0,1,0,0,0,0.0,1,2770.44,1,2770.44,10,1385.22
CAMP02962,C0841,Loyalty,2025-05-04,16.0,1,0,0,1,958.25,1,958.25,1,4170.68,4,958.25
CAMP02963,C0241,Festival,2024-12-19,30.75,1,0,0,1,1886.65,1,1886.65,1,7675.389999999999,2,1886.65
CAMP02964,C0017,Discount,2024-12-06,21.5,1,0,0,0,0.0,0,0.0,0,0.0,,
CAMP02965,C0762,Loyalty,2026-03-14,22.0,1,0,0,0,0.0,1,3620.98,1,3620.98,10,2165.13
CAMP02966,C0904,Loyalty,2024-09-17,18.0,1,0,0,0,0.0,0,0.0,0,0.0,,
CAMP02967,C0981,Discount,2025-06-06,19.75,1,1,0,0,0.0,0,0.0,1,4243.38,16,1467.42
CAMP02968,C0548,Festival,2026-06-13,25.5,1,0,0,0,0.0,0,0.0,0,0.0,,
CAMP02969,C0150,Loyalty,2026-03-03,16.0,1,0,0,0,0.0,0,0.0,0,0.0,,
CAMP02970,C0258,Discount,2026-06-11,21.5,0,0,0,0,0.0,0,0.0,0,0.0,,
CAMP02971,C0876,Discount,2025-12-22,21.5,1,1,0,1,4526.450000000001,1,6280.67,1,6280.67,2,1180.27
CAMP02972,C0252,New Product,2026-07-20,23.0,1,1,1,0,0.0,0,0.0,0,0.0,,
CAMP02973,C0443,Festival,2025-09-05,25.5,0,0,0,0,0.0,1,3595.68,1,5016.95,13,1198.56
CAMP02974,C0338,Birthday,2026-05-18,22.0,1,0,0,1,990.62,1,990.62,1,990.62,3,990.62
CAMP02975,C0104,Loyalty,2026-05-20,16.0,1,0,0,0,0.0,1,1643.37,1,2242.63,14,1643.37
CAMP02976,C0486,Birthday,2025-05-25,18.5,1,0,0,1,888.65,1,888.65,1,888.65,7,888.65
CAMP02977,C0758,Win-back,2025-09-11,29.25,0,0,0,1,950.96,1,950.96,1,2733.96,5,475.48
CAMP02978,C0881,Festival,2026-01-22,30.75,1,0,0,1,3278.3700000000003,1,3278.3700000000003,1,3278.3700000000003,3,909.6
CAMP02979,C0483,Loyalty,2025-11-19,16.0,1,0,0,0,0.0,0,0.0,0,0.0,,
CAMP02980,C0517,Festival,2026-08-29,29.0,1,0,0,0,0.0,0,0.0,0,0.0,,
CAMP02981,C0054,Loyalty,2026-02-25,22.0,1,1,0,0,0.0,0,0.0,1,622.61,16,622.61
CAMP02982,C0518,Loyalty,2026-04-08,18.0,1,0,0,0,0.0,0,0.0,1,4583.16,26,2291.58
CAMP02983,C0740,Discount,2026-08-19,25.0,1,1,1,0,0.0,0,0.0,0,0.0,,
CAMP02984,C0205,Festival,2025-08-08,30.75,1,0,0,0,0.0,0,0.0,0,0.0,,
CAMP02985,C0209,New Product,2024-04-29,23.0,0,0,0,0,0.0,0,0.0,0,0.0,,
CAMP02986,C0623,Win-back,2026-03-27,27.5,1,0,0,0,0.0,0,0.0,0,0.0,,
CAMP02987,C0983,Festival,2026-08-18,25.5,1,0,0,0,0.0,0,0.0,0,0.0,,
CAMP02988,C0016,Discount,2024-12-07,19.75,1,0,0,0,0.0,0,0.0,0,0.0,,
CAMP02989,C0322,Win-back,2025-09-23,27.5,1,0,0,1,2093.26,1,3225.1000000000004,1,5809.7,3,1046.63
CAMP02990,C0580,Loyalty,2025-07-05,22.0,1,1,0,0,0.0,1,2602.55,1,2602.55,11,2602.55
CAMP02991,C0267,Win-back,2026-05-07,27.5,1,0,0,1,7276.949999999999,1,9657.63,1,9657.63,3,1505.14
CAMP02992,C0607,Birthday,2024-10-12,18.5,1,0,0,0,0.0,0,0.0,1,597.1,16,597.1
CAMP02993,C0700,Birthday,2023-11-19,22.0,1,1,1,0,0.0,0,0.0,0,0.0,,
CAMP02994,C0568,Birthday,2024-02-03,20.25,1,0,0,0,0.0,0,0.0,0,0.0,,
CAMP02995,C0938,Birthday,2025-10-28,20.25,1,0,0,0,0.0,0,0.0,1,2333.79,15,1004.07
CAMP02996,C0048,Birthday,2025-08-21,22.0,1,0,0,1,2545.87,1,8072.95,1,8072.95,2,2545.87
CAMP02997,C0954,New Product,2026-08-07,23.0,1,0,0,0,0.0,0,0.0,0,0.0,,
CAMP02998,C0114,New Product,2024-11-16,23.0,1,0,0,0,0.0,0,0.0,1,807.57,27,807.57
CAMP02999,C0040,Loyalty,2026-07-09,22.0,1,0,0,1,2280.44,1,2280.44,1,2280.44,2,1140.22
CAMP03000,C0082,Win-back,2025-10-29,27.5,1,1,0,0,0.0,1,4989.6900000000005,1,4989.6900000000005,13,1290.03
CAMP03001,C0326,Win-back,2025-11-13,32.75,1,0,0,0,0.0,1,1442.81,1,1442.81,13,1442.81
CAMP03002,C0829,Birthday,2025-09-05,20.25,1,1,0,0,0.0,0,0.0,0,0.0,,
CAMP03003,C0558,Loyalty,2024-11-23,18.0,1,0,0,1,1125.16,1,1125.16,1,4605.46,4,1125.16
CAMP03004,C0876,Loyalty,2025-05-05,14.0,1,1,0,0,0.0,0,0.0,1,2851.6,23,1425.8
CAMP03005,C0896,Discount,2026-08-27,23.25,1,0,0,0,0.0,0,0.0,0,0.0,,
CAMP03006,C0987,Birthday,2025-09-23,22.0,0,0,0,0,0.0,0,0.0,0,0.0,,
CAMP03007,C0683,Win-back,2025-12-19,32.75,1,1,0,1,3022.88,1,3022.88,1,4573.3,5,677.48
CAMP03008,C0768,Birthday,2025-02-12,22.0,0,0,0,0,0.0,0,0.0,0,0.0,,
CAMP03009,C0749,Festival,2025-07-17,29.0,1,0,0,0,0.0,0,0.0,0,0.0,,
CAMP03010,C0155,Loyalty,2024-11-20,18.0,1,0,0,0,0.0,0,0.0,1,1620.03,28,540.01
CAMP03011,C0266,New Product,2026-07-31,23.0,1,0,0,0,0.0,0,0.0,0,0.0,,
CAMP03012,C0712,Birthday,2026-05-31,20.25,1,0,0,0,0.0,0,0.0,0,0.0,,
CAMP03013,C0547,Birthday,2025-05-13,22.0,0,0,0,0,0.0,0,0.0,1,6004.94,24,893.46
CAMP03014,C0276,Win-back,2025-09-09,31.0,1,1,0,1,3579.88,1,3579.88,1,4089.65,1,894.97
CAMP03015,C0078,New Product,2026-04-25,23.0,1,1,0,0,0.0,1,3060.34,1,4432.5,12,1530.17
CAMP03016,C0485,Win-back,2025-06-13,32.75,1,0,0,0,0.0,1,2103.09,1,3755.59,12,2103.09
CAMP03017,C0847,Discount,2026-07-09,25.0,1,0,0,1,2422.34,1,2422.34,1,5147.5,4,1211.17
CAMP03018,C0047,Birthday,2026-04-03,22.0,1,1,0,1,1080.35,1,1080.35,1,4194.58,4,1080.35
CAMP03019,C0460,Win-back,2026-04-06,32.75,1,1,0,0,0.0,1,2398.94,1,2398.94,14,1199.47
CAMP03020,C0054,Festival,2024-05-28,32.5,1,0,0,0,0.0,0,0.0,1,857.02,24,857.02
CAMP03021,C0663,Birthday,2026-08-08,20.25,1,1,0,0,0.0,0,0.0,0,0.0,,
CAMP03022,C0827,New Product,2025-10-09,23.0,1,1,0,0,0.0,1,3422.04,1,3422.04,11,1711.02
CAMP03023,C0365,Win-back,2025-06-13,32.75,1,1,0,0,0.0,1,11452.49,1,13886.92,8,4538.96
CAMP03024,C0905,Discount,2025-06-10,25.0,1,0,0,0,0.0,0,0.0,0,0.0,,
CAMP03025,C0989,New Product,2026-08-06,23.0,1,0,0,0,0.0,0,0.0,0,0.0,,
CAMP03026,C0594,New Product,2026-03-24,23.0,1,1,0,0,0.0,0,0.0,0,0.0,,
CAMP03027,C0318,Festival,2026-07-14,25.5,1,1,0,1,6883.56,1,6883.56,1,8566.609999999999,1,931.34
CAMP03028,C0345,Win-back,2025-09-13,29.25,1,0,0,0,0.0,0,0.0,1,3890.2,25,1945.1
CAMP03029,C0899,New Product,2025-03-04,23.0,1,1,0,0,0.0,0,0.0,0,0.0,,
CAMP03030,C0138,Discount,2024-11-14,25.0,1,0,0,0,0.0,0,0.0,0,0.0,,
CAMP03031,C0836,Discount,2026-05-30,23.25,1,0,0,0,0.0,0,0.0,0,0.0,,
CAMP03032,C0788,Birthday,2025-10-02,22.0,1,1,1,0,0.0,0,0.0,0,0.0,,
CAMP03033,C0956,Birthday,2026-07-18,20.25,0,0,0,0,0.0,0,0.0,0,0.0,,
CAMP03034,C0431,Festival,2026-02-25,25.5,1,0,0,0,0.0,0,0.0,1,2621.68,15,707.13
CAMP03035,C0524,Birthday,2025-06-21,20.25,1,1,1,1,1973.48,1,1973.48,1,9382.38,3,986.74
CAMP03036,C0305,Win-back,2026-07-21,31.0,1,0,0,1,1076.2,1,1076.2,1,1076.2,7,538.1
CAMP03037,C0915,New Product,2025-03-29,23.0,1,0,0,0,0.0,1,2448.74,1,6730.02,10,1224.37
CAMP03038,C0764,New Product,2026-03-19,23.0,1,1,0,0,0.0,0,0.0,0,0.0,,
CAMP03039,C0029,New Product,2024-03-12,23.0,1,1,0,0,0.0,0,0.0,0,0.0,,
CAMP03040,C0814,Festival,2025-06-01,32.5,0,0,0,0,0.0,0,0.0,1,724.3,27,724.3
CAMP03041,C0099,Loyalty,2025-04-28,18.0,1,0,0,0,0.0,1,1399.17,1,1898.04,14,1399.17
CAMP03042,C0550,Birthday,2026-04-18,18.5,1,0,0,0,0.0,0,0.0,0,0.0,,
CAMP03043,C0889,Loyalty,2026-07-26,18.0,1,0,0,1,1685.88,1,1685.88,1,1685.88,1,842.94
CAMP03044,C0339,Discount,2026-07-23,25.0,1,0,0,0,0.0,0,0.0,0,0.0,,
CAMP03045,C0572,Win-back,2025-12-08,31.0,1,0,0,0,0.0,0,0.0,0,0.0,,
CAMP03046,C0481,Birthday,2024-07-12,22.0,1,1,0,0,0.0,0,0.0,0,0.0,,
CAMP03047,C0801,Win-back,2025-06-24,29.25,1,1,1,0,0.0,0,0.0,1,2515.89,30,838.63
CAMP03048,C0615,Discount,2026-01-21,25.0,1,1,0,0,0.0,1,1496.04,1,3725.47,12,1161.29
CAMP03049,C0932,Discount,2024-07-20,25.0,1,1,0,0,0.0,0,0.0,1,953.98,22,953.98
CAMP03050,C0713,Loyalty,2025-06-21,14.0,1,0,0,0,0.0,1,1646.65,1,4109.4400000000005,8,722.17
CAMP03051,C0033,Loyalty,2026-03-22,22.0,1,0,0,0,0.0,1,2629.52,1,2629.52,10,1314.76
CAMP03052,C0187,New Product,2026-07-07,23.0,1,0,0,0,0.0,1,1542.58,1,7200.85,8,771.29
CAMP03053,C0320,New Product,2026-08-28,23.0,1,0,0,0,0.0,0,0.0,0,0.0,,
CAMP03054,C0641,Loyalty,2024-09-22,14.0,1,0,0,0,0.0,0,0.0,0,0.0,,
CAMP03055,C0980,Discount,2026-08-25,25.0,1,1,0,0,0.0,0,0.0,0,0.0,,
CAMP03056,C0035,Discount,2026-01-09,25.0,1,0,0,1,948.44,1,948.44,1,15091.759999999998,6,948.44
CAMP03057,C0457,Discount,2026-03-31,25.0,1,0,0,0,0.0,0,0.0,0,0.0,,
CAMP03058,C0106,Festival,2025-04-23,29.0,1,0,0,0,0.0,0,0.0,1,625.87,25,625.87
CAMP03059,C0148,Discount,2026-08-23,23.25,1,0,0,0,0.0,0,0.0,0,0.0,,
CAMP03060,C0979,Discount,2026-01-16,19.75,1,0,0,0,0.0,0,0.0,0,0.0,,
CAMP03061,C0047,Discount,2026-05-11,25.0,1,1,1,1,3415.82,1,3415.82,1,7699.62,5,1707.91
CAMP03062,C0566,Loyalty,2026-08-15,22.0,1,0,0,0,0.0,0,0.0,0,0.0,,
CAMP03063,C0661,Festival,2025-08-25,27.25,1,1,1,1,1063.62,1,2438.26,1,5919.969999999999,7,531.81
CAMP03064,C0141,Birthday,2026-05-29,22.0,1,0,0,0,0.0,0,0.0,0,0.0,,
CAMP03065,C0639,Win-back,2026-07-20,29.25,1,1,1,0,0.0,0,0.0,0,0.0,,
CAMP03066,C0402,New Product,2025-07-22,23.0,1,1,1,0,0.0,0,0.0,0,0.0,,
CAMP03067,C0362,Festival,2025-12-13,29.0,1,1,1,0,0.0,1,2274.0,1,2274.0,13,1137.0
CAMP03068,C0460,Loyalty,2025-09-20,22.0,1,0,0,0,0.0,0,0.0,0,0.0,,
CAMP03069,C0325,Birthday,2026-08-04,22.0,1,0,0,0,0.0,0,0.0,0,0.0,,
CAMP03070,C0741,New Product,2026-05-26,23.0,1,0,0,0,0.0,0,0.0,0,0.0,,
CAMP03071,C0872,Loyalty,2025-12-31,16.0,0,0,0,0,0.0,0,0.0,1,1265.54,15,1265.54
CAMP03072,C0489,Birthday,2025-12-24,18.5,0,0,0,0,0.0,0,0.0,1,1112.83,20,1112.83
CAMP03073,C0559,New Product,2026-07-04,23.0,1,0,0,1,789.47,1,789.47,1,789.47,7,789.47
CAMP03074,C0496,New Product,2025-11-30,23.0,1,1,0,0,0.0,0,0.0,1,2382.99,26,794.33
CAMP03075,C0921,New Product,2024-09-24,23.0,1,0,0,0,0.0,0,0.0,1,2306.07,18,1079.51
CAMP03076,C0634,Win-back,2026-05-06,27.5,1,0,0,0,0.0,1,2787.41,1,2787.41,8,2787.41
CAMP03077,C0116,Discount,2026-02-15,19.75,1,1,1,0,0.0,0,0.0,0,0.0,,
CAMP03078,C0184,Loyalty,2026-07-28,14.0,1,0,0,0,0.0,0,0.0,0,0.0,,
CAMP03079,C0837,New Product,2026-04-21,23.0,0,0,0,0,0.0,0,0.0,1,1395.94,16,564.77
CAMP03080,C0703,Festival,2025-02-11,29.0,1,0,0,0,0.0,1,10067.78,1,14729.16,8,1988.68
CAMP03081,C0539,New Product,2026-05-23,23.0,1,0,0,0,0.0,0,0.0,0,0.0,,
CAMP03082,C0179,Birthday,2025-05-29,18.5,1,1,0,0,0.0,0,0.0,0,0.0,,
CAMP03083,C0536,Festival,2025-04-13,30.75,0,0,0,0,0.0,0,0.0,0,0.0,,
CAMP03084,C0912,New Product,2025-04-13,23.0,1,0,0,0,0.0,1,2343.86,1,3135.86,14,1171.93
CAMP03085,C0303,Win-back,2025-05-18,32.75,1,0,0,0,0.0,0,0.0,0,0.0,,
CAMP03086,C0086,Win-back,2025-11-11,29.25,0,0,0,0,0.0,0,0.0,1,751.7,23,751.7
CAMP03087,C0485,Festival,2026-06-09,27.25,1,0,0,0,0.0,0,0.0,0,0.0,,
CAMP03088,C0116,Festival,2026-07-28,32.5,1,1,0,0,0.0,0,0.0,0,0.0,,
CAMP03089,C0223,Win-back,2026-01-25,29.25,1,0,0,0,0.0,0,0.0,0,0.0,,
CAMP03090,C0676,Loyalty,2023-12-31,14.0,1,0,0,0,0.0,0,0.0,0,0.0,,
CAMP03091,C0048,Birthday,2026-03-24,22.0,1,0,0,0,0.0,1,3810.3,1,5129.21,14,1270.1
CAMP03092,C0762,New Product,2026-04-24,23.0,1,1,0,1,1326.45,1,1326.45,1,1326.45,5,1326.45
CAMP03093,C0134,Loyalty,2025-03-25,18.0,0,0,0,0,0.0,0,0.0,0,0.0,,
CAMP03094,C0674,Win-back,2025-11-02,29.25,1,1,0,0,0.0,0,0.0,1,12095.04,19,3820.54
CAMP03095,C0671,Discount,2025-11-05,23.25,1,0,0,0,0.0,1,944.4,1,2323.16,9,472.2
CAMP03096,C0811,New Product,2026-06-18,23.0,1,0,0,0,0.0,0,0.0,0,0.0,,
CAMP03097,C0813,Loyalty,2026-03-31,14.0,1,0,0,0,0.0,0,0.0,0,0.0,,
CAMP03098,C0740,Win-back,2026-07-21,27.5,1,1,1,0,0.0,0,0.0,1,4059.52,25,2029.76
CAMP03099,C0608,Discount,2026-01-31,19.75,1,0,0,0,0.0,0,0.0,0,0.0,,
CAMP03100,C0560,Birthday,2026-05-18,20.25,1,1,0,0,0.0,0,0.0,1,2026.8,17,1013.4
CAMP03101,C0816,Birthday,2026-06-08,18.5,1,0,0,1,4067.98,1,4067.98,1,4067.98,2,2033.99
CAMP03102,C0551,New Product,2026-05-20,23.0,1,0,0,0,0.0,0,0.0,0,0.0,,
CAMP03103,C0453,Festival,2026-03-15,30.75,1,0,0,0,0.0,1,4980.530000000001,1,11357.54,9,1679.14
CAMP03104,C0725,Discount,2026-08-09,21.5,1,0,0,1,1878.72,1,1878.72,1,2732.85,4,626.24
CAMP03105,C0700,Festival,2024-05-08,25.5,1,0,0,0,0.0,0,0.0,1,2084.01,21,734.87
CAMP03106,C0380,Win-back,2025-10-24,32.75,1,0,0,1,1100.49,1,2180.95,1,2180.95,5,1100.49
CAMP03107,C0658,Win-back,2026-07-30,31.0,1,1,0,1,1316.74,1,1316.74,1,1316.74,3,1316.74
CAMP03108,C0133,Win-back,2026-05-26,29.25,0,0,0,0,0.0,0,0.0,0,0.0,,
CAMP03109,C0672,New Product,2025-09-21,23.0,1,1,0,1,8750.32,1,8750.32,1,8750.32,4,2187.58
CAMP03110,C0801,Loyalty,2025-10-09,16.0,1,0,0,0,0.0,0,0.0,0,0.0,,
CAMP03111,C0756,Birthday,2025-04-16,18.5,1,0,0,1,638.19,1,1417.89,1,6482.21,1,638.19
CAMP03112,C0814,New Product,2026-07-05,23.0,0,0,0,0,0.0,0,0.0,0,0.0,,
CAMP03113,C0837,Loyalty,2025-10-30,22.0,1,0,0,0,0.0,0,0.0,0,0.0,,
CAMP03114,C0819,Discount,2024-12-20,25.0,1,0,0,0,0.0,0,0.0,1,2375.04,21,2375.04
CAMP03115,C0369,Discount,2026-04-18,25.0,1,0,0,0,0.0,0,0.0,0,0.0,,
CAMP03116,C0191,Loyalty,2026-05-13,22.0,1,0,0,0,0.0,0,0.0,0,0.0,,
CAMP03117,C0797,Festival,2026-07-18,25.5,1,0,0,0,0.0,0,0.0,0,0.0,,
CAMP03118,C0760,Win-back,2026-07-31,29.25,1,0,0,0,0.0,0,0.0,0,0.0,,
CAMP03119,C0959,New Product,2026-08-13,23.0,1,1,1,0,0.0,0,0.0,0,0.0,,
CAMP03120,C0844,Festival,2025-08-20,30.75,1,0,0,0,0.0,0,0.0,0,0.0,,
CAMP03121,C0156,Birthday,2025-04-28,22.0,1,0,0,0,0.0,1,4508.43,1,7297.320000000001,14,1502.81
CAMP03122,C0195,Loyalty,2025-03-24,22.0,1,0,0,0,0.0,0,0.0,0,0.0,,
CAMP03123,C0334,Win-back,2024-05-14,31.0,0,0,0,0,0.0,0,0.0,0,0.0,,
CAMP03124,C0146,Win-back,2026-05-30,29.25,0,0,0,0,0.0,0,0.0,0,0.0,,
CAMP03125,C0612,New Product,2026-08-09,23.0,1,1,0,0,0.0,0,0.0,0,0.0,,
CAMP03126,C0585,Discount,2025-08-09,19.75,1,1,0,0,0.0,1,530.42,1,530.42,12,530.42
CAMP03127,C0446,New Product,2026-03-20,23.0,1,0,0,0,0.0,0,0.0,0,0.0,,
CAMP03128,C0617,Festival,2024-10-16,25.5,1,0,0,1,7382.8,1,7382.8,1,7382.8,4,3691.4
CAMP03129,C0866,Loyalty,2025-02-16,18.0,1,1,0,1,1415.22,1,1415.22,1,1415.22,4,707.61
CAMP03130,C0450,New Product,2026-08-06,23.0,1,0,0,0,0.0,0,0.0,0,0.0,,
CAMP03131,C0413,Festival,2026-06-01,25.5,1,1,0,1,4163.16,1,4163.16,1,4163.16,4,2081.58
CAMP03132,C0465,Birthday,2026-07-31,22.0,1,0,0,0,0.0,0,0.0,0,0.0,,
CAMP03133,C0241,Loyalty,2024-11-02,22.0,0,0,0,0,0.0,0,0.0,0,0.0,,
CAMP03134,C0767,Birthday,2025-04-04,18.5,1,0,0,0,0.0,0,0.0,1,1967.07,21,1967.07
CAMP03135,C0905,Festival,2025-05-12,32.5,1,0,0,0,0.0,0,0.0,0,0.0,,
CAMP03136,C0161,Win-back,2026-06-15,31.0,1,0,0,0,0.0,0,0.0,1,6070.379999999999,17,1326.36
CAMP03137,C0428,Birthday,2024-08-20,22.0,1,1,1,0,0.0,0,0.0,0,0.0,,
CAMP03138,C0144,Discount,2025-10-23,19.75,1,0,0,0,0.0,0,0.0,1,2122.56,24,2122.56
CAMP03139,C0555,Festival,2026-06-06,27.25,1,1,1,0,0.0,1,1357.64,1,4178.78,11,1357.64
CAMP03140,C0711,Win-back,2026-08-19,27.5,1,0,0,0,0.0,0,0.0,0,0.0,,
CAMP03141,C0564,Festival,2025-08-09,29.0,1,0,0,1,1902.36,1,1902.36,1,3019.45,7,951.18
CAMP03142,C0297,New Product,2026-06-11,23.0,1,1,0,0,0.0,0,0.0,1,4120.34,15,1159.98
CAMP03143,C0677,Birthday,2025-06-06,18.5,1,0,0,0,0.0,0,0.0,1,376.85,19,376.85
CAMP03144,C0270,New Product,2026-01-25,23.0,0,0,0,0,0.0,0,0.0,0,0.0,,
CAMP03145,C0374,Discount,2026-02-24,23.25,1,1,1,0,0.0,0,0.0,1,7484.62,29,3742.31
CAMP03146,C0071,New Product,2025-12-27,23.0,1,0,0,0,0.0,0,0.0,1,16912.17,15,3409.04
CAMP03147,C0192,Birthday,2026-03-31,20.25,1,1,0,0,0.0,0,0.0,0,0.0,,
CAMP03148,C0547,Birthday,2025-04-04,18.5,0,0,0,0,0.0,0,0.0,1,740.2,21,740.2
CAMP03149,C0216,Birthday,2025-03-28,22.0,1,1,1,1,2098.78,1,2098.78,1,7928.56,1,1049.39
CAMP03150,C0440,Win-back,2026-03-12,32.75,1,0,0,0,0.0,0,0.0,1,4470.9,15,517.48
CAMP03151,C0781,Birthday,2026-07-28,22.0,1,0,0,0,0.0,0,0.0,0,0.0,,
CAMP03152,C0917,Win-back,2026-02-20,27.5,1,0,0,0,0.0,0,0.0,1,5586.650000000001,20,921.46
CAMP03153,C0002,New Product,2026-02-18,23.0,1,0,0,0,0.0,1,557.89,1,1352.38,14,557.89
CAMP03154,C0370,Loyalty,2026-07-04,22.0,1,0,0,0,0.0,0,0.0,0,0.0,,
CAMP03155,C0218,Loyalty,2024-04-11,22.0,1,0,0,0,0.0,0,0.0,0,0.0,,
CAMP03156,C0442,Win-back,2026-05-10,29.25,1,1,0,0,0.0,0,0.0,0,0.0,,
CAMP03157,C0666,Festival,2025-07-04,27.25,1,1,0,0,0.0,0,0.0,0,0.0,,
CAMP03158,C0012,Loyalty,2026-03-21,18.0,1,1,1,0,0.0,0,0.0,0,0.0,,
CAMP03159,C0272,Birthday,2024-12-08,22.0,1,0,0,0,0.0,0,0.0,1,1308.3,28,654.15
CAMP03160,C0399,Discount,2026-08-12,19.75,1,1,1,0,0.0,0,0.0,0,0.0,,
CAMP03161,C0454,Festival,2025-01-25,29.0,1,0,0,0,0.0,0,0.0,0,0.0,,
CAMP03162,C0916,Birthday,2026-06-20,18.5,1,1,0,1,2705.67,1,2705.67,1,5723.83,1,1658.37
CAMP03163,C0719,Win-back,2025-06-10,29.25,1,1,0,0,0.0,0,0.0,1,3449.12,26,3449.12
CAMP03164,C0945,New Product,2024-09-12,23.0,1,0,0,0,0.0,0,0.0,0,0.0,,
CAMP03165,C0700,Win-back,2024-02-25,29.25,1,0,0,0,0.0,0,0.0,1,5738.44,19,1434.61
CAMP03166,C0660,Win-back,2026-01-18,32.75,1,1,1,0,0.0,1,1052.97,1,1052.97,13,1052.97
CAMP03167,C0954,Discount,2026-05-31,23.25,0,0,0,0,0.0,0,0.0,1,2089.68,27,2089.68
CAMP03168,C0111,Festival,2026-07-01,25.5,0,0,0,0,0.0,0,0.0,1,2657.32,15,2657.32
CAMP03169,C0884,Birthday,2026-04-30,22.0,1,1,0,0,0.0,1,2282.91,1,2282.91,12,760.97
CAMP03170,C0760,Win-back,2026-08-31,29.25,1,1,1,0,0.0,0,0.0,0,0.0,,
CAMP03171,C0902,Win-back,2025-04-03,32.75,1,1,0,0,0.0,0,0.0,0,0.0,,
CAMP03172,C0942,Win-back,2025-09-19,31.0,1,0,0,0,0.0,0,0.0,0,0.0,,
CAMP03173,C0693,Loyalty,2026-07-28,14.0,0,0,0,0,0.0,0,0.0,0,0.0,,
CAMP03174,C0413,Win-back,2026-05-20,27.5,1,0,0,1,918.42,1,918.42,1,5081.58,3,918.42
CAMP03175,C0327,Birthday,2026-08-19,22.0,1,0,0,0,0.0,0,0.0,0,0.0,,
CAMP03176,C0466,Loyalty,2024-12-21,16.0,0,0,0,1,882.86,1,882.86,1,882.86,5,882.86
CAMP03177,C0865,New Product,2026-07-05,23.0,1,0,0,1,2924.2,1,2924.2,1,3862.76,4,2924.2
CAMP03178,C0132,Discount,2026-01-01,19.75,0,0,0,0,0.0,0,0.0,1,944.29,18,400.08
CAMP03179,C0676,Win-back,2024-12-05,27.5,1,1,0,1,1265.33,1,4456.83,1,8469.39,5,1265.33
CAMP03180,C0081,New Product,2026-02-14,23.0,0,0,0,0,0.0,1,1445.49,1,4022.35,14,1445.49
CAMP03181,C0876,Win-back,2024-12-30,27.5,1,0,0,0,0.0,0,0.0,1,1409.18,21,704.59
CAMP03182,C0033,Discount,2025-09-16,23.25,1,1,0,0,0.0,0,0.0,0,0.0,,
CAMP03183,C0810,Birthday,2025-04-30,20.25,1,0,0,0,0.0,0,0.0,0,0.0,,
CAMP03184,C0268,Discount,2025-12-24,25.0,1,1,0,0,0.0,0,0.0,0,0.0,,
CAMP03185,C0115,New Product,2025-05-27,23.0,1,1,1,0,0.0,0,0.0,0,0.0,,
CAMP03186,C0709,Loyalty,2026-08-16,18.0,1,1,0,0,0.0,0,0.0,0,0.0,,
CAMP03187,C0761,Birthday,2026-01-31,18.5,1,0,0,0,0.0,0,0.0,1,5620.29,15,1873.43
CAMP03188,C0794,Festival,2024-07-04,32.5,1,1,0,0,0.0,1,5413.4400000000005,1,5413.4400000000005,12,1804.48
CAMP03189,C0829,Birthday,2026-04-07,18.5,1,0,0,0,0.0,0,0.0,0,0.0,,
CAMP03190,C0831,Birthday,2026-07-19,20.25,1,1,1,0,0.0,0,0.0,0,0.0,,
CAMP03191,C0942,Win-back,2025-03-04,29.25,1,0,0,0,0.0,0,0.0,0,0.0,,
CAMP03192,C0911,Discount,2026-05-26,21.5,1,0,0,0,0.0,1,3876.68,1,5484.02,10,672.71
CAMP03193,C0972,Birthday,2026-05-15,22.0,1,0,0,0,0.0,0,0.0,0,0.0,,
CAMP03194,C0881,Loyalty,2026-07-16,16.0,1,0,0,0,0.0,0,0.0,0,0.0,,
CAMP03195,C0835,Festival,2026-06-27,30.75,1,0,0,0,0.0,0,0.0,0,0.0,,
CAMP03196,C0030,Birthday,2026-04-10,22.0,0,0,0,0,0.0,0,0.0,0,0.0,,
CAMP03197,C0880,Festival,2025-11-07,32.5,1,0,0,1,969.98,1,969.98,1,969.98,7,969.98
CAMP03198,C0007,Discount,2026-08-14,25.0,1,0,0,0,0.0,0,0.0,0,0.0,,
CAMP03199,C0487,Discount,2024-11-04,23.25,1,0,0,0,0.0,0,0.0,0,0.0,,
CAMP03200,C0858,Loyalty,2026-01-20,22.0,1,0,0,0,0.0,0,0.0,0,0.0,,
CAMP03201,C0788,Birthday,2025-11-29,18.5,1,0,0,0,0.0,1,2025.1,1,2025.1,10,1012.55
CAMP03202,C0568,New Product,2024-06-24,23.0,1,1,0,0,0.0,1,2751.84,1,2751.84,14,2751.84
CAMP03203,C0585,New Product,2026-04-03,23.0,1,0,0,0,0.0,0,0.0,0,0.0,,
CAMP03204,C0751,Birthday,2026-08-05,18.5,1,0,0,0,0.0,0,0.0,0,0.0,,
CAMP03205,C0273,Discount,2026-05-29,23.25,1,1,0,0,0.0,0,0.0,0,0.0,,
CAMP03206,C0921,Festival,2026-05-12,27.25,1,0,0,0,0.0,0,0.0,1,868.96,25,868.96
CAMP03207,C0265,Festival,2025-08-01,32.5,1,0,0,0,0.0,0,0.0,1,1565.08,15,782.54
CAMP03208,C0745,Festival,2025-12-14,27.25,0,0,0,0,0.0,0,0.0,0,0.0,,
CAMP03209,C0132,Loyalty,2025-12-07,14.0,1,1,0,1,924.49,1,924.49,1,1424.27,3,924.49
CAMP03210,C0997,Loyalty,2025-12-13,22.0,1,0,0,0,0.0,0,0.0,1,2203.24,15,1568.75
CAMP03211,C0884,Birthday,2026-08-15,20.25,1,0,0,0,0.0,0,0.0,0,0.0,,
CAMP03212,C0613,New Product,2026-06-02,23.0,1,0,0,1,1060.5,1,1060.5,1,1844.14,3,1060.5
CAMP03213,C0766,Birthday,2024-07-10,18.5,1,0,0,0,0.0,0,0.0,0,0.0,,
CAMP03214,C0668,Win-back,2026-06-19,27.5,1,1,0,0,0.0,1,1611.84,1,4585.639999999999,13,805.92
CAMP03215,C0930,Birthday,2026-08-24,18.5,1,0,0,0,0.0,0,0.0,0,0.0,,
CAMP03216,C0675,Discount,2026-05-19,25.0,1,0,0,1,1577.0,1,1577.0,1,3741.96,2,1577.0
CAMP03217,C0932,New Product,2024-11-04,23.0,1,0,0,0,0.0,0,0.0,0,0.0,,
CAMP03218,C0788,Birthday,2026-02-26,22.0,1,0,0,0,0.0,0,0.0,0,0.0,,
CAMP03219,C0347,Birthday,2025-12-08,20.25,1,0,0,1,1261.74,1,1261.74,1,1261.74,7,420.58
CAMP03220,C0152,Festival,2026-02-06,32.5,1,0,0,0,0.0,1,348.57,1,905.71,13,348.57
CAMP03221,C0954,Birthday,2026-05-25,18.5,1,0,0,0,0.0,0,0.0,0,0.0,,
CAMP03222,C0468,New Product,2026-04-15,23.0,1,1,0,0,0.0,0,0.0,1,1233.9,22,616.95
CAMP03223,C0828,Loyalty,2025-05-13,16.0,1,1,0,0,0.0,0,0.0,0,0.0,,
CAMP03224,C0819,Discount,2024-01-19,19.75,1,0,0,0,0.0,0,0.0,1,8162.46,24,4081.23
CAMP03225,C0650,Birthday,2026-07-14,22.0,1,1,1,1,1347.95,1,1347.95,1,2460.63,2,1347.95
CAMP03226,C0862,New Product,2026-08-09,23.0,1,0,0,0,0.0,0,0.0,0,0.0,,
CAMP03227,C0561,New Product,2025-06-02,23.0,0,0,0,0,0.0,0,0.0,1,1691.82,29,845.91
CAMP03228,C0666,Win-back,2024-12-22,27.5,1,1,0,0,0.0,0,0.0,0,0.0,,
CAMP03229,C0451,Birthday,2026-08-23,20.25,0,0,0,0,0.0,0,0.0,0,0.0,,
CAMP03230,C0959,Win-back,2026-07-27,32.75,1,1,0,0,0.0,0,0.0,0,0.0,,
CAMP03231,C0646,Win-back,2025-06-17,31.0,1,0,0,0,0.0,0,0.0,1,2040.52,22,1020.26
CAMP03232,C0975,Discount,2026-08-22,23.25,1,0,0,0,0.0,0,0.0,0,0.0,,
CAMP03233,C0794,Discount,2024-11-15,21.5,0,0,0,0,0.0,0,0.0,0,0.0,,
CAMP03234,C0823,Birthday,2025-06-08,22.0,1,0,0,0,0.0,1,2682.07,1,2682.07,10,2682.07
CAMP03235,C0008,Discount,2026-08-30,21.5,1,0,0,0,0.0,0,0.0,0,0.0,,
CAMP03236,C0819,Festival,2026-03-20,32.5,1,0,0,0,0.0,0,0.0,0,0.0,,
CAMP03237,C0868,Discount,2026-03-28,21.5,1,0,0,0,0.0,1,893.43,1,893.43,9,893.43
CAMP03238,C0243,New Product,2024-01-24,23.0,1,1,0,0,0.0,0,0.0,1,1809.33,28,603.11
CAMP03239,C0433,Festival,2026-02-18,25.5,0,0,0,0,0.0,0,0.0,1,3072.75,22,1024.25
CAMP03240,C0942,Discount,2025-08-23,19.75,1,1,0,0,0.0,0,0.0,0,0.0,,
CAMP03241,C0058,Loyalty,2025-07-28,16.0,1,0,0,1,1873.08,1,3089.87,1,5182.27,3,936.54
CAMP03242,C0820,New Product,2025-11-27,23.0,1,1,1,1,1208.5,1,2070.5,1,2070.5,5,604.25
CAMP03243,C0928,Birthday,2026-04-15,22.0,1,0,0,0,0.0,0,0.0,0,0.0,,
CAMP03244,C0941,Discount,2025-10-29,23.25,1,0,0,0,0.0,0,0.0,0,0.0,,
CAMP03245,C0778,Loyalty,2025-12-29,22.0,1,0,0,0,0.0,0,0.0,1,1044.25,24,1044.25
CAMP03246,C0895,Loyalty,2025-11-01,14.0,1,0,0,1,2100.42,1,2100.42,1,4329.46,4,1050.21
CAMP03247,C0988,Discount,2026-07-29,19.75,0,0,0,1,4073.46,1,4073.46,1,4073.46,2,1357.82
CAMP03248,C0647,Birthday,2026-06-15,20.25,1,1,0,0,0.0,0,0.0,0,0.0,,
CAMP03249,C0514,Festival,2025-11-11,27.25,1,0,0,0,0.0,0,0.0,0,0.0,,
CAMP03250,C0653,Loyalty,2026-03-26,22.0,1,0,0,0,0.0,0,0.0,0,0.0,,
CAMP03251,C0048,Discount,2026-01-02,25.0,1,1,1,0,0.0,1,1811.38,1,1811.38,14,1811.38
CAMP03252,C0484,Birthday,2025-08-25,20.25,1,0,0,0,0.0,0,0.0,1,1913.62,20,1913.62
CAMP03253,C0398,New Product,2026-04-30,23.0,1,0,0,0,0.0,1,3657.05,1,3657.05,8,2711.21
CAMP03254,C0117,Festival,2026-04-30,29.0,1,0,0,0,0.0,0,0.0,1,947.79,26,947.79
CAMP03255,C0349,New Product,2025-03-27,23.0,1,0,0,0,0.0,0,0.0,0,0.0,,
CAMP03256,C0298,Discount,2026-08-30,23.25,1,0,0,0,0.0,0,0.0,0,0.0,,
CAMP03257,C0748,Birthday,2025-09-16,22.0,1,1,1,1,5100.280000000001,1,5100.280000000001,1,5100.280000000001,3,659.72
CAMP03258,C0260,Festival,2025-03-31,27.25,1,0,0,0,0.0,0,0.0,0,0.0,,
CAMP03259,C0016,Birthday,2025-10-21,20.25,1,1,0,0,0.0,0,0.0,0,0.0,,
CAMP03260,C0427,Discount,2026-05-09,25.0,1,1,1,0,0.0,0,0.0,0,0.0,,
CAMP03261,C0048,Festival,2026-07-12,32.5,1,0,0,1,8571.64,1,8571.64,1,10175.28,7,1694.4
CAMP03262,C0608,Festival,2025-06-29,29.0,0,0,0,0,0.0,0,0.0,0,0.0,,
CAMP03263,C0533,Festival,2026-01-07,32.5,1,0,0,0,0.0,0,0.0,0,0.0,,
CAMP03264,C0404,Birthday,2026-05-21,20.25,1,0,0,0,0.0,1,1730.8,1,1730.8,12,865.4
CAMP03265,C0431,New Product,2025-11-24,23.0,1,1,0,0,0.0,0,0.0,0,0.0,,
CAMP03266,C0082,Birthday,2025-10-31,20.25,1,0,0,0,0.0,1,4989.6900000000005,1,4989.6900000000005,11,1290.03
CAMP03267,C0911,Birthday,2026-05-24,20.25,1,1,0,0,0.0,1,1345.42,1,5484.02,12,672.71
CAMP03268,C0934,Festival,2026-07-08,27.25,1,1,0,1,1745.97,1,1745.97,1,4891.69,1,1745.97
CAMP03269,C0226,Loyalty,2026-04-28,16.0,1,0,0,0,0.0,0,0.0,0,0.0,,
CAMP03270,C0881,New Product,2024-09-14,23.0,1,0,0,0,0.0,0,0.0,0,0.0,,
CAMP03271,C0863,Loyalty,2026-07-24,14.0,1,0,0,0,0.0,0,0.0,1,2714.04,15,1357.02
CAMP03272,C0453,Birthday,2025-10-25,20.25,1,0,0,1,1921.43,1,1921.43,1,2924.57,1,1921.43
CAMP03273,C0916,New Product,2026-03-04,23.0,1,1,0,0,0.0,1,4850.650000000001,1,9177.39,8,1115.43
CAMP03274,C0355,New Product,2025-10-07,23.0,1,1,0,0,0.0,1,1183.15,1,1183.15,12,1183.15
CAMP03275,C0041,New Product,2026-05-10,23.0,1,0,0,0,0.0,0,0.0,0,0.0,,
CAMP03276,C0210,Discount,2026-07-08,25.0,0,0,0,0,0.0,0,0.0,0,0.0,,
CAMP03277,C0235,Discount,2024-10-30,25.0,1,1,1,0,0.0,0,0.0,0,0.0,,
CAMP03278,C0300,Loyalty,2026-03-23,14.0,1,0,0,0,0.0,0,0.0,0,0.0,,
CAMP03279,C0782,Birthday,2024-05-16,20.25,1,0,0,0,0.0,0,0.0,0,0.0,,
CAMP03280,C0439,Win-back,2026-08-15,27.5,1,1,0,0,0.0,0,0.0,0,0.0,,
CAMP03281,C0028,Festival,2025-02-16,30.75,1,0,0,0,0.0,0,0.0,0,0.0,,
CAMP03282,C0414,Win-back,2025-11-21,32.75,0,0,0,1,873.28,1,873.28,1,873.28,2,873.28
CAMP03283,C0391,Birthday,2024-09-13,18.5,1,0,0,0,0.0,0,0.0,0,0.0,,
CAMP03284,C0349,Birthday,2025-08-16,18.5,1,0,0,0,0.0,0,0.0,0,0.0,,
CAMP03285,C0962,New Product,2026-05-26,23.0,1,0,0,0,0.0,0,0.0,0,0.0,,
CAMP03286,C0444,Discount,2026-06-09,25.0,1,0,0,1,8296.28,1,15841.260000000002,1,17090.65,7,4148.14
CAMP03287,C0361,New Product,2025-08-31,23.0,1,0,0,0,0.0,0,0.0,0,0.0,,
CAMP03288,C0712,Win-back,2025-07-31,27.5,1,0,0,0,0.0,0,0.0,1,551.59,20,551.59
CAMP03289,C0511,Win-back,2026-04-14,27.5,1,0,0,1,1238.56,1,11210.179999999998,1,13911.24,7,1238.56
CAMP03290,C0312,Discount,2026-06-24,19.75,1,1,1,0,0.0,0,0.0,0,0.0,,
CAMP03291,C0353,New Product,2026-08-24,23.0,1,0,0,0,0.0,0,0.0,0,0.0,,
CAMP03292,C0130,Win-back,2025-06-11,27.5,1,0,0,0,0.0,1,5781.280000000001,1,6736.9800000000005,8,935.47
CAMP03293,C0456,Birthday,2026-07-17,22.0,1,1,0,1,3551.6000000000004,1,3551.6000000000004,1,4545.3,1,1875.16
CAMP03294,C0303,Birthday,2025-04-13,20.25,1,0,0,0,0.0,0,0.0,0,0.0,,
CAMP03295,C0232,Win-back,2026-03-29,27.5,1,1,0,0,0.0,0,0.0,0,0.0,,
CAMP03296,C0342,Loyalty,2026-05-10,14.0,1,0,0,0,0.0,0,0.0,0,0.0,,
CAMP03297,C0980,Win-back,2026-08-03,31.0,1,1,0,0,0.0,1,12468.18,1,12468.18,11,2255.51
CAMP03298,C0549,Loyalty,2026-04-23,16.0,1,0,0,0,0.0,1,1553.62,1,4592.78,9,1553.62
CAMP03299,C0195,Discount,2025-06-06,23.25,1,1,0,0,0.0,0,0.0,0,0.0,,
CAMP03300,C0907,New Product,2025-12-17,23.0,1,0,0,0,0.0,0,0.0,1,1932.24,19,1494.71
CAMP03301,C0729,Festival,2025-06-29,27.25,1,0,0,1,2397.19,1,2397.19,1,2397.19,1,2397.19
CAMP03302,C0811,Discount,2026-07-30,21.5,1,0,0,1,6699.08,1,6699.08,1,6699.08,4,3349.54
CAMP03303,C0065,New Product,2024-02-23,23.0,1,1,0,1,3479.76,1,3479.76,1,3479.76,5,1739.88
CAMP03304,C0386,Festival,2026-06-21,25.5,1,0,0,0,0.0,0,0.0,0,0.0,,
CAMP03305,C0816,New Product,2026-06-20,23.0,1,1,0,0,0.0,0,0.0,1,2561.78,20,1770.68
CAMP03306,C0880,Discount,2026-02-21,21.5,1,1,0,0,0.0,1,1641.08,1,1641.08,11,820.54
CAMP03307,C0316,New Product,2026-04-07,23.0,1,0,0,0,0.0,0,0.0,1,2317.28,21,2317.28
CAMP03308,C0352,Discount,2026-07-19,21.5,1,1,0,0,0.0,0,0.0,0,0.0,,
CAMP03309,C0596,Birthday,2024-07-14,22.0,1,1,0,0,0.0,0,0.0,0,0.0,,
CAMP03310,C0506,New Product,2025-08-15,23.0,1,0,0,0,0.0,0,0.0,0,0.0,,
CAMP03311,C0482,Festival,2025-09-01,25.5,1,0,0,1,2079.82,1,4401.9400000000005,1,4401.9400000000005,6,1039.91
CAMP03312,C0326,Birthday,2026-03-21,22.0,1,1,0,0,0.0,1,939.34,1,5890.860000000001,10,939.34
CAMP03313,C0409,New Product,2026-07-14,23.0,1,0,0,0,0.0,0,0.0,0,0.0,,
CAMP03314,C0069,Birthday,2025-04-09,18.5,1,0,0,0,0.0,0,0.0,0,0.0,,
CAMP03315,C0971,Discount,2026-01-30,19.75,1,0,0,0,0.0,0,0.0,0,0.0,,
CAMP03316,C0685,Birthday,2026-05-06,18.5,1,0,0,0,0.0,0,0.0,0,0.0,,
CAMP03317,C0591,Festival,2026-06-17,27.25,1,0,0,0,0.0,0,0.0,0,0.0,,
CAMP03318,C0059,Festival,2025-06-23,32.5,0,0,0,0,0.0,0,0.0,1,6052.91,18,1213.96
CAMP03319,C0688,New Product,2025-01-04,23.0,1,0,0,0,0.0,0,0.0,0,0.0,,
CAMP03320,C0865,Win-back,2026-04-17,31.0,1,0,0,0,0.0,1,5510.37,1,11922.15,11,1836.79
CAMP03321,C0463,Festival,2025-05-15,30.75,1,0,0,0,0.0,0,0.0,1,5348.650000000001,15,784.4
CAMP03322,C0327,Discount,2025-12-26,19.75,1,0,0,0,0.0,0,0.0,0,0.0,,
CAMP03323,C0200,Birthday,2025-09-07,22.0,1,1,0,0,0.0,0,0.0,1,3518.49,29,3518.49
CAMP03324,C0203,Loyalty,2025-08-10,18.0,1,0,0,0,0.0,0,0.0,0,0.0,,
CAMP03325,C0166,New Product,2026-05-29,23.0,1,1,0,0,0.0,0,0.0,1,6221.679999999999,18,1586.81
CAMP03326,C0516,Win-back,2026-03-17,31.0,1,0,0,0,0.0,0,0.0,0,0.0,,
CAMP03327,C0482,New Product,2025-12-20,23.0,1,1,0,0,0.0,1,1343.85,1,3149.77,10,1343.85
CAMP03328,C0335,New Product,2025-05-01,23.0,1,0,0,1,615.26,1,615.26,1,1609.86,5,615.26
CAMP03329,C0467,Birthday,2025-06-21,18.5,1,1,1,0,0.0,0,0.0,0,0.0,,
CAMP03330,C0735,New Product,2026-07-20,23.0,1,0,0,0,0.0,0,0.0,0,0.0,,
CAMP03331,C0512,Birthday,2026-08-17,22.0,1,1,1,0,0.0,0,0.0,0,0.0,,
CAMP03332,C0684,Discount,2025-05-22,19.75,1,1,0,0,0.0,1,13487.839999999998,1,14894.059999999998,10,2546.93
CAMP03333,C0300,New Product,2026-03-07,23.0,1,0,0,0,0.0,0,0.0,0,0.0,,
CAMP03334,C0306,Loyalty,2024-04-02,14.0,0,0,0,0,0.0,0,0.0,0,0.0,,
CAMP03335,C0960,Festival,2024-12-16,30.75,1,0,0,0,0.0,0,0.0,0,0.0,,
CAMP03336,C0414,New Product,2026-03-22,23.0,1,1,0,1,5618.58,1,5618.58,1,14861.819999999998,7,2809.29
CAMP03337,C0114,Birthday,2024-07-21,18.5,1,0,0,0,0.0,0,0.0,0,0.0,,
CAMP03338,C0343,Loyalty,2026-03-25,14.0,1,1,0,1,2403.73,1,2403.73,1,3828.97,4,2403.73
CAMP03339,C0846,Birthday,2026-07-29,18.5,1,0,0,0,0.0,0,0.0,0,0.0,,
CAMP03340,C0770,Win-back,2025-02-15,29.25,1,1,0,0,0.0,0,0.0,1,1671.56,26,1671.56
CAMP03341,C0954,Festival,2026-06-04,25.5,1,1,1,0,0.0,0,0.0,1,2089.68,23,2089.68
CAMP03342,C0881,Festival,2026-04-29,30.75,1,1,0,0,0.0,0,0.0,0,0.0,,
CAMP03343,C0541,Discount,2026-06-25,23.25,1,0,0,0,0.0,0,0.0,0,0.0,,
CAMP03344,C0969,Win-back,2026-04-25,27.5,1,0,0,1,1865.76,1,8584.55,1,8584.55,5,932.88
CAMP03345,C0092,Win-back,2024-11-30,29.25,1,1,0,0,0.0,0,0.0,1,1079.56,16,539.78
CAMP03346,C0095,Birthday,2026-03-21,20.25,1,1,0,0,0.0,1,2009.95,1,2009.95,10,750.14
CAMP03347,C0427,New Product,2025-07-27,23.0,1,0,0,0,0.0,0,0.0,0,0.0,,
CAMP03348,C0457,Discount,2026-06-04,25.0,0,0,0,0,0.0,0,0.0,0,0.0,,
CAMP03349,C0473,Loyalty,2026-07-22,18.0,1,1,1,1,1197.46,1,1197.46,1,1197.46,1,1197.46
CAMP03350,C0806,New Product,2026-01-28,23.0,1,0,0,1,1590.12,1,1590.12,1,1590.12,7,795.06
CAMP03351,C0412,Festival,2026-08-02,32.5,1,0,0,0,0.0,0,0.0,0,0.0,,
CAMP03352,C0651,Festival,2025-12-06,29.0,1,1,0,0,0.0,0,0.0,0,0.0,,
CAMP03353,C0946,Birthday,2026-05-18,18.5,1,0,0,1,3138.58,1,4753.26,1,5420.6,5,1569.29
CAMP03354,C0880,Win-back,2025-07-21,32.75,1,0,0,0,0.0,1,2185.8,1,2185.8,9,1092.9
CAMP03355,C0736,Loyalty,2024-11-12,22.0,1,0,0,0,0.0,0,0.0,0,0.0,,
CAMP03356,C0812,Win-back,2026-01-01,31.0,0,0,0,0,0.0,0,0.0,0,0.0,,
CAMP03357,C0515,Birthday,2025-04-05,20.25,1,0,0,0,0.0,0,0.0,0,0.0,,
CAMP03358,C0468,Discount,2026-05-13,19.75,1,0,0,1,5593.28,1,5593.28,1,5593.28,4,1398.32
CAMP03359,C0035,Discount,2025-01-17,19.75,1,0,0,0,0.0,0,0.0,1,708.95,17,708.95
CAMP03360,C0648,Festival,2026-02-28,30.75,1,0,0,0,0.0,0,0.0,0,0.0,,
CAMP03361,C0947,Birthday,2025-02-01,22.0,1,1,0,1,2840.68,1,2840.68,1,8163.519999999999,6,1420.34
CAMP03362,C0609,Discount,2026-05-25,25.0,1,0,0,1,911.9,1,911.9,1,911.9,3,911.9
CAMP03363,C0262,Win-back,2026-01-12,32.75,1,0,0,0,0.0,0,0.0,1,967.01,29,967.01
CAMP03364,C0795,Win-back,2026-02-27,27.5,1,0,0,0,0.0,0,0.0,0,0.0,,
CAMP03365,C0032,Win-back,2026-04-10,27.5,1,0,0,1,922.87,1,922.87,1,3389.14,7,922.87
CAMP03366,C0917,Win-back,2026-06-29,32.75,1,0,0,0,0.0,0,0.0,0,0.0,,
CAMP03367,C0618,Win-back,2025-12-25,31.0,1,0,0,0,0.0,0,0.0,1,2349.58,26,1174.79
CAMP03368,C0074,New Product,2025-01-21,23.0,1,0,0,0,0.0,0,0.0,0,0.0,,
CAMP03369,C0655,Discount,2024-12-02,23.25,1,0,0,1,1551.57,1,1551.57,1,3124.74,2,1551.57
CAMP03370,C0770,Discount,2025-02-22,25.0,1,0,0,0,0.0,0,0.0,1,1671.56,19,1671.56
CAMP03371,C0131,Discount,2026-07-02,19.75,1,0,0,1,1426.86,1,1426.86,1,1426.86,3,713.43
CAMP03372,C0148,Birthday,2026-07-19,20.25,1,0,0,1,3094.04,1,3094.04,1,3094.04,6,1547.02
CAMP03373,C0696,Loyalty,2026-04-27,22.0,1,0,0,0,0.0,1,7293.789999999999,1,9114.759999999998,13,285.81
CAMP03374,C0814,Win-back,2025-11-05,32.75,1,0,0,0,0.0,1,316.54,1,4036.45,12,316.54
CAMP03375,C0489,Discount,2025-10-16,19.75,1,0,0,1,2441.08,1,2441.08,1,2441.08,4,1220.54
CAMP03376,C0599,New Product,2026-08-31,23.0,1,1,0,0,0.0,0,0.0,0,0.0,,
CAMP03377,C0348,Loyalty,2025-09-27,22.0,1,0,0,0,0.0,0,0.0,0,0.0,,
CAMP03378,C0657,Festival,2024-06-23,27.25,1,0,0,0,0.0,0,0.0,1,3985.24,18,1992.62
CAMP03379,C0105,New Product,2026-07-01,23.0,1,1,1,0,0.0,0,0.0,0,0.0,,
CAMP03380,C0542,Win-back,2026-03-23,27.5,1,0,0,0,0.0,0,0.0,1,9476.3,22,2165.45
CAMP03381,C0895,Festival,2026-01-23,30.75,1,0,0,1,886.38,1,2323.26,1,4254.860000000001,3,886.38
CAMP03382,C0384,New Product,2026-02-17,23.0,1,0,0,0,0.0,0,0.0,1,1852.86,29,926.43
CAMP03383,C0313,Festival,2026-06-06,32.5,1,1,0,1,2389.8,1,4884.72,1,4884.72,3,1358.24
CAMP03384,C0198,Discount,2026-05-03,21.5,1,0,0,0,0.0,0,0.0,0,0.0,,
CAMP03385,C0308,New Product,2025-10-28,23.0,1,1,0,0,0.0,0,0.0,1,3608.16,25,1202.72
CAMP03386,C0751,Birthday,2026-07-06,20.25,1,0,0,0,0.0,0,0.0,0,0.0,,
CAMP03387,C0630,Discount,2026-02-07,21.5,0,0,0,0,0.0,0,0.0,1,7069.46,27,2094.95
CAMP03388,C0933,Win-back,2026-04-04,32.75,1,1,0,0,0.0,0,0.0,0,0.0,,
CAMP03389,C0452,Birthday,2025-03-01,20.25,1,0,0,0,0.0,1,1162.71,1,2258.83,12,1162.71
CAMP03390,C0041,New Product,2026-05-28,23.0,1,0,0,0,0.0,0,0.0,1,544.06,30,544.06
CAMP03391,C0744,Loyalty,2026-07-01,14.0,1,1,0,0,0.0,0,0.0,1,743.05,21,743.05
CAMP03392,C0972,New Product,2026-02-05,23.0,1,0,0,0,0.0,0,0.0,1,3858.15,20,2223.4
CAMP03393,C0305,Festival,2026-03-07,29.0,1,0,0,0,0.0,0,0.0,0,0.0,,
CAMP03394,C0486,Loyalty,2025-04-02,14.0,1,0,0,0,0.0,0,0.0,1,965.29,22,965.29
CAMP03395,C0341,New Product,2026-02-07,23.0,1,0,0,0,0.0,0,0.0,1,4499.9400000000005,20,2373.66
CAMP03396,C0649,Loyalty,2026-04-01,16.0,1,0,0,1,1674.04,1,1674.04,1,3233.61,4,837.02
CAMP03397,C0386,New Product,2026-01-07,23.0,1,0,0,0,0.0,1,5288.220000000001,1,5288.220000000001,11,512.58
CAMP03398,C0952,New Product,2026-02-05,23.0,1,0,0,0,0.0,1,1847.82,1,3205.2200000000003,14,1847.82
CAMP03399,C0879,Birthday,2025-05-12,18.5,1,0,0,0,0.0,0,0.0,1,1396.04,15,698.02
CAMP03400,C0210,New Product,2026-04-18,23.0,1,0,0,0,0.0,0,0.0,0,0.0,,
CAMP03401,C0636,Discount,2025-06-10,21.5,1,0,0,1,4661.77,1,4661.77,1,4661.77,3,1830.73
CAMP03402,C0578,Festival,2025-05-11,25.5,1,0,0,0,0.0,1,446.06,1,446.06,13,446.06
CAMP03403,C0218,Festival,2024-06-03,30.75,1,1,1,0,0.0,0,0.0,0,0.0,,
CAMP03404,C0424,Birthday,2025-07-08,20.25,1,0,0,0,0.0,0,0.0,0,0.0,,
CAMP03405,C0989,Festival,2026-07-30,29.0,1,0,0,0,0.0,0,0.0,0,0.0,,
CAMP03406,C0169,Birthday,2025-06-14,18.5,1,0,0,0,0.0,0,0.0,0,0.0,,
CAMP03407,C0467,Win-back,2026-03-26,31.0,1,0,0,0,0.0,0,0.0,1,1349.87,26,1349.87
CAMP03408,C0243,Discount,2025-08-21,25.0,1,0,0,1,1629.71,1,1629.71,1,7203.750000000001,7,655.97
CAMP03409,C0761,Win-back,2026-03-16,31.0,1,1,0,0,0.0,1,508.17,1,2267.42,11,508.17
CAMP03410,C0946,Festival,2026-02-01,29.0,0,0,0,0,0.0,0,0.0,0,0.0,,
CAMP03411,C0136,Discount,2026-06-11,25.0,1,0,0,1,1022.86,1,2280.56,1,3852.88,5,1022.86
CAMP03412,C0111,Loyalty,2026-04-19,18.0,1,0,0,1,1510.83,1,1510.83,1,1510.83,6,1510.83
CAMP03413,C0370,New Product,2025-09-11,23.0,1,1,0,0,0.0,0,0.0,0,0.0,,
CAMP03414,C0988,Birthday,2026-07-18,18.5,1,0,0,0,0.0,1,4073.46,1,4073.46,13,1357.82
CAMP03415,C0931,Birthday,2026-05-16,18.5,1,1,0,0,0.0,1,2433.24,1,3288.35,11,1216.62
CAMP03416,C0036,Festival,2024-09-21,30.75,1,0,0,1,1567.34,1,1567.34,1,1567.34,1,1567.34
CAMP03417,C0521,Festival,2024-08-03,30.75,1,0,0,1,910.54,1,910.54,1,910.54,7,910.54
CAMP03418,C0219,Win-back,2025-09-05,31.0,1,0,0,0,0.0,1,5890.06,1,8396.48,10,2442.16
CAMP03419,C0745,Festival,2026-06-19,29.0,1,0,0,0,0.0,0,0.0,0,0.0,,
CAMP03420,C0545,Birthday,2026-08-20,18.5,1,0,0,0,0.0,0,0.0,0,0.0,,
CAMP03421,C0123,Loyalty,2024-08-17,14.0,1,0,0,0,0.0,0,0.0,0,0.0,,
CAMP03422,C0442,Loyalty,2025-08-02,16.0,1,0,0,0,0.0,0,0.0,0,0.0,,
CAMP03423,C0379,Win-back,2024-10-27,27.5,1,0,0,0,0.0,0,0.0,1,547.23,17,547.23
CAMP03424,C0283,Birthday,2025-11-17,18.5,1,0,0,0,0.0,0,0.0,1,507.35,29,507.35
CAMP03425,C0115,Loyalty,2024-11-16,22.0,1,0,0,1,416.6,1,416.6,1,1122.73,4,416.6
CAMP03426,C0990,Discount,2026-07-03,25.0,1,0,0,0,0.0,0,0.0,0,0.0,,
CAMP03427,C0276,New Product,2025-09-08,23.0,1,0,0,1,3579.88,1,3579.88,1,4089.65,2,894.97
CAMP03428,C0307,Birthday,2026-08-23,18.5,1,1,0,0,0.0,0,0.0,0,0.0,,
CAMP03429,C0095,New Product,2025-07-29,23.0,1,0,0,0,0.0,1,1433.38,1,11448.18,11,1433.38
CAMP03430,C0123,New Product,2024-11-22,23.0,1,0,0,0,0.0,0,0.0,0,0.0,,
CAMP03431,C0867,Win-back,2024-12-27,27.5,1,0,0,1,751.23,1,751.23,1,751.23,5,751.23
CAMP03432,C0625,Discount,2025-01-09,19.75,0,0,0,0,0.0,0,0.0,0,0.0,,
CAMP03433,C0686,Birthday,2025-04-12,18.5,1,0,0,0,0.0,0,0.0,1,3056.35,23,994.73
CAMP03434,C0743,Loyalty,2026-06-22,18.0,1,0,0,0,0.0,0,0.0,0,0.0,,
CAMP03435,C0549,Birthday,2025-02-13,20.25,1,1,0,0,0.0,0,0.0,0,0.0,,
CAMP03436,C0751,Festival,2026-07-14,30.75,1,0,0,0,0.0,0,0.0,0,0.0,,
CAMP03437,C0646,Discount,2024-10-03,25.0,1,0,0,0,0.0,1,1935.96,1,1935.96,9,967.98
CAMP03438,C0004,Festival,2026-06-20,27.25,1,1,1,0,0.0,1,5279.28,1,6169.4,8,1319.82
CAMP03439,C0601,Discount,2025-10-01,23.25,0,0,0,0,0.0,0,0.0,0,0.0,,
CAMP03440,C0158,Loyalty,2026-03-09,18.0,1,0,0,1,2595.14,1,2595.14,1,2595.14,5,1297.57
CAMP03441,C0706,Birthday,2026-06-25,18.5,1,0,0,0,0.0,0,0.0,0,0.0,,
CAMP03442,C0070,Discount,2026-03-02,19.75,1,0,0,0,0.0,1,1673.4299999999998,1,1673.4299999999998,12,557.81
CAMP03443,C0088,Birthday,2026-06-01,22.0,1,0,0,0,0.0,0,0.0,0,0.0,,
CAMP03444,C0035,Birthday,2026-03-22,20.25,1,1,1,0,0.0,0,0.0,0,0.0,,
CAMP03445,C0748,Discount,2026-06-11,19.75,1,0,0,0,0.0,0,0.0,1,2090.82,22,1045.41
CAMP03446,C0932,Discount,2024-08-19,21.5,1,0,0,0,0.0,0,0.0,1,2061.54,20,687.18
CAMP03447,C0853,Discount,2026-07-11,23.25,1,0,0,1,4576.7,1,6690.06,1,10205.61,4,2288.35
CAMP03448,C0729,Loyalty,2025-02-21,14.0,1,1,0,0,0.0,0,0.0,1,3310.6800000000003,20,1545.99
CAMP03449,C0994,New Product,2025-04-02,23.0,1,0,0,0,0.0,0,0.0,1,3386.46,17,1693.23
CAMP03450,C0290,Loyalty,2026-04-07,14.0,1,0,0,1,3156.59,1,3156.59,1,3156.59,2,3156.59
CAMP03451,C0404,Loyalty,2026-05-28,18.0,1,0,0,1,1730.8,1,1730.8,1,1730.8,5,865.4
CAMP03452,C0108,Birthday,2025-03-02,18.5,1,0,0,0,0.0,0,0.0,0,0.0,,
CAMP03453,C0409,Loyalty,2026-07-29,14.0,1,0,0,0,0.0,0,0.0,0,0.0,,
CAMP03454,C0878,Win-back,2026-05-05,32.75,1,0,0,0,0.0,0,0.0,0,0.0,,
CAMP03455,C0507,Discount,2024-04-12,19.75,1,0,0,0,0.0,0,0.0,1,1416.93,19,472.31
CAMP03456,C0205,Discount,2025-08-10,25.0,1,0,0,0,0.0,0,0.0,0,0.0,,
CAMP03457,C0834,Discount,2025-12-24,23.25,1,0,0,0,0.0,0,0.0,1,9322.78,15,2083.59
CAMP03458,C0123,Birthday,2025-09-07,18.5,1,0,0,0,0.0,1,4862.6,1,4862.6,13,1368.65
CAMP03459,C0998,Birthday,2024-11-15,18.5,1,1,0,0,0.0,0,0.0,0,0.0,,
CAMP03460,C0014,Festival,2026-07-21,32.5,1,0,0,0,0.0,0,0.0,0,0.0,,
CAMP03461,C0527,New Product,2026-07-25,23.0,1,0,0,0,0.0,0,0.0,0,0.0,,
CAMP03462,C0792,Birthday,2026-04-24,20.25,1,1,0,0,0.0,0,0.0,0,0.0,,
CAMP03463,C0538,Festival,2026-06-13,29.0,1,1,1,0,0.0,1,3392.8,1,3392.8,11,1330.78
CAMP03464,C0850,Win-back,2025-11-02,29.25,1,1,1,0,0.0,0,0.0,1,15064.86,22,2258.38
CAMP03465,C0711,Win-back,2026-08-10,31.0,1,0,0,0,0.0,0,0.0,0,0.0,,
CAMP03466,C0481,Win-back,2025-08-04,32.75,1,0,0,0,0.0,1,2316.62,1,2316.62,9,1158.31
CAMP03467,C0587,Birthday,2025-06-15,18.5,1,0,0,0,0.0,0,0.0,0,0.0,,
CAMP03468,C0656,Birthday,2025-05-25,18.5,1,0,0,0,0.0,1,2822.91,1,2822.91,10,940.97
CAMP03469,C0088,Loyalty,2026-07-06,14.0,1,0,0,0,0.0,0,0.0,0,0.0,,
CAMP03470,C0261,New Product,2026-07-07,23.0,1,0,0,0,0.0,0,0.0,0,0.0,,
CAMP03471,C0053,Discount,2025-08-20,23.25,1,0,0,0,0.0,1,978.25,1,978.25,10,978.25
CAMP03472,C0651,New Product,2026-03-15,23.0,1,0,0,1,1405.28,1,1405.28,1,7309.73,4,1405.28
CAMP03473,C0044,Festival,2025-08-22,25.5,1,0,0,0,0.0,0,0.0,0,0.0,,
CAMP03474,C0909,New Product,2026-06-25,23.0,1,0,0,0,0.0,0,0.0,1,5902.33,22,2050.39
CAMP03475,C0937,Loyalty,2025-04-03,16.0,1,0,0,0,0.0,0,0.0,1,491.36,17,491.36
CAMP03476,C0159,Festival,2026-04-14,29.0,1,1,0,0,0.0,0,0.0,0,0.0,,
CAMP03477,C0607,Loyalty,2026-03-30,14.0,0,0,0,0,0.0,1,1344.46,1,1344.46,12,672.23
CAMP03478,C0660,Birthday,2025-04-14,22.0,1,0,0,0,0.0,1,2174.68,1,2174.68,13,543.67
CAMP03479,C0161,Festival,2026-08-06,27.25,1,1,0,0,0.0,0,0.0,0,0.0,,
CAMP03480,C0154,Discount,2024-04-23,19.75,1,0,0,0,0.0,0,0.0,1,2422.98,18,2422.98
CAMP03481,C0292,Festival,2024-08-09,25.5,1,1,0,0,0.0,0,0.0,1,1481.22,21,1481.22
CAMP03482,C0183,Birthday,2026-01-25,20.25,1,0,0,0,0.0,0,0.0,1,2693.38,15,1346.69
CAMP03483,C0093,New Product,2026-03-31,23.0,1,0,0,0,0.0,1,2196.75,1,2196.75,13,2196.75
CAMP03484,C0668,Loyalty,2026-05-14,22.0,1,1,0,1,903.37,1,2100.89,1,2100.89,7,903.37
CAMP03485,C0654,Discount,2023-12-09,25.0,1,0,0,0,0.0,0,0.0,1,3156.03,20,1052.01
CAMP03486,C0876,Win-back,2025-03-12,32.75,1,1,0,1,764.01,1,764.01,1,1868.85,4,764.01
CAMP03487,C0100,Discount,2026-06-27,21.5,1,1,1,1,910.34,1,910.34,1,910.34,4,910.34
CAMP03488,C0656,Festival,2024-09-07,29.0,1,0,0,0,0.0,0,0.0,0,0.0,,
CAMP03489,C0736,Discount,2024-10-31,19.75,1,0,0,1,2137.58,1,2137.58,1,2137.58,7,2137.58
CAMP03490,C0699,Birthday,2024-07-16,22.0,1,1,1,0,0.0,0,0.0,0,0.0,,
CAMP03491,C0172,New Product,2024-05-31,23.0,1,0,0,0,0.0,0,0.0,0,0.0,,
CAMP03492,C0461,Birthday,2026-08-24,20.25,1,1,1,0,0.0,0,0.0,0,0.0,,
CAMP03493,C0650,Discount,2025-09-27,25.0,1,0,0,1,8977.26,1,11461.47,1,11461.47,3,2992.42
CAMP03494,C0549,Festival,2026-07-31,25.5,1,0,0,0,0.0,0,0.0,0,0.0,,
CAMP03495,C0586,New Product,2025-05-26,23.0,1,0,0,0,0.0,0,0.0,0,0.0,,
CAMP03496,C0762,Win-back,2026-04-29,27.5,0,0,0,0,0.0,0,0.0,0,0.0,,
CAMP03497,C0177,Discount,2026-05-11,19.75,1,0,0,0,0.0,0,0.0,0,0.0,,
CAMP03498,C0926,New Product,2026-07-27,23.0,1,1,0,0,0.0,0,0.0,0,0.0,,
CAMP03499,C0482,New Product,2026-07-09,23.0,1,1,1,0,0.0,0,0.0,1,1822.28,16,911.14
CAMP03500,C1000,Birthday,2026-08-25,20.25,1,1,0,0,0.0,0,0.0,0,0.0,,
CAMP03501,C0256,Loyalty,2025-12-31,14.0,1,1,0,1,2141.2200000000003,1,2141.2200000000003,1,2141.2200000000003,6,713.74
CAMP03502,C0163,Win-back,2024-05-13,29.25,1,0,0,0,0.0,0,0.0,0,0.0,,
CAMP03503,C0318,Win-back,2026-08-12,29.25,1,1,0,0,0.0,0,0.0,0,0.0,,
CAMP03504,C0852,Loyalty,2026-04-04,14.0,1,0,0,1,2297.4,1,2297.4,1,2297.4,5,2297.4
CAMP03505,C0192,Birthday,2025-09-30,22.0,1,0,0,0,0.0,0,0.0,0,0.0,,
CAMP03506,C0643,Discount,2026-04-03,19.75,1,0,0,0,0.0,1,3159.64,1,8409.5,14,1579.82
CAMP03507,C0128,Loyalty,2026-03-28,16.0,1,0,0,1,3565.03,1,3565.03,1,3565.03,5,870.94
CAMP03508,C0535,Festival,2026-06-20,25.5,1,1,0,0,0.0,0,0.0,1,2273.24,24,1136.62
CAMP03509,C0013,Festival,2025-01-09,30.75,1,0,0,0,0.0,1,1848.24,1,4268.42,11,1848.24
CAMP03510,C0154,Birthday,2025-02-27,22.0,1,0,0,0,0.0,1,11983.2,1,11983.2,8,1738.09
CAMP03511,C0494,Loyalty,2026-02-18,16.0,1,1,0,0,0.0,1,2213.45,1,4091.69,11,2213.45
CAMP03512,C0457,Loyalty,2025-06-16,14.0,1,0,0,0,0.0,0,0.0,0,0.0,,
CAMP03513,C0117,Birthday,2026-01-09,18.5,1,1,0,1,1549.72,1,1549.72,1,3189.82,3,774.86
CAMP03514,C0784,Loyalty,2026-02-20,16.0,1,0,0,0,0.0,0,0.0,0,0.0,,
CAMP03515,C0640,Discount,2026-01-20,19.75,1,1,0,0,0.0,0,0.0,0,0.0,,
CAMP03516,C0622,New Product,2026-03-26,23.0,1,0,0,0,0.0,0,0.0,1,1247.13,20,1247.13
CAMP03517,C0459,New Product,2026-07-11,23.0,1,0,0,0,0.0,1,896.26,1,896.26,11,448.13
CAMP03518,C0638,Birthday,2026-03-19,22.0,1,1,1,0,0.0,0,0.0,1,2193.62,24,1096.81
CAMP03519,C0103,Festival,2026-08-05,32.5,1,0,0,0,0.0,0,0.0,0,0.0,,
CAMP03520,C0320,Festival,2025-09-18,30.75,1,1,0,0,0.0,0,0.0,1,4082.98,15,2041.49
CAMP03521,C0467,Loyalty,2026-04-18,16.0,1,0,0,1,1349.87,1,2222.62,1,2222.62,3,1349.87
CAMP03522,C0798,Win-back,2026-08-07,32.75,1,1,0,0,0.0,0,0.0,0,0.0,,
CAMP03523,C0609,New Product,2025-10-10,23.0,1,0,0,0,0.0,0,0.0,0,0.0,,
CAMP03524,C0163,Festival,2024-10-01,29.0,0,0,0,0,0.0,0,0.0,0,0.0,,
CAMP03525,C0710,Birthday,2026-03-05,22.0,1,0,0,0,0.0,0,0.0,1,1519.9499999999998,24,506.65
CAMP03526,C0585,Win-back,2025-06-19,27.5,1,1,1,0,0.0,0,0.0,1,560.63,17,560.63
CAMP03527,C0730,Festival,2024-06-09,27.25,1,1,1,0,0.0,0,0.0,0,0.0,,
CAMP03528,C0645,Loyalty,2026-06-22,18.0,1,1,0,0,0.0,1,1610.0,1,3359.1800000000003,8,805.0
CAMP03529,C0079,Festival,2026-02-21,30.75,1,0,0,0,0.0,0,0.0,1,1780.02,16,890.01
CAMP03530,C0919,Festival,2026-07-14,30.75,1,0,0,0,0.0,0,0.0,0,0.0,,
CAMP03531,C0117,Discount,2026-07-01,21.5,1,1,1,0,0.0,1,3770.98,1,3770.98,8,1885.49
CAMP03532,C0644,Win-back,2025-11-28,32.75,1,1,0,1,6047.639999999999,1,6047.639999999999,1,6047.639999999999,3,709.72
CAMP03533,C0629,Win-back,2025-04-01,27.5,1,0,0,0,0.0,1,1157.79,1,6431.01,13,1157.79
CAMP03534,C0527,Discount,2026-08-24,25.0,1,0,0,0,0.0,0,0.0,0,0.0,,
CAMP03535,C0736,Festival,2025-12-22,29.0,1,0,0,1,2790.36,1,2790.36,1,10769.69,7,1395.18
CAMP03536,C0045,Discount,2025-10-07,19.75,0,0,0,0,0.0,1,1619.3,1,3055.4,12,809.65
CAMP03537,C0249,Festival,2026-06-20,32.5,1,0,0,1,2969.24,1,2969.24,1,6970.58,4,2969.24
CAMP03538,C0064,Win-back,2025-02-01,27.5,1,0,0,0,0.0,0,0.0,1,4651.31,20,774.47
CAMP03539,C0049,Birthday,2026-01-26,20.25,1,1,0,0,0.0,0,0.0,1,9233.98,20,3422.83
CAMP03540,C0105,New Product,2025-06-30,23.0,1,0,0,1,2269.34,1,4281.4800000000005,1,8196.21,4,1134.67
CAMP03541,C0690,Loyalty,2025-08-17,22.0,1,0,0,1,5877.12,1,5877.12,1,7865.0,7,1959.04
CAMP03542,C0213,Birthday,2025-08-09,22.0,1,0,0,0,0.0,0,0.0,0,0.0,,
CAMP03543,C0326,Birthday,2026-02-17,22.0,1,1,0,0,0.0,1,1392.05,1,5674.1900000000005,8,1392.05
CAMP03544,C0815,Loyalty,2026-04-12,18.0,1,0,0,0,0.0,0,0.0,0,0.0,,
CAMP03545,C0974,Festival,2026-04-23,25.5,1,0,0,0,0.0,0,0.0,0,0.0,,
CAMP03546,C0488,Festival,2025-05-21,25.5,1,1,0,0,0.0,0,0.0,1,1645.64,28,822.82
CAMP03547,C0652,New Product,2026-02-16,23.0,1,0,0,1,1959.06,1,1959.06,1,7021.390000000001,3,979.53
CAMP03548,C0493,Birthday,2025-06-19,22.0,1,1,0,1,1959.0,1,1959.0,1,1959.0,5,1959.0
CAMP03549,C0680,Loyalty,2024-02-10,16.0,0,0,0,0,0.0,0,0.0,0,0.0,,
CAMP03550,C0209,Win-back,2024-02-01,31.0,1,1,0,0,0.0,0,0.0,1,1538.96,23,769.48
CAMP03551,C0458,Win-back,2026-06-06,31.0,1,0,0,0,0.0,0,0.0,1,1836.64,21,1836.64
CAMP03552,C0784,Loyalty,2026-07-11,16.0,1,0,0,0,0.0,0,0.0,0,0.0,,
CAMP03553,C0966,Loyalty,2026-07-13,14.0,1,0,0,1,8999.810000000001,1,8999.810000000001,1,10975.8,1,1989.25
CAMP03554,C0174,Birthday,2025-06-23,22.0,1,0,0,0,0.0,0,0.0,1,943.71,15,943.71
CAMP03555,C0609,New Product,2026-05-01,23.0,1,0,0,0,0.0,0,0.0,1,2211.54,16,649.82
CAMP03556,C0667,Festival,2026-08-17,30.75,1,0,0,0,0.0,0,0.0,0,0.0,,
CAMP03557,C0645,Loyalty,2026-02-27,16.0,1,0,0,0,0.0,0,0.0,0,0.0,,
CAMP03558,C0842,Discount,2026-05-16,23.25,0,0,0,0,0.0,0,0.0,0,0.0,,
CAMP03559,C0080,New Product,2026-03-18,23.0,1,0,0,0,0.0,0,0.0,1,7652.95,20,1530.59
CAMP03560,C0487,Discount,2026-08-23,25.0,0,0,0,0,0.0,0,0.0,0,0.0,,
CAMP03561,C0493,Win-back,2025-09-27,31.0,1,1,0,0,0.0,0,0.0,1,848.35,27,848.35
CAMP03562,C0250,Loyalty,2026-08-07,14.0,1,0,0,0,0.0,0,0.0,0,0.0,,
CAMP03563,C0548,Win-back,2026-05-14,29.25,1,0,0,0,0.0,0,0.0,0,0.0,,
CAMP03564,C0175,Festival,2025-11-21,27.25,0,0,0,0,0.0,1,3794.16,1,3794.16,8,1341.87
CAMP03565,C0958,Loyalty,2026-01-04,18.0,1,0,0,0,0.0,0,0.0,1,1725.27,19,1725.27
CAMP03566,C0500,Loyalty,2026-01-11,18.0,1,0,0,0,0.0,1,2363.67,1,2363.67,13,787.89
CAMP03567,C0765,Birthday,2026-03-11,20.25,1,1,0,0,0.0,0,0.0,1,631.83,17,631.83
CAMP03568,C0291,Loyalty,2025-11-17,16.0,0,0,0,1,1055.13,1,2535.98,1,4853.18,4,1055.13
CAMP03569,C0546,New Product,2025-11-24,23.0,0,0,0,0,0.0,0,0.0,0,0.0,,
CAMP03570,C0013,New Product,2025-10-10,23.0,1,0,0,0,0.0,0,0.0,0,0.0,,
CAMP03571,C0416,Discount,2026-08-02,19.75,1,0,0,0,0.0,0,0.0,0,0.0,,
CAMP03572,C0335,New Product,2025-04-03,23.0,1,0,0,0,0.0,0,0.0,1,1381.31,21,535.87
CAMP03573,C0892,Discount,2026-07-28,25.0,1,0,0,0,0.0,0,0.0,0,0.0,,
CAMP03574,C0681,Loyalty,2026-07-20,22.0,1,0,0,0,0.0,1,3091.55,1,4016.63,8,3091.55
CAMP03575,C0350,Birthday,2025-06-11,22.0,1,1,0,1,1981.75,1,1981.75,1,4303.35,1,572.73
CAMP03576,C0258,Festival,2025-09-22,32.5,1,0,0,0,0.0,0,0.0,0,0.0,,
CAMP03577,C0163,Discount,2025-03-01,23.25,1,1,0,1,1147.58,1,1147.58,1,1147.58,5,1147.58
CAMP03578,C0833,Loyalty,2025-01-07,16.0,1,0,0,0,0.0,0,0.0,0,0.0,,
CAMP03579,C0910,Loyalty,2025-05-08,16.0,1,1,0,0,0.0,0,0.0,0,0.0,,
CAMP03580,C0790,Discount,2026-07-27,25.0,1,0,0,0,0.0,0,0.0,0,0.0,,
CAMP03581,C0065,Discount,2024-06-06,25.0,1,0,0,0,0.0,0,0.0,1,823.23,27,823.23
CAMP03582,C0406,Discount,2025-11-06,23.25,1,0,0,1,1028.07,1,1028.07,1,1028.07,2,1028.07
CAMP03583,C0240,Festival,2025-05-26,30.75,1,0,0,0,0.0,0,0.0,1,753.05,23,753.05
CAMP03584,C0827,Win-back,2025-06-26,32.75,1,0,0,0,0.0,0,0.0,1,1994.28,29,1994.28
CAMP03585,C0413,Discount,2026-08-15,23.25,1,1,1,0,0.0,0,0.0,0,0.0,,
CAMP03586,C0840,Birthday,2025-02-28,18.5,1,0,0,0,0.0,0,0.0,1,3641.52,27,1213.84
CAMP03587,C0413,Win-back,2026-07-31,27.5,1,0,0,0,0.0,0,0.0,0,0.0,,
CAMP03588,C0016,Discount,2026-08-02,21.5,1,0,0,0,0.0,0,0.0,0,0.0,,
CAMP03589,C0215,Win-back,2026-03-18,32.75,1,1,1,0,0.0,1,1953.07,1,2832.48,12,1953.07
CAMP03590,C0550,New Product,2026-01-03,23.0,1,0,0,1,1203.32,1,1203.32,1,1203.32,4,601.66
CAMP03591,C0893,Loyalty,2026-05-10,18.0,1,1,0,0,0.0,1,1195.26,1,1195.26,8,1195.26
CAMP03592,C0461,Discount,2025-03-01,23.25,1,0,0,0,0.0,0,0.0,0,0.0,,
CAMP03593,C0429,Loyalty,2024-12-26,14.0,1,1,0,0,0.0,1,2627.56,1,7767.84,8,1313.78
CAMP03594,C0995,Birthday,2026-07-04,22.0,1,0,0,0,0.0,0,0.0,0,0.0,,
CAMP03595,C0217,New Product,2024-09-14,23.0,1,0,0,0,0.0,0,0.0,0,0.0,,
CAMP03596,C0088,Loyalty,2026-07-23,18.0,1,0,0,0,0.0,0,0.0,0,0.0,,
CAMP03597,C0511,New Product,2026-04-15,23.0,0,0,0,1,1238.56,1,11210.179999999998,1,13911.24,6,1238.56
CAMP03598,C0671,Festival,2026-04-29,29.0,1,0,0,0,0.0,0,0.0,1,354.13,25,354.13
CAMP03599,C0803,Loyalty,2026-03-29,16.0,1,0,0,0,0.0,0,0.0,0,0.0,,
CAMP03600,C0301,Win-back,2026-05-29,32.75,1,1,1,1,3928.44,1,3928.44,1,3928.44,2,1309.48
CAMP03601,C0170,New Product,2025-11-15,23.0,0,0,0,0,0.0,0,0.0,1,2836.79,20,940.72
CAMP03602,C0941,Win-back,2024-03-03,31.0,0,0,0,1,535.48,1,535.48,1,535.48,6,535.48
CAMP03603,C0546,Birthday,2026-05-14,18.5,1,0,0,0,0.0,0,0.0,0,0.0,,
CAMP03604,C0420,New Product,2025-09-17,23.0,1,0,0,0,0.0,0,0.0,1,1290.28,26,645.14
CAMP03605,C0529,Loyalty,2026-07-06,18.0,1,0,0,0,0.0,0,0.0,0,0.0,,
CAMP03606,C0272,New Product,2025-01-27,23.0,1,0,0,0,0.0,0,0.0,1,1210.81,22,689.43
CAMP03607,C0942,Discount,2025-02-23,21.5,1,0,0,0,0.0,0,0.0,0,0.0,,
CAMP03608,C0438,Loyalty,2026-08-02,16.0,1,1,0,0,0.0,0,0.0,0,0.0,,
CAMP03609,C0151,New Product,2026-05-02,23.0,1,0,0,0,0.0,0,0.0,0,0.0,,
CAMP03610,C0361,New Product,2025-12-23,23.0,1,0,0,1,1732.98,1,5964.78,1,15260.77,4,1732.98
CAMP03611,C0928,Loyalty,2026-02-22,14.0,1,1,1,0,0.0,0,0.0,1,835.43,23,835.43
CAMP03612,C0868,Birthday,2026-05-20,18.5,1,0,0,0,0.0,0,0.0,0,0.0,,
CAMP03613,C0084,Birthday,2026-03-25,20.25,1,0,0,0,0.0,0,0.0,0,0.0,,
CAMP03614,C0317,Discount,2026-04-26,19.75,1,1,1,1,4194.12,1,4194.12,1,5939.44,1,1480.86
CAMP03615,C0209,Festival,2024-05-03,32.5,1,0,0,0,0.0,0,0.0,0,0.0,,
CAMP03616,C0137,New Product,2026-08-09,23.0,1,1,0,0,0.0,0,0.0,0,0.0,,
CAMP03617,C0601,New Product,2026-03-03,23.0,1,0,0,0,0.0,0,0.0,0,0.0,,
CAMP03618,C0050,Birthday,2026-06-16,18.5,1,0,0,0,0.0,0,0.0,0,0.0,,
CAMP03619,C0029,Loyalty,2025-12-25,14.0,1,0,0,0,0.0,0,0.0,1,2947.04,30,736.76
CAMP03620,C0164,Discount,2026-06-12,25.0,1,0,0,1,2524.8,1,2524.8,1,2524.8,4,841.6
CAMP03621,C0002,Loyalty,2026-06-26,14.0,1,0,0,0,0.0,1,3084.9,1,4122.7,9,616.98
CAMP03622,C0942,New Product,2026-05-17,23.0,1,0,0,0,0.0,0,0.0,0,0.0,,
CAMP03623,C0879,Win-back,2024-11-19,32.75,1,0,0,0,0.0,1,1437.36,1,3190.61,12,479.12
CAMP03624,C0716,Birthday,2024-10-17,18.5,1,0,0,0,0.0,0,0.0,0,0.0,,
CAMP03625,C0789,Discount,2026-05-31,25.0,1,0,0,0,0.0,0,0.0,0,0.0,,
CAMP03626,C0272,Festival,2026-07-30,27.25,1,1,0,0,0.0,0,0.0,0,0.0,,
CAMP03627,C0734,Discount,2026-07-06,25.0,0,0,0,0,0.0,0,0.0,0,0.0,,
CAMP03628,C0110,New Product,2025-08-28,23.0,1,1,0,0,0.0,0,0.0,1,1666.92,23,1666.92
CAMP03629,C0264,Birthday,2025-01-17,22.0,1,0,0,1,1881.69,1,2582.08,1,2582.08,7,1881.69
CAMP03630,C0089,Loyalty,2026-08-24,22.0,1,1,0,0,0.0,0,0.0,0,0.0,,
CAMP03631,C0383,Birthday,2025-07-23,18.5,1,0,0,1,1429.62,1,3918.18,1,3918.18,3,714.81
CAMP03632,C0004,Birthday,2025-07-30,20.25,1,1,1,0,0.0,0,0.0,0,0.0,,
CAMP03633,C0629,Birthday,2024-05-20,20.25,1,0,0,0,0.0,1,814.18,1,814.18,12,814.18
CAMP03634,C0672,Birthday,2026-03-30,18.5,1,1,1,0,0.0,0,0.0,0,0.0,,
CAMP03635,C0632,Loyalty,2024-12-21,22.0,1,0,0,0,0.0,0,0.0,1,5723.0,25,991.78
CAMP03636,C0894,Loyalty,2026-06-25,14.0,1,0,0,0,0.0,1,1035.95,1,1035.95,13,1035.95
CAMP03637,C0277,Birthday,2026-07-04,22.0,0,0,0,0,0.0,0,0.0,1,4346.97,16,1448.99
CAMP03638,C0583,New Product,2025-01-08,23.0,1,1,0,1,2261.1,1,2261.1,1,2261.1,7,2261.1
CAMP03639,C0684,Win-back,2026-07-23,29.25,0,0,0,1,1449.5,1,1449.5,1,2824.19,2,1449.5
CAMP03640,C0254,New Product,2026-07-29,23.0,1,0,0,0,0.0,0,0.0,0,0.0,,
CAMP03641,C0209,Win-back,2025-10-20,32.75,1,0,0,0,0.0,1,5597.56,1,10406.079999999998,10,2798.78
CAMP03642,C0529,Discount,2026-05-20,19.75,1,1,1,0,0.0,0,0.0,1,4276.64,29,2138.32
CAMP03643,C0633,Discount,2026-01-26,21.5,1,0,0,0,0.0,0,0.0,0,0.0,,
CAMP03644,C0662,Win-back,2025-10-28,31.0,1,0,0,1,1029.98,1,1029.98,1,1029.98,2,1029.98
CAMP03645,C0092,Birthday,2025-03-31,22.0,1,0,0,1,3489.24,1,3489.24,1,3489.24,1,872.31
CAMP03646,C0919,Birthday,2026-03-03,20.25,1,0,0,0,0.0,0,0.0,0,0.0,,
CAMP03647,C0979,Festival,2026-08-25,29.0,1,0,0,0,0.0,0,0.0,0,0.0,,
CAMP03648,C0403,Win-back,2025-05-21,32.75,1,0,0,0,0.0,0,0.0,0,0.0,,
CAMP03649,C0422,Win-back,2026-04-19,27.5,1,1,0,0,0.0,0,0.0,1,2565.12,17,2565.12
CAMP03650,C0652,New Product,2025-04-25,23.0,1,0,0,0,0.0,0,0.0,1,6045.52,22,1511.38
CAMP03651,C0806,Discount,2025-10-12,25.0,1,0,0,0,0.0,1,2349.59,1,2349.59,10,808.31
CAMP03652,C0120,Win-back,2026-08-31,27.5,1,0,0,0,0.0,0,0.0,0,0.0,,
CAMP03653,C0164,Loyalty,2025-10-15,14.0,1,1,0,0,0.0,0,0.0,0,0.0,,
CAMP03654,C0326,New Product,2025-11-25,23.0,1,1,0,1,1442.81,1,1442.81,1,1442.81,1,1442.81
CAMP03655,C0370,New Product,2025-11-29,23.0,1,0,0,0,0.0,0,0.0,0,0.0,,
CAMP03656,C0141,Loyalty,2026-05-08,18.0,1,0,0,0,0.0,0,0.0,0,0.0,,
CAMP03657,C0109,Festival,2025-12-07,27.25,1,0,0,1,4203.5,1,4203.5,1,6705.38,6,4203.5
CAMP03658,C0084,Loyalty,2026-03-04,16.0,1,1,0,0,0.0,0,0.0,0,0.0,,
CAMP03659,C0776,Birthday,2026-04-05,22.0,0,0,0,0,0.0,0,0.0,1,5734.5,25,1911.5
CAMP03660,C0122,Festival,2025-09-12,25.5,1,0,0,1,635.44,1,635.44,1,635.44,7,635.44
CAMP03661,C0239,Discount,2026-06-19,21.5,1,0,0,0,0.0,0,0.0,1,5067.84,22,1266.96
CAMP03662,C0309,Loyalty,2026-06-21,16.0,1,0,0,0,0.0,0,0.0,0,0.0,,
CAMP03663,C0479,Birthday,2024-09-22,18.5,1,0,0,0,0.0,0,0.0,0,0.0,,
CAMP03664,C0337,Birthday,2025-05-11,18.5,1,0,0,1,4529.14,1,4529.14,1,4529.14,5,1309.14
CAMP03665,C0708,Festival,2026-04-30,25.5,1,0,0,0,0.0,0,0.0,0,0.0,,
CAMP03666,C0662,Discount,2026-08-25,25.0,1,0,0,0,0.0,0,0.0,0,0.0,,
CAMP03667,C0221,Discount,2025-08-07,21.5,1,0,0,0,0.0,0,0.0,0,0.0,,
CAMP03668,C0999,Loyalty,2026-01-02,14.0,1,1,0,0,0.0,0,0.0,0,0.0,,
CAMP03669,C0939,Birthday,2023-10-19,18.5,1,0,0,0,0.0,0,0.0,0,0.0,,
CAMP03670,C0596,Discount,2025-05-29,25.0,1,1,0,0,0.0,1,8913.150000000001,1,18352.54,10,1307.41
CAMP03671,C0666,Win-back,2024-12-10,27.5,1,0,0,0,0.0,0,0.0,0,0.0,,
CAMP03672,C0032,Loyalty,2026-06-27,22.0,1,0,0,0,0.0,0,0.0,1,773.34,15,773.34
CAMP03673,C0248,Win-back,2026-02-01,27.5,1,0,0,0,0.0,0,0.0,0,0.0,,
CAMP03674,C0077,Loyalty,2026-04-14,22.0,1,0,0,0,0.0,0,0.0,0,0.0,,
CAMP03675,C0017,Loyalty,2024-10-09,14.0,1,0,0,0,0.0,0,0.0,0,0.0,,
CAMP03676,C0137,Discount,2026-04-06,19.75,1,0,0,0,0.0,0,0.0,0,0.0,,
CAMP03677,C0932,Win-back,2026-04-23,32.75,1,1,1,0,0.0,0,0.0,0,0.0,,
CAMP03678,C0055,Festival,2026-08-11,27.25,1,0,0,0,0.0,0,0.0,0,0.0,,
CAMP03679,C0706,Birthday,2026-01-05,22.0,1,0,0,0,0.0,0,0.0,0,0.0,,
CAMP03680,C0926,Discount,2026-08-25,25.0,1,1,1,0,0.0,0,0.0,0,0.0,,
CAMP03681,C0971,Discount,2026-06-07,25.0,1,0,0,0,0.0,0,0.0,1,2111.94,26,703.98
CAMP03682,C0890,Win-back,2025-03-15,29.25,1,1,0,0,0.0,0,0.0,0,0.0,,
CAMP03683,C0414,Loyalty,2025-04-18,22.0,1,0,0,0,0.0,0,0.0,1,1073.65,27,1073.65
CAMP03684,C0207,Discount,2026-08-15,21.5,1,0,0,0,0.0,0,0.0,0,0.0,,
CAMP03685,C0158,New Product,2026-08-07,23.0,1,0,0,0,0.0,0,0.0,0,0.0,,
CAMP03686,C0317,Birthday,2026-06-03,20.25,1,0,0,0,0.0,0,0.0,0,0.0,,
CAMP03687,C0915,Discount,2026-01-15,25.0,1,0,0,1,2632.04,1,2632.04,1,6718.17,4,1316.02
CAMP03688,C0375,Discount,2024-02-22,19.75,1,0,0,0,0.0,0,0.0,0,0.0,,
CAMP03689,C0345,New Product,2025-11-05,23.0,1,1,1,0,0.0,0,0.0,1,3114.62,23,1557.31
CAMP03690,C0450,Birthday,2026-07-31,18.5,1,0,0,0,0.0,0,0.0,0,0.0,,
CAMP03691,C0310,Birthday,2025-09-28,18.5,1,0,0,0,0.0,0,0.0,0,0.0,,
CAMP03692,C0475,Festival,2024-11-08,27.25,1,0,0,0,0.0,0,0.0,1,1981.44,30,990.72
CAMP03693,C0607,Win-back,2025-11-30,31.0,1,0,0,0,0.0,0,0.0,0,0.0,,
CAMP03694,C0973,Festival,2025-10-12,25.5,1,0,0,0,0.0,0,0.0,1,1090.81,16,1090.81
CAMP03695,C0810,New Product,2026-05-21,23.0,1,1,0,0,0.0,0,0.0,1,2854.54,27,1427.27
CAMP03696,C0481,New Product,2025-03-28,23.0,1,1,0,0,0.0,0,0.0,0,0.0,,
CAMP03697,C0912,Discount,2026-05-12,23.25,1,1,0,0,0.0,0,0.0,0,0.0,,
CAMP03698,C0193,Festival,2026-04-12,32.5,1,0,0,1,1924.24,1,1924.24,1,2930.09,4,1002.2
CAMP03699,C0283,Birthday,2025-07-20,20.25,1,1,1,1,537.55,1,1509.96,1,1509.96,1,537.55
CAMP03700,C0021,Win-back,2026-03-07,29.25,1,1,0,1,14332.25,1,14332.25,1,19722.93,2,2866.45
CAMP03701,C0631,New Product,2026-08-04,23.0,1,0,0,0,0.0,0,0.0,0,0.0,,
CAMP03702,C0520,Win-back,2026-06-08,31.0,1,0,0,0,0.0,0,0.0,0,0.0,,
CAMP03703,C0776,Birthday,2026-03-24,20.25,1,0,0,0,0.0,0,0.0,0,0.0,,
CAMP03704,C0739,Loyalty,2026-02-19,16.0,1,1,1,0,0.0,0,0.0,0,0.0,,
CAMP03705,C0520,Festival,2026-03-28,27.25,1,0,0,0,0.0,0,0.0,0,0.0,,
CAMP03706,C0824,Festival,2026-07-06,30.75,1,0,0,0,0.0,0,0.0,0,0.0,,
CAMP03707,C0896,Loyalty,2025-05-16,16.0,1,0,0,0,0.0,0,0.0,0,0.0,,
CAMP03708,C0369,New Product,2025-09-06,23.0,1,0,0,0,0.0,0,0.0,1,2091.1,29,2091.1
CAMP03709,C0166,Discount,2026-06-18,21.5,1,0,0,1,3921.75,1,4634.87,1,4634.87,5,1307.25
CAMP03710,C0981,Loyalty,2026-06-16,14.0,1,0,0,0,0.0,0,0.0,1,1230.15,20,1230.15
CAMP03711,C0100,Festival,2024-09-06,32.5,1,0,0,0,0.0,0,0.0,0,0.0,,
CAMP03712,C0555,Festival,2026-02-28,32.5,1,0,0,1,1052.87,1,1052.87,1,3747.52,3,1052.87
CAMP03713,C0885,New Product,2026-07-14,23.0,1,1,0,1,2388.54,1,2388.54,1,2388.54,5,1194.27
CAMP03714,C0956,Discount,2025-10-23,21.5,1,1,0,0,0.0,1,941.26,1,941.26,10,941.26
CAMP03715,C0408,New Product,2025-05-12,23.0,1,0,0,0,0.0,0,0.0,0,0.0,,
CAMP03716,C0971,Birthday,2026-01-25,20.25,1,0,0,0,0.0,0,0.0,0,0.0,,
CAMP03717,C0046,New Product,2026-02-27,23.0,1,0,0,1,4964.32,1,4964.32,1,16008.309999999996,6,1241.08
CAMP03718,C0746,Win-back,2024-04-17,27.5,1,1,0,0,0.0,0,0.0,0,0.0,,
CAMP03719,C0210,Win-back,2026-07-13,27.5,1,0,0,0,0.0,0,0.0,0,0.0,,
CAMP03720,C0727,Discount,2026-06-05,21.5,1,0,0,1,1877.86,1,1877.86,1,3931.52,3,938.93
CAMP03721,C0028,New Product,2025-09-27,23.0,1,0,0,1,1840.62,1,1840.62,1,1840.62,2,920.31
CAMP03722,C0088,Loyalty,2026-06-19,22.0,1,0,0,0,0.0,0,0.0,0,0.0,,
CAMP03723,C0094,Discount,2024-06-06,19.75,1,0,0,1,3415.9,1,3415.9,1,3415.9,7,1707.95
CAMP03724,C0159,Win-back,2025-09-20,32.75,1,0,0,0,0.0,1,1545.39,1,5648.0,9,1545.39
CAMP03725,C0775,Festival,2026-06-11,29.0,1,0,0,0,0.0,0,0.0,0,0.0,,
CAMP03726,C0178,Birthday,2026-02-19,22.0,1,1,0,1,1155.77,1,1155.77,1,1894.45,2,1155.77
CAMP03727,C0917,Loyalty,2026-08-27,16.0,1,0,0,0,0.0,0,0.0,0,0.0,,
CAMP03728,C0506,Loyalty,2026-02-02,14.0,1,1,1,0,0.0,1,2221.96,1,5650.09,12,1124.58
CAMP03729,C0775,Festival,2025-05-13,32.5,1,0,0,0,0.0,1,2710.24,1,2710.24,11,517.73
CAMP03730,C0068,Win-back,2024-11-13,29.25,1,1,0,0,0.0,0,0.0,1,4288.4,22,1473.03
CAMP03731,C0175,New Product,2025-12-14,23.0,0,0,0,0,0.0,0,0.0,1,2223.7,20,1111.85
CAMP03732,C0818,Discount,2026-02-15,25.0,1,0,0,1,6287.28,1,7570.42,1,15920.78,2,2362.54
CAMP03733,C0906,Festival,2025-05-17,32.5,1,0,0,0,0.0,0,0.0,1,3279.74,27,3279.74
CAMP03734,C0409,New Product,2026-07-29,23.0,1,0,0,0,0.0,0,0.0,0,0.0,,
CAMP03735,C0724,Festival,2025-01-24,29.0,1,1,0,0,0.0,0,0.0,1,5526.56,21,1184.86
CAMP03736,C0459,Win-back,2025-12-11,27.5,1,0,0,1,2126.08,1,2126.08,1,4696.68,3,1063.04
CAMP03737,C0787,Loyalty,2025-10-10,16.0,1,0,0,0,0.0,0,0.0,0,0.0,,
CAMP03738,C0889,New Product,2026-08-29,23.0,1,1,0,0,0.0,0,0.0,0,0.0,,
CAMP03739,C0848,Festival,2026-07-15,30.75,1,0,0,1,1732.54,1,1732.54,1,3069.0,6,866.27
CAMP03740,C0474,Birthday,2026-03-31,18.5,1,0,0,0,0.0,0,0.0,0,0.0,,
CAMP03741,C0661,Birthday,2026-06-01,20.25,1,0,0,0,0.0,0,0.0,1,2128.36,22,1064.18
CAMP03742,C0797,Win-back,2026-08-08,29.25,1,0,0,0,0.0,0,0.0,0,0.0,,
CAMP03743,C0881,Festival,2026-02-13,29.0,1,1,0,0,0.0,1,976.71,1,1949.99,9,976.71
CAMP03744,C0406,Discount,2026-05-24,21.5,1,0,0,0,0.0,0,0.0,0,0.0,,
CAMP03745,C0256,Festival,2025-08-07,27.25,1,1,1,0,0.0,1,303.22,1,303.22,8,303.22
CAMP03746,C0447,Festival,2025-11-26,32.5,1,0,0,0,0.0,0,0.0,1,1155.5,23,1155.5
CAMP03747,C0603,Discount,2024-11-17,19.75,1,1,1,0,0.0,0,0.0,1,1950.09,26,943.79
CAMP03748,C0453,Loyalty,2025-05-29,16.0,1,1,0,0,0.0,0,0.0,0,0.0,,
CAMP03749,C0792,Win-back,2026-01-01,31.0,1,1,0,0,0.0,1,3403.87,1,3403.87,10,567.01
CAMP03750,C0432,Birthday,2025-01-11,18.5,1,1,0,1,1045.84,1,3429.9700000000003,1,4843.71,7,1045.84
CAMP03751,C0141,Loyalty,2026-06-03,16.0,1,1,0,0,0.0,0,0.0,0,0.0,,
CAMP03752,C0857,New Product,2025-07-31,23.0,1,0,0,0,0.0,1,4559.96,1,20124.2,8,2279.98
CAMP03753,C0731,Festival,2025-01-14,32.5,1,0,0,0,0.0,0,0.0,0,0.0,,
CAMP03754,C0174,Loyalty,2026-05-10,18.0,1,0,0,0,0.0,0,0.0,0,0.0,,
CAMP03755,C0386,New Product,2026-01-18,23.0,1,1,1,1,4263.06,1,4263.06,1,4263.06,3,2131.53
CAMP03756,C0892,New Product,2026-08-09,23.0,1,0,0,0,0.0,0,0.0,0,0.0,,
CAMP03757,C0153,Festival,2026-07-20,29.0,1,1,0,1,3952.3,1,8304.91,1,8304.91,2,1119.64
CAMP03758,C0173,New Product,2026-06-20,23.0,1,0,0,0,0.0,1,296.58,1,296.58,10,296.58
CAMP03759,C0743,Birthday,2026-05-27,22.0,1,0,0,0,0.0,0,0.0,0,0.0,,
CAMP03760,C0067,Festival,2024-12-08,32.5,1,0,0,0,0.0,0,0.0,0,0.0,,
CAMP03761,C0868,Birthday,2025-11-29,20.25,1,1,0,0,0.0,0,0.0,0,0.0,,
CAMP03762,C0613,Discount,2026-03-27,19.75,1,0,0,0,0.0,0,0.0,1,1073.71,27,1073.71
CAMP03763,C0091,Loyalty,2024-12-22,18.0,1,0,0,0,0.0,0,0.0,0,0.0,,
CAMP03764,C0921,Festival,2026-05-26,29.0,1,0,0,0,0.0,1,868.96,1,2213.5,11,868.96
CAMP03765,C0368,Win-back,2025-05-07,32.75,1,0,0,0,0.0,0,0.0,0,0.0,,
CAMP03766,C0671,Win-back,2025-10-08,32.75,1,0,0,0,0.0,0,0.0,0,0.0,,
CAMP03767,C0317,Win-back,2026-06-05,32.75,1,1,0,0,0.0,0,0.0,0,0.0,,
CAMP03768,C0035,Birthday,2026-02-01,18.5,1,1,1,1,7732.650000000001,1,7732.650000000001,1,7732.650000000001,1,2577.55
CAMP03769,C0009,Win-back,2026-05-09,29.25,1,0,0,0,0.0,0,0.0,0,0.0,,
CAMP03770,C0226,Loyalty,2026-03-07,22.0,1,0,0,0,0.0,1,4352.28,1,4352.28,14,2176.14
CAMP03771,C0138,Loyalty,2024-08-21,14.0,1,0,0,0,0.0,0,0.0,0,0.0,,
CAMP03772,C0789,New Product,2025-09-19,23.0,1,0,0,1,7750.68,1,7750.68,1,7750.68,1,2583.56
CAMP03773,C0070,Birthday,2025-08-05,20.25,1,0,0,0,0.0,1,3172.7,1,3553.76,8,1586.35
CAMP03774,C0099,Festival,2024-10-02,32.5,1,0,0,0,0.0,0,0.0,1,2172.03,17,724.01
CAMP03775,C0601,New Product,2025-09-06,23.0,1,0,0,0,0.0,0,0.0,0,0.0,,
CAMP03776,C0644,New Product,2026-07-13,23.0,1,1,0,0,0.0,0,0.0,0,0.0,,
CAMP03777,C0237,Birthday,2026-07-21,22.0,1,0,0,0,0.0,0,0.0,0,0.0,,
CAMP03778,C0615,Loyalty,2025-08-09,22.0,1,0,0,1,1236.28,1,1236.28,1,2448.58,7,1236.28
CAMP03779,C0810,Festival,2025-03-04,25.5,1,1,0,0,0.0,0,0.0,1,3035.6,22,1517.8
CAMP03780,C0297,New Product,2024-12-27,23.0,1,0,0,0,0.0,1,7799.91,1,7799.91,12,2599.97
CAMP03781,C0180,Loyalty,2025-12-01,18.0,1,1,0,0,0.0,0,0.0,1,16882.32,20,1835.09
CAMP03782,C0540,Festival,2026-07-03,32.5,1,0,0,0,0.0,1,538.83,1,1621.4499999999998,13,538.83
CAMP03783,C0740,Loyalty,2026-07-08,14.0,1,0,0,0,0.0,0,0.0,0,0.0,,
CAMP03784,C0168,New Product,2026-07-12,23.0,1,0,0,0,0.0,1,1414.48,1,8432.279999999999,8,707.24
CAMP03785,C0474,Festival,2025-10-28,29.0,1,0,0,0,0.0,0,0.0,0,0.0,,
CAMP03786,C0149,New Product,2025-09-01,23.0,1,0,0,0,0.0,0,0.0,1,2000.54,25,1000.27
CAMP03787,C0283,Loyalty,2024-12-22,18.0,1,0,0,0,0.0,0,0.0,0,0.0,,
CAMP03788,C0514,Festival,2025-06-01,25.5,1,0,0,1,1311.37,1,1311.37,1,2259.15,6,1311.37
CAMP03789,C0589,Discount,2026-03-22,25.0,1,0,0,0,0.0,0,0.0,0,0.0,,
CAMP03790,C0465,New Product,2026-08-04,23.0,1,0,0,0,0.0,0,0.0,0,0.0,,
CAMP03791,C0835,Win-back,2025-09-16,32.75,1,0,0,0,0.0,0,0.0,0,0.0,,
CAMP03792,C0040,Win-back,2026-03-09,29.25,1,0,0,0,0.0,0,0.0,1,942.23,30,942.23
CAMP03793,C0847,Discount,2026-08-26,25.0,1,1,1,0,0.0,0,0.0,0,0.0,,
CAMP03794,C0832,Win-back,2025-05-12,32.75,1,1,0,0,0.0,0,0.0,0,0.0,,
CAMP03795,C0887,Win-back,2025-04-12,29.25,1,1,0,0,0.0,0,0.0,0,0.0,,
CAMP03796,C0384,Festival,2025-12-11,32.5,1,0,0,0,0.0,1,2015.31,1,5288.429999999999,14,2015.31
CAMP03797,C0569,Win-back,2026-01-27,27.5,1,0,0,1,1844.65,1,1844.65,1,1844.65,3,1844.65
CAMP03798,C0154,New Product,2025-06-20,23.0,0,0,0,0,0.0,1,3828.76,1,5195.12,13,1380.87
CAMP03799,C0196,Loyalty,2025-11-02,22.0,1,0,0,1,975.18,1,2362.64,1,3966.98,7,487.59
CAMP03800,C0372,New Product,2025-04-24,23.0,1,0,0,1,1539.12,1,1539.12,1,3107.77,1,1539.12
CAMP03801,C0232,Loyalty,2025-11-07,14.0,1,0,0,0,0.0,1,1600.77,1,1600.77,10,1600.77
CAMP03802,C0358,Festival,2024-12-29,25.5,1,0,0,0,0.0,0,0.0,1,260.62,19,260.62
CAMP03803,C0893,Festival,2026-07-13,27.25,0,0,0,0,0.0,0,0.0,0,0.0,,
CAMP03804,C0140,Win-back,2024-10-05,31.0,1,0,0,0,0.0,0,0.0,0,0.0,,
CAMP03805,C0541,Win-back,2026-07-23,29.25,1,0,0,0,0.0,0,0.0,0,0.0,,
CAMP03806,C0467,Birthday,2026-08-21,22.0,1,1,0,0,0.0,0,0.0,0,0.0,,
CAMP03807,C0766,Birthday,2026-04-23,22.0,1,1,0,1,3833.88,1,5724.72,1,10628.54,5,1916.94
CAMP03808,C0176,Loyalty,2026-06-06,22.0,1,0,0,1,578.83,1,578.83,1,578.83,3,578.83
CAMP03809,C0066,Win-back,2026-08-31,27.5,1,1,0,0,0.0,0,0.0,0,0.0,,
CAMP03810,C0704,New Product,2025-09-15,23.0,0,0,0,1,2159.77,1,2159.77,1,2159.77,5,621.03
CAMP03811,C0234,Loyalty,2026-06-19,22.0,1,1,0,0,0.0,0,0.0,1,1759.56,29,1759.56
CAMP03812,C0046,Win-back,2026-08-02,27.5,1,0,0,0,0.0,0,0.0,0,0.0,,
CAMP03813,C0203,Discount,2025-11-10,19.75,1,0,0,0,0.0,0,0.0,1,2354.9,18,1177.45
CAMP03814,C0624,New Product,2026-07-23,23.0,1,0,0,0,0.0,0,0.0,0,0.0,,
CAMP03815,C0301,Loyalty,2025-12-29,18.0,1,0,0,0,0.0,0,0.0,0,0.0,,
CAMP03816,C0881,Birthday,2026-02-22,22.0,1,0,0,0,0.0,0,0.0,1,4120.459999999999,15,973.28
CAMP03817,C0902,New Product,2026-06-03,23.0,1,0,0,0,0.0,0,0.0,1,3947.53,15,1143.87
CAMP03818,C0815,Festival,2025-11-11,29.0,1,0,0,0,0.0,0,0.0,0,0.0,,
CAMP03819,C0493,New Product,2025-12-28,23.0,1,0,0,0,0.0,0,0.0,1,1218.28,21,1218.28
CAMP03820,C0501,Discount,2026-07-16,23.25,1,1,0,0,0.0,1,1603.39,1,1603.39,14,1603.39
CAMP03821,C0088,New Product,2026-06-22,23.0,1,0,0,0,0.0,0,0.0,0,0.0,,
CAMP03822,C0239,New Product,2026-07-26,23.0,0,0,0,0,0.0,0,0.0,0,0.0,,
CAMP03823,C0229,Birthday,2026-03-21,18.5,1,0,0,0,0.0,0,0.0,0,0.0,,
CAMP03824,C0463,Win-back,2025-09-12,29.25,1,0,0,0,0.0,1,1975.0,1,3518.38,14,987.5
CAMP03825,C0641,New Product,2026-06-08,23.0,1,0,0,1,1419.95,1,1419.95,1,2560.51,4,1419.95
CAMP03826,C0240,Festival,2025-08-05,32.5,1,0,0,0,0.0,0,0.0,0,0.0,,
CAMP03827,C0151,Win-back,2026-06-15,31.0,1,0,0,0,0.0,0,0.0,0,0.0,,
CAMP03828,C0576,Discount,2026-07-26,25.0,1,1,1,1,2767.96,1,2767.96,1,2767.96,5,1383.98
CAMP03829,C0855,New Product,2026-07-28,23.0,1,1,0,0,0.0,0,0.0,0,0.0,,
CAMP03830,C0477,Festival,2026-06-29,27.25,1,0,0,0,0.0,0,0.0,0,0.0,,
CAMP03831,C0792,New Product,2026-08-24,23.0,1,0,0,0,0.0,0,0.0,0,0.0,,
CAMP03832,C0390,New Product,2025-10-06,23.0,1,1,0,1,556.58,1,1535.79,1,8435.74,1,278.29
CAMP03833,C0298,Discount,2026-08-14,25.0,1,0,0,0,0.0,0,0.0,0,0.0,,
CAMP03834,C0093,Festival,2026-04-19,27.25,1,0,0,0,0.0,0,0.0,0,0.0,,
CAMP03835,C0220,New Product,2026-08-21,23.0,1,0,0,0,0.0,0,0.0,0,0.0,,
CAMP03836,C0014,Win-back,2025-05-05,29.25,1,0,0,0,0.0,0,0.0,0,0.0,,
CAMP03837,C0285,Loyalty,2025-06-06,16.0,0,0,0,1,1387.94,1,1387.94,1,1387.94,1,1387.94
CAMP03838,C0941,Discount,2025-08-17,19.75,1,1,1,0,0.0,0,0.0,0,0.0,,
CAMP03839,C0287,Birthday,2026-04-22,20.25,1,1,1,0,0.0,0,0.0,0,0.0,,
CAMP03840,C0942,Discount,2025-08-08,21.5,1,0,0,0,0.0,0,0.0,0,0.0,,
CAMP03841,C0130,New Product,2025-08-01,23.0,1,0,0,0,0.0,0,0.0,1,2060.17,24,2060.17
CAMP03842,C0256,Birthday,2025-08-25,22.0,1,0,0,0,0.0,1,1236.26,1,2661.9,14,618.13
CAMP03843,C0342,Loyalty,2026-03-18,14.0,1,0,0,0,0.0,0,0.0,0,0.0,,
CAMP03844,C0627,Birthday,2026-02-03,22.0,1,1,0,0,0.0,0,0.0,0,0.0,,
CAMP03845,C0311,Discount,2026-03-28,23.25,1,0,0,0,0.0,0,0.0,1,1819.47,24,1819.47
CAMP03846,C0760,Festival,2026-07-06,32.5,1,0,0,1,746.25,1,746.25,1,746.25,3,746.25
CAMP03847,C0679,Win-back,2026-03-07,32.75,1,0,0,0,0.0,0,0.0,0,0.0,,
CAMP03848,C0289,Win-back,2025-10-06,31.0,1,0,0,1,1437.42,1,1437.42,1,1437.42,2,718.71
CAMP03849,C0814,Win-back,2026-02-24,27.5,1,0,0,0,0.0,0,0.0,0,0.0,,
CAMP03850,C0809,Discount,2025-09-18,25.0,1,1,1,0,0.0,0,0.0,1,9543.42,27,2463.48
CAMP03851,C0736,Festival,2025-01-23,29.0,1,0,0,0,0.0,0,0.0,1,1098.27,24,1098.27
CAMP03852,C0994,Birthday,2025-04-24,18.5,0,0,0,0,0.0,0,0.0,1,1071.0,30,1071.0
CAMP03853,C0105,Loyalty,2026-07-03,14.0,1,0,0,0,0.0,0,0.0,0,0.0,,
CAMP03854,C0742,Festival,2026-08-15,29.0,1,1,0,0,0.0,0,0.0,0,0.0,,
CAMP03855,C0567,Win-back,2024-07-30,27.5,1,0,0,0,0.0,1,1636.53,1,1636.53,13,1636.53
CAMP03856,C0076,Win-back,2024-07-30,31.0,1,1,0,0,0.0,0,0.0,0,0.0,,
CAMP03857,C0135,Discount,2024-12-15,25.0,1,0,0,0,0.0,1,1143.17,1,1143.17,9,1143.17
CAMP03858,C0251,Birthday,2026-08-01,22.0,1,1,1,0,0.0,0,0.0,0,0.0,,
CAMP03859,C0448,Loyalty,2026-08-06,14.0,1,1,1,0,0.0,0,0.0,0,0.0,,
CAMP03860,C0956,Discount,2025-03-08,25.0,1,0,0,0,0.0,0,0.0,1,1670.96,17,835.48
CAMP03861,C0518,Birthday,2026-03-28,22.0,1,1,0,0,0.0,1,4144.68,1,4144.68,9,1036.17
CAMP03862,C0019,Win-back,2026-07-16,32.75,1,0,0,1,2858.55,1,4168.09,1,7926.450000000001,5,952.85
CAMP03863,C0721,Birthday,2024-07-09,20.25,1,1,1,0,0.0,0,0.0,1,1189.58,27,594.79
CAMP03864,C0566,Festival,2026-01-27,27.25,1,0,0,0,0.0,0,0.0,0,0.0,,
CAMP03865,C0537,Festival,2025-01-29,32.5,1,0,0,0,0.0,1,1248.59,1,2598.92,8,1248.59
CAMP03866,C0610,Win-back,2026-08-03,29.25,0,0,0,0,0.0,0,0.0,0,0.0,,
CAMP03867,C0526,Loyalty,2025-12-23,14.0,1,1,0,0,0.0,0,0.0,1,911.51,23,911.51
CAMP03868,C0612,Discount,2026-08-13,25.0,1,0,0,0,0.0,0,0.0,0,0.0,,
CAMP03869,C0956,Birthday,2026-06-27,18.5,0,0,0,0,0.0,0,0.0,0,0.0,,
CAMP03870,C0011,Loyalty,2025-02-23,14.0,1,1,0,0,0.0,0,0.0,0,0.0,,
CAMP03871,C0669,Win-back,2025-06-02,27.5,1,0,0,1,3421.34,1,3421.34,1,4582.58,6,3421.34
CAMP03872,C0046,New Product,2026-07-29,23.0,1,0,0,0,0.0,0,0.0,0,0.0,,
CAMP03873,C0929,Loyalty,2025-12-03,22.0,1,0,0,1,1425.19,1,1425.19,1,12386.15,6,1425.19
CAMP03874,C0483,Discount,2026-05-28,23.25,1,1,1,0,0.0,0,0.0,0,0.0,,
CAMP03875,C0088,Loyalty,2026-07-18,18.0,1,0,0,0,0.0,0,0.0,0,0.0,,
CAMP03876,C0345,Birthday,2026-04-11,22.0,1,1,1,0,0.0,1,2574.62,1,4629.13,11,2574.62
CAMP03877,C0110,Loyalty,2025-01-09,22.0,1,0,0,0,0.0,0,0.0,0,0.0,,
CAMP03878,C0872,Festival,2026-05-27,25.5,0,0,0,0,0.0,0,0.0,1,1917.77,20,1917.77
CAMP03879,C0998,Discount,2025-12-03,21.5,1,1,0,1,2554.42,1,3717.06,1,10353.12,5,1277.21
CAMP03880,C0918,Win-back,2025-08-01,29.25,1,1,1,0,0.0,0,0.0,1,7993.74,21,2139.88
CAMP03881,C0434,Discount,2024-10-26,23.25,1,0,0,0,0.0,0,0.0,0,0.0,,
CAMP03882,C0158,Discount,2026-01-03,25.0,1,1,1,0,0.0,0,0.0,0,0.0,,
CAMP03883,C0409,Win-back,2026-08-31,29.25,1,0,0,0,0.0,0,0.0,0,0.0,,
CAMP03884,C0696,New Product,2026-06-14,23.0,1,0,0,0,0.0,0,0.0,1,8656.119999999999,17,2201.12
CAMP03885,C0056,New Product,2026-03-31,23.0,1,0,0,0,0.0,0,0.0,1,1186.96,20,1186.96
CAMP03886,C0881,Festival,2025-03-23,27.25,1,1,0,0,0.0,0,0.0,0,0.0,,
CAMP03887,C0147,Discount,2025-08-20,23.25,1,1,0,0,0.0,0,0.0,1,3257.53,20,1360.91
CAMP03888,C0916,Discount,2026-06-05,19.75,1,1,1,0,0.0,1,1231.42,1,3937.09,14,1231.42
CAMP03889,C0232,Birthday,2026-02-25,18.5,1,0,0,0,0.0,1,3190.5,1,5168.07,10,1595.25
CAMP03890,C0360,Festival,2023-11-29,27.25,1,1,0,0,0.0,0,0.0,0,0.0,,
CAMP03891,C0888,New Product,2026-08-02,23.0,1,0,0,0,0.0,0,0.0,0,0.0,,
CAMP03892,C0909,Win-back,2026-08-28,27.5,1,1,1,0,0.0,0,0.0,0,0.0,,
CAMP03893,C0318,New Product,2026-08-21,23.0,1,0,0,0,0.0,0,0.0,0,0.0,,
CAMP03894,C0689,Birthday,2025-11-19,20.25,1,1,0,0,0.0,0,0.0,0,0.0,,
CAMP03895,C0060,Festival,2026-07-08,27.25,1,0,0,0,0.0,0,0.0,0,0.0,,
CAMP03896,C0251,Win-back,2026-06-08,32.75,1,1,0,0,0.0,0,0.0,0,0.0,,
CAMP03897,C0305,Festival,2026-03-20,29.0,1,0,0,0,0.0,0,0.0,0,0.0,,
CAMP03898,C0328,Discount,2024-07-05,21.5,1,0,0,0,0.0,0,0.0,0,0.0,,
CAMP03899,C0382,Discount,2026-03-21,23.25,1,0,0,0,0.0,0,0.0,1,4821.6900000000005,16,722.19
CAMP03900,C0276,Loyalty,2026-05-09,18.0,1,0,0,0,0.0,0,0.0,0,0.0,,
CAMP03901,C0433,Loyalty,2026-08-16,16.0,1,1,1,0,0.0,0,0.0,0,0.0,,
CAMP03902,C0463,New Product,2025-05-21,23.0,1,0,0,0,0.0,1,784.4,1,6582.820000000001,9,784.4
CAMP03903,C0045,Birthday,2026-06-01,18.5,1,0,0,0,0.0,1,418.32,1,418.32,12,418.32
CAMP03904,C0856,Birthday,2026-08-18,22.0,1,0,0,0,0.0,0,0.0,0,0.0,,
CAMP03905,C0031,Festival,2024-03-08,27.25,1,1,1,0,0.0,0,0.0,0,0.0,,
CAMP03906,C0936,Birthday,2026-03-05,18.5,1,0,0,0,0.0,0,0.0,0,0.0,,
CAMP03907,C0333,Festival,2025-04-07,27.25,1,0,0,0,0.0,0,0.0,0,0.0,,
CAMP03908,C0236,Win-back,2026-03-03,31.0,1,1,0,0,0.0,1,783.4,1,3816.66,9,783.4
CAMP03909,C0172,Loyalty,2024-06-03,18.0,1,0,0,0,0.0,0,0.0,0,0.0,,
CAMP03910,C0983,New Product,2026-08-14,23.0,1,0,0,0,0.0,0,0.0,0,0.0,,
CAMP03911,C0175,Discount,2025-09-05,25.0,1,1,0,0,0.0,0,0.0,1,1983.39,29,661.13
CAMP03912,C0467,Loyalty,2025-03-25,22.0,1,0,0,0,0.0,0,0.0,0,0.0,,
CAMP03913,C0587,Loyalty,2025-07-03,16.0,1,1,1,0,0.0,0,0.0,0,0.0,,
CAMP03914,C0450,Festival,2026-08-23,27.25,1,0,0,0,0.0,0,0.0,0,0.0,,
CAMP03915,C0438,Discount,2026-08-26,21.5,1,0,0,0,0.0,0,0.0,0,0.0,,
CAMP03916,C0806,Loyalty,2026-04-24,22.0,1,0,0,0,0.0,0,0.0,0,0.0,,
CAMP03917,C0213,Win-back,2026-04-26,29.25,1,0,0,0,0.0,0,0.0,0,0.0,,
CAMP03918,C0937,Win-back,2026-08-06,29.25,1,0,0,0,0.0,0,0.0,0,0.0,,
CAMP03919,C0454,Birthday,2025-07-19,20.25,1,0,0,1,1954.32,1,1954.32,1,1954.32,2,977.16
CAMP03920,C0522,Festival,2025-11-27,32.5,1,1,0,0,0.0,0,0.0,0,0.0,,
CAMP03921,C0346,Birthday,2026-06-12,20.25,0,0,0,0,0.0,1,456.84,1,456.84,13,456.84
CAMP03922,C0749,Loyalty,2025-11-10,16.0,1,0,0,0,0.0,0,0.0,0,0.0,,
CAMP03923,C0600,Loyalty,2025-10-13,18.0,1,0,0,0,0.0,1,4034.32,1,8651.86,12,2017.16
CAMP03924,C0630,Birthday,2026-08-05,22.0,1,0,0,0,0.0,0,0.0,0,0.0,,
CAMP03925,C0282,Festival,2025-04-06,29.0,1,1,1,0,0.0,0,0.0,0,0.0,,
CAMP03926,C0053,Birthday,2025-03-29,20.25,1,1,0,0,0.0,0,0.0,0,0.0,,
CAMP03927,C0678,Festival,2025-01-16,25.5,1,0,0,0,0.0,0,0.0,0,0.0,,
CAMP03928,C0849,Discount,2024-10-08,21.5,1,0,0,1,1489.33,1,1489.33,1,9217.79,6,1489.33
CAMP03929,C0400,Loyalty,2026-05-07,22.0,1,0,0,0,0.0,0,0.0,0,0.0,,
CAMP03930,C0610,Festival,2026-06-19,27.25,1,0,0,0,0.0,0,0.0,0,0.0,,
CAMP03931,C0499,Festival,2025-11-18,30.75,1,1,1,0,0.0,0,0.0,0,0.0,,
CAMP03932,C0984,Birthday,2026-08-14,18.5,0,0,0,0,0.0,0,0.0,0,0.0,,
CAMP03933,C0052,Win-back,2026-08-17,29.25,0,0,0,0,0.0,0,0.0,0,0.0,,
CAMP03934,C0777,New Product,2026-05-13,23.0,1,1,0,0,0.0,0,0.0,0,0.0,,
CAMP03935,C0689,Festival,2026-06-07,25.5,1,1,1,0,0.0,0,0.0,1,5126.8,18,1115.75
CAMP03936,C0838,New Product,2025-10-27,23.0,1,0,0,0,0.0,0,0.0,0,0.0,,
CAMP03937,C0507,Win-back,2026-03-30,31.0,1,0,0,0,0.0,0,0.0,0,0.0,,
CAMP03938,C0390,New Product,2025-09-27,23.0,1,1,0,1,727.79,1,1284.37,1,2263.58,7,727.79
CAMP03939,C0269,Festival,2026-01-22,32.5,1,0,0,1,1790.32,1,1790.32,1,7111.31,6,895.16
CAMP03940,C0431,New Product,2026-01-14,23.0,1,0,0,1,1170.97,1,1854.41,1,9686.0,7,1170.97
CAMP03941,C0074,Win-back,2026-05-07,31.0,1,0,0,0,0.0,0,0.0,0,0.0,,
CAMP03942,C0238,Discount,2025-10-20,23.25,1,1,0,0,0.0,0,0.0,1,13236.29,23,2031.11
CAMP03943,C0656,Loyalty,2024-12-16,18.0,1,0,0,0,0.0,0,0.0,1,1652.46,28,1652.46
CAMP03944,C0933,Birthday,2025-10-30,20.25,0,0,0,0,0.0,1,615.8,1,1772.74,10,307.9
CAMP03945,C0503,Festival,2025-06-16,25.5,1,0,0,1,970.96,1,1822.14,1,1822.14,3,485.48
CAMP03946,C0153,New Product,2026-08-24,23.0,1,0,0,0,0.0,0,0.0,0,0.0,,
CAMP03947,C0353,Loyalty,2026-06-01,22.0,1,0,0,0,0.0,0,0.0,1,2181.48,25,1090.74
CAMP03948,C0910,Loyalty,2025-11-27,16.0,1,0,0,0,0.0,0,0.0,1,2053.35,19,660.27
CAMP03949,C0434,Win-back,2025-11-22,31.0,1,1,0,0,0.0,0,0.0,0,0.0,,
CAMP03950,C0441,Win-back,2025-11-23,31.0,1,0,0,0,0.0,0,0.0,0,0.0,,
CAMP03951,C0074,Loyalty,2024-09-15,18.0,1,0,0,0,0.0,0,0.0,0,0.0,,
CAMP03952,C0657,Win-back,2024-04-15,32.75,1,0,0,0,0.0,0,0.0,0,0.0,,
CAMP03953,C0394,Loyalty,2025-04-23,18.0,1,0,0,0,0.0,0,0.0,0,0.0,,
CAMP03954,C0227,Birthday,2025-10-20,22.0,1,1,0,0,0.0,1,573.77,1,573.77,11,573.77
CAMP03955,C0966,New Product,2026-05-25,23.0,1,0,0,0,0.0,0,0.0,1,5353.14,15,2676.57
CAMP03956,C0440,Birthday,2026-05-05,18.5,1,0,0,0,0.0,0,0.0,1,759.14,28,759.14
CAMP03957,C0457,Festival,2026-03-28,25.5,1,1,1,0,0.0,0,0.0,0,0.0,,
CAMP03958,C0423,Discount,2026-08-01,23.25,1,1,1,0,0.0,0,0.0,0,0.0,,
CAMP03959,C0780,Win-back,2025-08-12,27.5,1,1,1,1,1580.6,1,1580.6,1,2796.88,1,790.3
CAMP03960,C0963,Discount,2026-07-10,21.5,1,1,0,1,1214.18,1,3306.7700000000004,1,3306.7700000000004,6,1214.18
CAMP03961,C0830,Win-back,2026-07-09,29.25,1,0,0,1,1822.84,1,1822.84,1,1822.84,3,911.42
CAMP03962,C0236,Loyalty,2024-11-21,16.0,1,1,0,0,0.0,0,0.0,0,0.0,,
CAMP03963,C0524,Discount,2024-05-12,25.0,1,1,1,0,0.0,0,0.0,0,0.0,,
CAMP03964,C0307,New Product,2026-07-24,23.0,1,0,0,0,0.0,0,0.0,0,0.0,,
CAMP03965,C0140,Festival,2026-03-28,32.5,0,0,0,0,0.0,0,0.0,1,2049.9,25,1354.83
CAMP03966,C0105,Birthday,2026-08-26,22.0,1,1,0,0,0.0,0,0.0,0,0.0,,
CAMP03967,C0588,Festival,2025-10-20,32.5,1,0,0,1,2737.24,1,2737.24,1,4790.16,4,684.31
CAMP03968,C0762,Win-back,2026-04-24,29.25,1,0,0,1,1326.45,1,1326.45,1,1326.45,5,1326.45
CAMP03969,C0362,Birthday,2024-10-13,18.5,1,0,0,0,0.0,0,0.0,0,0.0,,
CAMP03970,C0840,Discount,2025-04-15,23.25,1,1,1,0,0.0,1,1025.22,1,1025.22,11,1025.22
CAMP03971,C0580,Win-back,2024-05-23,32.75,1,1,0,0,0.0,0,0.0,1,3551.04,15,1775.52
CAMP03972,C0142,Discount,2026-02-06,21.5,1,1,0,1,1488.07,1,1488.07,1,1488.07,4,1488.07
CAMP03973,C0013,Birthday,2026-06-30,18.5,1,1,1,0,0.0,0,0.0,1,1364.53,23,1364.53
CAMP03974,C0626,Discount,2025-06-04,21.5,1,0,0,0,0.0,0,0.0,1,1713.32,21,856.66
CAMP03975,C0296,Birthday,2025-05-14,18.5,1,0,0,1,1416.34,1,1416.34,1,1416.34,2,1416.34
CAMP03976,C0709,Win-back,2026-08-02,27.5,1,0,0,0,0.0,0,0.0,0,0.0,,
CAMP03977,C0837,Loyalty,2025-07-28,22.0,1,1,0,0,0.0,0,0.0,0,0.0,,
CAMP03978,C0397,Win-back,2026-03-10,32.75,1,1,0,0,0.0,0,0.0,0,0.0,,
CAMP03979,C0368,Discount,2024-12-30,21.5,1,0,0,1,653.62,1,653.62,1,3916.620000000001,6,653.62
CAMP03980,C0929,Festival,2025-11-05,29.0,1,0,0,1,1499.01,1,1499.01,1,8233.19,1,1499.01
CAMP03981,C0942,Festival,2025-08-10,32.5,1,0,0,0,0.0,0,0.0,0,0.0,,
CAMP03982,C0619,Discount,2026-02-09,23.25,1,1,0,0,0.0,0,0.0,0,0.0,,
CAMP03983,C0292,Loyalty,2024-03-16,14.0,1,0,0,0,0.0,0,0.0,0,0.0,,
CAMP03984,C0696,Loyalty,2026-01-27,22.0,1,0,0,0,0.0,0,0.0,1,2342.86,23,1171.43
CAMP03985,C0982,Discount,2025-03-23,19.75,1,1,0,0,0.0,0,0.0,1,8651.6,15,3089.2
CAMP03986,C0403,Festival,2025-10-12,29.0,0,0,0,0,0.0,0,0.0,0,0.0,,
CAMP03987,C0549,Win-back,2024-01-31,27.5,1,0,0,0,0.0,0,0.0,0,0.0,,
CAMP03988,C0105,Discount,2026-02-18,19.75,1,0,0,1,1252.8,1,1252.8,1,2796.8,3,626.4
CAMP03989,C0458,Win-back,2026-07-24,27.5,1,1,0,1,1980.69,1,1980.69,1,1980.69,2,660.23
CAMP03990,C0907,Discount,2025-12-09,21.5,1,0,0,0,0.0,0,0.0,1,1494.71,27,1494.71
CAMP03991,C0952,Birthday,2025-08-18,18.5,0,0,0,0,0.0,0,0.0,0,0.0,,
CAMP03992,C0025,Birthday,2025-08-18,22.0,1,0,0,0,0.0,1,5262.1900000000005,1,11789.92,9,883.27
CAMP03993,C0235,Festival,2026-05-03,25.5,0,0,0,0,0.0,0,0.0,0,0.0,,
CAMP03994,C0257,New Product,2025-08-15,23.0,1,0,0,0,0.0,0,0.0,1,2396.86,30,1198.43
CAMP03995,C0844,Win-back,2025-07-17,29.25,1,0,0,1,1222.5,1,1222.5,1,1222.5,3,1222.5
CAMP03996,C0899,Birthday,2024-09-27,20.25,1,0,0,0,0.0,1,2439.79,1,2439.79,10,723.16
CAMP03997,C0835,New Product,2026-05-07,23.0,1,1,0,0,0.0,0,0.0,0,0.0,,
CAMP03998,C0360,Birthday,2025-11-13,22.0,1,1,1,0,0.0,0,0.0,1,3814.11,18,1765.77
CAMP03999,C0756,Discount,2025-12-01,25.0,1,0,0,0,0.0,0,0.0,1,3883.84,18,970.96
CAMP04000,C0294,Festival,2026-05-13,32.5,1,0,0,0,0.0,0,0.0,0,0.0,,
CAMP04001,C0556,Win-back,2026-05-25,29.25,1,0,0,0,0.0,0,0.0,0,0.0,,
CAMP04002,C0308,New Product,2026-05-31,23.0,1,0,0,0,0.0,0,0.0,1,1417.61,20,1417.61
CAMP04003,C0852,Loyalty,2026-05-01,22.0,1,0,0,0,0.0,0,0.0,0,0.0,,
CAMP04004,C0582,Festival,2026-08-19,25.5,1,0,0,0,0.0,0,0.0,0,0.0,,
CAMP04005,C0751,Discount,2026-06-27,19.75,1,0,0,0,0.0,0,0.0,0,0.0,,
CAMP04006,C0324,Win-back,2025-12-05,32.75,1,1,1,1,1032.88,1,1032.88,1,3040.79,4,1032.88
CAMP04007,C0829,Festival,2024-06-22,32.5,1,1,1,0,0.0,0,0.0,1,2938.23,30,979.41
CAMP04008,C0910,Festival,2026-07-19,27.25,1,0,0,0,0.0,0,0.0,0,0.0,,
CAMP04009,C0207,Win-back,2025-12-04,31.0,1,0,0,0,0.0,0,0.0,1,3363.8900000000003,16,1562.29
CAMP04010,C0587,Loyalty,2026-08-22,16.0,1,1,0,0,0.0,0,0.0,0,0.0,,
CAMP04011,C0539,Loyalty,2026-01-08,22.0,1,0,0,0,0.0,0,0.0,0,0.0,,
CAMP04012,C0882,Discount,2026-04-11,23.25,1,0,0,0,0.0,0,0.0,0,0.0,,
CAMP04013,C0772,Discount,2026-06-06,19.75,1,1,1,1,899.29,1,899.29,1,899.29,1,899.29
CAMP04014,C0958,New Product,2026-02-16,23.0,0,0,0,0,0.0,0,0.0,1,1651.28,17,825.64
CAMP04015,C0088,New Product,2026-07-26,23.0,1,0,0,0,0.0,0,0.0,0,0.0,,
CAMP04016,C0624,Birthday,2026-07-30,22.0,1,0,0,0,0.0,0,0.0,0,0.0,,
CAMP04017,C0004,Festival,2025-12-23,25.5,1,0,0,1,3900.34,1,3900.34,1,3900.34,6,1950.17
CAMP04018,C0584,Loyalty,2026-01-11,14.0,1,0,0,0,0.0,0,0.0,0,0.0,,
CAMP04019,C0197,Festival,2026-05-17,30.75,1,0,0,0,0.0,0,0.0,0,0.0,,
CAMP04020,C0649,Loyalty,2026-05-05,18.0,0,0,0,0,0.0,0,0.0,0,0.0,,
CAMP04021,C0875,Festival,2026-07-04,32.5,1,0,0,0,0.0,0,0.0,0,0.0,,
CAMP04022,C0440,Win-back,2026-07-02,27.5,1,1,0,1,1103.06,1,1103.06,1,1103.06,2,551.53
CAMP04023,C0021,Discount,2024-07-06,19.75,1,0,0,0,0.0,0,0.0,0,0.0,,
CAMP04024,C0431,Win-back,2026-01-04,27.5,1,0,0,1,2124.2,1,2124.2,1,9909.21,6,641.78
CAMP04025,C0068,Festival,2025-03-16,27.25,1,1,1,0,0.0,1,10321.64,1,22567.009999999995,14,2827.66
CAMP04026,C0750,Discount,2026-04-08,21.5,1,0,0,0,0.0,0,0.0,0,0.0,,
CAMP04027,C0177,Discount,2026-05-15,19.75,1,0,0,0,0.0,0,0.0,1,4622.16,28,1540.72
CAMP04028,C0245,New Product,2026-05-04,23.0,1,1,0,0,0.0,0,0.0,0,0.0,,
CAMP04029,C0956,Loyalty,2026-07-02,22.0,1,1,0,0,0.0,0,0.0,0,0.0,,
CAMP04030,C0631,Loyalty,2026-04-07,16.0,1,0,0,0,0.0,0,0.0,1,765.15,22,765.15
CAMP04031,C0267,Birthday,2025-10-14,22.0,1,0,0,0,0.0,1,1584.6,1,1584.6,12,1584.6
CAMP04032,C0172,New Product,2025-09-20,23.0,1,0,0,0,0.0,0,0.0,1,1583.01,15,490.12
CAMP04033,C0424,Birthday,2026-03-03,22.0,1,0,0,0,0.0,0,0.0,1,1102.43,30,1102.43
CAMP04034,C0735,Discount,2026-03-06,19.75,0,0,0,0,0.0,0,0.0,0,0.0,,
CAMP04035,C0466,Win-back,2026-02-26,31.0,0,0,0,0,0.0,1,1648.68,1,4054.38,8,402.74
CAMP04036,C0803,New Product,2025-11-07,23.0,1,0,0,0,0.0,0,0.0,1,1856.62,21,928.31
CAMP04037,C0984,Festival,2026-08-01,32.5,1,0,0,0,0.0,0,0.0,0,0.0,,
CAMP04038,C0787,Win-back,2025-09-21,27.5,1,0,0,0,0.0,0,0.0,0,0.0,,
CAMP04039,C0914,Discount,2025-09-02,23.25,0,0,0,0,0.0,0,0.0,0,0.0,,
CAMP04040,C0491,Discount,2026-07-07,23.25,1,1,0,0,0.0,0,0.0,1,1560.05,28,1560.05
CAMP04041,C0914,Festival,2025-11-26,30.75,1,0,0,1,883.56,1,883.56,1,1804.51,7,883.56
CAMP04042,C0515,Discount,2025-01-19,21.5,1,1,0,0,0.0,0,0.0,0,0.0,,
CAMP04043,C0326,Discount,2026-03-08,25.0,1,0,0,0,0.0,0,0.0,1,1574.26,23,939.34
CAMP04044,C0810,Win-back,2025-11-25,32.75,1,0,0,1,2489.78,1,2489.78,1,7641.599999999999,2,1244.89
CAMP04045,C0369,Discount,2026-02-05,25.0,1,0,0,0,0.0,1,3505.59,1,3505.59,11,1168.53
CAMP04046,C0308,Birthday,2024-12-10,18.5,1,0,0,0,0.0,0,0.0,0,0.0,,
CAMP04047,C0417,New Product,2026-02-04,23.0,1,1,0,0,0.0,0,0.0,0,0.0,,
CAMP04048,C0836,Discount,2026-04-07,19.75,1,0,0,0,0.0,0,0.0,1,2523.2,21,1261.6
CAMP04049,C0676,Festival,2025-05-03,27.25,1,1,1,1,3604.06,1,5599.78,1,5599.78,4,1802.03
CAMP04050,C0850,Loyalty,2025-10-27,16.0,1,1,1,0,0.0,0,0.0,1,8518.24,28,2258.38
CAMP04051,C0080,Win-back,2025-03-04,29.25,1,0,0,0,0.0,0,0.0,0,0.0,,
CAMP04052,C0791,Birthday,2026-02-26,20.25,1,0,0,1,1507.63,1,1507.63,1,4509.79,5,1507.63
CAMP04053,C0670,Discount,2024-12-05,25.0,1,0,0,0,0.0,1,1389.5,1,1389.5,12,1389.5
CAMP04054,C0917,Loyalty,2026-03-01,16.0,1,0,0,0,0.0,1,3215.0,1,10503.69,11,921.46
CAMP04055,C0565,Festival,2026-08-01,30.75,0,0,0,0,0.0,0,0.0,0,0.0,,
CAMP04056,C0802,Discount,2025-11-29,25.0,1,0,0,0,0.0,0,0.0,1,543.41,24,543.41
CAMP04057,C0443,New Product,2026-08-31,23.0,1,0,0,0,0.0,0,0.0,0,0.0,,
CAMP04058,C0838,Win-back,2024-01-04,27.5,1,0,0,0,0.0,0,0.0,0,0.0,,
CAMP04059,C0254,New Product,2025-10-24,23.0,1,0,0,0,0.0,0,0.0,0,0.0,,
CAMP04060,C0405,Festival,2026-08-05,27.25,1,1,0,0,0.0,0,0.0,0,0.0,,
CAMP04061,C0510,New Product,2026-07-28,23.0,1,0,0,0,0.0,0,0.0,1,2828.78,19,1414.39
CAMP04062,C0268,Birthday,2024-10-15,20.25,1,0,0,0,0.0,0,0.0,0,0.0,,
CAMP04063,C0994,Discount,2025-05-21,25.0,1,0,0,1,1071.0,1,1071.0,1,1071.0,3,1071.0
CAMP04064,C0327,New Product,2025-06-26,23.0,1,0,0,0,0.0,0,0.0,1,1833.48,16,916.74
CAMP04065,C0128,Discount,2026-03-29,19.75,1,1,1,1,3565.03,1,3565.03,1,3565.03,4,870.94
CAMP04066,C0845,New Product,2026-06-20,23.0,1,0,0,1,10370.21,1,13022.009999999998,1,14448.409999999998,3,1260.52
CAMP04067,C0596,Win-back,2025-04-24,31.0,1,0,0,1,1099.38,1,4781.550000000001,1,9562.270000000002,4,549.69
CAMP04068,C0769,Birthday,2026-06-16,18.5,0,0,0,0,0.0,1,4148.37,1,9837.41,10,2049.7
CAMP04069,C0148,Birthday,2026-08-20,22.0,1,0,0,0,0.0,0,0.0,0,0.0,,
CAMP04070,C0686,Discount,2025-06-20,19.75,1,0,0,0,0.0,0,0.0,0,0.0,,
CAMP04071,C0825,Win-back,2026-05-02,31.0,1,0,0,0,0.0,0,0.0,0,0.0,,
CAMP04072,C0023,Discount,2026-08-30,23.25,1,0,0,0,0.0,0,0.0,0,0.0,,
CAMP04073,C0294,Win-back,2026-08-23,31.0,1,1,0,0,0.0,0,0.0,0,0.0,,
CAMP04074,C0158,New Product,2026-03-01,23.0,1,0,0,1,1139.83,1,3734.9699999999993,1,3734.9699999999993,7,1139.83
CAMP04075,C0512,Discount,2026-08-03,21.5,1,0,0,0,0.0,0,0.0,0,0.0,,
CAMP04076,C0903,Festival,2026-08-25,30.75,1,0,0,0,0.0,0,0.0,0,0.0,,
CAMP04077,C0131,Festival,2026-07-25,29.0,1,1,0,0,0.0,0,0.0,0,0.0,,
CAMP04078,C0519,Discount,2025-03-25,25.0,1,0,0,0,0.0,0,0.0,0,0.0,,
CAMP04079,C0612,Birthday,2026-08-31,20.25,1,0,0,0,0.0,0,0.0,0,0.0,,
CAMP04080,C0588,Discount,2026-07-09,21.5,1,0,0,1,659.19,1,659.19,1,659.19,3,659.19
CAMP04081,C0091,New Product,2024-06-18,23.0,1,0,0,1,762.91,1,762.91,1,2198.83,7,762.91
CAMP04082,C0438,Loyalty,2026-08-08,16.0,1,0,0,0,0.0,0,0.0,0,0.0,,
CAMP04083,C0873,Win-back,2025-03-10,29.25,0,0,0,1,952.04,1,952.04,1,952.04,2,952.04
CAMP04084,C0565,Birthday,2026-05-29,20.25,1,0,0,0,0.0,0,0.0,1,744.32,27,744.32
CAMP04085,C0711,Festival,2026-08-31,32.5,1,1,0,0,0.0,0,0.0,0,0.0,,
CAMP04086,C0382,New Product,2025-05-22,23.0,1,0,0,0,0.0,1,3961.09,1,5339.21,9,3961.09
CAMP04087,C0261,New Product,2026-06-11,23.0,1,0,0,0,0.0,1,19412.300000000003,1,33220.67,9,3617.73
CAMP04088,C0925,Birthday,2025-03-31,20.25,1,0,0,0,0.0,0,0.0,1,1125.31,17,1125.31
CAMP04089,C0654,Discount,2024-12-16,21.5,1,0,0,1,583.0,1,2538.8,1,3384.58,7,583.0
CAMP04090,C0825,New Product,2026-07-18,23.0,1,0,0,0,0.0,0,0.0,0,0.0,,
CAMP04091,C0066,New Product,2025-04-07,23.0,0,0,0,0,0.0,1,603.6,1,603.6,13,603.6
CAMP04092,C0978,Festival,2025-07-15,25.5,1,0,0,1,6215.52,1,6215.52,1,6215.52,4,1047.61
CAMP04093,C0052,Loyalty,2026-07-26,14.0,1,0,0,0,0.0,1,2057.88,1,2057.88,14,1028.94
CAMP04094,C0862,Birthday,2026-08-28,22.0,1,0,0,0,0.0,0,0.0,0,0.0,,
CAMP04095,C0163,Birthday,2025-12-29,20.25,1,0,0,0,0.0,0,0.0,0,0.0,,
CAMP04096,C0593,Win-back,2026-08-03,29.25,1,0,0,0,0.0,1,1923.75,1,1923.75,13,1923.75
CAMP04097,C0937,Birthday,2024-09-28,22.0,0,0,0,0,0.0,0,0.0,0,0.0,,
CAMP04098,C0611,Festival,2026-06-08,32.5,1,0,0,1,6312.64,1,6312.64,1,9193.94,2,3156.32
CAMP04099,C0526,Win-back,2026-02-25,29.25,1,1,0,0,0.0,1,2826.2,1,2826.2,12,1413.1
CAMP04100,C0670,Loyalty,2024-11-02,14.0,1,0,0,0,0.0,0,0.0,0,0.0,,
CAMP04101,C0808,New Product,2026-05-12,23.0,1,0,0,0,0.0,1,1501.79,1,1501.79,13,1501.79
CAMP04102,C0888,Birthday,2026-07-26,22.0,1,0,0,1,560.09,1,560.09,1,560.09,7,560.09
CAMP04103,C0657,Discount,2025-04-18,25.0,1,0,0,0,0.0,0,0.0,1,4401.74,18,1027.93
CAMP04104,C0622,New Product,2026-06-02,23.0,1,1,1,0,0.0,1,511.03,1,4801.360000000001,9,511.03
CAMP04105,C0817,Discount,2026-07-27,23.25,1,0,0,0,0.0,0,0.0,0,0.0,,
CAMP04106,C0645,Win-back,2026-07-08,32.75,1,0,0,0,0.0,1,1749.18,1,4542.4,14,874.59
CAMP04107,C0932,Festival,2024-06-20,25.5,1,1,0,0,0.0,0,0.0,0,0.0,,
CAMP04108,C0400,Birthday,2026-08-30,22.0,1,0,0,0,0.0,0,0.0,0,0.0,,
CAMP04109,C0509,Birthday,2025-07-23,22.0,1,0,0,0,0.0,1,4588.66,1,7174.37,12,2294.33
CAMP04110,C0736,Win-back,2024-07-18,31.0,1,1,0,0,0.0,0,0.0,0,0.0,,
CAMP04111,C0338,Birthday,2026-06-01,22.0,1,0,0,0,0.0,0,0.0,0,0.0,,
CAMP04112,C0474,Loyalty,2026-08-07,18.0,0,0,0,0,0.0,0,0.0,0,0.0,,
CAMP04113,C0388,Loyalty,2026-06-10,16.0,1,0,0,0,0.0,1,563.6,1,563.6,9,563.6
CAMP04114,C0122,Discount,2025-10-07,21.5,1,1,1,0,0.0,0,0.0,0,0.0,,
CAMP04115,C0625,Festival,2025-12-20,30.75,1,0,0,0,0.0,0,0.0,0,0.0,,
CAMP04116,C0671,Win-back,2026-08-18,31.0,1,1,0,0,0.0,0,0.0,0,0.0,,
CAMP04117,C0838,Birthday,2025-09-13,18.5,0,0,0,0,0.0,0,0.0,1,689.62,28,689.62
CAMP04118,C0038,Loyalty,2024-05-21,18.0,1,0,0,0,0.0,0,0.0,0,0.0,,
CAMP04119,C0851,Discount,2026-03-12,23.25,1,0,0,0,0.0,0,0.0,0,0.0,,
CAMP04120,C0123,New Product,2026-03-12,23.0,1,0,0,0,0.0,0,0.0,0,0.0,,
CAMP04121,C0237,Festival,2025-06-21,27.25,1,0,0,0,0.0,0,0.0,1,1348.9,29,674.45
CAMP04122,C0919,New Product,2026-02-13,23.0,1,0,0,0,0.0,1,1495.55,1,1495.55,10,1495.55
CAMP04123,C0046,Loyalty,2026-04-20,16.0,0,0,0,0,0.0,0,0.0,1,6284.370000000001,15,1780.21
CAMP04124,C0085,Loyalty,2025-10-05,14.0,1,0,0,0,0.0,0,0.0,0,0.0,,
CAMP04125,C0266,Birthday,2025-07-31,22.0,1,0,0,0,0.0,0,0.0,0,0.0,,
CAMP04126,C0219,New Product,2025-03-03,23.0,1,1,1,1,1787.86,1,1787.86,1,4240.02,2,1787.86
CAMP04127,C0573,New Product,2026-05-24,23.0,1,1,0,1,1558.58,1,1558.58,1,5149.79,6,779.29
CAMP04128,C0603,Win-back,2025-10-23,29.25,1,0,0,0,0.0,1,4236.049999999999,1,6013.409999999999,9,1074.07
CAMP04129,C0238,Festival,2025-10-09,27.25,1,0,0,0,0.0,0,0.0,0,0.0,,
CAMP04130,C0547,Win-back,2026-05-27,29.25,1,1,0,1,954.61,1,954.61,1,954.61,7,954.61
CAMP04131,C0279,Win-back,2026-07-05,29.25,1,1,0,0,0.0,0,0.0,0,0.0,,
CAMP04132,C0421,Loyalty,2026-01-09,22.0,1,1,0,0,0.0,0,0.0,0,0.0,,
CAMP04133,C0894,New Product,2026-06-28,23.0,1,0,0,0,0.0,1,1035.95,1,1035.95,10,1035.95
CAMP04134,C0075,Discount,2025-08-15,21.5,1,1,1,0,0.0,0,0.0,0,0.0,,
CAMP04135,C0051,Discount,2026-08-08,21.5,1,0,0,0,0.0,0,0.0,0,0.0,,
CAMP04136,C0249,Festival,2025-06-23,30.75,1,0,0,0,0.0,0,0.0,1,7005.210000000001,17,795.7
CAMP04137,C0278,Discount,2026-04-22,21.5,1,0,0,0,0.0,1,1584.22,1,1584.22,11,1584.22
CAMP04138,C0847,Festival,2026-07-28,30.75,1,1,0,1,2725.16,1,5600.200000000001,1,5600.200000000001,2,1362.58
CAMP04139,C0651,Loyalty,2026-01-26,14.0,1,0,0,0,0.0,0,0.0,0,0.0,,
CAMP04140,C0519,Win-back,2025-04-26,27.5,1,0,0,0,0.0,0,0.0,0,0.0,,
CAMP04141,C0514,Loyalty,2026-05-26,18.0,1,1,0,1,1300.56,1,2889.95,1,2889.95,4,650.28
CAMP04142,C0112,Birthday,2026-02-24,18.5,1,0,0,0,0.0,1,1733.62,1,2838.52,8,1733.62
CAMP04143,C0597,Loyalty,2024-07-01,14.0,1,0,0,0,0.0,0,0.0,0,0.0,,
CAMP04144,C0202,Festival,2026-08-22,29.0,1,0,0,0,0.0,0,0.0,0,0.0,,
CAMP04145,C0099,New Product,2024-12-16,23.0,1,0,0,0,0.0,0,0.0,0,0.0,,
CAMP04146,C0246,Loyalty,2026-06-26,22.0,1,1,0,0,0.0,0,0.0,0,0.0,,
CAMP04147,C0714,Birthday,2026-04-17,20.25,1,0,0,0,0.0,1,4750.45,1,4750.45,12,1388.0
CAMP04148,C0737,New Product,2026-04-29,23.0,1,0,0,0,0.0,0,0.0,0,0.0,,
CAMP04149,C0064,Win-back,2025-02-21,31.0,1,1,1,1,3876.84,1,3876.84,1,4923.79,2,1938.42
CAMP04150,C0201,Birthday,2026-06-26,22.0,1,1,1,1,1986.72,1,4550.05,1,9569.25,3,1986.72
CAMP04151,C0251,New Product,2026-07-19,23.0,1,0,0,0,0.0,0,0.0,0,0.0,,
CAMP04152,C0286,Win-back,2025-09-06,31.0,1,0,0,1,996.73,1,996.73,1,996.73,6,996.73
CAMP04153,C0619,Loyalty,2025-11-02,16.0,1,0,0,0,0.0,0,0.0,0,0.0,,
CAMP04154,C0044,Loyalty,2026-02-28,22.0,1,0,0,0,0.0,0,0.0,1,3266.44,19,541.16
CAMP04155,C0387,Festival,2026-06-25,29.0,1,0,0,0,0.0,0,0.0,0,0.0,,
CAMP04156,C0099,Win-back,2026-04-24,27.5,1,0,0,0,0.0,0,0.0,0,0.0,,
CAMP04157,C0176,Birthday,2026-08-09,22.0,1,1,0,1,6309.84,1,6309.84,1,6309.84,1,2103.28
CAMP04158,C0104,Festival,2026-07-19,32.5,1,0,0,0,0.0,0,0.0,0,0.0,,
CAMP04159,C0885,Loyalty,2025-09-25,14.0,1,0,0,1,1921.02,1,1921.02,1,1921.02,2,960.51
CAMP04160,C0345,New Product,2025-06-09,23.0,0,0,0,0,0.0,1,4276.8,1,4276.8,8,2784.01
CAMP04161,C0460,Birthday,2026-07-25,20.25,1,0,0,0,0.0,0,0.0,0,0.0,,
CAMP04162,C0478,Win-back,2025-07-24,32.75,1,1,0,0,0.0,0,0.0,0,0.0,,
CAMP04163,C0265,Win-back,2026-04-09,27.5,1,1,0,0,0.0,0,0.0,1,502.07,17,502.07
CAMP04164,C0121,Birthday,2026-04-17,20.25,1,0,0,0,0.0,0,0.0,0,0.0,,
CAMP04165,C0049,Win-back,2026-03-14,27.5,1,0,0,0,0.0,0,0.0,1,14573.23,21,3279.45
CAMP04166,C0454,Loyalty,2026-05-05,14.0,1,1,0,1,12140.64,1,12140.64,1,19396.65,2,3774.57
CAMP04167,C0161,Discount,2026-06-26,19.75,1,0,0,1,3979.08,1,3979.08,1,6886.32,6,1326.36
CAMP04168,C0395,Festival,2025-03-01,27.25,1,0,0,0,0.0,0,0.0,0,0.0,,
CAMP04169,C0189,New Product,2025-08-26,23.0,1,0,0,0,0.0,0,0.0,0,0.0,,
CAMP04170,C0926,Win-back,2026-08-15,27.5,1,0,0,0,0.0,0,0.0,0,0.0,,
CAMP04171,C0767,Win-back,2025-12-30,32.75,1,1,1,0,0.0,1,1193.26,1,4948.33,13,1193.26
CAMP04172,C0377,Loyalty,2025-08-06,14.0,1,0,0,0,0.0,0,0.0,0,0.0,,
CAMP04173,C0513,Loyalty,2024-10-20,14.0,1,0,0,0,0.0,0,0.0,0,0.0,,
CAMP04174,C0391,Discount,2024-09-27,25.0,1,0,0,0,0.0,0,0.0,1,2733.77,19,1039.77
CAMP04175,C0028,Festival,2026-05-07,32.5,1,1,0,1,1610.68,1,4066.6,1,6071.47,3,805.34
CAMP04176,C0525,Win-back,2025-04-22,27.5,0,0,0,0,0.0,0,0.0,0,0.0,,
CAMP04177,C0400,Loyalty,2026-08-21,16.0,1,0,0,0,0.0,0,0.0,0,0.0,,
CAMP04178,C0390,Loyalty,2025-01-27,22.0,1,0,0,0,0.0,0,0.0,0,0.0,,
CAMP04179,C0045,Discount,2025-07-03,19.75,1,0,0,0,0.0,0,0.0,0,0.0,,
CAMP04180,C0392,Win-back,2026-04-15,27.5,1,0,0,0,0.0,0,0.0,0,0.0,,
CAMP04181,C0611,New Product,2026-08-29,23.0,1,1,0,0,0.0,0,0.0,0,0.0,,
CAMP04182,C0953,Discount,2026-06-16,19.75,1,0,0,0,0.0,0,0.0,0,0.0,,
CAMP04183,C0968,Loyalty,2024-08-04,14.0,1,0,0,0,0.0,1,2129.12,1,2129.12,12,2129.12
CAMP04184,C0070,Festival,2026-03-23,27.25,1,1,0,0,0.0,0,0.0,0,0.0,,
CAMP04185,C0221,New Product,2026-02-14,23.0,1,1,0,0,0.0,0,0.0,0,0.0,,
CAMP04186,C0687,Festival,2026-08-17,32.5,1,0,0,0,0.0,0,0.0,0,0.0,,
CAMP04187,C0298,Discount,2026-07-11,25.0,1,0,0,0,0.0,0,0.0,0,0.0,,
CAMP04188,C0931,New Product,2026-04-13,23.0,1,1,1,0,0.0,1,4369.1,1,4369.1,8,875.83
CAMP04189,C0476,New Product,2026-05-08,23.0,1,1,0,0,0.0,1,1049.23,1,5004.81,9,1049.23
CAMP04190,C0113,Discount,2026-08-03,19.75,1,0,0,1,1632.12,1,1632.12,1,1632.12,4,1632.12
CAMP04191,C0950,Discount,2026-08-29,21.5,1,0,0,0,0.0,0,0.0,0,0.0,,
CAMP04192,C0673,Loyalty,2025-03-13,14.0,1,0,0,1,11482.06,1,15089.500000000002,1,16554.620000000003,4,2851.52
CAMP04193,C0037,Loyalty,2025-03-02,16.0,1,0,0,0,0.0,0,0.0,0,0.0,,
CAMP04194,C0395,Festival,2025-03-12,29.0,1,0,0,0,0.0,0,0.0,0,0.0,,
CAMP04195,C0485,Festival,2025-02-10,27.25,1,0,0,0,0.0,1,3254.29,1,3254.29,10,3254.29
CAMP04196,C0325,Birthday,2026-04-13,22.0,1,0,0,0,0.0,1,1426.75,1,1426.75,9,1426.75
CAMP04197,C0792,Birthday,2025-11-12,20.25,1,1,0,0,0.0,0,0.0,1,420.8,30,420.8
CAMP04198,C0557,New Product,2026-08-10,23.0,1,0,0,0,0.0,0,0.0,0,0.0,,
CAMP04199,C0597,New Product,2024-11-21,23.0,1,0,0,0,0.0,0,0.0,0,0.0,,
CAMP04200,C0610,Win-back,2026-08-21,32.75,1,0,0,0,0.0,0,0.0,0,0.0,,
CAMP04201,C0290,Discount,2023-10-20,23.25,1,1,1,0,0.0,0,0.0,0,0.0,,
CAMP04202,C0599,Festival,2026-01-22,27.25,1,1,0,0,0.0,0,0.0,1,1347.02,25,962.63
CAMP04203,C0795,Loyalty,2025-01-10,18.0,1,0,0,0,0.0,0,0.0,0,0.0,,
CAMP04204,C0255,Discount,2025-07-16,25.0,1,0,0,0,0.0,0,0.0,1,1343.31,20,1343.31
CAMP04205,C0667,New Product,2026-06-29,23.0,1,0,0,0,0.0,0,0.0,0,0.0,,
CAMP04206,C0331,Festival,2026-06-07,29.0,1,0,0,1,1226.37,1,2756.13,1,4192.12,2,1226.37
CAMP04207,C0483,Festival,2026-07-23,27.25,1,0,0,0,0.0,0,0.0,0,0.0,,
CAMP04208,C0639,Win-back,2026-06-15,27.5,1,0,0,0,0.0,1,443.4,1,788.98,11,443.4
CAMP04209,C0300,Loyalty,2026-07-01,14.0,1,0,0,0,0.0,0,0.0,0,0.0,,
CAMP04210,C0005,Discount,2025-08-26,19.75,1,0,0,1,2064.72,1,6976.26,1,6976.26,3,1032.36
CAMP04211,C0144,Discount,2025-08-17,19.75,1,1,0,0,0.0,0,0.0,1,3670.0,26,1835.0
CAMP04212,C0922,Loyalty,2024-10-27,14.0,1,0,0,0,0.0,0,0.0,0,0.0,,
CAMP04213,C0562,Win-back,2024-03-23,29.25,1,0,0,0,0.0,0,0.0,0,0.0,,
CAMP04214,C0685,Loyalty,2026-06-26,16.0,1,1,1,0,0.0,0,0.0,0,0.0,,
CAMP04215,C0756,Birthday,2024-12-21,18.5,1,1,1,0,0.0,0,0.0,0,0.0,,
CAMP04216,C0824,Birthday,2026-06-29,22.0,1,0,0,0,0.0,0,0.0,0,0.0,,
CAMP04217,C0661,Win-back,2024-07-28,32.75,1,1,1,0,0.0,0,0.0,1,1366.61,20,1366.61
CAMP04218,C0079,Win-back,2026-08-18,27.5,1,1,1,0,0.0,0,0.0,0,0.0,,
CAMP04219,C0249,Festival,2026-04-02,25.5,1,0,0,0,0.0,0,0.0,0,0.0,,
CAMP04220,C0566,Win-back,2026-02-21,31.0,1,0,0,0,0.0,0,0.0,1,1420.46,27,710.23
CAMP04221,C0727,Loyalty,2026-03-13,18.0,1,1,0,0,0.0,0,0.0,0,0.0,,
CAMP04222,C0636,Discount,2025-03-16,23.25,1,0,0,0,0.0,1,1665.4,1,1665.4,8,956.98
CAMP04223,C0396,New Product,2026-08-21,23.0,1,0,0,0,0.0,0,0.0,0,0.0,,
CAMP04224,C0656,Discount,2025-08-12,21.5,1,0,0,0,0.0,0,0.0,1,3741.33,15,449.81
CAMP04225,C0361,Birthday,2024-12-31,20.25,1,0,0,0,0.0,0,0.0,0,0.0,,
CAMP04226,C0082,Birthday,2026-02-11,18.5,1,0,0,0,0.0,0,0.0,0,0.0,,
CAMP04227,C0010,Loyalty,2026-05-28,14.0,1,0,0,0,0.0,0,0.0,0,0.0,,
CAMP04228,C0763,Loyalty,2025-03-12,14.0,1,0,0,0,0.0,1,2389.95,1,4573.2300000000005,12,796.65
CAMP04229,C0804,Festival,2026-03-11,25.5,1,1,1,0,0.0,0,0.0,0,0.0,,
CAMP04230,C0182,Win-back,2026-06-17,27.5,0,0,0,1,1147.63,1,2120.92,1,3596.26,6,1147.63
CAMP04231,C0111,Loyalty,2025-05-22,16.0,1,0,0,1,1340.23,1,1340.23,1,3529.44,4,1340.23
CAMP04232,C0413,Birthday,2026-05-29,20.25,1,0,0,1,4163.16,1,4163.16,1,4163.16,7,2081.58
CAMP04233,C0738,Discount,2026-02-04,19.75,1,0,0,1,2484.98,1,5244.06,1,6114.119999999999,4,2484.98
CAMP04234,C0455,Win-back,2025-07-08,29.25,1,0,0,1,718.0,1,718.0,1,718.0,5,718.0
CAMP04235,C0694,Festival,2026-08-05,25.5,1,0,0,0,0.0,0,0.0,0,0.0,,
CAMP04236,C0127,New Product,2025-10-11,23.0,1,0,0,1,709.42,1,709.42,1,709.42,5,709.42
CAMP04237,C0532,New Product,2026-03-15,23.0,1,1,1,0,0.0,0,0.0,1,1671.4699999999998,17,1097.07
CAMP04238,C0166,Loyalty,2026-07-07,22.0,0,0,0,0,0.0,1,1018.46,1,1018.46,12,509.23
CAMP04239,C0673,Loyalty,2026-05-25,14.0,1,1,0,0,0.0,1,2191.42,1,2191.42,8,1095.71
CAMP04240,C0841,Festival,2026-05-28,30.75,1,0,0,0,0.0,0,0.0,0,0.0,,
CAMP04241,C0443,Discount,2025-10-30,25.0,1,0,0,0,0.0,0,0.0,0,0.0,,
CAMP04242,C0981,Birthday,2025-05-23,20.25,1,0,0,0,0.0,0,0.0,1,1467.42,30,1467.42
CAMP04243,C0247,Festival,2026-05-16,27.25,1,1,1,0,0.0,0,0.0,1,1797.96,22,449.49
CAMP04244,C0426,Festival,2026-08-19,29.0,0,0,0,0,0.0,0,0.0,0,0.0,,
CAMP04245,C0827,Loyalty,2025-10-18,22.0,1,0,0,1,3422.04,1,3422.04,1,6292.2,2,1711.02
CAMP04246,C0730,Birthday,2026-08-24,22.0,1,0,0,0,0.0,0,0.0,0,0.0,,
CAMP04247,C0652,New Product,2026-04-24,23.0,1,0,0,0,0.0,1,10437.4,1,20771.16,11,3158.65
CAMP04248,C0518,Loyalty,2025-12-22,14.0,1,1,0,0,0.0,0,0.0,1,4369.16,30,2184.58
CAMP04249,C0258,Win-back,2026-01-18,29.25,1,1,0,0,0.0,0,0.0,0,0.0,,
CAMP04250,C0408,Festival,2026-01-28,27.25,1,1,0,1,1361.67,1,1976.74,1,3180.33,1,1361.67
CAMP04251,C0889,Discount,2026-06-11,21.5,1,0,0,0,0.0,1,3661.56,1,4572.59,11,1220.52
CAMP04252,C0486,Loyalty,2026-05-21,14.0,1,0,0,0,0.0,0,0.0,1,5497.38,30,1832.46
CAMP04253,C0889,Birthday,2026-08-15,22.0,1,0,0,0,0.0,0,0.0,0,0.0,,
CAMP04254,C0819,Birthday,2023-12-24,18.5,1,0,0,0,0.0,0,0.0,0,0.0,,
CAMP04255,C0003,New Product,2024-10-19,23.0,1,1,0,0,0.0,0,0.0,0,0.0,,
CAMP04256,C0554,Birthday,2025-02-21,18.5,1,0,0,1,1401.05,1,1401.05,1,1401.05,3,1401.05
CAMP04257,C0856,New Product,2026-05-26,23.0,1,1,1,0,0.0,0,0.0,0,0.0,,
CAMP04258,C0842,Win-back,2026-07-04,32.75,1,0,0,0,0.0,0,0.0,1,791.21,15,791.21
CAMP04259,C0851,Birthday,2025-07-07,18.5,1,0,0,0,0.0,0,0.0,1,2527.02,15,842.34
CAMP04260,C0846,Loyalty,2025-11-26,14.0,1,1,0,0,0.0,0,0.0,1,1642.92,22,821.46
CAMP04261,C0805,Win-back,2026-08-24,29.25,1,1,1,0,0.0,0,0.0,0,0.0,,
CAMP04262,C0732,Discount,2024-04-23,19.75,1,0,0,0,0.0,0,0.0,1,1176.62,16,588.31
CAMP04263,C0329,Birthday,2024-05-16,20.25,1,1,0,0,0.0,1,5187.46,1,6430.48,12,2593.73
CAMP04264,C0765,Birthday,2026-05-24,22.0,1,1,1,0,0.0,0,0.0,0,0.0,,
CAMP04265,C0829,Birthday,2024-05-13,18.5,1,0,0,0,0.0,0,0.0,0,0.0,,
CAMP04266,C0430,Discount,2024-11-13,23.25,1,0,0,0,0.0,0,0.0,0,0.0,,
CAMP04267,C0526,Festival,2024-02-26,25.5,1,0,0,0,0.0,0,0.0,0,0.0,,
CAMP04268,C0518,Win-back,2025-12-06,29.25,1,1,0,0,0.0,0,0.0,0,0.0,,
CAMP04269,C0209,New Product,2026-01-31,23.0,1,0,0,0,0.0,0,0.0,0,0.0,,
CAMP04270,C0514,Discount,2026-07-29,25.0,1,0,0,0,0.0,0,0.0,0,0.0,,
CAMP04271,C0134,Win-back,2025-04-12,27.5,1,0,0,0,0.0,0,0.0,1,595.91,15,595.91
CAMP04272,C0281,Win-back,2026-08-03,31.0,1,0,0,0,0.0,0,0.0,0,0.0,,
CAMP04273,C0266,Win-back,2026-08-26,31.0,1,1,1,0,0.0,0,0.0,0,0.0,,
CAMP04274,C0447,Discount,2026-08-07,25.0,1,1,0,0,0.0,0,0.0,0,0.0,,
CAMP04275,C0924,New Product,2026-08-19,23.0,1,0,0,0,0.0,0,0.0,0,0.0,,
CAMP04276,C0393,Festival,2023-12-04,32.5,1,0,0,1,1277.56,1,1277.56,1,1277.56,4,1277.56
CAMP04277,C0614,Festival,2026-03-08,25.5,1,0,0,0,0.0,0,0.0,1,954.64,19,954.64
CAMP04278,C0419,Loyalty,2025-09-11,14.0,1,1,0,0,0.0,0,0.0,1,1628.52,27,814.26
CAMP04279,C0850,Festival,2025-12-16,32.5,1,1,1,1,2147.04,1,4191.95,1,6324.21,4,1073.52
CAMP04280,C0360,New Product,2025-02-11,23.0,1,0,0,0,0.0,0,0.0,0,0.0,,
CAMP04281,C0480,Discount,2026-07-25,23.25,1,0,0,0,0.0,0,0.0,0,0.0,,
CAMP04282,C0454,Birthday,2025-01-07,22.0,1,1,0,0,0.0,0,0.0,0,0.0,,
CAMP04283,C0593,Festival,2026-08-07,25.5,1,0,0,0,0.0,1,1923.75,1,1923.75,9,1923.75
CAMP04284,C0481,Birthday,2025-07-17,22.0,1,0,0,1,5743.200000000001,1,7436.070000000001,1,9752.69,7,1914.4
CAMP04285,C0526,Discount,2025-11-04,19.75,0,0,0,0,0.0,0,0.0,1,1486.44,15,1486.44
CAMP04286,C0386,Win-back,2025-12-05,27.5,1,1,1,0,0.0,0,0.0,0,0.0,,
CAMP04287,C0741,Discount,2026-08-11,23.25,1,0,0,0,0.0,0,0.0,0,0.0,,
CAMP04288,C0768,Birthday,2025-04-02,20.25,1,0,0,0,0.0,0,0.0,0,0.0,,
CAMP04289,C0505,Loyalty,2026-06-23,18.0,1,0,0,0,0.0,0,0.0,0,0.0,,
CAMP04290,C0031,Birthday,2025-05-14,18.5,1,0,0,1,942.06,1,942.06,1,1403.23,7,471.03
CAMP04291,C0158,Loyalty,2026-02-26,22.0,1,0,0,1,1146.06,1,2285.89,1,4881.03,2,1146.06
CAMP04292,C0855,New Product,2025-07-17,23.0,1,0,0,0,0.0,0,0.0,1,867.98,18,433.99
CAMP04293,C0788,Win-back,2026-01-17,32.75,1,1,0,0,0.0,0,0.0,0,0.0,,
CAMP04294,C0261,Festival,2026-08-29,30.75,1,0,0,0,0.0,0,0.0,0,0.0,,
CAMP04295,C0501,New Product,2025-12-05,23.0,1,0,0,0,0.0,0,0.0,1,3395.67,15,802.81
CAMP04296,C0136,Festival,2024-09-23,29.0,1,0,0,0,0.0,0,0.0,0,0.0,,
CAMP04297,C0175,Birthday,2026-07-01,18.5,1,0,0,1,1898.88,1,1898.88,1,3025.5,5,949.44
CAMP04298,C0936,New Product,2025-10-23,23.0,1,0,0,1,299.5,1,299.5,1,1956.83,4,299.5
CAMP04299,C0871,Loyalty,2025-10-06,22.0,1,1,0,0,0.0,0,0.0,1,1430.13,15,1430.13
CAMP04300,C0214,New Product,2026-01-30,23.0,1,0,0,0,0.0,0,0.0,0,0.0,,
CAMP04301,C0105,Festival,2025-10-05,32.5,0,0,0,0,0.0,0,0.0,1,1289.4,30,1289.4
CAMP04302,C0227,Birthday,2026-06-08,22.0,1,0,0,0,0.0,0,0.0,0,0.0,,
CAMP04303,C0649,New Product,2025-10-16,23.0,1,0,0,0,0.0,0,0.0,1,3431.08,15,1715.54
CAMP04304,C0437,New Product,2026-07-06,23.0,1,0,0,0,0.0,0,0.0,0,0.0,,
CAMP04305,C0084,Discount,2026-05-27,25.0,1,0,0,0,0.0,0,0.0,0,0.0,,
CAMP04306,C0355,Discount,2026-06-26,21.5,1,0,0,0,0.0,0,0.0,0,0.0,,
CAMP04307,C0275,Birthday,2024-12-03,20.25,1,0,0,0,0.0,0,0.0,0,0.0,,
CAMP04308,C0798,Festival,2025-07-15,27.25,1,0,0,1,687.06,1,687.06,1,687.06,4,343.53
CAMP04309,C0191,Loyalty,2026-01-13,18.0,1,1,0,0,0.0,0,0.0,0,0.0,,
CAMP04310,C0551,Festival,2026-02-03,25.5,1,1,0,0,0.0,0,0.0,1,3329.4300000000003,22,1831.72
CAMP04311,C0735,Discount,2026-07-31,21.5,1,0,0,0,0.0,0,0.0,0,0.0,,
CAMP04312,C0736,Discount,2024-09-03,21.5,1,0,0,0,0.0,0,0.0,0,0.0,,
CAMP04313,C0747,Loyalty,2026-07-14,16.0,1,0,0,1,775.76,1,775.76,1,775.76,7,387.88
CAMP04314,C0996,Win-back,2026-06-25,31.0,1,0,0,0,0.0,0,0.0,1,1618.26,19,1618.26
CAMP04315,C0537,Discount,2026-03-16,23.25,1,0,0,1,679.74,1,679.74,1,4127.34,1,679.74
CAMP04316,C0943,Win-back,2026-08-10,29.25,1,1,0,0,0.0,0,0.0,0,0.0,,
CAMP04317,C0995,Discount,2026-01-20,19.75,1,1,0,0,0.0,0,0.0,1,2295.25,20,1616.71
CAMP04318,C0890,Birthday,2025-01-18,22.0,1,0,0,0,0.0,1,1990.14,1,1990.14,14,995.07
CAMP04319,C0476,Loyalty,2026-07-25,18.0,1,0,0,0,0.0,0,0.0,0,0.0,,
CAMP04320,C0884,Win-back,2026-03-21,29.25,1,0,0,0,0.0,0,0.0,0,0.0,,
CAMP04321,C0871,Birthday,2026-04-28,18.5,0,0,0,0,0.0,1,3299.82,1,6136.26,14,1649.91
CAMP04322,C0276,Festival,2026-04-17,29.0,1,1,0,0,0.0,0,0.0,0,0.0,,
CAMP04323,C0606,Birthday,2026-04-03,22.0,1,0,0,0,0.0,1,462.18,1,3963.65,8,231.09
CAMP04324,C0482,Festival,2025-11-19,25.5,0,0,0,0,0.0,0,0.0,0,0.0,,
CAMP04325,C0369,Win-back,2026-03-22,31.0,1,0,0,0,0.0,0,0.0,0,0.0,,
CAMP04326,C0817,Win-back,2025-10-08,29.25,1,0,0,0,0.0,0,0.0,1,1629.04,22,706.46
CAMP04327,C0745,Festival,2025-08-21,32.5,1,0,0,0,0.0,0,0.0,0,0.0,,
CAMP04328,C0236,Birthday,2026-08-09,18.5,1,1,0,0,0.0,0,0.0,0,0.0,,
CAMP04329,C0376,Loyalty,2026-08-14,22.0,1,0,0,0,0.0,0,0.0,0,0.0,,
CAMP04330,C0136,Festival,2026-06-10,25.5,1,1,1,1,1022.86,1,1022.86,1,3852.88,6,1022.86
CAMP04331,C0971,Win-back,2026-07-08,31.0,1,0,0,0,0.0,1,851.18,1,851.18,12,851.18
CAMP04332,C0456,New Product,2026-04-06,23.0,1,1,0,0,0.0,0,0.0,1,776.88,16,776.88
CAMP04333,C0009,Discount,2026-03-23,25.0,1,1,0,0,0.0,1,9868.18,1,11518.39,8,1796.66
CAMP04334,C0838,Birthday,2024-05-31,20.25,1,0,0,0,0.0,0,0.0,0,0.0,,
CAMP04335,C0599,Festival,2026-01-23,25.5,1,0,0,0,0.0,0,0.0,1,1347.02,24,962.63
CAMP04336,C0676,Loyalty,2026-02-17,18.0,1,0,0,0,0.0,0,0.0,1,548.14,15,548.14
CAMP04337,C0379,Festival,2024-06-12,25.5,1,0,0,0,0.0,0,0.0,0,0.0,,
CAMP04338,C0583,Birthday,2026-03-26,22.0,1,0,0,0,0.0,0,0.0,0,0.0,,
CAMP04339,C0855,Festival,2025-12-17,30.75,1,0,0,0,0.0,0,0.0,0,0.0,,
CAMP04340,C0381,New Product,2026-05-09,23.0,1,0,0,1,1801.7,1,1801.7,1,1801.7,5,900.85
CAMP04341,C0310,Discount,2026-04-26,25.0,0,0,0,0,0.0,0,0.0,0,0.0,,
CAMP04342,C0620,Discount,2026-05-21,23.25,1,1,0,0,0.0,1,5076.6,1,5076.6,14,1269.15
CAMP04343,C0772,Win-back,2025-11-28,27.5,1,1,1,0,0.0,0,0.0,0,0.0,,
CAMP04344,C0020,New Product,2024-07-09,23.0,1,0,0,0,0.0,0,0.0,0,0.0,,
CAMP04345,C0219,Loyalty,2026-01-22,22.0,1,0,0,0,0.0,0,0.0,1,1106.1,30,1106.1
CAMP04346,C0342,Discount,2025-11-08,25.0,1,0,0,0,0.0,0,0.0,0,0.0,,
CAMP04347,C0807,Loyalty,2025-10-22,16.0,1,0,0,1,2794.14,1,3778.91,1,3778.91,2,919.1
CAMP04348,C0175,Birthday,2026-07-05,20.25,1,0,0,1,1898.88,1,1898.88,1,3025.5,1,949.44
CAMP04349,C0516,Discount,2025-10-02,19.75,1,0,0,0,0.0,0,0.0,0,0.0,,
CAMP04350,C0197,Win-back,2026-05-02,27.5,1,0,0,0,0.0,0,0.0,0,0.0,,
CAMP04351,C0333,Loyalty,2026-06-26,16.0,1,0,0,0,0.0,0,0.0,1,538.5,26,538.5
CAMP04352,C0759,Birthday,2025-03-24,22.0,1,1,0,1,1381.56,1,1381.56,1,1381.56,1,1381.56
CAMP04353,C0993,Birthday,2026-08-23,22.0,1,1,1,0,0.0,0,0.0,0,0.0,,
CAMP04354,C0387,Birthday,2026-07-18,20.25,1,0,0,0,0.0,0,0.0,1,10032.11,16,1416.66
CAMP04355,C0149,Birthday,2025-10-24,22.0,1,1,0,0,0.0,0,0.0,0,0.0,,
CAMP04356,C0422,Birthday,2024-09-23,22.0,1,0,0,0,0.0,0,0.0,0,0.0,,
CAMP04357,C0405,Discount,2026-04-21,23.25,0,0,0,0,0.0,0,0.0,0,0.0,,
CAMP04358,C0394,New Product,2026-01-04,23.0,1,0,0,0,0.0,0,0.0,1,6211.799999999999,15,1365.89
CAMP04359,C0553,Birthday,2026-06-26,20.25,1,0,0,0,0.0,0,0.0,0,0.0,,
CAMP04360,C0516,Discount,2025-04-25,23.25,1,0,0,0,0.0,0,0.0,0,0.0,,
CAMP04361,C0551,Festival,2026-08-25,30.75,1,0,0,0,0.0,0,0.0,0,0.0,,
CAMP04362,C0454,Festival,2024-12-18,29.0,1,0,0,1,3686.4,1,3686.4,1,6919.860000000001,6,3686.4
CAMP04363,C0150,Festival,2026-02-21,30.75,1,0,0,0,0.0,0,0.0,0,0.0,,
CAMP04364,C0880,Discount,2025-07-05,19.75,1,0,0,0,0.0,0,0.0,1,2185.8,25,1092.9
CAMP04365,C0190,Win-back,2025-02-24,27.5,0,0,0,0,0.0,0,0.0,0,0.0,,
CAMP04366,C0236,Festival,2025-11-14,25.5,1,1,0,0,0.0,1,4135.82,1,4773.61,13,2067.91
CAMP04367,C0204,New Product,2025-12-07,23.0,1,1,0,1,3455.38,1,3455.38,1,3455.38,5,1727.69
CAMP04368,C0927,New Product,2026-01-01,23.0,1,1,0,0,0.0,1,1712.3,1,2938.04,13,856.15
CAMP04369,C0623,Birthday,2025-02-19,18.5,1,0,0,1,1797.34,1,1797.34,1,3473.4999999999995,3,898.67
CAMP04370,C0059,Loyalty,2026-05-09,16.0,1,0,0,0,0.0,0,0.0,0,0.0,,
CAMP04371,C0789,Win-back,2026-08-29,31.0,1,0,0,0,0.0,0,0.0,0,0.0,,
CAMP04372,C0083,Loyalty,2025-04-28,22.0,1,1,0,1,2836.17,1,2836.17,1,7156.31,2,945.39
CAMP04373,C0100,Win-back,2024-01-22,27.5,0,0,0,0,0.0,0,0.0,0,0.0,,
CAMP04374,C0149,Birthday,2026-01-11,18.5,1,0,0,0,0.0,0,0.0,0,0.0,,
CAMP04375,C0996,Loyalty,2025-11-30,22.0,1,0,0,0,0.0,0,0.0,1,1072.18,25,1072.18
CAMP04376,C0455,New Product,2026-02-22,23.0,0,0,0,0,0.0,0,0.0,0,0.0,,
CAMP04377,C0436,Loyalty,2025-10-04,14.0,1,0,0,0,0.0,1,2358.7,1,3210.01,12,1030.76
CAMP04378,C0734,Win-back,2026-08-12,32.75,1,1,0,0,0.0,0,0.0,0,0.0,,
CAMP04379,C0546,Birthday,2026-05-20,22.0,1,0,0,0,0.0,0,0.0,0,0.0,,
CAMP04380,C0749,Discount,2026-02-04,21.5,1,0,0,0,0.0,0,0.0,0,0.0,,
CAMP04381,C0490,New Product,2026-08-04,23.0,0,0,0,0,0.0,0,0.0,0,0.0,,
CAMP04382,C0582,Festival,2025-07-12,32.5,1,0,0,0,0.0,0,0.0,1,2283.53,19,1435.63
CAMP04383,C0914,Win-back,2024-12-15,27.5,1,0,0,0,0.0,0,0.0,0,0.0,,
CAMP04384,C0852,Loyalty,2025-02-10,18.0,1,0,0,0,0.0,0,0.0,1,5622.49,19,2438.61
CAMP04385,C0377,Birthday,2025-10-19,20.25,1,1,0,0,0.0,0,0.0,0,0.0,,
CAMP04386,C0065,Birthday,2024-10-08,18.5,1,0,0,0,0.0,1,3240.28,1,7772.719999999999,10,1620.14
CAMP04387,C0012,Win-back,2026-07-09,27.5,1,0,0,0,0.0,0,0.0,0,0.0,,
CAMP04388,C0895,Festival,2025-12-15,29.0,1,0,0,0,0.0,1,11655.840000000002,1,14485.55,11,3448.15
CAMP04389,C0379,Loyalty,2024-07-02,16.0,1,0,0,0,0.0,0,0.0,0,0.0,,
CAMP04390,C0117,Discount,2026-03-10,23.25,1,0,0,0,0.0,0,0.0,1,7201.92,15,1273.26
CAMP04391,C0831,Win-back,2026-08-03,31.0,1,1,1,0,0.0,0,0.0,0,0.0,,
CAMP04392,C0807,New Product,2024-11-01,23.0,1,1,0,0,0.0,0,0.0,1,1785.06,20,595.02
CAMP04393,C0050,Discount,2026-07-10,25.0,1,1,0,0,0.0,0,0.0,0,0.0,,
CAMP04394,C0723,New Product,2024-07-30,23.0,1,0,0,0,0.0,0,0.0,0,0.0,,
CAMP04395,C0974,Birthday,2026-04-16,18.5,1,0,0,0,0.0,0,0.0,0,0.0,,
CAMP04396,C0355,Festival,2025-10-12,25.5,1,0,0,1,1183.15,1,1183.15,1,1183.15,7,1183.15
CAMP04397,C0140,Loyalty,2026-03-09,22.0,1,0,0,1,1419.23,1,1419.23,1,1419.23,2,704.48
CAMP04398,C0457,New Product,2025-02-26,23.0,1,1,0,1,576.24,1,576.24,1,1148.81,6,288.12
CAMP04399,C0491,Festival,2026-06-23,30.75,0,0,0,0,0.0,0,0.0,0,0.0,,
CAMP04400,C0119,Win-back,2025-05-14,29.25,1,1,0,0,0.0,0,0.0,0,0.0,,
CAMP04401,C0173,Festival,2026-02-13,30.75,0,0,0,0,0.0,0,0.0,0,0.0,,
CAMP04402,C0612,Festival,2026-08-18,27.25,1,0,0,0,0.0,0,0.0,0,0.0,,
CAMP04403,C0453,Festival,2025-11-08,32.5,0,0,0,1,1003.14,1,1003.14,1,11853.95,1,1003.14
CAMP04404,C0754,Discount,2025-03-26,23.25,1,0,0,0,0.0,0,0.0,0,0.0,,
CAMP04405,C0491,Festival,2026-07-30,27.25,1,0,0,1,1560.05,1,4921.63,1,7188.570000000001,5,1560.05
CAMP04406,C0188,New Product,2026-05-17,23.0,1,0,0,0,0.0,0,0.0,1,6302.27,15,1062.02
CAMP04407,C0711,Win-back,2026-08-23,29.25,1,0,0,0,0.0,0,0.0,0,0.0,,
CAMP04408,C0830,New Product,2025-10-01,23.0,1,0,0,0,0.0,0,0.0,0,0.0,,
CAMP04409,C0189,New Product,2025-07-31,23.0,1,0,0,0,0.0,0,0.0,0,0.0,,
CAMP04410,C0203,Birthday,2025-10-28,20.25,1,0,0,0,0.0,0,0.0,0,0.0,,
CAMP04411,C0163,Win-back,2026-05-08,27.5,1,0,0,0,0.0,0,0.0,1,1945.62,16,972.81
CAMP04412,C0297,Festival,2026-04-06,32.5,1,1,1,1,4686.78,1,4686.78,1,10910.78,4,1562.26
CAMP04413,C0392,Loyalty,2026-03-11,14.0,1,0,0,0,0.0,0,0.0,0,0.0,,
CAMP04414,C0902,Festival,2026-06-28,30.75,1,1,0,0,0.0,0,0.0,1,609.62,30,609.62
CAMP04415,C0339,Birthday,2026-05-04,22.0,1,0,0,0,0.0,0,0.0,0,0.0,,
CAMP04416,C0299,Festival,2025-12-04,29.0,1,0,0,0,0.0,0,0.0,1,2137.58,28,1068.79
CAMP04417,C0716,Festival,2026-06-04,29.0,1,0,0,0,0.0,0,0.0,1,1292.5500000000002,15,430.85
CAMP04418,C0088,Festival,2026-07-24,29.0,1,1,0,0,0.0,0,0.0,0,0.0,,
CAMP04419,C0577,Win-back,2025-08-04,32.75,0,0,0,1,5844.18,1,5844.18,1,5844.18,5,1948.06
CAMP04420,C0490,Discount,2024-05-19,25.0,1,0,0,0,0.0,0,0.0,0,0.0,,
CAMP04421,C0886,Festival,2026-02-02,29.0,1,0,0,0,0.0,1,1815.06,1,2862.43,12,907.53
CAMP04422,C0608,Win-back,2026-01-19,29.25,1,0,0,0,0.0,0,0.0,0,0.0,,
CAMP04423,C0876,Discount,2025-05-16,23.25,1,0,0,0,0.0,1,2851.6,1,2851.6,12,1425.8
CAMP04424,C0443,Festival,2025-11-23,25.5,1,0,0,1,5306.84,1,5306.84,1,5306.84,7,1326.71
CAMP04425,C0327,Loyalty,2025-10-12,18.0,1,0,0,0,0.0,0,0.0,0,0.0,,
CAMP04426,C0430,Festival,2024-08-27,27.25,1,0,0,0,0.0,0,0.0,0,0.0,,
CAMP04427,C0636,Discount,2023-11-21,23.25,1,0,0,0,0.0,0,0.0,0,0.0,,
CAMP04428,C0226,New Product,2025-12-28,23.0,1,0,0,0,0.0,1,614.82,1,2522.36,8,614.82
CAMP04429,C0199,Discount,2026-05-24,21.5,1,0,0,0,0.0,0,0.0,0,0.0,,
CAMP04430,C0189,Discount,2025-12-06,19.75,1,0,0,0,0.0,0,0.0,0,0.0,,
CAMP04431,C0784,Birthday,2026-06-04,18.5,1,0,0,0,0.0,0,0.0,0,0.0,,
CAMP04432,C0488,Birthday,2025-07-12,20.25,1,0,0,1,871.36,1,871.36,1,871.36,3,871.36
CAMP04433,C0515,Win-back,2025-12-03,29.25,1,0,0,1,6575.1,1,8164.820000000001,1,8164.820000000001,1,1378.36
CAMP04434,C0720,New Product,2025-08-14,23.0,0,0,0,0,0.0,0,0.0,0,0.0,,
CAMP04435,C0720,Festival,2025-08-22,30.75,1,1,0,0,0.0,0,0.0,0,0.0,,
CAMP04436,C0806,New Product,2025-09-15,23.0,1,0,0,0,0.0,1,609.5,1,1044.66,10,609.5
CAMP04437,C0677,Loyalty,2025-04-03,18.0,1,0,0,1,2481.82,1,2481.82,1,2481.82,2,1240.91
CAMP04438,C0847,Discount,2026-06-22,21.5,0,0,0,0,0.0,0,0.0,1,2422.34,21,1211.17
CAMP04439,C0151,Festival,2025-10-04,27.25,1,0,0,0,0.0,0,0.0,1,626.96,24,626.96
CAMP04440,C0123,Discount,2025-10-09,25.0,1,1,0,0,0.0,1,3304.16,1,6500.299999999999,11,1652.08
CAMP04441,C0743,Win-back,2025-03-18,29.25,1,0,0,0,0.0,0,0.0,0,0.0,,
CAMP04442,C0310,Win-back,2025-09-25,31.0,0,0,0,0,0.0,0,0.0,0,0.0,,
CAMP04443,C0717,Win-back,2026-03-05,32.75,1,0,0,0,0.0,0,0.0,0,0.0,,
CAMP04444,C0716,Loyalty,2024-09-24,16.0,1,1,0,1,834.01,1,834.01,1,834.01,4,834.01
CAMP04445,C0604,Discount,2025-10-11,25.0,1,0,0,0,0.0,0,0.0,0,0.0,,
CAMP04446,C0412,Discount,2026-08-22,25.0,1,0,0,0,0.0,0,0.0,0,0.0,,
CAMP04447,C0286,Win-back,2025-11-27,31.0,1,0,0,0,0.0,0,0.0,0,0.0,,
CAMP04448,C0372,New Product,2025-08-02,23.0,1,1,0,1,1450.22,1,8415.36,1,30383.4,1,725.11
CAMP04449,C0523,Win-back,2025-07-15,32.75,1,1,1,1,1088.16,1,1088.16,1,1088.16,3,1088.16
CAMP04450,C0910,Festival,2025-05-23,32.5,1,0,0,0,0.0,0,0.0,0,0.0,,
CAMP04451,C0679,Birthday,2026-08-03,22.0,1,0,0,0,0.0,0,0.0,0,0.0,,
CAMP04452,C0747,Birthday,2026-06-03,20.25,1,1,0,0,0.0,1,461.36,1,461.36,9,461.36
CAMP04453,C0400,Birthday,2026-06-10,18.5,1,0,0,0,0.0,0,0.0,0,0.0,,
CAMP04454,C0646,Birthday,2026-05-15,18.5,1,0,0,0,0.0,1,858.35,1,858.35,12,858.35
CAMP04455,C0462,Loyalty,2026-08-06,18.0,1,0,0,0,0.0,0,0.0,0,0.0,,
CAMP04456,C0266,Win-back,2025-05-04,31.0,0,0,0,1,2671.4,1,2671.4,1,2671.4,2,1335.7
CAMP04457,C0459,Birthday,2025-12-26,22.0,1,0,0,0,0.0,1,2570.6,1,2570.6,14,1285.3
CAMP04458,C0098,Festival,2025-05-10,25.5,1,0,0,0,0.0,0,0.0,0,0.0,,
CAMP04459,C0575,Win-back,2025-11-17,29.25,1,0,0,0,0.0,0,0.0,0,0.0,,
CAMP04460,C0553,Win-back,2026-07-11,31.0,1,0,0,0,0.0,0,0.0,0,0.0,,
CAMP04461,C0061,Festival,2026-05-04,25.5,1,0,0,1,1190.78,1,4737.42,1,11808.94,2,544.92
CAMP04462,C0090,Festival,2025-11-10,29.0,1,1,0,1,1220.26,1,2544.94,1,2544.94,6,1220.26
CAMP04463,C0263,Win-back,2026-06-30,29.25,1,0,0,1,4356.44,1,4356.44,1,6538.49,4,2178.22
CAMP04464,C0452,Birthday,2025-01-06,20.25,1,0,0,0,0.0,0,0.0,0,0.0,,
CAMP04465,C0389,Discount,2025-05-23,19.75,1,0,0,0,0.0,0,0.0,1,2930.36,27,1465.18
CAMP04466,C0371,Discount,2024-08-08,25.0,1,1,0,0,0.0,0,0.0,0,0.0,,
CAMP04467,C0955,Loyalty,2025-12-13,16.0,0,0,0,0,0.0,1,2454.54,1,4010.21,13,1227.27
CAMP04468,C0917,Win-back,2026-04-10,29.25,1,0,0,0,0.0,0,0.0,0,0.0,,
CAMP04469,C1000,New Product,2026-08-27,23.0,1,0,0,0,0.0,0,0.0,0,0.0,,
CAMP04470,C0029,New Product,2024-07-11,23.0,0,0,0,0,0.0,0,0.0,1,957.69,29,957.69
CAMP04471,C0543,Win-back,2025-05-18,32.75,0,0,0,0,0.0,0,0.0,0,0.0,,
CAMP04472,C0392,New Product,2026-02-18,23.0,1,0,0,0,0.0,0,0.0,0,0.0,,
CAMP04473,C0431,Birthday,2026-06-11,18.5,0,0,0,0,0.0,0,0.0,0,0.0,,
CAMP04474,C0525,Birthday,2025-10-15,20.25,1,0,0,0,0.0,1,1451.76,1,1451.76,12,1451.76
CAMP04475,C0418,New Product,2024-11-12,23.0,1,0,0,0,0.0,0,0.0,0,0.0,,
CAMP04476,C0427,New Product,2026-05-04,23.0,1,0,0,0,0.0,0,0.0,0,0.0,,
CAMP04477,C0356,Birthday,2025-06-16,20.25,1,0,0,0,0.0,0,0.0,1,1215.44,23,607.72
CAMP04478,C0108,Discount,2024-12-03,19.75,1,0,0,0,0.0,0,0.0,0,0.0,,
CAMP04479,C0849,New Product,2025-11-14,23.0,1,1,0,0,0.0,0,0.0,1,2716.43,25,2716.43
CAMP04480,C0191,Discount,2026-01-01,23.25,1,0,0,1,2487.34,1,2487.34,1,2487.34,5,2487.34
CAMP04481,C0058,Discount,2025-11-28,23.25,1,0,0,0,0.0,0,0.0,0,0.0,,
CAMP04482,C0068,Win-back,2025-09-18,27.5,1,1,1,1,1062.66,1,4512.4,1,4512.4,3,1062.66
CAMP04483,C0372,Discount,2025-03-01,25.0,1,1,1,1,3615.62,1,3615.62,1,3615.62,6,1807.81
CAMP04484,C0460,Birthday,2026-06-21,20.25,1,0,0,0,0.0,0,0.0,1,2225.72,21,1112.86
CAMP04485,C0767,Discount,2026-04-05,23.25,1,0,0,1,2167.66,1,7187.48,1,7187.48,4,2167.66
CAMP04486,C0300,New Product,2026-04-21,23.0,1,0,0,0,0.0,0,0.0,0,0.0,,
CAMP04487,C0670,Discount,2025-08-21,19.75,1,0,0,1,4645.32,1,4645.32,1,4645.32,5,2322.66
CAMP04488,C0280,Win-back,2026-08-10,32.75,1,1,0,0,0.0,0,0.0,0,0.0,,
CAMP04489,C0182,Birthday,2026-08-25,22.0,1,0,0,0,0.0,0,0.0,0,0.0,,
CAMP04490,C0213,Festival,2026-02-16,32.5,0,0,0,0,0.0,0,0.0,0,0.0,,
CAMP04491,C0186,Festival,2026-03-30,29.0,1,0,0,0,0.0,0,0.0,0,0.0,,
CAMP04492,C0510,Loyalty,2024-08-23,18.0,1,0,0,0,0.0,0,0.0,1,5494.280000000001,17,938.91
CAMP04493,C0785,Festival,2026-01-25,27.25,1,1,1,1,764.31,1,764.31,1,6703.380000000001,3,764.31
CAMP04494,C0930,New Product,2026-06-13,23.0,1,0,0,0,0.0,1,1776.02,1,2842.92,9,888.01
CAMP04495,C0162,Win-back,2025-08-18,29.25,1,0,0,0,0.0,0,0.0,0,0.0,,
CAMP04496,C0626,Discount,2026-02-12,25.0,1,0,0,1,1026.7,1,1026.7,1,2900.36,1,513.35
CAMP04497,C0866,Win-back,2025-06-29,31.0,1,1,0,0,0.0,0,0.0,1,1277.2,16,1277.2
CAMP04498,C0745,Loyalty,2026-05-21,18.0,0,0,0,0,0.0,0,0.0,0,0.0,,
CAMP04499,C0860,Win-back,2026-04-19,27.5,1,0,0,0,0.0,1,6184.390000000001,1,6184.390000000001,9,1136.14
CAMP04500,C0284,New Product,2026-08-10,23.0,0,0,0,0,0.0,0,0.0,0,0.0,,
CAMP04501,C0789,Loyalty,2026-07-12,22.0,1,0,0,0,0.0,0,0.0,0,0.0,,
CAMP04502,C0867,New Product,2025-06-17,23.0,1,0,0,0,0.0,0,0.0,0,0.0,,
CAMP04503,C0007,Discount,2026-07-14,21.5,1,1,1,1,4037.34,1,7460.54,1,8753.08,4,2729.44
CAMP04504,C0413,Loyalty,2026-06-14,16.0,1,0,0,0,0.0,0,0.0,0,0.0,,
CAMP04505,C0742,Loyalty,2026-07-11,22.0,1,0,0,0,0.0,0,0.0,0,0.0,,
CAMP04506,C0614,Discount,2026-03-19,21.5,1,0,0,0,0.0,1,954.64,1,954.64,8,954.64
CAMP04507,C0283,New Product,2025-04-13,23.0,1,0,0,0,0.0,0,0.0,0,0.0,,
CAMP04508,C0606,Win-back,2025-12-21,27.5,0,0,0,0,0.0,1,2565.07,1,2565.07,12,697.43
CAMP04509,C0102,Win-back,2025-12-15,29.25,0,0,0,1,876.42,1,876.42,1,876.42,5,876.42
CAMP04510,C0275,Win-back,2024-11-29,29.25,1,0,0,0,0.0,0,0.0,0,0.0,,
CAMP04511,C0621,Loyalty,2026-03-17,22.0,0,0,0,1,2717.92,1,3620.89,1,3620.89,3,1358.96
CAMP04512,C0552,New Product,2026-03-31,23.0,1,0,0,0,0.0,1,3527.15,1,5097.2300000000005,10,1255.81
CAMP04513,C0767,Win-back,2026-01-10,31.0,1,0,0,1,1193.26,1,4948.33,1,4948.33,2,1193.26
CAMP04514,C0524,Birthday,2025-02-14,20.25,1,1,0,0,0.0,1,3444.66,1,6292.4,9,1938.3
CAMP04515,C0452,Win-back,2026-06-05,27.5,1,0,0,0,0.0,0,0.0,0,0.0,,
CAMP04516,C0789,Birthday,2026-05-15,20.25,1,0,0,0,0.0,0,0.0,0,0.0,,
CAMP04517,C0488,Win-back,2026-01-19,29.25,1,0,0,0,0.0,1,829.24,1,7231.66,9,829.24
CAMP04518,C0371,Festival,2025-01-24,32.5,1,0,0,0,0.0,0,0.0,0,0.0,,
CAMP04519,C0686,Win-back,2026-04-18,27.5,1,1,0,0,0.0,0,0.0,1,1689.9,21,844.95
CAMP04520,C0344,Win-back,2026-05-19,27.5,1,1,0,0,0.0,0,0.0,0,0.0,,
CAMP04521,C0327,Win-back,2026-02-25,29.25,1,0,0,0,0.0,1,1882.08,1,3405.71,12,941.04
CAMP04522,C0037,Festival,2026-04-05,27.25,1,0,0,0,0.0,0,0.0,0,0.0,,
CAMP04523,C0542,Birthday,2026-08-23,20.25,0,0,0,0,0.0,0,0.0,0,0.0,,
CAMP04524,C0824,Discount,2026-07-15,25.0,1,1,1,0,0.0,0,0.0,0,0.0,,
CAMP04525,C0334,Festival,2025-11-27,29.0,1,0,0,0,0.0,1,5994.7,1,9152.44,9,1972.81
CAMP04526,C0693,Festival,2026-08-18,30.75,1,1,1,0,0.0,0,0.0,0,0.0,,
CAMP04527,C0428,Loyalty,2025-06-25,22.0,1,1,0,0,0.0,0,0.0,0,0.0,,
CAMP04528,C0170,Discount,2026-05-11,25.0,1,1,0,0,0.0,1,464.41,1,464.41,8,464.41
CAMP04529,C0774,New Product,2024-08-21,23.0,1,0,0,0,0.0,1,1246.61,1,1246.61,12,1246.61
CAMP04530,C0032,Discount,2025-01-03,25.0,1,1,0,0,0.0,0,0.0,0,0.0,,
CAMP04531,C0358,Win-back,2024-09-11,29.25,1,1,0,0,0.0,0,0.0,1,792.25,24,792.25
CAMP04532,C0820,Win-back,2026-01-24,27.5,1,0,0,0,0.0,0,0.0,0,0.0,,
CAMP04533,C0414,Win-back,2025-11-26,27.5,1,1,0,0,0.0,0,0.0,0,0.0,,
CAMP04534,C0097,Win-back,2026-04-07,29.25,1,1,0,0,0.0,0,0.0,1,4119.0,17,2059.5
CAMP04535,C0624,Loyalty,2026-08-28,16.0,1,0,0,0,0.0,0,0.0,0,0.0,,
CAMP04536,C0379,New Product,2025-04-20,23.0,1,0,0,0,0.0,0,0.0,0,0.0,,
CAMP04537,C0201,Win-back,2026-08-19,31.0,1,0,0,0,0.0,0,0.0,0,0.0,,
CAMP04538,C0570,Win-back,2025-09-21,31.0,1,1,0,0,0.0,0,0.0,1,1534.98,22,767.49
CAMP04539,C0176,Festival,2026-04-18,25.5,0,0,0,0,0.0,0,0.0,0,0.0,,
CAMP04540,C0148,Festival,2026-06-12,30.75,1,0,0,1,2356.52,1,5611.84,1,5611.84,7,1178.26
CAMP04541,C0943,New Product,2026-08-03,23.0,1,0,0,0,0.0,0,0.0,0,0.0,,
CAMP04542,C0997,Festival,2026-08-17,25.5,1,0,0,0,0.0,0,0.0,0,0.0,,
CAMP04543,C0833,Loyalty,2025-08-27,22.0,1,0,0,0,0.0,0,0.0,0,0.0,,
CAMP04544,C0593,Loyalty,2026-07-23,16.0,1,1,0,1,2924.8,1,2924.8,1,4848.55,3,2924.8
CAMP04545,C0563,Loyalty,2026-07-23,14.0,1,1,0,0,0.0,0,0.0,1,7250.889999999999,19,2794.04
CAMP04546,C0347,Birthday,2026-04-15,18.5,1,0,0,0,0.0,0,0.0,0,0.0,,
CAMP04547,C0476,Discount,2025-05-26,23.25,1,1,1,0,0.0,0,0.0,0,0.0,,
CAMP04548,C0613,Discount,2026-06-03,21.5,1,1,0,1,1060.5,1,1060.5,1,1844.14,2,1060.5
CAMP04549,C0968,Birthday,2026-03-07,18.5,1,0,0,0,0.0,1,5788.88,1,5788.88,11,1447.22
CAMP04550,C0125,Discount,2026-07-24,21.5,0,0,0,0,0.0,0,0.0,0,0.0,,
CAMP04551,C0276,Festival,2024-11-15,27.25,1,0,0,0,0.0,0,0.0,0,0.0,,
CAMP04552,C0831,Discount,2026-08-10,19.75,1,1,0,0,0.0,0,0.0,0,0.0,,
CAMP04553,C0970,Festival,2025-12-03,29.0,1,0,0,0,0.0,0,0.0,0,0.0,,
CAMP04554,C0962,Win-back,2024-06-22,27.5,1,0,0,0,0.0,0,0.0,0,0.0,,
CAMP04555,C0076,Discount,2026-01-08,23.25,0,0,0,0,0.0,0,0.0,0,0.0,,
CAMP04556,C0493,New Product,2025-11-13,23.0,1,1,1,0,0.0,1,7115.1500000000015,1,14750.02,9,2487.79
CAMP04557,C0016,Win-back,2024-03-04,31.0,1,0,0,0,0.0,0,0.0,1,2546.07,28,848.69
CAMP04558,C0707,Loyalty,2026-04-28,22.0,1,0,0,0,0.0,0,0.0,0,0.0,,
CAMP04559,C0841,Win-back,2025-05-30,29.25,1,0,0,1,3526.59,1,3526.59,1,3526.59,6,1175.53
CAMP04560,C0588,Loyalty,2024-01-11,22.0,1,1,0,1,3570.17,1,3570.17,1,3570.17,5,781.15
CAMP04561,C0188,Loyalty,2026-06-05,22.0,1,0,0,0,0.0,1,9622.04,1,15174.09,8,1310.17
CAMP04562,C0013,Festival,2025-05-25,25.5,1,1,1,1,2360.92,1,6272.360000000001,1,9240.27,6,2360.92
CAMP04563,C0060,New Product,2026-03-25,23.0,1,0,0,0,0.0,0,0.0,0,0.0,,
CAMP04564,C0142,Discount,2026-06-30,23.25,1,1,0,0,0.0,0,0.0,0,0.0,,
CAMP04565,C0111,Festival,2025-02-27,27.25,1,0,0,0,0.0,0,0.0,0,0.0,,
CAMP04566,C0623,New Product,2025-08-27,23.0,1,0,0,0,0.0,0,0.0,0,0.0,,
CAMP04567,C0163,New Product,2026-06-17,23.0,1,0,0,1,1312.44,1,1312.44,1,1312.44,5,1312.44
CAMP04568,C0839,Discount,2024-09-17,19.75,1,0,0,0,0.0,0,0.0,1,1140.01,18,1140.01
CAMP04569,C0892,Festival,2026-07-13,29.0,1,0,0,0,0.0,0,0.0,0,0.0,,
CAMP04570,C0121,Festival,2026-08-13,25.5,1,0,0,0,0.0,0,0.0,0,0.0,,
CAMP04571,C0378,Birthday,2026-07-15,20.25,1,1,0,0,0.0,1,1077.03,1,1077.03,9,563.88
CAMP04572,C0167,New Product,2026-02-14,23.0,1,1,0,0,0.0,0,0.0,1,2399.48,19,1199.74
CAMP04573,C0983,Birthday,2026-08-14,20.25,1,1,1,0,0.0,0,0.0,0,0.0,,
CAMP04574,C0151,Birthday,2025-12-09,18.5,1,0,0,1,675.65,1,675.65,1,675.65,6,675.65
CAMP04575,C0258,Festival,2026-08-16,32.5,1,1,0,0,0.0,0,0.0,0,0.0,,
CAMP04576,C0330,Birthday,2025-08-03,18.5,1,0,0,0,0.0,0,0.0,1,15644.239999999998,15,1990.99
CAMP04577,C0707,Win-back,2026-02-26,32.75,1,0,0,0,0.0,0,0.0,0,0.0,,
CAMP04578,C0274,Loyalty,2024-09-15,14.0,1,0,0,0,0.0,0,0.0,1,293.95,22,293.95
CAMP04579,C0658,New Product,2026-05-02,23.0,1,0,0,1,586.85,1,586.85,1,4273.79,4,586.85
CAMP04580,C0015,Win-back,2026-05-12,29.25,1,1,1,1,1069.06,1,6386.13,1,8661.33,7,534.53
CAMP04581,C0987,Birthday,2026-08-22,22.0,1,0,0,0,0.0,0,0.0,0,0.0,,
CAMP04582,C0697,Loyalty,2024-06-01,14.0,1,1,0,0,0.0,1,419.53,1,419.53,12,419.53
CAMP04583,C0904,Loyalty,2024-03-31,14.0,1,0,0,0,0.0,0,0.0,0,0.0,,
CAMP04584,C0101,Discount,2026-07-14,23.25,1,0,0,0,0.0,1,2415.36,1,3693.95,9,1207.68
CAMP04585,C0289,Festival,2025-12-25,30.75,1,0,0,0,0.0,0,0.0,1,559.62,26,559.62
CAMP04586,C0924,Loyalty,2026-08-21,18.0,1,1,0,0,0.0,0,0.0,0,0.0,,
CAMP04587,C0836,Win-back,2026-01-06,29.25,1,0,0,0,0.0,0,0.0,0,0.0,,
CAMP04588,C0028,Festival,2025-10-15,25.5,1,1,0,0,0.0,0,0.0,0,0.0,,
CAMP04589,C0438,Discount,2026-08-14,25.0,1,0,0,0,0.0,0,0.0,0,0.0,,
CAMP04590,C0725,Loyalty,2026-08-29,18.0,1,0,0,0,0.0,0,0.0,0,0.0,,
CAMP04591,C0593,Birthday,2026-07-28,20.25,1,0,0,0,0.0,0,0.0,1,1923.75,19,1923.75
CAMP04592,C0037,Loyalty,2025-08-12,22.0,1,0,0,0,0.0,1,1679.67,1,3320.92,9,1679.67
CAMP04593,C0782,New Product,2025-05-19,23.0,1,0,0,0,0.0,1,1355.52,1,2011.42,12,677.76
CAMP04594,C0247,Discount,2025-07-23,25.0,0,0,0,0,0.0,1,1604.2,1,4283.52,10,802.1
CAMP04595,C0757,Loyalty,2025-12-16,22.0,1,1,0,0,0.0,0,0.0,0,0.0,,
CAMP04596,C0400,Festival,2026-08-04,29.0,1,0,0,0,0.0,0,0.0,0,0.0,,
CAMP04597,C0409,New Product,2026-08-11,23.0,1,0,0,0,0.0,0,0.0,0,0.0,,
CAMP04598,C0425,Win-back,2024-09-22,31.0,1,0,0,0,0.0,0,0.0,0,0.0,,
CAMP04599,C0117,Discount,2026-08-13,19.75,1,0,0,0,0.0,0,0.0,0,0.0,,
CAMP04600,C0549,Win-back,2026-03-21,29.25,1,1,0,0,0.0,0,0.0,0,0.0,,
CAMP04601,C0716,Win-back,2026-02-23,31.0,1,0,0,0,0.0,0,0.0,0,0.0,,
CAMP04602,C0304,Discount,2025-07-08,19.75,1,0,0,0,0.0,0,0.0,0,0.0,,
CAMP04603,C0716,Loyalty,2025-04-10,16.0,1,0,0,1,553.15,1,553.15,1,1218.89,2,553.15
CAMP04604,C0750,Discount,2026-08-01,25.0,1,1,0,0,0.0,0,0.0,0,0.0,,
CAMP04605,C0689,New Product,2026-04-07,23.0,1,1,1,1,1173.15,1,2711.21,1,9758.44,6,1173.15
CAMP04606,C0489,Loyalty,2025-02-14,22.0,1,0,0,0,0.0,0,0.0,0,0.0,,
CAMP04607,C0601,Birthday,2025-11-11,22.0,1,0,0,0,0.0,0,0.0,0,0.0,,
CAMP04608,C0467,Loyalty,2025-07-01,16.0,1,0,0,0,0.0,0,0.0,0,0.0,,
CAMP04609,C0830,Win-back,2026-04-06,27.5,1,0,0,0,0.0,1,2901.9,1,2901.9,11,1450.95
CAMP04610,C0717,New Product,2025-07-09,23.0,1,1,0,1,1886.88,1,1886.88,1,2637.49,3,943.44
CAMP04611,C0736,Loyalty,2025-08-03,16.0,1,0,0,0,0.0,0,0.0,0,0.0,,
CAMP04612,C0244,Birthday,2026-05-30,22.0,1,0,0,0,0.0,0,0.0,1,899.52,18,899.52
CAMP04613,C0730,Discount,2026-08-01,25.0,1,0,0,1,4044.44,1,5314.29,1,5314.29,1,2022.22
CAMP04614,C0662,Win-back,2026-06-07,27.5,1,0,0,0,0.0,0,0.0,0,0.0,,
CAMP04615,C0898,Loyalty,2024-07-23,18.0,1,0,0,0,0.0,0,0.0,0,0.0,,
CAMP04616,C0241,Festival,2026-08-13,30.75,1,1,0,0,0.0,0,0.0,0,0.0,,
CAMP04617,C0962,Discount,2025-11-03,19.75,1,0,0,0,0.0,0,0.0,0,0.0,,
CAMP04618,C0998,Discount,2024-09-08,21.5,1,1,1,0,0.0,0,0.0,0,0.0,,
CAMP04619,C0406,Loyalty,2026-02-21,18.0,1,0,0,0,0.0,1,2132.54,1,7181.09,11,1066.27
CAMP04620,C0015,Discount,2026-04-13,25.0,1,1,0,1,2400.7,1,2400.7,1,6707.69,3,1200.35
CAMP04621,C0362,Loyalty,2026-08-26,18.0,1,0,0,0,0.0,0,0.0,0,0.0,,
CAMP04622,C0998,Festival,2025-11-19,25.5,1,1,0,1,3498.57,1,6432.19,1,10149.25,2,2281.77
CAMP04623,C0034,Festival,2026-08-18,29.0,1,0,0,0,0.0,0,0.0,0,0.0,,
CAMP04624,C0640,Win-back,2026-07-31,27.5,1,1,0,0,0.0,0,0.0,0,0.0,,
CAMP04625,C0201,Festival,2026-07-26,32.5,1,1,0,0,0.0,1,3669.480000000001,1,3669.480000000001,9,1223.16
CAMP04626,C0672,Discount,2025-07-05,23.25,1,1,0,0,0.0,0,0.0,1,2449.32,21,1224.66
CAMP04627,C0360,Win-back,2024-08-15,31.0,1,1,0,1,3005.35,1,3953.73,1,8931.119999999999,2,3005.35
CAMP04628,C0975,Festival,2025-11-19,27.25,1,0,0,0,0.0,0,0.0,1,2811.78,30,937.26
CAMP04629,C0540,Win-back,2026-06-03,31.0,1,0,0,0,0.0,0,0.0,0,0.0,,
CAMP04630,C0955,Win-back,2025-02-19,27.5,0,0,0,0,0.0,0,0.0,0,0.0,,
CAMP04631,C0886,Loyalty,2026-03-29,14.0,1,0,0,0,0.0,0,0.0,0,0.0,,
CAMP04632,C0702,Win-back,2026-05-01,27.5,1,0,0,0,0.0,0,0.0,0,0.0,,
CAMP04633,C0650,Win-back,2026-02-24,29.25,1,1,0,1,1017.94,1,1017.94,1,4276.02,6,1017.94
CAMP04634,C0887,Win-back,2024-10-02,29.25,1,0,0,0,0.0,0,0.0,0,0.0,,
CAMP04635,C0087,Loyalty,2025-05-12,22.0,1,1,0,0,0.0,0,0.0,0,0.0,,
CAMP04636,C0831,New Product,2026-08-12,23.0,1,0,0,0,0.0,0,0.0,0,0.0,,
CAMP04637,C0096,Festival,2026-08-24,25.5,1,0,0,0,0.0,0,0.0,0,0.0,,
CAMP04638,C0734,Festival,2026-07-21,30.75,1,0,0,0,0.0,0,0.0,0,0.0,,
CAMP04639,C0821,Discount,2023-09-17,23.25,1,0,0,0,0.0,0,0.0,0,0.0,,
CAMP04640,C0173,Loyalty,2025-08-27,18.0,1,0,0,0,0.0,0,0.0,0,0.0,,
CAMP04641,C0802,New Product,2025-11-30,23.0,0,0,0,0,0.0,0,0.0,1,543.41,23,543.41
CAMP04642,C0766,Festival,2024-06-16,32.5,1,1,0,0,0.0,0,0.0,1,3016.4,22,1508.2
CAMP04643,C0497,Discount,2025-07-01,19.75,1,0,0,0,0.0,0,0.0,0,0.0,,
CAMP04644,C0561,Loyalty,2025-04-25,14.0,1,0,0,1,3016.42,1,3016.42,1,3016.42,3,1508.21
CAMP04645,C0058,Festival,2024-06-17,32.5,1,0,0,0,0.0,0,0.0,0,0.0,,
CAMP04646,C0137,Birthday,2026-05-03,22.0,1,1,1,0,0.0,0,0.0,0,0.0,,
CAMP04647,C0789,Win-back,2025-10-29,32.75,1,0,0,0,0.0,1,2256.18,1,2256.18,13,752.06
CAMP04648,C0702,New Product,2024-05-07,23.0,1,0,0,0,0.0,0,0.0,0,0.0,,
CAMP04649,C0015,New Product,2026-03-13,23.0,1,1,0,0,0.0,0,0.0,0,0.0,,
CAMP04650,C0556,Loyalty,2025-06-11,22.0,0,0,0,0,0.0,0,0.0,1,3989.52,21,997.38
CAMP04651,C0871,Discount,2025-02-12,25.0,1,0,0,0,0.0,0,0.0,0,0.0,,
CAMP04652,C0362,Win-back,2025-08-24,32.75,1,0,0,1,3583.48,1,3583.48,1,6336.16,5,911.31
CAMP04653,C0475,Loyalty,2026-06-21,18.0,0,0,0,1,501.35,1,501.35,1,1088.04,3,501.35
CAMP04654,C0018,Birthday,2025-11-22,18.5,1,0,0,0,0.0,0,0.0,1,2261.32,23,1130.66
CAMP04655,C0545,Birthday,2025-06-20,22.0,1,0,0,0,0.0,0,0.0,0,0.0,,
CAMP04656,C0402,New Product,2025-12-10,23.0,1,0,0,1,490.95,1,1369.58,1,2127.71,5,490.95
CAMP04657,C0029,Festival,2026-08-24,30.75,1,0,0,0,0.0,0,0.0,0,0.0,,
CAMP04658,C0177,New Product,2026-05-13,23.0,1,0,0,0,0.0,0,0.0,1,4622.16,30,1540.72
CAMP04659,C0478,New Product,2026-06-14,23.0,1,0,0,1,2792.1,1,2792.1,1,3649.52,1,1396.05
CAMP04660,C0623,Discount,2025-03-06,25.0,0,0,0,1,649.06,1,1676.16,1,1676.16,4,649.06
CAMP04661,C0734,Festival,2026-08-22,32.5,1,1,0,0,0.0,0,0.0,0,0.0,,
CAMP04662,C0136,Festival,2026-05-17,29.0,1,0,0,1,862.68,1,2403.79,1,10370.21,6,862.68
CAMP04663,C0665,Birthday,2025-01-14,22.0,1,0,0,0,0.0,0,0.0,0,0.0,,
CAMP04664,C0819,Win-back,2025-07-22,29.25,1,1,0,0,0.0,0,0.0,0,0.0,,
CAMP04665,C0965,Win-back,2025-11-14,27.5,1,0,0,0,0.0,1,974.54,1,974.54,11,974.54
CAMP04666,C0152,Birthday,2025-03-08,22.0,1,0,0,0,0.0,0,0.0,0,0.0,,
CAMP04667,C0888,New Product,2026-07-26,23.0,1,0,0,1,560.09,1,560.09,1,560.09,7,560.09
CAMP04668,C0897,Festival,2025-07-16,27.25,1,1,0,0,0.0,0,0.0,1,5949.799999999999,15,1546.66
CAMP04669,C0742,New Product,2026-08-29,23.0,1,1,0,0,0.0,0,0.0,0,0.0,,
CAMP04670,C0584,Birthday,2026-07-04,20.25,1,0,0,0,0.0,0,0.0,0,0.0,,
CAMP04671,C0981,Loyalty,2026-06-01,16.0,1,0,0,0,0.0,0,0.0,0,0.0,,
CAMP04672,C0497,Loyalty,2026-01-06,22.0,1,1,0,0,0.0,1,5644.78,1,8274.97,8,1503.85
CAMP04673,C0214,Discount,2026-02-05,21.5,1,0,0,0,0.0,0,0.0,0,0.0,,
CAMP04674,C0417,Birthday,2026-01-26,20.25,1,0,0,0,0.0,0,0.0,0,0.0,,
CAMP04675,C0814,Festival,2025-10-31,29.0,1,0,0,1,418.55,1,418.55,1,1934.34,2,418.55
CAMP04676,C0198,Birthday,2025-07-07,22.0,1,0,0,0,0.0,0,0.0,0,0.0,,
CAMP04677,C0436,Discount,2025-04-25,25.0,1,0,0,0,0.0,0,0.0,0,0.0,,
CAMP04678,C0704,Loyalty,2024-11-02,18.0,1,0,0,0,0.0,0,0.0,0,0.0,,
CAMP04679,C0227,New Product,2025-04-10,23.0,1,0,0,0,0.0,0,0.0,0,0.0,,
CAMP04680,C0953,Festival,2026-05-31,25.5,1,0,0,0,0.0,0,0.0,0,0.0,,
CAMP04681,C0685,Birthday,2026-08-23,18.5,1,0,0,0,0.0,0,0.0,0,0.0,,
CAMP04682,C0791,Loyalty,2026-06-11,22.0,1,0,0,0,0.0,0,0.0,1,656.75,28,656.75
CAMP04683,C0385,Birthday,2026-08-07,20.25,1,1,0,0,0.0,0,0.0,0,0.0,,
CAMP04684,C0754,Loyalty,2026-07-24,18.0,1,0,0,0,0.0,0,0.0,0,0.0,,
CAMP04685,C0054,Festival,2024-04-06,27.25,1,0,0,0,0.0,0,0.0,0,0.0,,
CAMP04686,C0124,Loyalty,2026-08-27,14.0,1,0,0,0,0.0,0,0.0,0,0.0,,
CAMP04687,C0517,Festival,2025-12-31,29.0,1,1,0,0,0.0,1,1081.54,1,4354.28,9,1081.54
CAMP04688,C0684,Discount,2024-09-26,21.5,1,1,0,0,0.0,0,0.0,1,1716.3,25,1716.3
CAMP04689,C0850,Discount,2026-07-16,23.25,1,1,1,1,1367.15,1,1367.15,1,1367.15,1,1367.15
CAMP04690,C0021,Birthday,2025-02-27,18.5,0,0,0,0,0.0,0,0.0,1,1408.51,26,1408.51
CAMP04691,C0706,New Product,2024-07-29,23.0,1,1,0,0,0.0,0,0.0,0,0.0,,
CAMP04692,C0106,Win-back,2023-12-31,27.5,1,0,0,0,0.0,0,0.0,0,0.0,,
CAMP04693,C0585,Loyalty,2026-08-22,18.0,1,0,0,0,0.0,0,0.0,0,0.0,,
CAMP04694,C0209,Birthday,2024-02-27,22.0,1,0,0,0,0.0,0,0.0,0,0.0,,
CAMP04695,C0305,Discount,2026-04-27,25.0,1,1,0,0,0.0,0,0.0,1,1535.5700000000002,17,643.19
CAMP04696,C0232,Festival,2025-12-24,32.5,1,1,0,0,0.0,0,0.0,0,0.0,,
CAMP04697,C0414,Festival,2026-06-23,29.0,1,0,0,0,0.0,0,0.0,0,0.0,,
CAMP04698,C0831,New Product,2026-08-10,23.0,1,0,0,0,0.0,0,0.0,0,0.0,,
CAMP04699,C0234,Birthday,2026-02-25,20.25,1,1,0,0,0.0,0,0.0,0,0.0,,
CAMP04700,C0169,Loyalty,2025-01-26,14.0,1,0,0,0,0.0,1,1084.98,1,1084.98,12,542.49
CAMP04701,C0743,Festival,2026-06-25,25.5,1,0,0,0,0.0,0,0.0,0,0.0,,
CAMP04702,C0100,Loyalty,2026-08-07,14.0,1,0,0,0,0.0,0,0.0,0,0.0,,
CAMP04703,C0796,New Product,2026-07-02,23.0,1,0,0,0,0.0,0,0.0,1,756.88,16,378.44
CAMP04704,C0077,Win-back,2026-03-22,27.5,1,0,0,0,0.0,0,0.0,0,0.0,,
CAMP04705,C0825,Discount,2026-06-12,19.75,1,0,0,0,0.0,0,0.0,0,0.0,,
CAMP04706,C0100,Discount,2025-12-21,25.0,1,0,0,0,0.0,0,0.0,0,0.0,,
CAMP04707,C0201,Win-back,2026-08-08,27.5,1,0,0,0,0.0,0,0.0,0,0.0,,
CAMP04708,C0685,Discount,2026-03-22,19.75,1,0,0,0,0.0,0,0.0,0,0.0,,
CAMP04709,C0727,Win-back,2026-07-08,31.0,1,0,0,0,0.0,0,0.0,0,0.0,,
CAMP04710,C0515,Discount,2026-04-03,21.5,1,1,0,0,0.0,0,0.0,1,2026.56,16,675.52
CAMP04711,C0976,Discount,2026-08-24,21.5,1,0,0,0,0.0,0,0.0,0,0.0,,
CAMP04712,C0291,Birthday,2025-12-03,18.5,1,0,0,1,2317.2,1,2317.2,1,3455.2699999999995,5,1158.6
CAMP04713,C0530,New Product,2025-11-03,23.0,1,1,0,0,0.0,0,0.0,1,2770.44,26,1385.22
CAMP04714,C0005,Loyalty,2025-11-21,16.0,1,0,0,0,0.0,0,0.0,1,1355.9,22,1355.9
CAMP04715,C0581,Win-back,2024-10-14,32.75,1,0,0,1,1635.1,1,1635.1,1,3208.5,7,817.55
CAMP04716,C0789,Festival,2025-11-26,27.25,1,1,0,0,0.0,0,0.0,1,756.41,16,756.41
CAMP04717,C0441,New Product,2026-06-21,23.0,1,1,0,0,0.0,0,0.0,0,0.0,,
CAMP04718,C0300,Win-back,2026-05-24,32.75,1,1,0,0,0.0,0,0.0,0,0.0,,
CAMP04719,C0844,Festival,2025-12-18,27.25,1,0,0,1,4369.45,1,5289.79,1,8573.53,3,1361.32
CAMP04720,C0296,Festival,2025-02-12,25.5,1,0,0,0,0.0,0,0.0,0,0.0,,
CAMP04721,C0539,New Product,2026-04-10,23.0,1,0,0,0,0.0,0,0.0,0,0.0,,
CAMP04722,C0697,Loyalty,2024-05-22,22.0,1,0,0,0,0.0,0,0.0,1,419.53,22,419.53
CAMP04723,C0430,Discount,2026-04-06,23.25,1,1,0,0,0.0,0,0.0,0,0.0,,
CAMP04724,C0931,Festival,2026-02-23,30.75,1,1,1,1,2081.88,1,5639.660000000001,1,11182.16,2,1040.94
CAMP04725,C0583,Win-back,2025-02-15,29.25,1,0,0,0,0.0,1,3595.83,1,3595.83,11,3595.83
CAMP04726,C0248,New Product,2026-02-05,23.0,1,1,0,0,0.0,0,0.0,0,0.0,,
CAMP04727,C0169,Festival,2024-10-29,29.0,1,0,0,0,0.0,0,0.0,0,0.0,,
CAMP04728,C0223,Win-back,2024-07-16,31.0,1,1,0,0,0.0,0,0.0,0,0.0,,
CAMP04729,C0039,New Product,2024-07-19,23.0,1,0,0,0,0.0,0,0.0,1,2810.22,21,1405.11
CAMP04730,C0764,Discount,2025-06-11,25.0,1,1,1,1,3883.12,1,3883.12,1,13530.22,2,1941.56
CAMP04731,C0940,New Product,2025-05-13,23.0,1,0,0,0,0.0,0,0.0,1,2894.0,28,1447.0
CAMP04732,C0295,Win-back,2026-01-27,31.0,1,0,0,0,0.0,0,0.0,1,1202.35,22,1202.35
CAMP04733,C0294,Birthday,2026-04-14,22.0,1,1,0,0,0.0,0,0.0,0,0.0,,
CAMP04734,C0639,Win-back,2026-06-12,31.0,1,0,0,0,0.0,1,443.4,1,788.98,14,443.4
CAMP04735,C0326,Birthday,2026-05-06,18.5,1,1,0,0,0.0,1,4961.22,1,16764.34,12,2480.61
CAMP04736,C0744,Birthday,2026-06-26,20.25,1,1,1,1,1440.16,1,1440.16,1,2183.21,5,720.08
CAMP04737,C0038,Win-back,2026-05-30,29.25,0,0,0,0,0.0,0,0.0,0,0.0,,
CAMP04738,C0434,Win-back,2026-04-13,29.25,1,0,0,0,0.0,0,0.0,0,0.0,,
CAMP04739,C0946,Festival,2026-06-11,29.0,0,0,0,0,0.0,0,0.0,1,4640.48,22,1160.12
CAMP04740,C0523,Festival,2025-04-08,32.5,1,1,0,0,0.0,1,810.61,1,810.61,14,810.61
CAMP04741,C0182,Discount,2026-04-06,25.0,1,0,0,1,3667.22,1,3667.22,1,3667.22,3,1833.61
CAMP04742,C0379,Discount,2026-07-09,23.25,1,0,0,0,0.0,0,0.0,0,0.0,,
CAMP04743,C0101,Birthday,2025-12-24,18.5,0,0,0,0,0.0,1,6174.22,1,6174.22,10,3087.11
CAMP04744,C0968,Win-back,2024-06-19,27.5,1,0,0,0,0.0,0,0.0,1,1348.34,19,674.17
CAMP04745,C0448,Win-back,2025-11-07,27.5,0,0,0,0,0.0,0,0.0,1,5668.56,18,2834.28
CAMP04746,C0753,Festival,2025-08-22,29.0,1,0,0,0,0.0,0,0.0,0,0.0,,
CAMP04747,C0205,Birthday,2026-06-26,22.0,1,1,0,1,1496.68,1,1496.68,1,3747.94,7,748.34
CAMP04748,C0173,Discount,2026-08-17,25.0,1,1,0,0,0.0,0,0.0,0,0.0,,
CAMP04749,C0570,Win-back,2026-04-17,31.0,1,1,0,0,0.0,1,2631.72,1,2631.72,8,1315.86
CAMP04750,C0674,New Product,2025-11-08,23.0,1,1,0,0,0.0,1,12095.04,1,16939.32,13,3820.54
CAMP04751,C0002,Birthday,2025-10-01,22.0,1,0,0,0,0.0,0,0.0,0,0.0,,
CAMP04752,C0517,Birthday,2026-07-10,18.5,1,0,0,0,0.0,0,0.0,0,0.0,,
CAMP04753,C0270,Discount,2026-05-17,19.75,1,0,0,0,0.0,0,0.0,0,0.0,,
CAMP04754,C0767,Festival,2025-11-07,30.75,1,1,0,0,0.0,0,0.0,0,0.0,,
CAMP04755,C0330,Birthday,2025-10-09,20.25,0,0,0,0,0.0,0,0.0,1,10436.48,26,1624.02
CAMP04756,C0822,Discount,2026-07-04,21.5,1,0,0,1,4142.22,1,4142.22,1,8858.740000000002,7,2071.11
CAMP04757,C0258,New Product,2026-04-29,23.0,1,0,0,1,2593.6,1,2593.6,1,3609.22,2,1296.8
CAMP04758,C0465,Birthday,2026-08-11,20.25,1,1,1,0,0.0,0,0.0,0,0.0,,
CAMP04759,C0017,Discount,2026-07-11,19.75,1,1,1,0,0.0,1,1720.08,1,1720.08,11,860.04
CAMP04760,C0568,Discount,2026-01-25,25.0,1,0,0,1,1175.74,1,1175.74,1,3934.45,4,1175.74
CAMP04761,C0713,Loyalty,2025-06-28,22.0,1,0,0,1,1646.65,1,2364.7200000000003,1,4109.4400000000005,1,722.17
CAMP04762,C0093,Festival,2026-06-10,29.0,1,1,1,1,3145.08,1,3145.08,1,6599.99,5,1572.54
CAMP04763,C0373,Discount,2025-07-12,25.0,1,1,1,0,0.0,0,0.0,0,0.0,,
CAMP04764,C0129,Win-back,2026-08-10,32.75,1,0,0,0,0.0,0,0.0,0,0.0,,
CAMP04765,C0619,Festival,2025-12-26,27.25,1,0,0,0,0.0,1,1112.91,1,1112.91,11,370.97
CAMP04766,C0388,Festival,2024-12-31,27.25,1,0,0,0,0.0,0,0.0,0,0.0,,
CAMP04767,C0003,Festival,2026-02-08,29.0,1,0,0,0,0.0,0,0.0,1,1807.36,18,903.68
CAMP04768,C0252,Birthday,2025-08-25,22.0,1,0,0,0,0.0,1,1242.66,1,2146.2,14,621.33
CAMP04769,C0378,Discount,2026-08-07,19.75,1,1,0,0,0.0,0,0.0,0,0.0,,
CAMP04770,C0086,Loyalty,2025-05-30,14.0,0,0,0,1,2191.94,1,3402.32,1,3402.32,2,1095.97
CAMP04771,C0587,Loyalty,2026-04-19,16.0,1,0,0,0,0.0,0,0.0,0,0.0,,
CAMP04772,C0850,Loyalty,2026-05-04,22.0,1,1,0,1,3161.79,1,13946.97,1,17996.06,4,1282.27
CAMP04773,C0857,Birthday,2025-07-19,22.0,1,0,0,1,2009.72,1,2009.72,1,6569.68,4,2009.72
CAMP04774,C0417,Discount,2026-07-03,23.25,1,1,1,0,0.0,0,0.0,1,2174.19,29,724.73
CAMP04775,C0247,Win-back,2025-11-07,31.0,1,1,0,0,0.0,0,0.0,0,0.0,,
CAMP04776,C0101,Festival,2026-01-09,30.75,1,0,0,0,0.0,0,0.0,0,0.0,,
CAMP04777,C0981,Win-back,2025-05-18,31.0,1,1,0,1,1388.71,1,1388.71,1,1388.71,4,1388.71
CAMP04778,C0244,Discount,2024-06-30,23.25,1,0,0,0,0.0,0,0.0,0,0.0,,
CAMP04779,C0785,Birthday,2026-05-21,22.0,1,0,0,0,0.0,0,0.0,0,0.0,,
CAMP04780,C0554,New Product,2026-03-05,23.0,1,0,0,0,0.0,0,0.0,1,5501.2,27,2750.6
CAMP04781,C0289,Festival,2025-11-06,25.5,1,0,0,1,415.18,1,415.18,1,415.18,3,415.18
CAMP04782,C0896,Loyalty,2026-02-04,14.0,1,1,1,0,0.0,1,1668.1,1,9174.56,13,1668.1
CAMP04783,C0672,Discount,2026-03-07,25.0,1,1,0,1,4424.44,1,5649.22,1,5649.22,7,2212.22
CAMP04784,C0636,Birthday,2025-11-22,22.0,1,1,0,0,0.0,1,3200.13,1,10678.4,14,1066.71
CAMP04785,C0098,Discount,2024-08-03,19.75,0,0,0,0,0.0,0,0.0,0,0.0,,
CAMP04786,C0990,Festival,2026-05-30,30.75,1,0,0,0,0.0,0,0.0,0,0.0,,
CAMP04787,C0449,Birthday,2026-02-18,20.25,1,1,1,0,0.0,0,0.0,0,0.0,,
CAMP04788,C0070,Festival,2025-09-20,30.75,1,0,0,0,0.0,0,0.0,0,0.0,,
CAMP04789,C0203,Win-back,2026-04-02,29.25,1,0,0,0,0.0,0,0.0,1,9180.26,25,2346.58
CAMP04790,C0974,Win-back,2026-05-21,32.75,1,0,0,0,0.0,0,0.0,0,0.0,,
CAMP04791,C0224,New Product,2025-11-25,23.0,1,0,0,0,0.0,0,0.0,1,2407.98,18,527.73
CAMP04792,C0867,Festival,2025-01-27,30.75,1,0,0,0,0.0,0,0.0,0,0.0,,
CAMP04793,C0424,Loyalty,2026-03-28,16.0,1,0,0,1,1102.43,1,2593.41,1,4935.25,5,1102.43
CAMP04794,C0712,Festival,2026-07-10,25.5,1,1,0,1,1631.68,1,1631.68,1,1631.68,3,815.84
CAMP04795,C0388,Festival,2026-04-29,30.75,0,0,0,0,0.0,1,1570.18,1,2685.49,14,1570.18
CAMP04796,C0341,Loyalty,2026-06-02,22.0,1,1,1,0,0.0,0,0.0,0,0.0,,
CAMP04797,C0839,Discount,2026-02-26,21.5,1,0,0,1,4076.1,1,4076.1,1,6251.34,4,2038.05
CAMP04798,C0959,New Product,2026-08-30,23.0,1,0,0,0,0.0,0,0.0,0,0.0,,
CAMP04799,C0337,Discount,2024-05-30,21.5,1,0,0,0,0.0,0,0.0,0,0.0,,
CAMP04800,C0586,New Product,2026-06-12,23.0,1,1,0,0,0.0,0,0.0,0,0.0,,
CAMP04801,C0870,Win-back,2024-10-22,31.0,1,0,0,0,0.0,0,0.0,1,7872.919999999999,23,1150.76
CAMP04802,C0094,Loyalty,2025-06-23,14.0,1,1,1,1,1043.94,1,1043.94,1,6783.8,6,1043.94
CAMP04803,C0365,New Product,2025-12-20,23.0,1,0,0,0,0.0,0,0.0,1,3399.55,19,3399.55
CAMP04804,C0270,Festival,2026-04-21,27.25,1,0,0,0,0.0,0,0.0,0,0.0,,
CAMP04805,C0819,Birthday,2024-01-15,20.25,0,0,0,0,0.0,0,0.0,1,8162.46,28,4081.23
CAMP04806,C0462,Birthday,2026-03-19,18.5,1,1,0,0,0.0,0,0.0,0,0.0,,
CAMP04807,C0916,Birthday,2026-01-24,18.5,1,0,0,1,4490.31,1,4490.31,1,6825.67,5,1496.77
CAMP04808,C0311,Loyalty,2026-07-27,14.0,1,0,0,0,0.0,1,2612.91,1,2612.91,10,2612.91
CAMP04809,C0005,New Product,2025-01-07,23.0,1,0,0,0,0.0,1,7833.139999999999,1,7833.139999999999,11,3120.98
CAMP04810,C0882,New Product,2025-04-05,23.0,0,0,0,0,0.0,0,0.0,0,0.0,,
CAMP04811,C0865,Win-back,2026-04-10,27.5,1,1,1,1,3017.94,1,3017.94,1,8528.31,3,1005.98
CAMP04812,C0316,Loyalty,2026-01-28,14.0,1,0,0,0,0.0,0,0.0,0,0.0,,
CAMP04813,C0006,New Product,2025-10-24,23.0,1,0,0,0,0.0,0,0.0,1,2618.13,15,954.43
CAMP04814,C0811,Festival,2026-06-20,32.5,1,0,0,0,0.0,0,0.0,0,0.0,,
CAMP04815,C0963,Discount,2026-05-09,25.0,1,0,0,0,0.0,0,0.0,0,0.0,,
CAMP04816,C0135,Win-back,2025-12-22,32.75,1,0,0,1,1832.48,1,2738.0,1,2738.0,4,1832.48
CAMP04817,C0217,Birthday,2025-12-07,20.25,1,0,0,0,0.0,0,0.0,1,6641.1,26,1439.96
CAMP04818,C0146,New Product,2024-02-20,23.0,1,1,0,0,0.0,0,0.0,1,1776.16,30,888.08
CAMP04819,C0220,Win-back,2025-06-02,32.75,1,1,0,0,0.0,0,0.0,0,0.0,,
CAMP04820,C0847,Birthday,2026-06-14,22.0,1,0,0,0,0.0,0,0.0,1,2422.34,29,1211.17
CAMP04821,C0044,Birthday,2026-08-14,18.5,1,0,0,0,0.0,0,0.0,0,0.0,,
CAMP04822,C0202,New Product,2026-03-07,23.0,1,0,0,0,0.0,0,0.0,1,1193.58,24,1193.58
CAMP04823,C0341,Discount,2026-05-06,19.75,1,1,1,0,0.0,0,0.0,0,0.0,,
CAMP04824,C0751,Loyalty,2026-06-30,22.0,1,0,0,0,0.0,0,0.0,0,0.0,,
CAMP04825,C0891,Loyalty,2026-07-31,14.0,1,0,0,0,0.0,0,0.0,0,0.0,,
CAMP04826,C0164,New Product,2025-09-27,23.0,1,0,0,0,0.0,0,0.0,1,1964.05,17,1964.05
CAMP04827,C0585,Discount,2025-09-22,21.5,1,1,1,0,0.0,1,1828.02,1,3480.15,12,914.01
CAMP04828,C0151,Win-back,2025-11-10,32.75,1,0,0,1,1449.86,1,1449.86,1,3047.65,1,724.93
CAMP04829,C0452,Birthday,2025-11-29,22.0,1,0,0,0,0.0,0,0.0,0,0.0,,
CAMP04830,C0014,Festival,2025-06-05,27.25,1,1,0,1,1256.67,1,1256.67,1,1256.67,4,1256.67
CAMP04831,C0546,Loyalty,2025-10-19,22.0,1,0,0,1,1247.96,1,1247.96,1,1247.96,1,311.99
CAMP04832,C0444,Birthday,2026-04-06,20.25,1,1,1,1,4245.08,1,7057.26,1,19522.24,2,2035.02
CAMP04833,C0451,Birthday,2026-08-02,20.25,1,0,0,0,0.0,0,0.0,0,0.0,,
CAMP04834,C0709,New Product,2026-07-28,23.0,1,0,0,0,0.0,0,0.0,0,0.0,,
CAMP04835,C0514,Festival,2026-07-31,32.5,1,0,0,0,0.0,0,0.0,0,0.0,,
CAMP04836,C0598,Loyalty,2025-12-07,14.0,1,1,0,1,580.81,1,580.81,1,580.81,5,580.81
CAMP04837,C0023,Discount,2024-06-16,21.5,0,0,0,0,0.0,0,0.0,1,2896.9,23,1448.45
CAMP04838,C0416,Festival,2026-07-13,32.5,1,0,0,0,0.0,0,0.0,0,0.0,,
CAMP04839,C0236,New Product,2025-07-26,23.0,1,0,0,0,0.0,1,5888.22,1,8125.780000000001,8,1962.74
CAMP04840,C0659,Discount,2025-12-17,21.5,1,0,0,0,0.0,0,0.0,0,0.0,,
CAMP04841,C0142,New Product,2025-12-15,23.0,1,1,0,0,0.0,0,0.0,0,0.0,,
CAMP04842,C0007,New Product,2026-07-20,23.0,1,0,0,1,4731.1,1,4731.1,1,6023.64,1,653.95
CAMP04843,C0877,New Product,2026-02-22,23.0,1,0,0,0,0.0,0,0.0,0,0.0,,
CAMP04844,C0699,New Product,2024-08-19,23.0,1,1,0,1,2738.98,1,6413.92,1,8689.55,5,1933.42
CAMP04845,C0292,Loyalty,2024-04-27,18.0,1,0,0,0,0.0,0,0.0,0,0.0,,
CAMP04846,C0384,Loyalty,2026-06-22,14.0,1,0,0,1,2595.58,1,2595.58,1,2595.58,4,1297.79
CAMP04847,C0412,New Product,2026-04-19,23.0,1,0,0,0,0.0,1,1931.19,1,5220.22,13,1931.19
CAMP04848,C0455,Birthday,2026-01-04,18.5,1,0,0,0,0.0,0,0.0,0,0.0,,
CAMP04849,C0550,New Product,2026-02-26,23.0,1,0,0,0,0.0,0,0.0,0,0.0,,
CAMP04850,C0729,Birthday,2025-04-29,18.5,1,0,0,0,0.0,0,0.0,1,6024.64,29,3012.32
CAMP04851,C0536,Loyalty,2026-05-15,22.0,1,0,0,0,0.0,0,0.0,1,3121.98,28,1560.99
CAMP04852,C0309,Discount,2025-07-15,25.0,1,0,0,0,0.0,0,0.0,0,0.0,,
CAMP04853,C0417,Birthday,2025-12-30,20.25,1,1,0,0,0.0,0,0.0,1,571.43,16,571.43
CAMP04854,C0500,Win-back,2026-06-26,32.75,0,0,0,0,0.0,0,0.0,0,0.0,,
CAMP04855,C0459,Loyalty,2026-03-14,22.0,1,0,0,0,0.0,0,0.0,0,0.0,,
CAMP04856,C0138,Festival,2024-07-25,29.0,1,0,0,0,0.0,0,0.0,0,0.0,,
CAMP04857,C0883,Loyalty,2025-07-31,14.0,1,0,0,0,0.0,0,0.0,1,1322.12,18,1322.12
CAMP04858,C0803,Win-back,2026-02-09,27.5,1,1,1,0,0.0,1,2982.58,1,2982.58,9,1491.29
CAMP04859,C0962,Win-back,2025-10-27,27.5,1,0,0,0,0.0,0,0.0,0,0.0,,
CAMP04860,C0350,Loyalty,2026-06-10,18.0,1,1,0,1,2382.36,1,5378.88,1,6118.89,4,1191.18
CAMP04861,C0143,Festival,2026-02-24,27.25,1,1,0,0,0.0,0,0.0,0,0.0,,
CAMP04862,C0963,Win-back,2026-08-25,27.5,1,0,0,0,0.0,0,0.0,0,0.0,,
CAMP04863,C0385,Festival,2026-05-10,25.5,1,0,0,0,0.0,0,0.0,0,0.0,,
CAMP04864,C0225,Win-back,2026-07-02,32.75,1,0,0,0,0.0,1,1819.95,1,1819.95,13,606.65
CAMP04865,C0789,Win-back,2026-08-05,29.25,0,0,0,0,0.0,0,0.0,0,0.0,,
CAMP04866,C0281,Win-back,2024-10-29,29.25,1,0,0,0,0.0,0,0.0,1,1887.64,26,1887.64
CAMP04867,C0730,New Product,2025-04-05,23.0,1,1,1,0,0.0,0,0.0,1,4806.88,26,2403.44
CAMP04868,C0710,Birthday,2026-05-07,18.5,1,0,0,0,0.0,0,0.0,1,3727.86,26,1863.93
CAMP04869,C0056,Birthday,2026-04-21,18.5,1,0,0,0,0.0,0,0.0,0,0.0,,
CAMP04870,C0182,Birthday,2026-07-19,20.25,0,0,0,0,0.0,0,0.0,0,0.0,,
CAMP04871,C0957,New Product,2026-08-12,23.0,1,0,0,0,0.0,0,0.0,0,0.0,,
CAMP04872,C0798,Loyalty,2025-07-06,16.0,1,1,0,0,0.0,1,687.06,1,687.06,13,343.53
CAMP04873,C0586,Loyalty,2026-07-22,16.0,1,0,0,1,1636.9,1,1636.9,1,1636.9,2,818.45
CAMP04874,C0899,Win-back,2025-03-28,27.5,1,1,1,0,0.0,0,0.0,0,0.0,,
CAMP04875,C0740,New Product,2026-06-28,23.0,1,0,0,0,0.0,0,0.0,0,0.0,,
CAMP04876,C0719,New Product,2025-10-10,23.0,1,1,0,1,1171.52,1,1965.2,1,3642.89,7,1171.52
CAMP04877,C0265,Loyalty,2025-06-01,18.0,1,0,0,0,0.0,0,0.0,0,0.0,,
CAMP04878,C0282,New Product,2025-02-05,23.0,1,1,1,0,0.0,0,0.0,0,0.0,,
CAMP04879,C0832,New Product,2025-12-19,23.0,1,1,0,0,0.0,0,0.0,1,3444.92,19,537.98
CAMP04880,C0331,Festival,2026-04-15,25.5,1,0,0,0,0.0,0,0.0,0,0.0,,
CAMP04881,C0232,New Product,2026-06-15,23.0,1,0,0,0,0.0,0,0.0,0,0.0,,
CAMP04882,C0773,Win-back,2026-04-06,32.75,1,1,0,0,0.0,0,0.0,0,0.0,,
CAMP04883,C0389,Festival,2026-08-26,27.25,1,1,0,0,0.0,0,0.0,0,0.0,,
CAMP04884,C0142,Birthday,2026-03-21,18.5,1,0,0,0,0.0,0,0.0,0,0.0,,
CAMP04885,C0456,Birthday,2026-03-14,18.5,1,0,0,0,0.0,0,0.0,0,0.0,,
CAMP04886,C0364,Birthday,2025-11-28,22.0,1,0,0,1,813.9,1,813.9,1,1916.5,5,406.95
CAMP04887,C0050,Birthday,2026-05-20,20.25,1,0,0,0,0.0,0,0.0,0,0.0,,
CAMP04888,C0712,Loyalty,2026-06-16,18.0,1,0,0,0,0.0,0,0.0,1,1631.68,27,815.84
CAMP04889,C0560,Festival,2026-06-19,27.25,1,1,1,1,864.88,1,2019.54,1,5351.9400000000005,3,864.88
CAMP04890,C0989,Festival,2026-07-26,27.25,0,0,0,0,0.0,0,0.0,0,0.0,,
CAMP04891,C0684,New Product,2026-05-28,23.0,1,0,0,1,2907.97,1,2907.97,1,4482.98,6,2907.97
CAMP04892,C0023,Win-back,2025-04-14,31.0,1,0,0,1,1488.77,1,1488.77,1,7321.990000000001,2,1488.77
CAMP04893,C0529,Win-back,2026-03-31,29.25,1,1,1,0,0.0,1,2160.54,1,7105.27,13,1080.27
CAMP04894,C0158,New Product,2026-03-14,23.0,0,0,0,0,0.0,0,0.0,0,0.0,,
CAMP04895,C0644,New Product,2025-11-05,23.0,1,0,0,0,0.0,0,0.0,1,7901.84,22,1854.2
CAMP04896,C0541,Loyalty,2026-07-10,14.0,1,0,0,0,0.0,0,0.0,0,0.0,,
CAMP04897,C0722,Discount,2026-07-26,25.0,1,0,0,0,0.0,0,0.0,0,0.0,,
CAMP04898,C0857,Loyalty,2026-07-30,18.0,0,0,0,0,0.0,0,0.0,1,2242.29,21,747.43
CAMP04899,C0476,Win-back,2026-06-30,32.75,1,0,0,0,0.0,0,0.0,1,1950.72,19,975.36
CAMP04900,C0061,Discount,2026-03-13,19.75,1,0,0,0,0.0,1,2814.06,1,2814.06,10,1407.03
CAMP04901,C0681,New Product,2025-01-28,23.0,1,0,0,0,0.0,1,3329.0,1,4874.87,10,1385.84
CAMP04902,C0307,Festival,2026-08-21,25.5,0,0,0,0,0.0,0,0.0,0,0.0,,
CAMP04903,C0897,Discount,2023-11-16,19.75,1,0,0,0,0.0,0,0.0,0,0.0,,
CAMP04904,C0737,Discount,2026-08-30,21.5,1,1,0,0,0.0,0,0.0,0,0.0,,
CAMP04905,C0089,Win-back,2026-07-25,29.25,1,0,0,0,0.0,0,0.0,0,0.0,,
CAMP04906,C0186,Loyalty,2025-05-10,22.0,1,0,0,0,0.0,0,0.0,0,0.0,,
CAMP04907,C0663,Win-back,2026-06-02,31.0,1,0,0,1,3108.4,1,3108.4,1,4066.75,6,1554.2
CAMP04908,C0718,Loyalty,2025-07-14,22.0,1,1,0,1,2142.03,1,5110.73,1,5110.73,5,2142.03
CAMP04909,C0607,New Product,2026-06-22,23.0,0,0,0,0,0.0,0,0.0,0,0.0,,
CAMP04910,C0831,Birthday,2026-08-30,22.0,1,1,1,0,0.0,0,0.0,0,0.0,,
CAMP04911,C0205,Win-back,2026-02-13,27.5,1,1,0,0,0.0,0,0.0,1,1733.28,28,866.64
CAMP04912,C0667,Birthday,2026-07-30,18.5,1,1,0,0,0.0,0,0.0,0,0.0,,
CAMP04913,C0093,Festival,2025-03-13,30.75,1,1,0,1,4024.01,1,4024.01,1,4024.01,5,1385.93
CAMP04914,C0578,Birthday,2026-08-31,18.5,1,1,0,0,0.0,0,0.0,0,0.0,,
CAMP04915,C0265,Festival,2026-05-14,30.75,1,0,0,0,0.0,0,0.0,0,0.0,,
CAMP04916,C0066,Loyalty,2025-12-27,22.0,0,0,0,1,588.51,1,588.51,1,588.51,3,588.51
CAMP04917,C0284,New Product,2026-06-14,23.0,1,0,0,0,0.0,0,0.0,0,0.0,,
CAMP04918,C0066,Win-back,2026-04-18,32.75,1,1,0,0,0.0,0,0.0,0,0.0,,
CAMP04919,C0912,New Product,2026-01-14,23.0,1,0,0,0,0.0,0,0.0,0,0.0,,
CAMP04920,C0954,New Product,2026-08-07,23.0,1,0,0,0,0.0,0,0.0,0,0.0,,
CAMP04921,C0463,Win-back,2026-01-04,29.25,1,1,1,0,0.0,0,0.0,1,1352.36,19,1352.36
CAMP04922,C0388,New Product,2026-03-07,23.0,1,1,1,0,0.0,0,0.0,1,2062.32,17,1031.16
CAMP04923,C0419,Loyalty,2026-02-19,22.0,1,1,0,0,0.0,0,0.0,0,0.0,,
CAMP04924,C0954,Birthday,2026-08-07,20.25,1,1,0,0,0.0,0,0.0,0,0.0,,
CAMP04925,C0865,Birthday,2026-03-30,22.0,1,1,0,0,0.0,1,3017.94,1,8528.31,14,1005.98
CAMP04926,C0983,Loyalty,2026-07-10,14.0,1,0,0,0,0.0,1,4190.6,1,4190.6,8,4190.6
CAMP04927,C0872,New Product,2026-03-12,23.0,1,0,0,1,1302.81,1,3597.0099999999998,1,15454.63,3,1302.81
CAMP04928,C0940,Loyalty,2024-11-11,14.0,0,0,0,0,0.0,0,0.0,0,0.0,,
CAMP04929,C0303,Festival,2025-08-10,25.5,1,0,0,0,0.0,0,0.0,1,2314.71,24,771.57
CAMP04930,C0845,Win-back,2026-07-05,27.5,0,0,0,0,0.0,1,1426.4,1,3584.81,11,1426.4
CAMP04931,C0052,New Product,2026-08-29,23.0,0,0,0,0,0.0,0,0.0,0,0.0,,
CAMP04932,C0413,Discount,2026-06-10,19.75,1,0,0,0,0.0,0,0.0,0,0.0,,
CAMP04933,C0645,Loyalty,2026-03-25,16.0,1,0,0,0,0.0,1,513.69,1,513.69,9,513.69
CAMP04934,C0474,Discount,2026-04-03,19.75,1,1,0,0,0.0,0,0.0,0,0.0,,
CAMP04935,C0126,Win-back,2026-04-30,29.25,0,0,0,0,0.0,0,0.0,0,0.0,,
CAMP04936,C0570,Festival,2026-07-25,29.0,1,1,1,1,2220.21,1,2220.21,1,4153.55,2,2220.21
CAMP04937,C0357,Discount,2025-06-17,23.25,0,0,0,0,0.0,0,0.0,0,0.0,,
CAMP04938,C0568,Loyalty,2025-03-01,22.0,1,0,0,1,6321.6900000000005,1,6321.6900000000005,1,11377.699999999995,1,1631.41
CAMP04939,C0061,Loyalty,2026-01-21,18.0,1,1,1,0,0.0,0,0.0,0,0.0,,
CAMP04940,C0066,Discount,2026-02-02,23.25,1,0,0,0,0.0,0,0.0,1,500.12,26,500.12
CAMP04941,C0565,New Product,2026-08-08,23.0,1,0,0,0,0.0,0,0.0,0,0.0,,
CAMP04942,C0174,Birthday,2025-06-02,22.0,1,0,0,1,1294.08,1,1294.08,1,1294.08,7,647.04
CAMP04943,C0852,Birthday,2024-11-09,22.0,1,1,0,0,0.0,0,0.0,0,0.0,,
CAMP04944,C0486,Festival,2026-01-04,32.5,1,1,0,0,0.0,0,0.0,1,4105.049999999999,20,1130.36
CAMP04945,C0341,Festival,2026-03-01,32.5,1,1,0,1,2126.28,1,2126.28,1,8628.760000000002,2,1063.14
CAMP04946,C0646,Loyalty,2026-02-20,22.0,1,0,0,0,0.0,0,0.0,0,0.0,,
CAMP04947,C0764,Win-back,2025-07-04,29.25,0,0,0,1,9647.1,1,9647.1,1,15793.829999999998,3,1736.36
CAMP04948,C0013,Discount,2024-08-31,21.5,0,0,0,0,0.0,0,0.0,0,0.0,,
CAMP04949,C0771,Win-back,2025-07-02,27.5,0,0,0,0,0.0,1,412.61,1,412.61,10,412.61
CAMP04950,C0327,Win-back,2025-09-12,32.75,1,0,0,1,785.68,1,785.68,1,785.68,4,785.68
CAMP04951,C0765,Loyalty,2026-07-17,22.0,1,0,0,0,0.0,0,0.0,0,0.0,,
CAMP04952,C0175,Festival,2025-07-15,29.0,1,0,0,0,0.0,0,0.0,0,0.0,,
CAMP04953,C0413,New Product,2026-06-01,23.0,1,1,0,1,4163.16,1,4163.16,1,4163.16,4,2081.58
CAMP04954,C0344,Discount,2026-08-20,25.0,1,1,1,0,0.0,0,0.0,0,0.0,,
CAMP04955,C0070,Festival,2026-02-17,27.25,1,0,0,0,0.0,0,0.0,1,1673.4299999999998,25,557.81
CAMP04956,C0781,Win-back,2026-04-30,32.75,1,0,0,1,1528.39,1,3343.75,1,3343.75,6,1528.39
CAMP04957,C0503,Discount,2025-09-15,19.75,1,0,0,0,0.0,0,0.0,1,362.8,22,362.8
CAMP04958,C0126,Loyalty,2025-01-03,16.0,1,0,0,0,0.0,0,0.0,1,1702.73,24,1702.73
CAMP04959,C0895,Birthday,2024-07-12,18.5,1,0,0,0,0.0,0,0.0,0,0.0,,
CAMP04960,C0776,Birthday,2026-08-03,20.25,1,0,0,0,0.0,0,0.0,0,0.0,,
CAMP04961,C0988,Loyalty,2026-07-12,16.0,0,0,0,0,0.0,0,0.0,1,4073.46,19,1357.82
CAMP04962,C0119,Discount,2026-06-27,25.0,1,0,0,0,0.0,0,0.0,0,0.0,,
CAMP04963,C0889,Birthday,2026-07-14,18.5,1,1,0,0,0.0,1,1685.88,1,1685.88,13,842.94
CAMP04964,C0417,New Product,2026-07-10,23.0,1,0,0,0,0.0,0,0.0,1,2174.19,22,724.73
CAMP04965,C0988,Loyalty,2026-05-28,18.0,1,0,0,0,0.0,0,0.0,0,0.0,,
CAMP04966,C0664,Win-back,2026-02-26,29.25,1,0,0,0,0.0,0,0.0,0,0.0,,
CAMP04967,C0733,New Product,2025-12-20,23.0,1,1,0,1,2931.12,1,2931.12,1,5821.65,4,1465.56
CAMP04968,C0411,Win-back,2026-08-06,31.0,1,0,0,0,0.0,0,0.0,0,0.0,,
CAMP04969,C0349,Discount,2025-04-03,23.25,1,0,0,0,0.0,0,0.0,0,0.0,,
CAMP04970,C0366,New Product,2025-09-24,23.0,1,1,1,0,0.0,0,0.0,0,0.0,,
CAMP04971,C0793,Birthday,2026-05-09,18.5,1,0,0,0,0.0,0,0.0,0,0.0,,
CAMP04972,C0460,Birthday,2025-06-20,20.25,1,1,0,0,0.0,0,0.0,0,0.0,,
CAMP04973,C0050,Discount,2026-06-04,23.25,1,1,0,0,0.0,0,0.0,0,0.0,,
CAMP04974,C0660,Loyalty,2025-10-21,16.0,1,0,0,1,375.12,1,375.12,1,741.62,4,375.12
CAMP04975,C0616,New Product,2026-04-20,23.0,1,0,0,0,0.0,1,3111.17,1,6700.030000000001,12,1064.64
CAMP04976,C0710,Birthday,2026-05-15,18.5,1,1,0,0,0.0,0,0.0,1,3727.86,18,1863.93
CAMP04977,C0889,Win-back,2026-05-08,31.0,1,0,0,1,889.0,1,889.0,1,889.0,2,889.0
CAMP04978,C0793,Loyalty,2026-02-16,16.0,1,0,0,0,0.0,0,0.0,1,1130.5,30,1130.5
CAMP04979,C0502,Festival,2026-06-21,27.25,1,0,0,1,1422.59,1,1422.59,1,1422.59,4,1422.59
CAMP04980,C0682,New Product,2025-08-26,23.0,1,0,0,0,0.0,0,0.0,1,1670.08,25,1670.08
CAMP04981,C0325,Discount,2026-06-21,25.0,1,0,0,0,0.0,1,3112.29,1,3112.29,10,1037.43
CAMP04982,C0041,Loyalty,2026-05-03,14.0,1,0,0,0,0.0,0,0.0,0,0.0,,
CAMP04983,C0497,Festival,2026-07-18,32.5,1,1,0,0,0.0,0,0.0,0,0.0,,
CAMP04984,C0518,Discount,2026-05-30,23.25,1,1,1,1,6327.55,1,6327.55,1,7878.24,6,1265.51
CAMP04985,C0847,Win-back,2026-06-30,32.75,1,0,0,0,0.0,1,2422.34,1,5147.5,13,1211.17
CAMP04986,C0089,Win-back,2026-08-01,29.25,1,0,0,0,0.0,0,0.0,0,0.0,,
CAMP04987,C0321,Win-back,2025-11-28,31.0,1,1,1,0,0.0,0,0.0,0,0.0,,
CAMP04988,C0241,Loyalty,2025-03-12,18.0,1,1,0,1,2943.06,1,2943.06,1,4231.6900000000005,4,981.02
CAMP04989,C0307,Win-back,2026-08-30,29.25,1,0,0,0,0.0,0,0.0,0,0.0,,
CAMP04990,C0467,Festival,2025-09-27,30.75,1,0,0,0,0.0,1,2848.41,1,4070.55,9,985.08
CAMP04991,C0038,Festival,2025-06-27,29.0,1,0,0,0,0.0,0,0.0,1,605.13,29,605.13
CAMP04992,C0236,Win-back,2024-09-25,27.5,1,0,0,0,0.0,0,0.0,0,0.0,,
CAMP04993,C0439,Win-back,2026-07-06,32.75,1,0,0,1,698.65,1,698.65,1,1414.56,6,698.65
CAMP04994,C0460,Loyalty,2026-02-10,14.0,1,1,0,0,0.0,0,0.0,0,0.0,,
CAMP04995,C0726,New Product,2025-03-16,23.0,1,0,0,0,0.0,1,553.51,1,553.51,9,553.51
CAMP04996,C0226,Birthday,2025-05-24,22.0,1,0,0,0,0.0,0,0.0,0,0.0,,
CAMP04997,C0869,Birthday,2026-08-04,18.5,0,0,0,0,0.0,0,0.0,0,0.0,,
CAMP04998,C0269,Birthday,2025-10-07,20.25,1,0,0,0,0.0,0,0.0,0,0.0,,
CAMP04999,C0721,Festival,2026-03-05,30.75,1,0,0,0,0.0,0,0.0,0,0.0,,
CAMP05000,C0614,Loyalty,2025-09-09,16.0,1,0,0,1,1885.08,1,1885.08,1,7125.629999999999,4,1885.08
CAMP05001,C0623,New Product,2024-10-03,23.0,1,0,0,0,0.0,0,0.0,0,0.0,,
CAMP05002,C0151,Birthday,2025-11-27,20.25,1,0,0,1,1148.84,1,1597.79,1,2273.44,5,287.21
CAMP05003,C0788,Loyalty,2026-03-15,16.0,1,1,1,0,0.0,0,0.0,1,2483.7,18,827.9
CAMP05004,C0749,New Product,2025-11-16,23.0,1,0,0,0,0.0,0,0.0,0,0.0,,
CAMP05005,C0849,Loyalty,2025-11-20,18.0,0,0,0,0,0.0,0,0.0,1,2716.43,19,2716.43
CAMP05006,C0223,Festival,2025-11-05,30.75,1,0,0,0,0.0,0,0.0,0,0.0,,
CAMP05007,C0867,Birthday,2025-07-04,22.0,0,0,0,0,0.0,0,0.0,0,0.0,,
CAMP05008,C0245,Loyalty,2025-11-14,22.0,1,0,0,0,0.0,0,0.0,0,0.0,,
CAMP05009,C0430,New Product,2025-12-15,23.0,1,0,0,0,0.0,0,0.0,0,0.0,,
CAMP05010,C0464,Discount,2025-03-23,25.0,1,1,0,0,0.0,0,0.0,1,12449.92,19,1619.72
CAMP05011,C0575,Win-back,2025-12-15,29.25,1,0,0,0,0.0,0,0.0,1,1550.88,22,775.44
CAMP05012,C0019,New Product,2026-07-05,23.0,1,0,0,0,0.0,0,0.0,1,4168.09,16,952.85
CAMP05013,C0282,New Product,2026-04-27,23.0,1,0,0,0,0.0,0,0.0,0,0.0,,
CAMP05014,C0747,Loyalty,2026-07-21,16.0,1,0,0,0,0.0,0,0.0,0,0.0,,
CAMP05015,C0568,Festival,2026-04-20,27.25,1,0,0,0,0.0,0,0.0,0,0.0,,
CAMP05016,C0571,New Product,2025-07-06,23.0,1,1,0,0,0.0,0,0.0,1,4072.2599999999993,20,1650.12
CAMP05017,C0101,Loyalty,2026-02-03,16.0,1,0,0,0,0.0,1,2191.61,1,14073.39,11,2191.61
CAMP05018,C0800,Loyalty,2026-05-24,18.0,1,0,0,1,1329.74,1,1329.74,1,1329.74,5,664.87
CAMP05019,C0479,Birthday,2025-05-16,20.25,1,0,0,1,1870.69,1,1870.69,1,7075.429999999999,5,1870.69
CAMP05020,C0181,Festival,2024-04-11,29.0,1,1,0,0,0.0,0,0.0,0,0.0,,
CAMP05021,C0924,Festival,2026-08-02,27.25,1,0,0,0,0.0,0,0.0,0,0.0,,
CAMP05022,C0634,Loyalty,2026-07-21,16.0,1,0,0,0,0.0,0,0.0,0,0.0,,
CAMP05023,C0894,New Product,2025-12-06,23.0,1,0,0,1,2427.42,1,2427.42,1,2945.07,2,1213.71
CAMP05024,C0114,Discount,2025-02-24,21.5,1,0,0,1,1164.09,1,1164.09,1,1785.05,5,1164.09
CAMP05025,C0418,Win-back,2025-07-07,32.75,1,0,0,0,0.0,1,933.89,1,933.89,13,933.89
CAMP05026,C0923,New Product,2025-09-18,23.0,1,0,0,0,0.0,1,1047.31,1,1047.31,13,1047.31
CAMP05027,C0238,Birthday,2025-07-07,22.0,1,1,1,0,0.0,0,0.0,0,0.0,,
CAMP05028,C0480,New Product,2026-08-08,23.0,1,0,0,0,0.0,0,0.0,0,0.0,,
CAMP05029,C0596,New Product,2025-02-23,23.0,1,0,0,0,0.0,0,0.0,1,2976.82,16,1128.98
CAMP05030,C0384,Birthday,2025-11-23,20.25,1,1,0,0,0.0,1,1846.71,1,1846.71,12,1846.71
CAMP05031,C0352,Festival,2026-06-21,27.25,1,0,0,0,0.0,1,1333.3,1,1333.3,9,666.65
CAMP05032,C0304,Discount,2025-02-28,19.75,1,0,0,0,0.0,0,0.0,0,0.0,,
CAMP05033,C0158,Win-back,2026-04-21,31.0,1,0,0,1,792.59,1,2472.2,1,5278.639999999999,6,792.59
CAMP05034,C0281,Win-back,2025-03-22,32.75,0,0,0,0,0.0,0,0.0,1,1024.34,27,1024.34
CAMP05035,C0075,Loyalty,2026-07-29,22.0,1,1,0,0,0.0,0,0.0,0,0.0,,
CAMP05036,C0736,Discount,2025-11-18,21.5,1,1,1,1,3999.72,1,8823.14,1,8823.14,7,1999.86
CAMP05037,C0804,Discount,2026-01-12,25.0,1,0,0,0,0.0,0,0.0,0,0.0,,
CAMP05038,C0856,Win-back,2026-08-30,32.75,1,0,0,0,0.0,0,0.0,0,0.0,,
CAMP05039,C0661,Discount,2025-04-04,21.5,1,1,0,0,0.0,1,993.88,1,2083.87,13,993.88
CAMP05040,C0124,Festival,2025-09-26,25.5,1,0,0,0,0.0,0,0.0,0,0.0,,
CAMP05041,C0627,Win-back,2026-03-02,27.5,1,0,0,0,0.0,0,0.0,0,0.0,,
CAMP05042,C0993,Festival,2026-08-15,32.5,1,0,0,0,0.0,0,0.0,0,0.0,,
CAMP05043,C0916,Discount,2026-08-14,23.25,1,1,0,0,0.0,0,0.0,0,0.0,,
CAMP05044,C0357,Loyalty,2026-05-11,18.0,1,0,0,0,0.0,0,0.0,0,0.0,,
CAMP05045,C0189,Discount,2026-03-01,25.0,1,1,1,0,0.0,0,0.0,1,385.73,24,385.73
CAMP05046,C0867,Festival,2025-11-14,29.0,1,0,0,0,0.0,0,0.0,0,0.0,,
CAMP05047,C0994,Win-back,2025-11-23,32.75,0,0,0,1,1187.14,1,1187.14,1,1187.14,5,1187.14
CAMP05048,C0878,Festival,2026-06-10,29.0,1,1,0,0,0.0,0,0.0,0,0.0,,
CAMP05049,C0727,Discount,2026-05-16,23.25,0,0,0,1,1004.44,1,1004.44,1,2882.3,1,502.22
CAMP05050,C0706,Birthday,2024-09-06,18.5,1,0,0,0,0.0,0,0.0,1,828.56,30,828.56
CAMP05051,C0588,Loyalty,2023-10-06,14.0,0,0,0,0,0.0,0,0.0,0,0.0,,
CAMP05052,C0782,New Product,2024-06-27,23.0,1,0,0,1,3510.5,1,3510.5,1,6838.27,3,979.74
CAMP05053,C0536,Festival,2025-05-04,29.0,1,1,1,0,0.0,0,0.0,0,0.0,,
CAMP05054,C0415,Win-back,2026-08-09,31.0,1,1,0,0,0.0,0,0.0,0,0.0,,
CAMP05055,C0995,New Product,2026-02-03,23.0,1,0,0,1,2295.25,1,2295.25,1,4754.05,6,1616.71
CAMP05056,C0076,Birthday,2024-05-04,22.0,1,1,0,0,0.0,0,0.0,0,0.0,,
CAMP05057,C0244,Win-back,2025-02-14,27.5,0,0,0,1,7608.94,1,7608.94,1,7608.94,1,1982.97
CAMP05058,C0512,New Product,2026-04-12,23.0,0,0,0,0,0.0,1,3491.49,1,3491.49,8,1163.83
CAMP05059,C0670,Win-back,2025-06-10,32.75,1,0,0,1,2311.74,1,2311.74,1,2311.74,4,674.96
CAMP05060,C0503,Festival,2025-01-05,25.5,1,0,0,0,0.0,0,0.0,1,439.22,30,439.22
CAMP05061,C0357,Loyalty,2026-04-10,18.0,1,0,0,0,0.0,0,0.0,1,2703.72,27,675.93
CAMP05062,C0644,Festival,2026-06-29,32.5,1,0,0,0,0.0,1,1904.8,1,1904.8,14,952.4
CAMP05063,C0133,New Product,2026-07-10,23.0,0,0,0,0,0.0,0,0.0,0,0.0,,
CAMP05064,C0269,Discount,2026-01-24,23.25,1,0,0,1,1790.32,1,1790.32,1,7111.31,4,895.16
CAMP05065,C0798,Birthday,2025-05-21,22.0,1,0,0,0,0.0,0,0.0,1,1421.72,29,1421.72
CAMP05066,C0468,Loyalty,2026-05-16,18.0,1,0,0,1,5593.28,1,5593.28,1,5593.28,1,1398.32
CAMP05067,C0696,Festival,2026-07-01,25.5,1,0,0,0,0.0,1,2052.76,1,3443.2000000000007,9,1026.38
CAMP05068,C0186,Win-back,2026-05-13,31.0,1,1,0,0,0.0,0,0.0,0,0.0,,
CAMP05069,C0898,Festival,2024-06-13,25.5,1,1,0,1,1471.76,1,1471.76,1,1471.76,5,1471.76
CAMP05070,C0316,Win-back,2026-03-05,32.75,1,0,0,1,1156.84,1,1156.84,1,1735.25,3,1156.84
CAMP05071,C0733,Loyalty,2026-08-29,18.0,1,0,0,0,0.0,0,0.0,0,0.0,,
CAMP05072,C0881,Loyalty,2024-08-01,14.0,1,0,0,0,0.0,0,0.0,0,0.0,,
CAMP05073,C0452,Win-back,2026-06-24,29.25,1,0,0,0,0.0,1,2349.78,1,2349.78,14,1174.89
CAMP05074,C0100,Festival,2024-01-23,29.0,1,1,0,0,0.0,0,0.0,0,0.0,,
CAMP05075,C0270,Festival,2025-12-31,27.25,1,0,0,0,0.0,0,0.0,0,0.0,,
CAMP05076,C0191,Loyalty,2026-07-12,22.0,1,0,0,0,0.0,0,0.0,0,0.0,,
CAMP05077,C0859,Birthday,2025-09-30,22.0,1,0,0,0,0.0,1,1075.3,1,3590.75,8,1075.3
CAMP05078,C0298,Birthday,2026-07-17,20.25,1,0,0,0,0.0,0,0.0,0,0.0,,
CAMP05079,C0951,Discount,2026-07-12,21.5,1,1,0,0,0.0,1,2748.62,1,2748.62,9,1374.31
CAMP05080,C0774,New Product,2025-05-23,23.0,1,0,0,0,0.0,1,1521.74,1,1521.74,11,1521.74
CAMP05081,C0797,Loyalty,2026-08-18,14.0,1,0,0,0,0.0,0,0.0,0,0.0,,
CAMP05082,C0564,Festival,2026-01-07,32.5,1,0,0,0,0.0,1,1007.82,1,1007.82,9,1007.82
CAMP05083,C0059,Loyalty,2025-11-20,16.0,1,0,0,1,1606.33,1,1606.33,1,1606.33,7,1606.33
CAMP05084,C0276,Loyalty,2026-05-24,14.0,1,0,0,0,0.0,0,0.0,0,0.0,,
CAMP05085,C0273,Birthday,2026-02-05,22.0,1,1,1,0,0.0,0,0.0,1,7100.630000000001,15,1158.14
CAMP05086,C0394,Birthday,2026-01-22,22.0,1,1,0,1,2177.93,1,4845.91,1,4845.91,5,2177.93
CAMP05087,C0207,New Product,2026-03-08,23.0,1,1,1,1,1469.1,1,3429.13,1,7866.01,6,1469.1
CAMP05088,C0927,Festival,2026-06-14,32.5,1,0,0,0,0.0,0,0.0,1,1211.61,25,1211.61
CAMP05089,C0382,New Product,2025-05-20,23.0,1,0,0,0,0.0,1,3961.09,1,5339.21,11,3961.09
CAMP05090,C0592,Win-back,2026-04-07,31.0,1,0,0,0,0.0,0,0.0,1,1261.78,26,630.89
CAMP05091,C0705,Birthday,2026-07-02,22.0,1,0,0,0,0.0,0,0.0,0,0.0,,
CAMP05092,C0991,Win-back,2026-04-20,27.5,1,0,0,0,0.0,0,0.0,0,0.0,,
CAMP05093,C0240,Birthday,2026-03-04,20.25,0,0,0,0,0.0,0,0.0,0,0.0,,
CAMP05094,C0126,Win-back,2025-12-03,32.75,1,0,0,0,0.0,0,0.0,0,0.0,,
CAMP05095,C0053,Loyalty,2024-09-03,16.0,1,0,0,0,0.0,0,0.0,0,0.0,,
CAMP05096,C0291,Festival,2025-08-28,27.25,1,0,0,1,4396.68,1,5276.85,1,9243.21,6,2198.34
CAMP05097,C0841,Loyalty,2025-11-05,16.0,1,0,0,1,2726.46,1,2726.46,1,2726.46,5,1363.23
CAMP05098,C0236,New Product,2025-07-06,23.0,1,0,0,0,0.0,0,0.0,1,7690.78,16,1802.56
CAMP05099,C0184,Discount,2024-01-01,19.75,1,0,0,0,0.0,0,0.0,0,0.0,,
CAMP05100,C0319,Discount,2026-04-06,25.0,1,1,1,1,3579.64,1,3579.64,1,5250.639999999999,4,1789.82
CAMP05101,C0224,Discount,2026-06-16,19.75,1,0,0,0,0.0,0,0.0,0,0.0,,
CAMP05102,C0702,Birthday,2024-07-03,18.5,1,1,0,0,0.0,0,0.0,0,0.0,,
CAMP05103,C0274,Birthday,2024-11-23,22.0,1,0,0,0,0.0,0,0.0,0,0.0,,
CAMP05104,C0626,Discount,2025-06-26,21.5,1,0,0,0,0.0,0,0.0,1,319.3,16,319.3
CAMP05105,C0123,Discount,2024-12-01,25.0,1,0,0,0,0.0,0,0.0,0,0.0,,
CAMP05106,C0946,Win-back,2025-08-12,31.0,1,0,0,0,0.0,0,0.0,0,0.0,,
CAMP05107,C0493,New Product,2025-12-20,23.0,1,0,0,0,0.0,0,0.0,1,1218.28,29,1218.28
CAMP05108,C0805,Birthday,2025-07-19,22.0,1,0,0,0,0.0,0,0.0,0,0.0,,
CAMP05109,C0560,Festival,2026-07-11,29.0,1,1,0,0,0.0,0,0.0,1,3611.94,20,1805.97
CAMP05110,C0930,New Product,2026-08-07,23.0,1,0,0,0,0.0,0,0.0,0,0.0,,
CAMP05111,C0440,New Product,2026-03-13,23.0,1,0,0,0,0.0,1,517.48,1,4470.9,14,517.48
CAMP05112,C0391,Birthday,2024-10-26,18.5,1,0,0,1,1625.64,1,1625.64,1,1625.64,7,1625.64
CAMP05113,C0164,Festival,2025-10-30,32.5,1,0,0,0,0.0,0,0.0,0,0.0,,
CAMP05114,C0354,Birthday,2026-08-12,20.25,0,0,0,0,0.0,0,0.0,0,0.0,,
CAMP05115,C0168,Win-back,2026-07-25,32.75,0,0,0,1,4223.12,1,7017.8,1,7017.8,2,1055.78
CAMP05116,C0088,Loyalty,2026-07-01,14.0,1,0,0,0,0.0,0,0.0,0,0.0,,
CAMP05117,C0809,Loyalty,2025-07-06,14.0,1,0,0,0,0.0,0,0.0,1,862.67,27,862.67
CAMP05118,C0346,Win-back,2026-08-11,27.5,1,0,0,0,0.0,0,0.0,0,0.0,,
CAMP05119,C0175,Discount,2026-01-31,21.5,1,0,0,0,0.0,0,0.0,1,2319.98,23,1159.99
CAMP05120,C0703,Win-back,2026-03-29,29.25,1,1,0,0,0.0,0,0.0,1,6177.41,16,1590.64
CAMP05121,C0145,Discount,2026-01-27,21.5,1,0,0,0,0.0,1,7470.240000000002,1,7470.240000000002,11,1800.9
CAMP05122,C0712,Discount,2026-01-13,25.0,1,0,0,0,0.0,0,0.0,1,1137.04,17,568.52
CAMP05123,C0912,Birthday,2025-11-12,18.5,1,0,0,0,0.0,0,0.0,0,0.0,,
CAMP05124,C0434,Birthday,2024-10-15,20.25,1,0,0,0,0.0,0,0.0,0,0.0,,
CAMP05125,C0109,Discount,2025-06-11,23.25,1,1,0,1,5927.2,1,5927.2,1,5927.2,3,2963.6
CAMP05126,C0110,Birthday,2024-08-20,22.0,1,0,0,0,0.0,0,0.0,0,0.0,,
CAMP05127,C0734,Discount,2026-07-22,23.25,1,1,0,0,0.0,0,0.0,0,0.0,,
CAMP05128,C0912,New Product,2026-06-26,23.0,1,0,0,0,0.0,0,0.0,0,0.0,,
CAMP05129,C0664,Festival,2026-06-25,25.5,0,0,0,0,0.0,0,0.0,0,0.0,,
CAMP05130,C0259,Festival,2026-05-27,30.75,1,0,0,0,0.0,1,1868.34,1,3529.27,9,1868.34
CAMP05131,C0629,Discount,2025-11-08,25.0,1,1,0,0,0.0,0,0.0,1,10613.27,25,2462.15
CAMP05132,C0905,Win-back,2025-09-24,29.25,1,1,1,0,0.0,0,0.0,0,0.0,,
CAMP05133,C0165,Win-back,2026-01-31,32.75,1,1,1,1,3389.96,1,8953.539999999999,1,18941.29,1,1694.98
CAMP05134,C0877,Win-back,2026-03-16,29.25,1,1,0,0,0.0,1,4898.25,1,4898.25,11,1122.24
CAMP05135,C0573,Discount,2026-02-18,23.25,1,0,0,0,0.0,0,0.0,0,0.0,,
CAMP05136,C0384,Win-back,2026-08-29,32.75,1,1,1,0,0.0,0,0.0,0,0.0,,
CAMP05137,C0548,New Product,2026-06-09,23.0,1,0,0,0,0.0,0,0.0,0,0.0,,
CAMP05138,C0372,Loyalty,2025-08-10,16.0,1,0,0,1,6965.139999999999,1,9816.58,1,31360.36,1,1588.38
CAMP05139,C0160,Loyalty,2026-05-06,22.0,1,0,0,0,0.0,0,0.0,0,0.0,,
CAMP05140,C0664,Birthday,2026-03-19,22.0,1,1,0,0,0.0,0,0.0,0,0.0,,
CAMP05141,C0357,Birthday,2025-08-08,22.0,1,0,0,0,0.0,0,0.0,0,0.0,,
CAMP05142,C0119,Birthday,2025-12-02,20.25,1,0,0,0,0.0,0,0.0,0,0.0,,
CAMP05143,C0032,Discount,2025-01-22,23.25,1,0,0,0,0.0,0,0.0,0,0.0,,
CAMP05144,C0222,New Product,2025-10-20,23.0,1,0,0,1,693.14,1,693.14,1,2837.64,7,693.14
CAMP05145,C0255,New Product,2026-05-30,23.0,1,0,0,0,0.0,0,0.0,0,0.0,,
CAMP05146,C0800,New Product,2025-11-22,23.0,1,0,0,0,0.0,1,574.93,1,574.93,12,574.93
CAMP05147,C0571,New Product,2026-02-12,23.0,1,0,0,0,0.0,0,0.0,0,0.0,,
CAMP05148,C0089,Loyalty,2026-08-26,22.0,1,0,0,0,0.0,0,0.0,0,0.0,,
CAMP05149,C0750,Win-back,2026-08-28,27.5,1,0,0,0,0.0,0,0.0,0,0.0,,
CAMP05150,C0432,Festival,2024-10-06,32.5,1,0,0,1,2153.25,1,2153.25,1,3515.65,6,717.75
CAMP05151,C0338,Discount,2025-06-22,23.25,1,0,0,0,0.0,0,0.0,0,0.0,,
CAMP05152,C0727,Discount,2026-05-31,19.75,0,0,0,0,0.0,1,1877.86,1,3931.52,8,938.93
CAMP05153,C0159,Birthday,2026-01-05,22.0,1,1,1,0,0.0,0,0.0,0,0.0,,
CAMP05154,C0610,Birthday,2026-08-03,20.25,1,1,0,0,0.0,0,0.0,0,0.0,,
CAMP05155,C0771,Festival,2024-05-27,29.0,1,0,0,0,0.0,0,0.0,0,0.0,,
CAMP05156,C0475,Festival,2024-07-16,30.75,1,0,0,0,0.0,1,737.59,1,737.59,12,737.59
CAMP05157,C0020,Loyalty,2024-12-14,22.0,1,0,0,1,2713.44,1,2713.44,1,11969.8,1,2713.44
CAMP05158,C0764,Win-back,2026-06-15,29.25,1,1,0,0,0.0,0,0.0,0,0.0,,
CAMP05159,C0683,Discount,2025-08-29,25.0,1,1,0,0,0.0,0,0.0,1,6057.0,30,2019.0
CAMP05160,C0180,Birthday,2026-07-12,22.0,1,0,0,1,6027.98,1,7858.099999999999,1,9848.34,5,3013.99
CAMP05161,C0439,Birthday,2026-07-27,22.0,1,1,1,0,0.0,0,0.0,0,0.0,,
CAMP05162,C0069,Loyalty,2026-06-06,14.0,1,0,0,1,4406.6,1,4406.6,1,4406.6,4,1101.65
CAMP05163,C0447,Loyalty,2025-04-05,14.0,1,0,0,0,0.0,0,0.0,1,2691.98,27,1345.99
CAMP05164,C0440,Birthday,2026-02-25,22.0,1,0,0,1,2354.19,1,2354.19,1,2871.67,1,784.73
CAMP05165,C0015,New Product,2026-04-16,23.0,1,0,0,0,0.0,0,0.0,1,4306.99,16,1080.48
CAMP05166,C0249,Birthday,2025-01-21,20.25,1,0,0,0,0.0,0,0.0,1,2718.05,19,2718.05
CAMP05167,C0577,Loyalty,2025-07-16,22.0,1,0,0,1,3782.24,1,3782.24,1,9626.419999999998,3,3782.24
CAMP05168,C1000,Birthday,2026-08-04,20.25,1,0,0,0,0.0,0,0.0,0,0.0,,
CAMP05169,C0746,Win-back,2024-09-03,31.0,1,0,0,0,0.0,0,0.0,1,741.89,18,741.89
CAMP05170,C0856,Birthday,2026-07-04,18.5,1,0,0,0,0.0,0,0.0,0,0.0,,
CAMP05171,C0027,Win-back,2025-12-15,32.75,1,0,0,0,0.0,1,4034.43,1,4034.43,8,1200.99
CAMP05172,C0597,Festival,2025-02-18,29.0,1,1,1,0,0.0,1,1428.9,1,4911.629999999999,10,714.45
CAMP05173,C0890,Festival,2026-07-14,30.75,1,1,1,0,0.0,1,7232.13,1,7232.13,10,2410.71
CAMP05174,C0618,Loyalty,2026-03-16,14.0,1,0,0,0,0.0,0,0.0,0,0.0,,
CAMP05175,C0047,Discount,2024-10-30,25.0,1,1,0,0,0.0,0,0.0,1,5644.4,28,2822.2
CAMP05176,C0112,New Product,2025-02-20,23.0,1,1,0,0,0.0,0,0.0,0,0.0,,
CAMP05177,C0520,Loyalty,2026-05-08,14.0,1,0,0,0,0.0,0,0.0,0,0.0,,
CAMP05178,C0058,New Product,2024-06-12,23.0,0,0,0,0,0.0,0,0.0,0,0.0,,
CAMP05179,C0523,Festival,2025-01-17,32.5,1,0,0,0,0.0,0,0.0,0,0.0,,
CAMP05180,C0620,New Product,2026-01-16,23.0,1,0,0,0,0.0,0,0.0,0,0.0,,
CAMP05181,C0385,New Product,2026-07-25,23.0,1,0,0,0,0.0,0,0.0,0,0.0,,
CAMP05182,C0376,New Product,2025-08-07,23.0,1,0,0,0,0.0,0,0.0,0,0.0,,
CAMP05183,C0109,Festival,2026-04-14,29.0,1,0,0,0,0.0,0,0.0,1,15899.32,17,3974.83
CAMP05184,C0614,New Product,2025-02-28,23.0,1,1,0,0,0.0,0,0.0,0,0.0,,
CAMP05185,C0461,Win-back,2025-07-04,27.5,1,0,0,0,0.0,0,0.0,1,3665.0,18,1832.5
CAMP05186,C0334,Birthday,2025-11-12,22.0,1,1,1,0,0.0,1,2382.18,1,9864.73,12,794.06
CAMP05187,C0880,Birthday,2025-07-07,20.25,1,0,0,0,0.0,0,0.0,1,2185.8,23,1092.9
CAMP05188,C0564,Win-back,2025-04-08,31.0,1,0,0,0,0.0,0,0.0,0,0.0,,
CAMP05189,C0246,Birthday,2026-04-24,18.5,1,1,0,1,9703.58,1,9703.58,1,13029.24,4,2319.11
CAMP05190,C0653,Festival,2026-05-24,29.0,1,0,0,0,0.0,0,0.0,0,0.0,,
CAMP05191,C0624,Discount,2026-08-29,23.25,1,1,0,0,0.0,0,0.0,0,0.0,,
CAMP05192,C0110,Festival,2026-06-10,25.5,1,0,0,0,0.0,0,0.0,0,0.0,,
CAMP05193,C0287,Discount,2025-07-11,25.0,1,0,0,0,0.0,0,0.0,1,1257.32,22,1257.32
CAMP05194,C0356,Loyalty,2025-03-25,18.0,0,0,0,1,2904.15,1,3246.2200000000003,1,3246.2200000000003,3,580.83
CAMP05195,C0388,Win-back,2025-11-25,29.25,1,1,1,0,0.0,1,1603.08,1,4284.42,10,801.54
CAMP05196,C0518,Loyalty,2025-09-09,18.0,1,0,0,1,3114.58,1,3114.58,1,3114.58,1,1557.29
CAMP05197,C0017,Festival,2026-01-06,29.0,1,0,0,1,2567.48,1,2567.48,1,2567.48,7,1283.74
CAMP05198,C0499,New Product,2025-11-18,23.0,1,1,0,0,0.0,0,0.0,0,0.0,,
CAMP05199,C0481,Discount,2025-03-22,21.5,1,0,0,0,0.0,0,0.0,0,0.0,,
CAMP05200,C0590,New Product,2025-07-30,23.0,1,0,0,0,0.0,0,0.0,1,2632.73,21,751.9
CAMP05201,C0711,Birthday,2026-08-19,20.25,1,0,0,0,0.0,0,0.0,0,0.0,,
CAMP05202,C0839,Birthday,2026-03-09,18.5,1,1,1,1,2175.24,1,2175.24,1,5798.48,5,2175.24
CAMP05203,C0792,Birthday,2026-08-22,18.5,1,0,0,0,0.0,0,0.0,0,0.0,,
CAMP05204,C0193,New Product,2026-02-20,23.0,1,0,0,0,0.0,0,0.0,1,1026.33,22,1026.33
CAMP05205,C0739,New Product,2026-02-05,23.0,0,0,0,0,0.0,0,0.0,0,0.0,,
CAMP05206,C0405,New Product,2026-02-11,23.0,1,1,0,0,0.0,0,0.0,0,0.0,,
CAMP05207,C0391,New Product,2025-04-25,23.0,1,1,0,0,0.0,0,0.0,1,6507.32,19,1272.1
CAMP05208,C0070,Win-back,2025-07-10,31.0,0,0,0,0,0.0,0,0.0,1,1357.58,22,1357.58
CAMP05209,C0409,New Product,2026-07-23,23.0,0,0,0,0,0.0,0,0.0,0,0.0,,
CAMP05210,C0127,Birthday,2025-02-05,18.5,1,0,0,0,0.0,1,658.09,1,658.09,12,658.09
CAMP05211,C0589,Festival,2025-04-20,32.5,1,0,0,0,0.0,0,0.0,0,0.0,,
CAMP05212,C0455,Win-back,2025-12-17,31.0,1,0,0,0,0.0,1,958.28,1,958.28,13,958.28
CAMP05213,C0623,Win-back,2026-07-19,32.75,1,1,0,0,0.0,0,0.0,0,0.0,,
CAMP05214,C0504,Festival,2025-04-10,27.25,1,1,1,0,0.0,0,0.0,1,1540.57,25,1540.57
CAMP05215,C0111,New Product,2025-11-15,23.0,1,1,0,0,0.0,0,0.0,1,529.82,21,529.82
CAMP05216,C0482,Loyalty,2026-03-01,18.0,1,0,0,0,0.0,1,703.27,1,703.27,9,703.27
CAMP05217,C0622,Win-back,2026-06-15,32.75,1,0,0,1,4290.33,1,4290.33,1,7736.469999999999,2,672.27
CAMP05218,C0836,Win-back,2026-01-12,29.25,1,0,0,0,0.0,0,0.0,0,0.0,,
CAMP05219,C0818,Win-back,2025-09-30,29.25,1,0,0,0,0.0,0,0.0,1,2062.54,20,2062.54
CAMP05220,C0994,Discount,2025-06-27,19.75,1,1,0,0,0.0,0,0.0,0,0.0,,
CAMP05221,C0191,Festival,2026-02-07,25.5,1,0,0,0,0.0,0,0.0,0,0.0,,
CAMP05222,C1000,Win-back,2026-06-13,32.75,1,0,0,0,0.0,1,825.67,1,1569.04,12,825.67
CAMP05223,C0589,Win-back,2025-06-12,29.25,1,0,0,0,0.0,0,0.0,0,0.0,,
CAMP05224,C0694,Loyalty,2026-02-17,14.0,1,0,0,0,0.0,0,0.0,0,0.0,,
CAMP05225,C0759,Birthday,2024-11-30,22.0,1,0,0,0,0.0,0,0.0,0,0.0,,
CAMP05226,C0546,Birthday,2026-07-30,22.0,1,0,0,0,0.0,0,0.0,0,0.0,,
CAMP05227,C0399,Discount,2025-11-19,25.0,1,1,1,1,1420.36,1,1420.36,1,1420.36,5,710.18
CAMP05228,C0398,Festival,2026-04-06,32.5,1,1,0,0,0.0,0,0.0,1,2086.88,16,521.72
CAMP05229,C0906,Loyalty,2025-01-25,14.0,1,0,0,1,2717.26,1,4927.9,1,4927.9,1,2717.26
CAMP05230,C0603,New Product,2025-11-16,23.0,1,1,0,0,0.0,0,0.0,1,4897.34,23,1712.58
CAMP05231,C0546,Discount,2026-04-02,19.75,1,0,0,0,0.0,0,0.0,1,586.1,29,586.1
CAMP05232,C0219,New Product,2026-05-03,23.0,1,0,0,0,0.0,1,2339.96,1,2339.96,10,1169.98
CAMP05233,C0074,Festival,2026-08-30,29.0,1,0,0,0,0.0,0,0.0,0,0.0,,
CAMP05234,C0062,Festival,2025-06-15,25.5,1,1,1,0,0.0,0,0.0,0,0.0,,
CAMP05235,C0606,Loyalty,2025-06-19,16.0,1,0,0,0,0.0,0,0.0,1,1479.32,23,1479.32
CAMP05236,C0946,Festival,2025-10-16,25.5,1,0,0,0,0.0,0,0.0,0,0.0,,
CAMP05237,C0110,New Product,2026-07-18,23.0,1,0,0,0,0.0,0,0.0,0,0.0,,
CAMP05238,C0344,New Product,2026-06-27,23.0,1,1,0,0,0.0,0,0.0,1,1755.14,19,877.57
CAMP05239,C0302,Discount,2026-06-06,25.0,1,0,0,1,1074.65,1,1074.65,1,1074.65,3,1074.65
CAMP05240,C0023,Loyalty,2024-07-23,18.0,1,0,0,0,0.0,0,0.0,1,3428.82,21,3428.82
CAMP05241,C0759,Win-back,2024-07-01,31.0,1,0,0,0,0.0,1,1882.86,1,1882.86,9,941.43
CAMP05242,C0597,Loyalty,2025-01-31,14.0,1,0,0,0,0.0,0,0.0,1,1428.9,28,714.45
CAMP05243,C0166,Win-back,2026-07-27,27.5,1,0,0,0,0.0,0,0.0,0,0.0,,
CAMP05244,C0456,Win-back,2026-02-08,29.25,1,0,0,0,0.0,0,0.0,1,1832.47,28,1832.47
CAMP05245,C0867,Festival,2024-09-10,29.0,1,1,0,0,0.0,0,0.0,1,1175.34,28,587.67
CAMP05246,C0906,Win-back,2024-07-01,32.75,1,0,0,0,0.0,0,0.0,0,0.0,,
CAMP05247,C0277,Discount,2026-06-26,25.0,1,0,0,0,0.0,0,0.0,1,4346.97,24,1448.99
CAMP05248,C0383,Birthday,2026-08-20,22.0,1,0,0,0,0.0,0,0.0,0,0.0,,
CAMP05249,C0196,Win-back,2024-04-23,29.25,1,1,0,0,0.0,0,0.0,0,0.0,,
CAMP05250,C0832,Festival,2025-08-19,29.0,1,0,0,1,1323.5,1,1323.5,1,1323.5,3,661.75
CAMP05251,C0477,Discount,2026-05-22,19.75,1,0,0,0,0.0,0,0.0,0,0.0,,
CAMP05252,C0749,Win-back,2025-08-03,27.5,1,0,0,0,0.0,0,0.0,0,0.0,,
CAMP05253,C0419,New Product,2025-10-30,23.0,1,0,0,0,0.0,1,3666.44,1,8254.19,12,1833.22
CAMP05254,C0219,Birthday,2025-07-13,20.25,0,0,0,1,2560.46,1,2560.46,1,2560.46,2,1377.68
CAMP05255,C0187,Birthday,2026-06-18,20.25,1,0,0,0,0.0,0,0.0,1,1542.58,27,771.29
CAMP05256,C0356,Birthday,2026-06-29,22.0,1,1,0,0,0.0,0,0.0,1,596.42,24,596.42
CAMP05257,C0888,Birthday,2026-08-08,18.5,1,0,0,0,0.0,0,0.0,0,0.0,,
CAMP05258,C0027,New Product,2025-10-11,23.0,1,0,0,0,0.0,0,0.0,0,0.0,,
CAMP05259,C0190,Loyalty,2024-10-11,22.0,1,1,0,0,0.0,0,0.0,1,2283.32,16,742.01
CAMP05260,C0507,Discount,2025-08-14,23.25,1,0,0,0,0.0,1,975.31,1,1721.4899999999998,8,975.31
CAMP05261,C0633,Festival,2026-03-15,29.0,1,0,0,1,2246.38,1,2246.38,1,2246.38,4,1123.19
CAMP05262,C0632,Birthday,2025-11-22,18.5,1,0,0,0,0.0,1,4608.33,1,4608.33,12,1351.17
CAMP05263,C0732,Discount,2025-10-26,21.5,1,0,0,0,0.0,0,0.0,0,0.0,,
CAMP05264,C0202,Win-back,2026-01-19,29.25,1,0,0,1,1278.89,1,1278.89,1,1278.89,1,1278.89
CAMP05265,C0271,Win-back,2026-03-28,29.25,1,1,0,0,0.0,0,0.0,1,1986.62,24,1986.62
CAMP05266,C0487,New Product,2026-01-15,23.0,1,0,0,0,0.0,0,0.0,0,0.0,,
CAMP05267,C0197,Win-back,2026-01-21,27.5,1,1,0,1,2323.94,1,2323.94,1,5397.8,6,1161.97
CAMP05268,C0445,Discount,2026-04-16,23.25,1,1,0,0,0.0,0,0.0,1,773.36,24,386.68
CAMP05269,C0691,Birthday,2026-03-16,18.5,1,1,1,0,0.0,0,0.0,0,0.0,,
CAMP05270,C0190,Discount,2024-02-15,23.25,1,0,0,0,0.0,0,0.0,0,0.0,,
CAMP05271,C0667,Win-back,2026-08-23,27.5,1,0,0,0,0.0,0,0.0,0,0.0,,
CAMP05272,C0028,Loyalty,2025-07-31,18.0,1,0,0,0,0.0,0,0.0,0,0.0,,
CAMP05273,C0386,New Product,2026-02-09,23.0,1,0,0,0,0.0,0,0.0,1,1633.62,28,816.81
CAMP05274,C0738,Discount,2025-09-29,19.75,1,0,0,0,0.0,0,0.0,0,0.0,,
CAMP05275,C0777,New Product,2025-12-24,23.0,1,0,0,0,0.0,0,0.0,0,0.0,,
CAMP05276,C0281,Festival,2026-01-02,25.5,1,0,0,0,0.0,1,1428.26,1,1428.26,11,714.13
CAMP05277,C0082,Festival,2025-11-24,29.0,1,0,0,0,0.0,1,601.1,1,601.1,11,601.1
CAMP05278,C0867,Festival,2025-02-21,25.5,1,0,0,0,0.0,1,2544.94,1,2544.94,14,1272.47
CAMP05279,C0603,Birthday,2024-07-03,20.25,1,0,0,0,0.0,0,0.0,0,0.0,,
CAMP05280,C0631,Win-back,2026-05-24,29.25,1,0,0,0,0.0,0,0.0,0,0.0,,
CAMP05281,C0397,Loyalty,2026-06-04,22.0,1,1,1,0,0.0,0,0.0,1,450.34,29,450.34
CAMP05282,C0683,Win-back,2024-11-05,27.5,1,0,0,1,4043.6,1,6069.84,1,7821.05,2,808.72
CAMP05283,C0559,Birthday,2026-06-10,22.0,1,0,0,0,0.0,0,0.0,1,6136.04,22,2401.96
CAMP05284,C0369,Festival,2026-04-19,25.5,1,0,0,0,0.0,0,0.0,0,0.0,,
CAMP05285,C0180,Birthday,2025-08-01,20.25,1,1,1,1,6665.4,1,6665.4,1,9528.8,3,3332.7
CAMP05286,C0303,Birthday,2026-06-24,20.25,1,0,0,0,0.0,0,0.0,1,856.33,23,856.33
CAMP05287,C0837,Loyalty,2026-01-02,18.0,1,0,0,0,0.0,0,0.0,1,690.87,26,690.87
CAMP05288,C0953,Win-back,2026-07-24,27.5,1,0,0,0,0.0,0,0.0,0,0.0,,
CAMP05289,C0602,Loyalty,2026-07-15,16.0,1,1,0,0,0.0,0,0.0,0,0.0,,
CAMP05290,C0791,New Product,2025-10-09,23.0,1,0,0,0,0.0,0,0.0,1,2624.14,21,1312.07
CAMP05291,C0517,Win-back,2025-12-12,31.0,1,0,0,1,1242.74,1,3960.68,1,5822.150000000001,2,1242.74
CAMP05292,C0474,Discount,2026-02-01,25.0,1,0,0,0,0.0,0,0.0,0,0.0,,
CAMP05293,C0311,Discount,2024-08-02,21.5,1,0,0,0,0.0,0,0.0,0,0.0,,
CAMP05294,C0104,Loyalty,2026-08-09,16.0,1,0,0,0,0.0,0,0.0,0,0.0,,
CAMP05295,C0729,Loyalty,2026-02-05,22.0,1,0,0,0,0.0,0,0.0,1,1907.62,29,953.81
CAMP05296,C0859,Loyalty,2026-03-05,16.0,1,1,0,1,14337.6,1,14337.6,1,19362.23,1,3584.4
CAMP05297,C0256,New Product,2025-09-10,23.0,1,0,0,0,0.0,1,1425.64,1,1425.64,14,712.82
CAMP05298,C0051,Win-back,2025-10-16,31.0,1,0,0,0,0.0,0,0.0,0,0.0,,
CAMP05299,C0626,Birthday,2025-11-10,20.25,1,1,0,0,0.0,1,728.84,1,1464.06,9,728.84
CAMP05300,C0517,New Product,2026-06-18,23.0,1,0,0,0,0.0,0,0.0,0,0.0,,
CAMP05301,C0569,Birthday,2025-04-04,20.25,1,1,1,0,0.0,1,1642.0,1,1642.0,8,821.0
CAMP05302,C0782,Win-back,2024-11-14,27.5,1,0,0,0,0.0,0,0.0,0,0.0,,
CAMP05303,C0237,Discount,2026-06-29,21.5,1,0,0,0,0.0,0,0.0,0,0.0,,
CAMP05304,C0870,Birthday,2025-03-03,22.0,0,0,0,0,0.0,0,0.0,0,0.0,,
CAMP05305,C0599,Festival,2026-02-09,32.5,1,0,0,1,962.63,1,1347.02,1,1705.41,7,962.63
CAMP05306,C0782,New Product,2026-07-19,23.0,1,0,0,0,0.0,0,0.0,0,0.0,,
CAMP05307,C0945,Birthday,2026-05-25,20.25,0,0,0,0,0.0,0,0.0,0,0.0,,
CAMP05308,C0319,New Product,2025-02-21,23.0,1,1,0,0,0.0,0,0.0,1,2109.4,22,2109.4
CAMP05309,C0358,Festival,2025-03-09,25.5,1,1,1,0,0.0,0,0.0,1,1481.14,15,740.57
CAMP05310,C0319,Birthday,2025-10-11,18.5,1,0,0,0,0.0,0,0.0,0,0.0,,
CAMP05311,C0381,Birthday,2025-07-14,20.25,1,0,0,1,2779.92,1,2779.92,1,2779.92,3,694.98
CAMP05312,C0490,Loyalty,2024-11-16,22.0,1,0,0,0,0.0,0,0.0,0,0.0,,
CAMP05313,C0754,Birthday,2025-05-13,22.0,0,0,0,0,0.0,1,1060.16,1,11002.919999999998,9,530.08
CAMP05314,C0947,Win-back,2025-04-28,32.75,1,0,0,0,0.0,0,0.0,1,4294.55,18,1782.66
CAMP05315,C0501,Festival,2026-04-12,30.75,1,0,0,0,0.0,0,0.0,0,0.0,,
CAMP05316,C0630,Birthday,2026-05-12,20.25,1,1,0,0,0.0,0,0.0,0,0.0,,
CAMP05317,C0017,Loyalty,2024-05-22,14.0,1,0,0,0,0.0,0,0.0,0,0.0,,
CAMP05318,C0403,Birthday,2026-05-25,22.0,1,0,0,0,0.0,0,0.0,0,0.0,,
CAMP05319,C0381,Birthday,2025-02-21,20.25,1,1,0,0,0.0,1,680.05,1,680.05,12,680.05
CAMP05320,C0604,New Product,2026-02-02,23.0,1,0,0,0,0.0,0,0.0,1,4638.73,20,1066.11
CAMP05321,C0943,Festival,2026-07-10,25.5,1,0,0,0,0.0,0,0.0,0,0.0,,
CAMP05322,C0005,Birthday,2024-03-23,18.5,1,0,0,0,0.0,0,0.0,1,2852.8,29,2852.8
CAMP05323,C0243,New Product,2025-01-06,23.0,1,0,0,0,0.0,0,0.0,0,0.0,,
CAMP05324,C0394,Discount,2025-12-03,21.5,0,0,0,1,5326.98,1,8867.48,1,8867.48,2,1265.05
CAMP05325,C0811,New Product,2026-03-25,23.0,1,0,0,0,0.0,0,0.0,0,0.0,,
CAMP05326,C0785,New Product,2026-04-07,23.0,1,0,0,0,0.0,1,1798.53,1,1798.53,11,1798.53
CAMP05327,C0691,Birthday,2026-05-15,20.25,1,0,0,0,0.0,1,3254.42,1,5557.77,11,1627.21
CAMP05328,C0044,Win-back,2024-12-14,29.25,1,1,0,0,0.0,0,0.0,1,611.42,25,611.42
CAMP05329,C0435,New Product,2026-03-06,23.0,1,0,0,0,0.0,0,0.0,1,672.98,23,672.98
CAMP05330,C0173,Discount,2026-04-27,23.25,1,1,1,1,811.04,1,811.04,1,3787.6,3,811.04
CAMP05331,C0939,Festival,2026-04-04,27.25,1,0,0,0,0.0,0,0.0,0,0.0,,
CAMP05332,C0680,Win-back,2024-03-09,27.5,1,0,0,0,0.0,0,0.0,0,0.0,,
CAMP05333,C0107,Loyalty,2026-07-29,14.0,1,0,0,0,0.0,0,0.0,0,0.0,,
CAMP05334,C0532,New Product,2026-08-16,23.0,1,1,0,0,0.0,0,0.0,0,0.0,,
CAMP05335,C0296,Discount,2024-11-22,25.0,1,1,0,0,0.0,0,0.0,0,0.0,,
CAMP05336,C0459,Festival,2026-04-10,32.5,1,0,0,0,0.0,0,0.0,0,0.0,,
CAMP05337,C0159,Win-back,2025-08-03,31.0,1,0,0,1,1229.01,1,1229.01,1,1229.01,7,1229.01
CAMP05338,C0234,Win-back,2025-12-22,29.25,1,0,0,0,0.0,0,0.0,1,3123.26,25,1561.63
CAMP05339,C0019,Festival,2026-07-21,30.75,1,0,0,1,1309.54,1,1309.54,1,5067.900000000001,4,1309.54
CAMP05340,C0649,Loyalty,2024-08-27,22.0,1,0,0,0,0.0,0,0.0,1,1132.14,28,566.07
CAMP05341,C0636,Birthday,2025-11-22,22.0,1,0,0,0,0.0,1,3200.13,1,10678.4,14,1066.71
CAMP05342,C0849,Win-back,2025-11-22,27.5,1,1,0,0,0.0,0,0.0,1,2716.43,17,2716.43
CAMP05343,C0063,Festival,2026-03-23,25.5,0,0,0,0,0.0,0,0.0,0,0.0,,
CAMP05344,C0946,Discount,2026-02-02,19.75,1,0,0,0,0.0,0,0.0,0,0.0,,
CAMP05345,C0176,Discount,2026-04-19,21.5,1,0,0,0,0.0,0,0.0,0,0.0,,
CAMP05346,C0262,Birthday,2026-02-15,22.0,0,0,0,0,0.0,0,0.0,1,3609.9,18,950.52
CAMP05347,C0876,Festival,2024-07-12,29.0,1,0,0,0,0.0,0,0.0,1,904.9,22,904.9
CAMP05348,C0705,Loyalty,2026-07-18,18.0,0,0,0,0,0.0,0,0.0,0,0.0,,
CAMP05349,C0210,New Product,2026-07-15,23.0,1,0,0,0,0.0,0,0.0,0,0.0,,
CAMP05350,C0730,Festival,2026-05-21,25.5,0,0,0,1,8082.919999999999,1,8082.919999999999,1,15247.38,2,1827.79
CAMP05351,C0951,New Product,2026-05-18,23.0,1,1,0,1,2144.66,1,2144.66,1,5329.67,6,1072.33
CAMP05352,C0196,Loyalty,2025-07-11,16.0,1,1,0,0,0.0,1,1306.6,1,2182.1,8,1306.6
CAMP05353,C0239,Win-back,2026-05-02,32.75,1,0,0,1,505.65,1,1578.37,1,2447.98,1,505.65
CAMP05354,C0076,Birthday,2025-10-04,20.25,0,0,0,0,0.0,0,0.0,0,0.0,,
CAMP05355,C0806,Birthday,2025-09-12,22.0,1,0,0,0,0.0,1,609.5,1,1044.66,13,609.5
CAMP05356,C0469,Win-back,2025-04-04,32.75,1,0,0,0,0.0,0,0.0,1,1669.02,25,834.51
CAMP05357,C0140,Win-back,2024-10-08,27.5,1,0,0,0,0.0,0,0.0,0,0.0,,
CAMP05358,C0146,Festival,2025-11-22,30.75,1,1,0,0,0.0,0,0.0,0,0.0,,
CAMP05359,C0508,Birthday,2025-07-16,18.5,1,0,0,0,0.0,0,0.0,0,0.0,,
CAMP05360,C0342,Birthday,2026-01-10,20.25,0,0,0,0,0.0,0,0.0,0,0.0,,
CAMP05361,C0401,Win-back,2025-12-05,29.25,1,0,0,1,1733.72,1,1733.72,1,1733.72,4,866.86
CAMP05362,C0627,Festival,2026-03-28,29.0,1,1,1,1,1300.02,1,1300.02,1,2629.92,6,1300.02
CAMP05363,C0391,Discount,2026-07-20,19.75,1,0,0,0,0.0,0,0.0,0,0.0,,
CAMP05364,C0114,Discount,2026-07-11,21.5,0,0,0,0,0.0,0,0.0,1,558.43,18,558.43
CAMP05365,C0127,Birthday,2025-08-16,18.5,0,0,0,0,0.0,1,4466.099999999999,1,4466.099999999999,8,1263.14
CAMP05366,C0613,Discount,2026-03-13,23.25,1,0,0,0,0.0,0,0.0,0,0.0,,
CAMP05367,C0754,Win-back,2026-08-27,31.0,1,1,0,0,0.0,0,0.0,0,0.0,,
CAMP05368,C0883,Birthday,2025-11-18,18.5,1,0,0,0,0.0,0,0.0,1,621.02,15,621.02
CAMP05369,C0361,Discount,2026-04-27,25.0,1,0,0,0,0.0,1,11947.44,1,13164.06,8,2986.86
CAMP05370,C0337,Discount,2025-03-29,19.75,1,0,0,0,0.0,0,0.0,0,0.0,,
CAMP05371,C0717,Loyalty,2026-02-21,14.0,1,0,0,0,0.0,0,0.0,0,0.0,,
CAMP05372,C0839,Birthday,2025-12-10,22.0,1,0,0,0,0.0,0,0.0,1,3656.54,25,1828.27
CAMP05373,C0190,Loyalty,2026-08-14,22.0,1,0,0,0,0.0,0,0.0,0,0.0,,
CAMP05374,C0796,Discount,2025-12-10,21.5,1,1,1,1,774.91,1,774.91,1,774.91,1,774.91
CAMP05375,C0334,Loyalty,2025-03-16,14.0,1,1,1,1,1704.3,1,5578.24,1,5578.24,1,1704.3
CAMP05376,C0335,Birthday,2025-01-30,22.0,1,0,0,0,0.0,0,0.0,1,1846.56,27,615.52
CAMP05377,C0800,Birthday,2025-12-30,18.5,1,0,0,0,0.0,0,0.0,0,0.0,,
CAMP05378,C0155,Birthday,2026-05-07,20.25,1,0,0,0,0.0,1,2239.66,1,2239.66,8,1119.83
CAMP05379,C0625,Festival,2024-11-15,27.25,1,1,0,0,0.0,0,0.0,0,0.0,,
CAMP05380,C0444,Loyalty,2026-03-20,16.0,1,1,1,0,0.0,0,0.0,1,7057.26,19,2035.02
CAMP05381,C0027,Loyalty,2026-04-05,18.0,1,0,0,0,0.0,0,0.0,0,0.0,,
CAMP05382,C0276,Festival,2026-07-01,32.5,1,1,0,0,0.0,0,0.0,0,0.0,,
CAMP05383,C0608,Win-back,2024-11-25,31.0,1,0,0,1,1353.98,1,1353.98,1,2279.78,4,676.99
CAMP05384,C0271,Birthday,2026-03-26,18.5,1,0,0,0,0.0,0,0.0,1,1986.62,26,1986.62
CAMP05385,C0457,Loyalty,2025-07-15,16.0,1,0,0,0,0.0,0,0.0,1,676.3,26,676.3
CAMP05386,C0570,Win-back,2026-08-07,31.0,1,0,0,0,0.0,1,1933.34,1,1933.34,8,1933.34
CAMP05387,C0726,Win-back,2024-11-04,32.75,1,0,0,0,0.0,0,0.0,0,0.0,,
CAMP05388,C0609,Festival,2025-12-03,32.5,1,0,0,0,0.0,0,0.0,0,0.0,,
CAMP05389,C0613,Win-back,2026-02-17,32.75,1,1,0,0,0.0,0,0.0,0,0.0,,
CAMP05390,C0188,Discount,2026-08-19,25.0,1,0,0,0,0.0,0,0.0,0,0.0,,
CAMP05391,C0029,Birthday,2025-02-03,18.5,1,0,0,1,485.24,1,485.24,1,1695.68,3,485.24
CAMP05392,C0008,Discount,2026-08-30,25.0,0,0,0,0,0.0,0,0.0,0,0.0,,
CAMP05393,C0640,Win-back,2026-05-24,29.25,1,0,0,0,0.0,0,0.0,0,0.0,,
CAMP05394,C0355,Festival,2025-12-08,32.5,1,0,0,0,0.0,1,1258.58,1,2834.82,11,1258.58
CAMP05395,C0014,Win-back,2025-04-11,31.0,1,1,1,0,0.0,0,0.0,0,0.0,,
CAMP05396,C0888,Loyalty,2026-08-04,22.0,1,1,0,0,0.0,0,0.0,0,0.0,,
CAMP05397,C0917,Festival,2026-05-26,30.75,1,1,1,0,0.0,0,0.0,0,0.0,,
CAMP05398,C0083,Loyalty,2026-04-27,14.0,1,0,0,0,0.0,0,0.0,0,0.0,,
CAMP05399,C0554,New Product,2025-08-24,23.0,1,0,0,0,0.0,0,0.0,0,0.0,,
CAMP05400,C0323,Loyalty,2024-04-03,18.0,1,0,0,0,0.0,0,0.0,1,958.6,21,958.6
CAMP05401,C0553,Festival,2026-06-23,32.5,1,0,0,0,0.0,0,0.0,0,0.0,,
CAMP05402,C0431,Discount,2026-05-19,25.0,1,1,0,1,2576.98,1,2576.98,1,3804.26,4,760.09
CAMP05403,C0880,Win-back,2025-08-22,27.5,0,0,0,0,0.0,0,0.0,0,0.0,,
CAMP05404,C0411,New Product,2025-11-22,23.0,1,0,0,0,0.0,0,0.0,0,0.0,,
CAMP05405,C0212,Birthday,2024-08-28,20.25,1,0,0,0,0.0,0,0.0,1,678.32,22,339.16
CAMP05406,C0004,Discount,2026-02-12,25.0,1,1,0,0,0.0,0,0.0,1,5030.34,30,2515.17
CAMP05407,C0737,Loyalty,2026-01-21,16.0,1,0,0,0,0.0,0,0.0,0,0.0,,
CAMP05408,C0709,New Product,2026-06-11,23.0,1,1,0,1,1887.66,1,1887.66,1,1887.66,3,943.83
CAMP05409,C0275,Discount,2025-02-28,19.75,1,0,0,0,0.0,0,0.0,0,0.0,,
CAMP05410,C0967,Birthday,2026-05-06,18.5,1,0,0,0,0.0,0,0.0,0,0.0,,
CAMP05411,C0812,New Product,2025-07-31,23.0,1,0,0,0,0.0,0,0.0,0,0.0,,
CAMP05412,C0542,Festival,2026-05-19,27.25,1,0,0,0,0.0,0,0.0,0,0.0,,
CAMP05413,C0149,Birthday,2025-05-23,20.25,1,1,0,0,0.0,0,0.0,0,0.0,,
CAMP05414,C0598,Loyalty,2025-11-17,16.0,0,0,0,0,0.0,0,0.0,1,580.81,25,580.81
CAMP05415,C0869,New Product,2026-04-03,23.0,1,0,0,0,0.0,0,0.0,0,0.0,,
CAMP05416,C0068,New Product,2026-06-19,23.0,0,0,0,0,0.0,1,1316.04,1,9300.86,12,1316.04
CAMP05417,C0470,Birthday,2026-04-03,18.5,1,1,0,0,0.0,0,0.0,0,0.0,,
CAMP05418,C0694,Festival,2026-05-08,27.25,1,0,0,0,0.0,0,0.0,1,891.7,17,891.7
CAMP05419,C0360,Festival,2025-03-14,32.5,1,1,0,0,0.0,0,0.0,0,0.0,,
CAMP05420,C0388,Festival,2026-03-05,32.5,1,0,0,0,0.0,0,0.0,1,2062.32,19,1031.16
CAMP05421,C0503,Discount,2026-01-16,23.25,1,0,0,1,795.66,1,795.66,1,795.66,3,795.66
CAMP05422,C0409,Birthday,2026-08-23,18.5,1,0,0,0,0.0,0,0.0,0,0.0,,
CAMP05423,C0737,Loyalty,2026-07-16,14.0,1,0,0,0,0.0,0,0.0,0,0.0,,
CAMP05424,C0153,New Product,2026-08-20,23.0,1,1,0,0,0.0,0,0.0,0,0.0,,
CAMP05425,C0952,Win-back,2025-06-08,27.5,1,0,0,1,1371.28,1,1371.28,1,4543.44,2,1371.28
CAMP05426,C0407,Win-back,2026-08-30,32.75,1,0,0,0,0.0,0,0.0,0,0.0,,
CAMP05427,C0061,Win-back,2026-07-18,29.25,1,1,0,0,0.0,0,0.0,0,0.0,,
CAMP05428,C0419,Birthday,2024-04-10,22.0,1,0,0,0,0.0,0,0.0,0,0.0,,
CAMP05429,C0902,Win-back,2026-01-24,32.75,1,0,0,0,0.0,1,759.61,1,3213.55,10,759.61
CAMP05430,C0896,Festival,2025-07-27,32.5,1,1,0,0,0.0,0,0.0,1,7279.92,24,2426.64
CAMP05431,C0331,Win-back,2026-04-29,31.0,1,0,0,0,0.0,0,0.0,0,0.0,,
CAMP05432,C0581,Discount,2026-05-17,19.75,1,1,0,0,0.0,0,0.0,0,0.0,,
CAMP05433,C0100,Loyalty,2024-04-11,16.0,1,0,0,0,0.0,0,0.0,1,3681.01,20,973.62
CAMP05434,C0612,Festival,2026-07-31,29.0,1,0,0,0,0.0,0,0.0,0,0.0,,
CAMP05435,C0012,New Product,2026-06-24,23.0,1,1,1,0,0.0,0,0.0,0,0.0,,
CAMP05436,C0957,Win-back,2024-06-26,32.75,1,0,0,0,0.0,0,0.0,0,0.0,,
CAMP05437,C0333,Win-back,2025-02-16,32.75,1,0,0,0,0.0,0,0.0,0,0.0,,
CAMP05438,C0659,New Product,2025-11-19,23.0,1,0,0,1,2558.02,1,2558.02,1,3904.12,4,675.84
CAMP05439,C0341,Festival,2026-08-22,30.75,1,0,0,0,0.0,0,0.0,0,0.0,,
CAMP05440,C0629,Discount,2025-01-12,21.5,0,0,0,0,0.0,0,0.0,0,0.0,,
CAMP05441,C0788,Festival,2026-05-01,25.5,1,0,0,0,0.0,0,0.0,0,0.0,,
CAMP05442,C0550,Festival,2025-09-14,27.25,0,0,0,0,0.0,0,0.0,1,416.15,24,416.15
CAMP05443,C0847,Festival,2026-08-04,32.5,1,1,0,1,2875.04,1,2875.04,1,2875.04,7,1437.52
CAMP05444,C0592,Win-back,2026-07-22,29.25,1,1,1,0,0.0,0,0.0,0,0.0,,
CAMP05445,C0662,Win-back,2026-05-16,29.25,1,0,0,0,0.0,0,0.0,0,0.0,,
CAMP05446,C0482,Loyalty,2026-03-31,18.0,1,0,0,0,0.0,1,1299.98,1,3599.82,13,1299.98
CAMP05447,C0015,Birthday,2026-08-01,22.0,1,0,0,0,0.0,0,0.0,0,0.0,,
CAMP05448,C0627,Win-back,2026-04-02,27.5,1,1,1,1,1300.02,1,2629.92,1,2629.92,1,1300.02
CAMP05449,C0951,Win-back,2026-07-17,27.5,1,1,0,1,2748.62,1,2748.62,1,2748.62,4,1374.31
CAMP05450,C0255,Discount,2024-09-29,25.0,1,0,0,0,0.0,0,0.0,0,0.0,,
CAMP05451,C0874,Birthday,2026-07-27,20.25,1,1,0,0,0.0,0,0.0,0,0.0,,
CAMP05452,C0622,Discount,2026-04-11,19.75,1,1,0,1,1247.13,1,1247.13,1,2144.88,4,1247.13
CAMP05453,C0005,New Product,2024-01-26,23.0,1,1,0,0,0.0,0,0.0,0,0.0,,
CAMP05454,C0052,Loyalty,2026-07-28,22.0,1,0,0,0,0.0,1,2057.88,1,2057.88,12,1028.94
CAMP05455,C0908,New Product,2026-01-22,23.0,1,1,0,1,1236.53,1,1236.53,1,2685.7200000000003,4,1236.53
CAMP05456,C0336,Festival,2024-05-13,30.75,1,1,1,0,0.0,0,0.0,1,2743.64,25,1371.82
CAMP05457,C0338,Loyalty,2025-10-13,16.0,0,0,0,0,0.0,0,0.0,0,0.0,,
CAMP05458,C0557,New Product,2026-08-18,23.0,1,1,1,0,0.0,0,0.0,0,0.0,,
CAMP05459,C0975,New Product,2026-03-17,23.0,1,0,0,0,0.0,0,0.0,1,675.16,22,675.16
CAMP05460,C0424,New Product,2025-08-04,23.0,1,0,0,0,0.0,0,0.0,0,0.0,,
CAMP05461,C0244,Discount,2026-05-07,21.5,1,1,1,0,0.0,0,0.0,0,0.0,,
CAMP05462,C0026,Discount,2025-07-13,23.25,1,1,0,0,0.0,0,0.0,0,0.0,,
CAMP05463,C0090,Discount,2025-11-17,23.25,1,1,0,1,1324.68,1,1324.68,1,1324.68,7,1324.68
CAMP05464,C0343,Birthday,2026-03-20,22.0,1,1,0,0,0.0,1,2403.73,1,2403.73,9,2403.73
CAMP05465,C0703,Discount,2025-08-20,25.0,1,0,0,1,2954.98,1,2954.98,1,3771.34,1,1466.52
CAMP05466,C0009,New Product,2026-01-29,23.0,0,0,0,0,0.0,0,0.0,0,0.0,,
CAMP05467,C0330,Win-back,2024-08-29,32.75,1,0,0,1,5865.34,1,5865.34,1,5865.34,1,1661.15
CAMP05468,C0490,Win-back,2025-04-29,27.5,1,1,0,1,954.54,1,3139.9,1,3139.9,3,954.54
CAMP05469,C0699,Loyalty,2025-08-07,22.0,0,0,0,1,8171.880000000001,1,9475.920000000002,1,15569.18,4,1717.69
CAMP05470,C0629,Festival,2025-12-04,29.0,1,0,0,1,8151.120000000001,1,8151.120000000001,1,8151.120000000001,3,3490.26
CAMP05471,C0880,Festival,2026-07-05,25.5,0,0,0,0,0.0,1,539.01,1,539.01,11,539.01
CAMP05472,C0265,Discount,2025-12-05,21.5,1,1,0,1,951.33,1,951.33,1,951.33,5,951.33
CAMP05473,C0163,Discount,2026-01-31,23.25,1,0,0,1,2378.89,1,3345.4,1,3345.4,3,2378.89
CAMP05474,C0751,Win-back,2026-08-30,32.75,1,1,0,0,0.0,0,0.0,0,0.0,,
CAMP05475,C0884,Birthday,2026-07-29,20.25,1,0,0,0,0.0,0,0.0,0,0.0,,
CAMP05476,C0433,Win-back,2026-03-31,31.0,1,1,1,0,0.0,1,2147.55,1,2147.55,8,2147.55
CAMP05477,C0414,New Product,2025-05-27,23.0,1,1,0,0,0.0,0,0.0,0,0.0,,
CAMP05478,C0511,Win-back,2025-02-01,32.75,1,0,0,1,2771.4,1,2771.4,1,2771.4,1,1385.7
CAMP05479,C0903,Discount,2026-07-29,23.25,1,0,0,0,0.0,0,0.0,0,0.0,,
CAMP05480,C0109,Birthday,2024-07-31,22.0,1,0,0,0,0.0,0,0.0,0,0.0,,
CAMP05481,C0217,Discount,2026-07-22,21.5,1,0,0,0,0.0,0,0.0,0,0.0,,
CAMP05482,C0874,Loyalty,2026-08-29,22.0,1,1,0,0,0.0,0,0.0,0,0.0,,
CAMP05483,C0184,New Product,2026-04-28,23.0,1,0,0,0,0.0,0,0.0,0,0.0,,
CAMP05484,C0837,Festival,2026-04-13,32.5,1,0,0,1,564.16,1,564.16,1,1128.9299999999998,5,564.16
CAMP05485,C0727,Win-back,2026-08-19,31.0,1,1,0,0,0.0,0,0.0,0,0.0,,
CAMP05486,C0121,New Product,2026-02-24,23.0,1,0,0,0,0.0,0,0.0,0,0.0,,
CAMP05487,C0528,Birthday,2026-06-19,22.0,1,0,0,1,6063.200000000001,1,13316.73,1,16572.579999999998,6,1212.64
CAMP05488,C0324,Loyalty,2025-02-14,14.0,1,1,0,0,0.0,0,0.0,0,0.0,,
CAMP05489,C0846,Festival,2026-04-05,25.5,1,0,0,1,8491.52,1,12417.04,1,16460.38,4,4245.76
CAMP05490,C0414,Discount,2026-04-04,21.5,1,0,0,1,9243.24,1,9243.24,1,9243.24,6,2310.81
CAMP05491,C0168,Win-back,2026-03-07,27.5,1,1,0,0,0.0,0,0.0,1,2812.22,16,1406.11
CAMP05492,C0837,Loyalty,2025-11-27,16.0,1,0,0,0,0.0,0,0.0,1,918.85,30,918.85
CAMP05493,C0565,Discount,2026-07-09,19.75,1,0,0,0,0.0,0,0.0,1,3377.12,18,1688.56
CAMP05494,C0124,Birthday,2026-04-26,18.5,1,1,1,0,0.0,0,0.0,1,2476.76,19,1238.38
CAMP05495,C0236,Win-back,2025-10-11,29.25,1,0,0,1,3309.76,1,3309.76,1,3309.76,6,1654.88
CAMP05496,C0022,New Product,2025-04-14,23.0,1,0,0,0,0.0,0,0.0,0,0.0,,
CAMP05497,C0817,Festival,2025-01-01,29.0,1,0,0,1,3334.32,1,5410.1900000000005,1,5410.1900000000005,3,1667.16
CAMP05498,C0852,New Product,2025-08-12,23.0,0,0,0,0,0.0,0,0.0,0,0.0,,
CAMP05499,C0626,Festival,2025-04-10,30.75,1,0,0,0,0.0,0,0.0,0,0.0,,
CAMP05500,C0975,New Product,2026-01-10,23.0,1,0,0,0,0.0,0,0.0,0,0.0,,
CAMP05501,C0405,Discount,2025-07-28,23.25,1,0,0,0,0.0,0,0.0,0,0.0,,
CAMP05502,C0533,New Product,2024-11-14,23.0,1,0,0,1,1388.84,1,1388.84,1,5225.78,6,694.42
CAMP05503,C0281,Loyalty,2024-12-31,18.0,1,0,0,1,1274.46,1,1274.46,1,1274.46,1,1274.46
CAMP05504,C0729,Loyalty,2025-09-30,22.0,0,0,0,0,0.0,1,5334.27,1,8929.96,14,1778.09
CAMP05505,C0127,Win-back,2025-10-18,31.0,1,0,0,0,0.0,0,0.0,0,0.0,,
CAMP05506,C0336,Discount,2024-02-27,25.0,1,1,0,0,0.0,0,0.0,0,0.0,,
CAMP05507,C0872,Win-back,2025-12-23,32.75,1,0,0,1,1853.2,1,1853.2,1,3118.74,5,1853.2
CAMP05508,C0501,New Product,2025-01-16,23.0,1,0,0,0,0.0,0,0.0,0,0.0,,
CAMP05509,C0439,New Product,2026-08-16,23.0,1,1,0,0,0.0,0,0.0,0,0.0,,
CAMP05510,C0003,Birthday,2024-11-04,22.0,1,1,0,0,0.0,0,0.0,0,0.0,,
CAMP05511,C0619,Birthday,2026-01-02,18.5,1,1,0,1,1112.91,1,1112.91,1,1112.91,4,370.97
CAMP05512,C0984,Loyalty,2026-08-05,18.0,1,0,0,0,0.0,0,0.0,0,0.0,,
CAMP05513,C0526,Win-back,2024-09-30,29.25,1,0,0,0,0.0,0,0.0,0,0.0,,
CAMP05514,C0811,Loyalty,2026-05-22,14.0,1,0,0,0,0.0,0,0.0,0,0.0,,
CAMP05515,C0634,Birthday,2026-01-02,20.25,1,0,0,1,6477.72,1,7949.84,1,7949.84,4,1619.43
CAMP05516,C0048,Festival,2025-05-18,27.25,1,0,0,1,5027.65,1,7970.609999999999,1,10061.41,5,929.84
CAMP05517,C0943,Win-back,2026-07-22,32.75,1,0,0,0,0.0,0,0.0,0,0.0,,
CAMP05518,C0885,Discount,2026-03-18,19.75,1,1,1,0,0.0,0,0.0,1,6507.4,15,1626.85
CAMP05519,C0860,Discount,2026-04-05,23.25,1,0,0,0,0.0,0,0.0,1,6184.390000000001,23,1136.14
CAMP05520,C0773,Discount,2025-11-23,21.5,1,1,1,0,0.0,0,0.0,1,2675.2700000000004,26,481.95
CAMP05521,C0942,Loyalty,2026-01-12,22.0,1,0,0,0,0.0,0,0.0,0,0.0,,
CAMP05522,C0041,Win-back,2026-03-05,31.0,1,0,0,0,0.0,0,0.0,1,3046.76,15,761.69
CAMP05523,C0684,Festival,2024-07-20,32.5,1,0,0,0,0.0,0,0.0,1,6444.42,28,2148.14
CAMP05524,C0516,Discount,2025-12-21,25.0,1,0,0,0,0.0,0,0.0,0,0.0,,
CAMP05525,C0585,Loyalty,2026-04-08,18.0,1,0,0,0,0.0,0,0.0,0,0.0,,
CAMP05526,C0201,Discount,2026-08-31,21.5,1,0,0,0,0.0,0,0.0,0,0.0,,
CAMP05527,C0174,Birthday,2025-01-04,18.5,1,0,0,1,3102.38,1,3102.38,1,7898.000000000001,2,1551.19
CAMP05528,C0779,Win-back,2026-05-14,32.75,1,0,0,0,0.0,0,0.0,0,0.0,,
CAMP05529,C0771,Festival,2026-08-28,25.5,1,0,0,0,0.0,0,0.0,0,0.0,,
CAMP05530,C0436,Birthday,2025-12-10,20.25,1,1,0,0,0.0,0,0.0,1,6072.55,23,2441.13
CAMP05531,C0583,New Product,2026-07-21,23.0,1,0,0,0,0.0,0,0.0,0,0.0,,
CAMP05532,C0238,Birthday,2025-04-23,20.25,1,0,0,0,0.0,0,0.0,1,4871.98,19,2435.99
CAMP05533,C0275,Loyalty,2024-12-12,22.0,1,1,0,0,0.0,0,0.0,0,0.0,,
CAMP05534,C0529,Discount,2026-03-20,21.5,1,1,0,0,0.0,0,0.0,1,7105.27,24,1080.27
CAMP05535,C0696,Win-back,2026-05-17,29.25,1,1,0,1,1820.97,1,2850.26,1,2850.26,6,1820.97
CAMP05536,C0614,Win-back,2025-11-17,27.5,1,1,0,1,1464.46,1,1464.46,1,1464.46,3,1464.46
CAMP05537,C0068,Festival,2025-09-01,27.25,1,1,1,0,0.0,1,7369.91,1,13525.38,9,958.99
CAMP05538,C0281,Birthday,2024-05-29,22.0,1,0,0,0,0.0,0,0.0,0,0.0,,
CAMP05539,C0099,New Product,2025-05-04,23.0,1,1,0,0,0.0,1,1898.04,1,1898.04,8,1399.17
CAMP05540,C0808,Discount,2026-02-24,19.75,1,1,0,0,0.0,0,0.0,0,0.0,,
CAMP05541,C0269,Birthday,2024-12-27,18.5,1,0,0,0,0.0,1,7906.88,1,7906.88,10,1976.72
CAMP05542,C0194,Discount,2024-12-20,19.75,1,0,0,0,0.0,1,746.42,1,746.42,11,746.42
CAMP05543,C0029,Birthday,2024-09-19,22.0,1,0,0,0,0.0,0,0.0,0,0.0,,
CAMP05544,C0765,Win-back,2026-07-13,31.0,1,1,0,0,0.0,0,0.0,0,0.0,,
CAMP05545,C0984,New Product,2026-08-01,23.0,1,0,0,0,0.0,0,0.0,0,0.0,,
CAMP05546,C0126,Loyalty,2026-08-14,18.0,1,0,0,0,0.0,0,0.0,0,0.0,,
CAMP05547,C0995,Discount,2026-06-06,25.0,0,0,0,1,1713.03,1,1713.03,1,1713.03,4,1713.03
CAMP05548,C0036,New Product,2026-03-30,23.0,1,1,0,0,0.0,0,0.0,0,0.0,,
CAMP05549,C0048,Birthday,2025-02-05,20.25,1,0,0,0,0.0,0,0.0,0,0.0,,
CAMP05550,C0425,Loyalty,2025-01-05,16.0,1,0,0,0,0.0,0,0.0,0,0.0,,
CAMP05551,C0457,New Product,2025-03-11,23.0,1,0,0,0,0.0,0,0.0,1,572.57,16,572.57
CAMP05552,C0589,Birthday,2026-06-22,18.5,0,0,0,0,0.0,0,0.0,0,0.0,,
CAMP05553,C0156,New Product,2026-04-07,23.0,0,0,0,0,0.0,1,3744.15,1,3744.15,13,1248.05
CAMP05554,C0118,Discount,2025-12-06,19.75,1,1,0,0,0.0,0,0.0,1,2946.54,22,754.19
CAMP05555,C0139,Loyalty,2024-11-12,18.0,1,1,0,0,0.0,0,0.0,0,0.0,,
CAMP05556,C0476,Loyalty,2025-11-28,22.0,1,0,0,0,0.0,1,3411.72,1,4664.06,8,1705.86
CAMP05557,C0188,Festival,2026-05-25,32.5,1,0,0,1,1062.02,1,1062.02,1,13008.260000000002,7,1062.02
CAMP05558,C0586,Birthday,2026-05-30,18.5,1,0,0,0,0.0,0,0.0,0,0.0,,
CAMP05559,C0233,Win-back,2025-12-21,31.0,1,0,0,0,0.0,0,0.0,0,0.0,,
CAMP05560,C0371,Discount,2024-04-11,25.0,1,0,0,0,0.0,0,0.0,0,0.0,,
CAMP05561,C0331,New Product,2026-07-25,23.0,1,0,0,0,0.0,0,0.0,1,1390.77,16,1390.77
CAMP05562,C0542,Discount,2026-06-09,25.0,1,0,0,0,0.0,0,0.0,0,0.0,,
CAMP05563,C0175,Festival,2026-08-17,32.5,1,1,0,0,0.0,0,0.0,0,0.0,,
CAMP05564,C0660,Loyalty,2026-01-26,22.0,1,0,0,1,1052.97,1,1052.97,1,1052.97,5,1052.97
CAMP05565,C0004,Loyalty,2026-08-17,16.0,1,1,1,0,0.0,0,0.0,0,0.0,,
CAMP05566,C0856,Discount,2026-07-27,23.25,0,0,0,0,0.0,0,0.0,0,0.0,,
CAMP05567,C0810,Loyalty,2026-08-07,16.0,1,1,0,0,0.0,0,0.0,0,0.0,,
CAMP05568,C0112,Loyalty,2026-07-06,14.0,0,0,0,0,0.0,0,0.0,0,0.0,,
CAMP05569,C0100,Loyalty,2025-03-26,16.0,1,0,0,0,0.0,0,0.0,1,2201.34,29,1100.67
CAMP05570,C0527,Win-back,2026-06-20,27.5,1,0,0,0,0.0,0,0.0,1,2532.5,21,1266.25
CAMP05571,C0274,Win-back,2025-12-03,29.25,1,0,0,0,0.0,0,0.0,0,0.0,,
CAMP05572,C0905,Discount,2026-07-18,23.25,1,0,0,0,0.0,0,0.0,0,0.0,,
CAMP05573,C0867,Festival,2025-02-20,32.5,1,0,0,0,0.0,0,0.0,1,2544.94,15,1272.47
CAMP05574,C0245,New Product,2026-04-08,23.0,1,0,0,0,0.0,0,0.0,0,0.0,,
CAMP05575,C0946,Festival,2025-09-25,25.5,0,0,0,0,0.0,0,0.0,0,0.0,,
CAMP05576,C0601,Loyalty,2025-11-20,14.0,1,0,0,0,0.0,0,0.0,0,0.0,,
CAMP05577,C0324,Win-back,2025-04-14,31.0,1,0,0,0,0.0,0,0.0,0,0.0,,
CAMP05578,C0729,New Product,2025-03-19,23.0,1,0,0,0,0.0,0,0.0,0,0.0,,
CAMP05579,C0996,New Product,2026-02-24,23.0,1,0,0,0,0.0,0,0.0,0,0.0,,
CAMP05580,C0932,New Product,2026-02-25,23.0,1,0,0,0,0.0,0,0.0,0,0.0,,
CAMP05581,C0982,Discount,2025-02-12,21.5,1,0,0,0,0.0,0,0.0,1,2054.03,17,2054.03
CAMP05582,C0714,Loyalty,2026-04-25,16.0,1,0,0,1,4750.45,1,4750.45,1,4750.45,4,1388.0
CAMP05583,C0315,Loyalty,2026-02-28,16.0,1,0,0,0,0.0,0,0.0,0,0.0,,
CAMP05584,C0659,Loyalty,2025-11-25,14.0,1,0,0,1,1206.34,1,2552.44,1,2552.44,1,603.17
CAMP05585,C0580,New Product,2025-07-21,23.0,1,0,0,0,0.0,0,0.0,1,2151.12,15,2151.12
CAMP05586,C0228,Loyalty,2025-08-12,14.0,0,0,0,0,0.0,0,0.0,0,0.0,,
CAMP05587,C0124,Discount,2025-03-10,23.25,1,1,1,0,0.0,0,0.0,0,0.0,,
CAMP05588,C0688,Win-back,2026-03-30,29.25,1,0,0,0,0.0,0,0.0,0,0.0,,
CAMP05589,C0518,Loyalty,2026-04-14,22.0,1,1,0,0,0.0,0,0.0,1,4583.16,20,2291.58
CAMP05590,C0822,Festival,2026-06-25,25.5,1,0,0,0,0.0,0,0.0,1,4142.22,16,2071.11
CAMP05591,C0953,Festival,2026-05-15,32.5,1,0,0,0,0.0,0,0.0,0,0.0,,
CAMP05592,C0052,Discount,2026-08-08,23.25,1,1,1,1,2057.88,1,2057.88,1,2057.88,1,1028.94
CAMP05593,C0553,Discount,2026-08-02,25.0,1,0,0,0,0.0,0,0.0,0,0.0,,
CAMP05594,C0141,Loyalty,2026-05-14,16.0,0,0,0,0,0.0,0,0.0,0,0.0,,
CAMP05595,C0605,New Product,2026-03-07,23.0,1,1,0,0,0.0,1,3398.01,1,4946.97,9,1132.67
CAMP05596,C0244,Birthday,2025-11-06,20.25,1,1,1,0,0.0,1,2841.62,1,8237.26,9,1420.81
CAMP05597,C0746,Discount,2024-08-07,25.0,1,1,0,0,0.0,0,0.0,0,0.0,,
CAMP05598,C0899,Discount,2024-06-20,23.25,1,0,0,0,0.0,0,0.0,0,0.0,,
CAMP05599,C0327,Discount,2025-07-14,23.25,1,1,0,0,0.0,0,0.0,1,2461.96,18,1230.98
CAMP05600,C0732,Discount,2024-01-21,21.5,1,1,0,0,0.0,1,698.25,1,3490.73,8,698.25
CAMP05601,C0677,Loyalty,2025-04-30,22.0,1,0,0,0,0.0,0,0.0,1,2130.95,21,800.98
CAMP05602,C0192,Birthday,2026-02-12,22.0,1,0,0,1,1320.28,1,1320.28,1,5248.969999999999,7,660.14
CAMP05603,C0324,Festival,2025-02-19,32.5,1,0,0,0,0.0,0,0.0,0,0.0,,
CAMP05604,C0602,New Product,2025-09-10,23.0,1,1,1,1,1175.23,1,1175.23,1,1817.61,7,1175.23
CAMP05605,C0228,Festival,2025-06-08,29.0,1,0,0,0,0.0,0,0.0,0,0.0,,
CAMP05606,C0052,Birthday,2026-08-01,18.5,1,0,0,0,0.0,1,2057.88,1,2057.88,8,1028.94
CAMP05607,C0051,Discount,2026-07-08,19.75,1,0,0,0,0.0,0,0.0,0,0.0,,
CAMP05608,C0261,Birthday,2026-06-28,20.25,1,0,0,1,8224.86,1,13808.37,1,13808.37,3,1329.43
CAMP05609,C0392,Win-back,2026-05-21,27.5,1,0,0,0,0.0,0,0.0,0,0.0,,
CAMP05610,C0190,Festival,2024-06-26,30.75,1,1,0,0,0.0,0,0.0,0,0.0,,
CAMP05611,C0435,Win-back,2024-12-05,31.0,1,0,0,0,0.0,0,0.0,1,785.78,21,785.78
CAMP05612,C0348,Festival,2026-04-05,32.5,1,1,0,0,0.0,0,0.0,1,1910.44,26,1910.44
CAMP05613,C0793,Discount,2026-04-18,19.75,1,0,0,0,0.0,1,3672.68,1,3672.68,9,1836.34
CAMP05614,C0952,Win-back,2025-09-09,29.25,0,0,0,0,0.0,0,0.0,1,1485.2,26,742.6
CAMP05615,C0587,New Product,2024-08-02,23.0,1,0,0,0,0.0,0,0.0,0,0.0,,
CAMP05616,C0004,Birthday,2026-08-11,20.25,1,0,0,0,0.0,0,0.0,0,0.0,,
CAMP05617,C0238,Discount,2025-04-05,19.75,1,1,1,0,0.0,0,0.0,0,0.0,,
CAMP05618,C0708,Win-back,2025-08-16,32.75,1,0,0,1,1696.46,1,1696.46,1,1696.46,1,848.23
CAMP05619,C0299,New Product,2024-07-08,23.0,0,0,0,0,0.0,0,0.0,0,0.0,,
CAMP05620,C0948,Birthday,2026-04-12,22.0,1,1,1,0,0.0,0,0.0,0,0.0,,
CAMP05621,C0903,Win-back,2026-08-19,31.0,1,0,0,0,0.0,0,0.0,0,0.0,,
CAMP05622,C0060,Discount,2026-07-10,21.5,1,0,0,0,0.0,0,0.0,0,0.0,,
CAMP05623,C0204,Win-back,2026-02-01,32.75,1,0,0,1,5786.52,1,7634.49,1,9733.59,2,1446.63
CAMP05624,C0896,Festival,2025-05-13,29.0,1,0,0,0,0.0,0,0.0,0,0.0,,
CAMP05625,C0359,Discount,2024-09-24,23.25,1,0,0,1,980.35,1,980.35,1,980.35,1,980.35
CAMP05626,C0379,New Product,2025-05-09,23.0,1,0,0,0,0.0,0,0.0,0,0.0,,
CAMP05627,C0948,Win-back,2026-07-04,31.0,1,0,0,0,0.0,0,0.0,1,3847.4,17,1923.7
CAMP05628,C0750,New Product,2026-02-04,23.0,1,0,0,0,0.0,1,1858.98,1,1858.98,12,1858.98
CAMP05629,C0874,New Product,2026-03-04,23.0,1,0,0,1,1227.32,1,4500.9,1,15112.48,4,1227.32
CAMP05630,C0746,Loyalty,2025-12-21,16.0,1,1,0,0,0.0,0,0.0,0,0.0,,
CAMP05631,C0099,Festival,2024-10-06,30.75,1,0,0,0,0.0,1,2172.03,1,2172.03,13,724.01
CAMP05632,C0466,Festival,2025-07-10,30.75,1,0,0,0,0.0,0,0.0,1,362.58,30,362.58
CAMP05633,C0460,Win-back,2025-06-08,29.25,1,0,0,0,0.0,0,0.0,0,0.0,,
CAMP05634,C0466,Discount,2026-05-02,19.75,1,0,0,0,0.0,1,1467.31,1,2104.42,12,1467.31
CAMP05635,C0316,Loyalty,2026-05-27,18.0,1,0,0,1,4759.38,1,5723.06,1,12981.989999999998,2,2379.69
CAMP05636,C0955,Festival,2025-12-29,32.5,1,0,0,0,0.0,1,1555.67,1,3222.96,8,1555.67
CAMP05637,C0958,Festival,2025-08-17,27.25,1,0,0,0,0.0,0,0.0,0,0.0,,
CAMP05638,C0783,New Product,2026-02-11,23.0,1,1,0,1,2004.72,1,2004.72,1,2004.72,3,501.18
CAMP05639,C0320,Festival,2023-10-06,30.75,1,0,0,0,0.0,0,0.0,0,0.0,,
CAMP05640,C0427,New Product,2026-08-17,23.0,1,0,0,0,0.0,0,0.0,0,0.0,,
CAMP05641,C0030,Birthday,2024-05-21,20.25,1,0,0,0,0.0,0,0.0,1,4723.030000000001,15,1386.88
CAMP05642,C0090,Win-back,2026-04-20,31.0,1,0,0,0,0.0,0,0.0,1,3741.76,28,1870.88
CAMP05643,C0113,Win-back,2026-04-03,27.5,1,1,1,0,0.0,1,1049.31,1,1049.31,11,1049.31
CAMP05644,C0282,Festival,2025-10-21,29.0,1,0,0,0,0.0,1,1283.38,1,6843.1,13,1283.38
CAMP05645,C0248,Loyalty,2026-01-08,22.0,1,0,0,0,0.0,0,0.0,1,1204.19,21,1204.19
CAMP05646,C0849,Discount,2026-06-05,23.25,1,1,1,1,3358.16,1,3358.16,1,4587.67,6,1679.08
CAMP05647,C0279,Discount,2026-06-06,25.0,1,0,0,0,0.0,0,0.0,0,0.0,,
CAMP05648,C0909,Discount,2026-06-22,25.0,1,1,1,0,0.0,0,0.0,1,4100.78,25,2050.39
CAMP05649,C0423,New Product,2026-05-26,23.0,1,0,0,1,1306.63,1,5254.490000000001,1,7130.080000000001,2,1306.63
CAMP05650,C0369,Discount,2026-06-04,25.0,1,0,0,0,0.0,0,0.0,0,0.0,,
CAMP05651,C0849,Loyalty,2024-11-06,16.0,1,0,0,0,0.0,1,4472.12,1,4472.12,8,2236.06
CAMP05652,C0237,New Product,2025-09-18,23.0,1,0,0,0,0.0,0,0.0,0,0.0,,
CAMP05653,C0533,Loyalty,2025-05-29,22.0,1,0,0,0,0.0,0,0.0,0,0.0,,
CAMP05654,C0966,Discount,2026-05-19,23.25,1,1,0,1,4717.52,1,4717.52,1,10070.66,2,2358.76
CAMP05655,C0852,Win-back,2025-05-08,32.75,0,0,0,1,3177.51,1,5812.33,1,9418.37,3,2488.47
CAMP05656,C0777,Discount,2025-04-13,21.5,1,0,0,0,0.0,0,0.0,0,0.0,,
CAMP05657,C0043,Festival,2025-11-16,29.0,1,0,0,0,0.0,0,0.0,0,0.0,,
CAMP05658,C0804,Win-back,2025-04-09,27.5,1,0,0,0,0.0,1,2158.84,1,2158.84,11,1079.42
CAMP05659,C0857,Festival,2026-05-12,30.75,1,0,0,1,8477.0,1,8477.0,1,9378.19,4,1055.51
CAMP05660,C0446,New Product,2026-06-23,23.0,0,0,0,0,0.0,0,0.0,0,0.0,,
CAMP05661,C0099,Festival,2025-06-05,29.0,1,0,0,0,0.0,0,0.0,0,0.0,,
CAMP05662,C0194,Loyalty,2026-02-08,14.0,1,0,0,1,1178.76,1,2396.67,1,6198.99,3,1178.76
CAMP05663,C0727,Festival,2026-03-28,25.5,1,0,0,0,0.0,0,0.0,0,0.0,,
CAMP05664,C0380,New Product,2026-03-06,23.0,0,0,0,1,2854.69,1,2854.69,1,2854.69,2,792.16
CAMP05665,C0532,Discount,2026-06-30,21.5,1,0,0,1,1910.26,1,1910.26,1,1910.26,4,955.13
CAMP05666,C0914,Discount,2026-04-07,19.75,1,0,0,0,0.0,0,0.0,0,0.0,,
CAMP05667,C0359,Discount,2026-07-02,19.75,0,0,0,0,0.0,0,0.0,0,0.0,,
CAMP05668,C0230,Win-back,2026-05-29,31.0,1,1,0,1,4328.36,1,5789.94,1,7301.009999999999,7,2164.18
CAMP05669,C0272,Win-back,2025-03-20,32.75,1,0,0,0,0.0,0,0.0,1,1618.92,21,1618.92
CAMP05670,C0350,Win-back,2025-09-18,31.0,1,0,0,0,0.0,0,0.0,0,0.0,,
CAMP05671,C0283,Discount,2025-11-07,21.5,1,0,0,0,0.0,0,0.0,0,0.0,,
CAMP05672,C0635,Win-back,2026-03-17,32.75,0,0,0,0,0.0,0,0.0,1,3753.55,15,1949.94
CAMP05673,C0472,New Product,2026-03-18,23.0,1,1,0,0,0.0,1,2269.62,1,2269.62,14,1134.81
CAMP05674,C0090,Loyalty,2026-05-21,22.0,1,0,0,0,0.0,1,1635.78,1,3369.83,14,1635.78
CAMP05675,C0313,New Product,2025-10-20,23.0,1,0,0,0,0.0,0,0.0,0,0.0,,
CAMP05676,C0231,Discount,2026-04-09,19.75,1,0,0,0,0.0,0,0.0,0,0.0,,
CAMP05677,C0040,Win-back,2026-03-24,29.25,1,1,0,0,0.0,0,0.0,1,942.23,15,942.23
CAMP05678,C0260,Discount,2025-03-20,23.25,1,0,0,0,0.0,0,0.0,0,0.0,,
CAMP05679,C0923,Birthday,2026-07-13,20.25,1,1,1,0,0.0,1,1169.9,1,1169.9,11,584.95
CAMP05680,C0738,Birthday,2025-09-14,20.25,1,0,0,0,0.0,0,0.0,0,0.0,,
CAMP05681,C0757,Festival,2025-12-31,27.25,1,0,0,0,0.0,0,0.0,1,2176.32,21,1088.16
CAMP05682,C0768,New Product,2025-02-20,23.0,1,0,0,0,0.0,0,0.0,0,0.0,,
CAMP05683,C0408,Loyalty,2025-08-31,16.0,1,0,0,0,0.0,1,856.06,1,856.06,10,856.06
CAMP05684,C0102,Loyalty,2024-03-06,14.0,1,0,0,0,0.0,0,0.0,0,0.0,,
CAMP05685,C0187,Loyalty,2026-07-31,16.0,1,0,0,0,0.0,0,0.0,0,0.0,,
CAMP05686,C0396,Loyalty,2026-03-08,18.0,0,0,0,0,0.0,0,0.0,1,1100.35,19,1100.35
CAMP05687,C0930,Festival,2026-07-17,27.25,1,0,0,0,0.0,0,0.0,0,0.0,,
CAMP05688,C0556,Discount,2026-08-10,21.5,1,0,0,0,0.0,0,0.0,0,0.0,,
CAMP05689,C0930,Festival,2026-08-13,25.5,1,0,0,0,0.0,0,0.0,0,0.0,,
CAMP05690,C0792,Festival,2025-12-09,27.25,1,0,0,1,420.8,1,420.8,1,420.8,3,420.8
CAMP05691,C0165,Win-back,2025-07-06,32.75,0,0,0,0,0.0,0,0.0,1,1584.51,25,1584.51
CAMP05692,C0871,Win-back,2025-07-13,32.75,1,1,1,0,0.0,1,10107.64,1,15630.1,10,2526.91
CAMP05693,C0183,Loyalty,2026-04-05,16.0,1,0,0,1,2686.78,1,2686.78,1,7305.08,5,1343.39
CAMP05694,C0641,New Product,2024-12-25,23.0,1,0,0,0,0.0,0,0.0,1,2270.2,17,1135.1
CAMP05695,C0541,Birthday,2026-08-22,22.0,1,1,1,0,0.0,0,0.0,0,0.0,,
CAMP05696,C0254,Win-back,2024-09-25,27.5,1,0,0,0,0.0,0,0.0,0,0.0,,
CAMP05697,C0864,Birthday,2025-05-09,18.5,1,0,0,0,0.0,1,6238.5,1,10725.12,8,1465.14
CAMP05698,C0068,Discount,2026-05-31,23.25,1,0,0,1,9407.9,1,11096.71,1,13461.32,4,2309.38
CAMP05699,C0414,Discount,2026-07-04,19.75,1,0,0,0,0.0,0,0.0,0,0.0,,
CAMP05700,C0692,New Product,2026-06-15,23.0,1,0,0,0,0.0,0,0.0,1,4478.37,25,1492.79
CAMP05701,C0536,Win-back,2025-06-03,29.25,1,1,1,0,0.0,0,0.0,0,0.0,,
CAMP05702,C0886,Win-back,2026-01-15,31.0,1,0,0,0,0.0,0,0.0,1,5875.299999999999,17,1015.06
CAMP05703,C0505,Festival,2026-08-16,30.75,1,0,0,0,0.0,0,0.0,0,0.0,,
CAMP05704,C0203,Birthday,2025-08-06,18.5,1,0,0,0,0.0,0,0.0,0,0.0,,
CAMP05705,C0782,Festival,2026-05-09,27.25,1,0,0,0,0.0,0,0.0,0,0.0,,
CAMP05706,C0349,Birthday,2025-05-07,20.25,1,1,1,0,0.0,1,2159.98,1,2159.98,8,601.87
CAMP05707,C0258,Discount,2025-11-24,23.25,1,1,1,0,0.0,0,0.0,0,0.0,,
CAMP05708,C0629,Discount,2023-10-08,23.25,1,0,0,0,0.0,0,0.0,0,0.0,,
CAMP05709,C0423,Loyalty,2024-11-29,22.0,1,0,0,0,0.0,0,0.0,0,0.0,,
CAMP05710,C0879,Loyalty,2025-12-01,18.0,1,0,0,0,0.0,0,0.0,0,0.0,,
CAMP05711,C0848,New Product,2025-10-23,23.0,1,0,0,0,0.0,0,0.0,0,0.0,,
CAMP05712,C0865,Win-back,2026-05-03,27.5,1,1,0,0,0.0,1,6411.780000000001,1,8979.320000000002,14,2137.26
CAMP05713,C0093,New Product,2025-08-30,23.0,1,0,0,1,885.16,1,1988.62,1,1988.62,2,885.16
CAMP05714,C0013,Festival,2024-12-25,27.25,1,1,1,0,0.0,0,0.0,1,1848.24,26,1848.24
CAMP05715,C0821,New Product,2024-09-21,23.0,1,0,0,0,0.0,0,0.0,1,1561.33,22,1561.33
CAMP05716,C0862,Loyalty,2026-08-06,14.0,1,0,0,0,0.0,0,0.0,0,0.0,,
CAMP05717,C0116,Loyalty,2026-08-11,18.0,1,1,1,0,0.0,0,0.0,0,0.0,,
CAMP05718,C0146,Discount,2023-11-12,23.25,1,0,0,0,0.0,0,0.0,0,0.0,,
CAMP05719,C0889,Birthday,2026-05-19,18.5,1,0,0,0,0.0,0,0.0,0,0.0,,
CAMP05720,C0143,Birthday,2025-07-19,22.0,1,0,0,1,1280.37,1,1280.37,1,2640.04,3,650.14
CAMP05721,C0625,Discount,2026-06-08,25.0,1,0,0,0,0.0,0,0.0,1,2498.74,25,668.11
CAMP05722,C0485,Discount,2025-07-26,25.0,1,1,0,0,0.0,0,0.0,1,2299.18,26,1149.59
CAMP05723,C0477,New Product,2025-08-22,23.0,1,0,0,0,0.0,0,0.0,1,6527.52,15,1223.35
CAMP05724,C0308,Discount,2026-03-10,21.5,1,1,0,0,0.0,0,0.0,0,0.0,,
CAMP05725,C0110,Loyalty,2026-04-27,14.0,1,0,0,0,0.0,1,11300.37,1,11300.37,10,2524.93
CAMP05726,C0517,Festival,2026-05-24,32.5,1,0,0,0,0.0,0,0.0,0,0.0,,
CAMP05727,C0194,Loyalty,2026-04-27,16.0,1,0,0,0,0.0,0,0.0,0,0.0,,
CAMP05728,C0543,New Product,2025-01-03,23.0,1,0,0,0,0.0,0,0.0,0,0.0,,
CAMP05729,C0124,Birthday,2025-02-14,20.25,1,1,1,0,0.0,0,0.0,0,0.0,,
CAMP05730,C0955,New Product,2024-10-26,23.0,1,0,0,0,0.0,0,0.0,1,4947.7300000000005,16,974.83
CAMP05731,C0439,Birthday,2026-07-05,22.0,0,0,0,1,698.65,1,698.65,1,1414.56,7,698.65
CAMP05732,C0561,Discount,2025-04-10,25.0,1,0,0,0,0.0,0,0.0,1,7166.88,15,2075.23
CAMP05733,C0537,Festival,2024-08-12,25.5,1,0,0,0,0.0,0,0.0,0,0.0,,
CAMP05734,C0239,Loyalty,2026-07-18,22.0,1,0,0,0,0.0,0,0.0,0,0.0,,
CAMP05735,C0507,Discount,2026-04-27,25.0,1,0,0,0,0.0,0,0.0,0,0.0,,
CAMP05736,C0290,Loyalty,2026-06-10,14.0,1,0,0,0,0.0,0,0.0,0,0.0,,
CAMP05737,C0817,New Product,2025-04-14,23.0,1,0,0,1,3493.0,1,3493.0,1,3493.0,3,1746.5
CAMP05738,C0637,Festival,2025-11-23,30.75,1,0,0,0,0.0,0,0.0,0,0.0,,
CAMP05739,C0332,Loyalty,2024-10-08,16.0,1,0,0,0,0.0,0,0.0,0,0.0,,
CAMP05740,C0577,New Product,2025-09-24,23.0,1,0,0,0,0.0,0,0.0,1,1152.67,25,1152.67
CAMP05741,C0925,Discount,2025-09-05,19.75,0,0,0,0,0.0,0,0.0,0,0.0,,
CAMP05742,C0114,New Product,2025-11-17,23.0,1,0,0,0,0.0,0,0.0,0,0.0,,
CAMP05743,C0139,Festival,2025-11-11,29.0,1,0,0,0,0.0,1,730.27,1,730.27,13,730.27
CAMP05744,C0961,New Product,2026-05-27,23.0,1,0,0,1,2703.88,1,2703.88,1,2703.88,7,1351.94
CAMP05745,C0943,Win-back,2026-08-24,31.0,1,1,1,0,0.0,0,0.0,0,0.0,,
CAMP05746,C0155,Birthday,2026-07-14,18.5,1,0,0,0,0.0,0,0.0,0,0.0,,
CAMP05747,C0891,New Product,2026-04-22,23.0,1,0,0,0,0.0,0,0.0,0,0.0,,
CAMP05748,C0859,Birthday,2025-09-18,20.25,1,0,0,0,0.0,0,0.0,1,1075.3,20,1075.3
CAMP05749,C0724,Loyalty,2024-11-24,14.0,1,1,0,0,0.0,0,0.0,1,1830.68,23,915.34
CAMP05750,C0444,Birthday,2026-03-08,22.0,1,0,0,1,2695.2,1,2695.2,1,2695.2,3,2695.2
CAMP05751,C0750,Birthday,2026-04-15,20.25,1,1,0,0,0.0,0,0.0,0,0.0,,
CAMP05752,C0335,Win-back,2024-12-08,29.25,1,0,0,0,0.0,0,0.0,1,4180.66,25,819.86
CAMP05753,C0581,New Product,2026-08-02,23.0,1,0,0,1,2680.22,1,2680.22,1,2680.22,3,1340.11
CAMP05754,C0576,Win-back,2026-06-13,32.75,1,1,1,1,1479.14,1,1479.14,1,1479.14,4,1479.14
CAMP05755,C0290,Festival,2026-04-11,30.75,1,0,0,0,0.0,0,0.0,0,0.0,,
CAMP05756,C0495,Birthday,2026-05-04,18.5,1,0,0,0,0.0,0,0.0,0,0.0,,
CAMP05757,C0030,New Product,2024-07-16,23.0,1,0,0,0,0.0,0,0.0,0,0.0,,
CAMP05758,C0116,Birthday,2025-09-07,18.5,1,1,0,0,0.0,0,0.0,0,0.0,,
CAMP05759,C0804,Birthday,2025-02-27,18.5,1,0,0,0,0.0,0,0.0,1,2159.28,28,719.76
CAMP05760,C0095,Festival,2024-09-24,29.0,1,0,0,1,5115.299999999999,1,5115.299999999999,1,5115.299999999999,1,1705.1
CAMP05761,C0293,New Product,2025-04-16,23.0,1,1,0,0,0.0,0,0.0,0,0.0,,
CAMP05762,C0111,Festival,2026-05-07,25.5,1,1,0,0,0.0,0,0.0,0,0.0,,
CAMP05763,C0297,Birthday,2024-11-22,20.25,1,0,0,0,0.0,0,0.0,0,0.0,,
CAMP05764,C0247,Loyalty,2026-01-20,16.0,0,0,0,0,0.0,1,1715.18,1,1715.18,13,857.59
CAMP05765,C0026,Festival,2026-07-29,25.5,1,1,0,1,5342.04,1,5342.04,1,5342.04,6,1780.68
CAMP05766,C0373,Birthday,2026-07-31,20.25,1,0,0,0,0.0,0,0.0,0,0.0,,
CAMP05767,C0265,Loyalty,2026-06-10,16.0,1,0,0,0,0.0,0,0.0,0,0.0,,
CAMP05768,C0427,New Product,2026-04-29,23.0,1,1,0,0,0.0,0,0.0,0,0.0,,
CAMP05769,C0588,Festival,2023-12-21,30.75,1,1,1,0,0.0,0,0.0,1,3570.17,26,781.15
CAMP05770,C0944,New Product,2026-05-10,23.0,1,0,0,0,0.0,0,0.0,0,0.0,,
CAMP05771,C0587,Win-back,2025-07-25,32.75,1,0,0,0,0.0,0,0.0,0,0.0,,
CAMP05772,C0446,Loyalty,2026-07-04,16.0,1,0,0,0,0.0,0,0.0,0,0.0,,
CAMP05773,C0016,Birthday,2024-04-15,22.0,1,0,0,0,0.0,0,0.0,0,0.0,,
CAMP05774,C0590,New Product,2025-04-16,23.0,1,1,0,1,482.76,1,482.76,1,6400.68,5,482.76
CAMP05775,C0739,Win-back,2026-06-02,29.25,1,1,0,1,908.13,1,908.13,1,2484.99,2,908.13
CAMP05776,C0895,Birthday,2026-05-19,20.25,1,0,0,0,0.0,0,0.0,0,0.0,,
CAMP05777,C0136,Win-back,2024-09-02,29.25,1,0,0,0,0.0,0,0.0,0,0.0,,
CAMP05778,C0480,New Product,2026-08-08,23.0,1,0,0,0,0.0,0,0.0,0,0.0,,
CAMP05779,C0844,Discount,2026-04-13,19.75,1,0,0,0,0.0,0,0.0,0,0.0,,
CAMP05780,C0289,Birthday,2025-09-04,18.5,1,0,0,0,0.0,0,0.0,0,0.0,,
CAMP05781,C0208,New Product,2026-02-19,23.0,1,0,0,0,0.0,0,0.0,0,0.0,,
CAMP05782,C0915,New Product,2024-12-24,23.0,1,0,0,0,0.0,0,0.0,0,0.0,,
CAMP05783,C0097,New Product,2026-08-01,23.0,1,0,0,1,2665.56,1,2665.56,1,2665.56,5,1332.78
CAMP05784,C0060,Discount,2026-08-25,23.25,1,0,0,0,0.0,0,0.0,0,0.0,,
CAMP05785,C0040,Loyalty,2026-06-22,18.0,1,0,0,0,0.0,0,0.0,1,2280.44,19,1140.22
CAMP05786,C0693,Discount,2026-06-01,21.5,1,1,1,0,0.0,0,0.0,0,0.0,,
CAMP05787,C0553,Discount,2026-08-24,21.5,0,0,0,0,0.0,0,0.0,0,0.0,,
CAMP05788,C0824,Festival,2026-08-03,32.5,1,1,0,0,0.0,0,0.0,0,0.0,,
CAMP05789,C0240,Discount,2026-08-06,23.25,1,0,0,0,0.0,0,0.0,0,0.0,,
CAMP05790,C0389,Win-back,2026-08-13,27.5,0,0,0,0,0.0,0,0.0,0,0.0,,
CAMP05791,C0633,Loyalty,2025-08-12,22.0,0,0,0,0,0.0,0,0.0,1,1505.32,17,752.66
CAMP05792,C0684,Birthday,2026-02-02,18.5,1,0,0,0,0.0,0,0.0,0,0.0,,
CAMP05793,C0309,Loyalty,2026-07-27,14.0,1,0,0,0,0.0,0,0.0,0,0.0,,
CAMP05794,C0675,Loyalty,2024-01-25,16.0,1,0,0,0,0.0,1,1754.1,1,6073.2300000000005,14,1754.1
CAMP05795,C0899,Birthday,2024-05-23,20.25,1,0,0,0,0.0,0,0.0,1,796.52,16,796.52
CAMP05796,C0153,Win-back,2026-08-05,31.0,1,1,0,0,0.0,0,0.0,0,0.0,,
CAMP05797,C0348,Festival,2025-07-23,25.5,1,1,1,1,2492.36,1,7882.559999999999,1,7882.559999999999,2,1246.18
CAMP05798,C0174,New Product,2025-11-04,23.0,1,1,0,0,0.0,1,2428.71,1,6751.070000000001,12,738.32
CAMP05799,C0286,Birthday,2025-11-04,18.5,1,1,0,0,0.0,1,1292.91,1,3092.79,9,1292.91
CAMP05800,C0108,Festival,2025-02-24,32.5,1,1,0,0,0.0,0,0.0,0,0.0,,
CAMP05801,C0962,Discount,2026-08-05,25.0,1,0,0,0,0.0,0,0.0,0,0.0,,
CAMP05802,C0691,Discount,2026-05-23,25.0,1,0,0,1,3254.42,1,3254.42,1,5557.77,3,1627.21
CAMP05803,C0077,New Product,2025-09-20,23.0,1,0,0,0,0.0,0,0.0,0,0.0,,
CAMP05804,C0484,Discount,2026-05-22,19.75,1,0,0,0,0.0,1,2881.3,1,5676.94,10,1440.65
CAMP05805,C0224,Win-back,2025-06-03,32.75,1,1,0,0,0.0,1,618.32,1,2966.09,12,309.16
CAMP05806,C0907,Birthday,2026-06-14,20.25,1,0,0,0,0.0,0,0.0,0,0.0,,
CAMP05807,C0971,New Product,2025-12-15,23.0,1,1,1,0,0.0,0,0.0,0,0.0,,
CAMP05808,C0146,Loyalty,2025-02-03,16.0,1,0,0,0,0.0,1,2085.2,1,7005.48,12,1042.6
CAMP05809,C0621,Festival,2026-06-12,29.0,1,1,1,0,0.0,1,1135.13,1,1893.76,12,1135.13
CAMP05810,C0208,Discount,2026-05-21,21.5,0,0,0,0,0.0,0,0.0,0,0.0,,
CAMP05811,C0044,Festival,2025-07-19,27.25,1,0,0,0,0.0,0,0.0,0,0.0,,
CAMP05812,C0183,Birthday,2026-03-29,22.0,1,0,0,1,1228.8,1,3915.58,1,5982.780000000001,4,1228.8
CAMP05813,C0977,Win-back,2025-09-15,31.0,1,1,0,0,0.0,0,0.0,1,2729.28,26,682.32
CAMP05814,C0634,Win-back,2026-04-01,27.5,1,0,0,1,2564.82,1,5498.4,1,10454.07,3,1799.03
CAMP05815,C0078,Festival,2026-03-20,29.0,1,0,0,0,0.0,0,0.0,1,3848.16,27,1924.08
CAMP05816,C0417,Festival,2026-04-03,30.75,1,0,0,0,0.0,0,0.0,0,0.0,,
CAMP05817,C0212,Discount,2025-03-17,25.0,0,0,0,1,906.25,1,3363.4600000000005,1,3363.4600000000005,7,906.25
CAMP05818,C0265,Win-back,2026-06-28,29.25,1,0,0,0,0.0,0,0.0,0,0.0,,
CAMP05819,C0959,Festival,2026-07-15,30.75,1,0,0,0,0.0,0,0.0,0,0.0,,
CAMP05820,C0809,Win-back,2024-10-13,27.5,1,0,0,0,0.0,0,0.0,0,0.0,,
CAMP05821,C0878,Discount,2026-08-04,25.0,1,0,0,0,0.0,0,0.0,0,0.0,,
CAMP05822,C0469,Festival,2024-12-25,30.75,1,0,0,0,0.0,0,0.0,1,11759.490000000002,16,1841.69
CAMP05823,C0778,Win-back,2025-11-15,31.0,1,0,0,0,0.0,0,0.0,1,1487.29,19,1487.29
CAMP05824,C0526,New Product,2025-03-30,23.0,1,1,1,0,0.0,0,0.0,0,0.0,,
CAMP05825,C0677,Discount,2025-12-01,21.5,1,0,0,1,949.54,1,949.54,1,7889.86,2,474.77
CAMP05826,C0927,Festival,2026-03-28,30.75,1,0,0,0,0.0,0,0.0,0,0.0,,
CAMP05827,C0538,New Product,2025-06-26,23.0,1,0,0,0,0.0,0,0.0,0,0.0,,
CAMP05828,C0999,Loyalty,2026-07-14,16.0,1,1,0,0,0.0,0,0.0,0,0.0,,
CAMP05829,C0087,Discount,2026-03-17,19.75,1,0,0,0,0.0,0,0.0,0,0.0,,
CAMP05830,C0456,Win-back,2026-04-26,31.0,1,1,0,0,0.0,0,0.0,1,808.29,25,808.29
CAMP05831,C0733,Birthday,2026-05-26,18.5,1,1,1,0,0.0,1,2187.74,1,12223.94,13,2187.74
CAMP05832,C0782,New Product,2026-03-09,23.0,1,0,0,0,0.0,0,0.0,0,0.0,,
CAMP05833,C0180,Loyalty,2025-09-08,16.0,1,0,0,1,3001.3900000000003,1,3001.3900000000003,1,3001.3900000000003,3,1618.17
CAMP05834,C0611,Birthday,2026-05-22,18.5,1,0,0,0,0.0,1,4377.299999999999,1,10689.94,10,1459.1
CAMP05835,C0429,Loyalty,2025-02-05,14.0,1,0,0,1,2495.81,1,2495.81,1,2495.81,4,2495.81
CAMP05836,C0936,Birthday,2026-08-30,22.0,1,0,0,0,0.0,0,0.0,0,0.0,,
CAMP05837,C0807,Birthday,2026-06-03,18.5,1,0,0,0,0.0,0,0.0,0,0.0,,
CAMP05838,C0921,Festival,2026-07-28,27.25,1,0,0,0,0.0,0,0.0,0,0.0,,
CAMP05839,C0708,Discount,2026-07-06,25.0,1,0,0,0,0.0,0,0.0,0,0.0,,
CAMP05840,C0111,Festival,2026-08-25,25.5,1,1,1,0,0.0,0,0.0,0,0.0,,
CAMP05841,C0994,Win-back,2025-05-19,27.5,1,0,0,1,1071.0,1,1071.0,1,1071.0,5,1071.0
CAMP05842,C0535,Festival,2025-11-01,29.0,0,0,0,1,2386.66,1,4112.17,1,4112.17,3,1193.33
CAMP05843,C0997,Festival,2026-06-19,32.5,0,0,0,0,0.0,0,0.0,0,0.0,,
CAMP05844,C0500,Win-back,2026-08-03,32.75,1,0,0,0,0.0,0,0.0,0,0.0,,
CAMP05845,C0053,Discount,2026-04-07,19.75,1,0,0,0,0.0,0,0.0,0,0.0,,
CAMP05846,C0563,Festival,2026-07-08,32.5,1,0,0,1,8854.48,1,8854.48,1,8854.48,4,4398.78
CAMP05847,C0312,Win-back,2026-04-28,29.25,1,1,0,0,0.0,0,0.0,0,0.0,,
CAMP05848,C0402,Win-back,2025-06-16,29.25,1,0,0,0,0.0,0,0.0,0,0.0,,
CAMP05849,C0533,Festival,2026-04-05,30.75,1,0,0,0,0.0,0,0.0,1,2099.23,21,812.01
CAMP05850,C0435,Discount,2025-05-29,25.0,1,0,0,0,0.0,0,0.0,1,514.33,17,514.33
CAMP05851,C0855,Birthday,2026-08-12,18.5,1,1,1,0,0.0,0,0.0,0,0.0,,
CAMP05852,C0860,Birthday,2026-05-31,20.25,1,1,0,0,0.0,1,1833.3,1,1833.3,8,916.65
CAMP05853,C0310,Birthday,2026-05-26,20.25,1,0,0,0,0.0,0,0.0,0,0.0,,
CAMP05854,C0295,Birthday,2025-12-17,22.0,1,0,0,1,1070.5,1,1070.5,1,2542.64,4,535.25
CAMP05855,C0404,Birthday,2026-06-30,18.5,1,0,0,0,0.0,1,2902.48,1,2902.48,10,1451.24
CAMP05856,C0148,Festival,2026-07-15,29.0,1,0,0,0,0.0,1,3094.04,1,3094.04,10,1547.02
CAMP05857,C0280,Festival,2026-08-11,25.5,1,0,0,0,0.0,0,0.0,0,0.0,,
CAMP05858,C0058,Festival,2025-03-12,27.25,1,1,0,0,0.0,0,0.0,1,2601.08,26,1300.54
CAMP05859,C0905,New Product,2026-03-11,23.0,1,1,1,0,0.0,0,0.0,0,0.0,,
CAMP05860,C0282,Festival,2025-05-22,25.5,1,0,0,1,4215.030000000001,1,4215.030000000001,1,7070.870000000001,5,1322.88
CAMP05861,C0371,Discount,2024-09-23,21.5,1,0,0,0,0.0,0,0.0,1,851.38,29,851.38
CAMP05862,C0450,Festival,2026-08-05,27.25,0,0,0,0,0.0,0,0.0,0,0.0,,
CAMP05863,C0854,Festival,2025-01-24,30.75,1,0,0,0,0.0,0,0.0,1,1911.52,25,955.76
CAMP05864,C0951,New Product,2026-05-25,23.0,1,0,0,0,0.0,1,974.55,1,7227.309999999999,11,974.55
CAMP05865,C0971,Birthday,2026-08-01,18.5,1,0,0,0,0.0,0,0.0,0,0.0,,
CAMP05866,C0006,Festival,2026-02-11,29.0,1,1,0,0,0.0,0,0.0,1,2316.96,15,1158.48
CAMP05867,C0596,Discount,2026-06-05,19.75,1,0,0,0,0.0,0,0.0,0,0.0,,
CAMP05868,C0501,Festival,2026-07-10,30.75,1,1,1,0,0.0,0,0.0,1,1603.39,20,1603.39
CAMP05869,C0036,Loyalty,2026-01-04,22.0,1,0,0,0,0.0,0,0.0,0,0.0,,
CAMP05870,C0498,Win-back,2025-11-18,27.5,1,1,0,0,0.0,1,2019.77,1,2019.77,14,2019.77
CAMP05871,C0932,Birthday,2025-05-17,20.25,1,0,0,0,0.0,0,0.0,1,1534.79,26,1534.79
CAMP05872,C0737,Birthday,2026-06-24,22.0,1,1,1,0,0.0,0,0.0,0,0.0,,
CAMP05873,C0025,Birthday,2025-01-31,18.5,1,1,0,0,0.0,0,0.0,1,5656.33,21,2797.49
CAMP05874,C0118,Discount,2023-12-20,19.75,1,0,0,0,0.0,0,0.0,0,0.0,,
CAMP05875,C0154,Discount,2024-10-06,21.5,1,0,0,0,0.0,0,0.0,0,0.0,,
CAMP05876,C0428,Birthday,2024-08-30,18.5,1,1,1,0,0.0,0,0.0,0,0.0,,
CAMP05877,C0624,Birthday,2026-08-05,20.25,1,1,0,0,0.0,0,0.0,0,0.0,,
CAMP05878,C0021,Loyalty,2026-05-26,18.0,1,0,0,0,0.0,0,0.0,0,0.0,,
CAMP05879,C0751,Festival,2026-07-13,32.5,1,0,0,0,0.0,0,0.0,0,0.0,,
CAMP05880,C0140,Birthday,2025-12-17,22.0,1,0,0,0,0.0,0,0.0,1,2371.9,19,1185.95
CAMP05881,C0130,Discount,2024-05-01,19.75,1,0,0,1,2025.4,1,2025.4,1,2025.4,2,1012.7
CAMP05882,C0944,Loyalty,2026-08-27,14.0,1,1,0,0,0.0,0,0.0,0,0.0,,
CAMP05883,C0676,New Product,2024-05-08,23.0,1,0,0,0,0.0,0,0.0,0,0.0,,
CAMP05884,C0289,Birthday,2025-11-06,20.25,1,1,0,1,415.18,1,415.18,1,415.18,3,415.18
CAMP05885,C0090,Win-back,2025-07-23,27.5,1,1,0,0,0.0,0,0.0,0,0.0,,
CAMP05886,C0255,Festival,2024-10-20,29.0,1,0,0,0,0.0,0,0.0,0,0.0,,
CAMP05887,C0677,Loyalty,2024-12-07,14.0,1,0,0,0,0.0,0,0.0,0,0.0,,
CAMP05888,C0054,Loyalty,2026-05-24,18.0,0,0,0,0,0.0,0,0.0,0,0.0,,
CAMP05889,C0351,Loyalty,2025-02-01,18.0,1,1,1,0,0.0,0,0.0,1,1462.49,22,1462.49
CAMP05890,C0436,Win-back,2026-02-16,31.0,1,0,0,0,0.0,1,2395.49,1,2395.49,13,2395.49
CAMP05891,C0383,Loyalty,2024-09-07,18.0,1,0,0,0,0.0,0,0.0,0,0.0,,
CAMP05892,C0172,Win-back,2026-04-17,31.0,1,0,0,1,1130.63,1,3696.89,1,4434.120000000001,3,1130.63
CAMP05893,C0433,Loyalty,2026-07-04,22.0,1,0,0,0,0.0,0,0.0,0,0.0,,
CAMP05894,C0058,Win-back,2026-05-06,31.0,1,0,0,1,1607.36,1,1607.36,1,1607.36,5,1607.36
CAMP05895,C0898,Discount,2025-08-18,23.25,1,0,0,0,0.0,0,0.0,1,4897.78,28,1445.28
CAMP05896,C0408,Festival,2025-06-09,25.5,1,1,0,0,0.0,0,0.0,1,1050.1,28,1050.1
CAMP05897,C0921,Loyalty,2026-02-20,16.0,1,1,0,1,862.19,1,862.19,1,7397.050000000001,1,862.19
CAMP05898,C0669,New Product,2026-07-17,23.0,1,0,0,0,0.0,0,0.0,0,0.0,,
CAMP05899,C0852,Festival,2026-05-07,32.5,1,1,0,0,0.0,0,0.0,1,14610.42,25,2916.97
CAMP05900,C0248,Win-back,2026-03-09,32.75,1,0,0,0,0.0,1,905.83,1,2038.45,11,905.83
CAMP05901,C0315,Festival,2025-12-02,27.25,1,0,0,0,0.0,0,0.0,0,0.0,,
CAMP05902,C0436,Birthday,2025-10-05,22.0,1,0,0,0,0.0,1,2358.7,1,3210.01,11,1030.76
CAMP05903,C0718,Loyalty,2025-10-11,18.0,1,1,0,0,0.0,1,1553.81,1,13025.65,13,1553.81
CAMP05904,C0198,Birthday,2026-08-12,18.5,1,1,0,0,0.0,0,0.0,0,0.0,,
CAMP05905,C0838,New Product,2024-12-23,23.0,1,0,0,0,0.0,1,642.88,1,1831.94,9,642.88
CAMP05906,C0043,Loyalty,2025-02-12,14.0,1,0,0,0,0.0,0,0.0,0,0.0,,
CAMP05907,C0938,Birthday,2024-08-01,22.0,0,0,0,0,0.0,0,0.0,1,1311.0,16,437.0
CAMP05908,C0925,Win-back,2025-12-18,31.0,1,1,1,1,1225.66,1,1225.66,1,1225.66,1,612.83
CAMP05909,C0704,Win-back,2025-02-07,32.75,1,0,0,0,0.0,0,0.0,0,0.0,,
CAMP05910,C0405,Loyalty,2026-03-02,18.0,1,0,0,0,0.0,0,0.0,0,0.0,,
CAMP05911,C0651,Discount,2026-04-19,25.0,1,0,0,0,0.0,0,0.0,1,4419.9,16,1668.49
CAMP05912,C0832,Festival,2026-06-23,29.0,1,1,1,0,0.0,1,845.87,1,3123.29,10,845.87
CAMP05913,C0238,Win-back,2025-12-16,32.75,1,0,0,0,0.0,1,8799.150000000001,1,8799.150000000001,11,3691.05
CAMP05914,C0310,Win-back,2025-12-01,29.25,1,1,1,0,0.0,0,0.0,0,0.0,,
CAMP05915,C0189,Discount,2025-06-22,25.0,1,1,1,1,992.88,1,992.88,1,992.88,6,496.44
CAMP05916,C0530,Win-back,2025-10-22,27.5,1,1,0,1,407.39,1,407.39,1,407.39,7,407.39
CAMP05917,C0223,Festival,2024-08-18,32.5,1,1,0,0,0.0,0,0.0,0,0.0,,
CAMP05918,C0406,New Product,2026-02-09,23.0,1,0,0,0,0.0,1,1327.32,1,3459.86,10,663.66
CAMP05919,C0124,New Product,2025-08-24,23.0,0,0,0,1,3715.3,1,3715.3,1,8055.78,5,1857.65
CAMP05920,C0086,New Product,2025-10-07,23.0,1,0,0,0,0.0,1,1775.9,1,3581.36,12,1775.9
CAMP05921,C0824,New Product,2026-08-21,23.0,1,1,1,0,0.0,0,0.0,0,0.0,,
CAMP05922,C0569,Loyalty,2025-05-22,18.0,1,0,0,0,0.0,0,0.0,0,0.0,,
CAMP05923,C0129,Discount,2026-04-18,21.5,1,1,0,1,2545.74,1,2545.74,1,7788.379999999999,1,1272.87
CAMP05924,C0789,Win-back,2025-10-19,32.75,1,0,0,0,0.0,0,0.0,1,2256.18,23,752.06
CAMP05925,C0957,New Product,2025-11-16,23.0,1,0,0,0,0.0,0,0.0,0,0.0,,
CAMP05926,C0720,Win-back,2026-04-16,32.75,1,0,0,0,0.0,0,0.0,0,0.0,,
CAMP05927,C0422,Loyalty,2024-12-10,16.0,1,0,0,0,0.0,0,0.0,1,15019.47,21,2387.01
CAMP05928,C0751,Birthday,2026-07-04,18.5,0,0,0,0,0.0,0,0.0,0,0.0,,
CAMP05929,C0342,New Product,2026-03-27,23.0,0,0,0,0,0.0,0,0.0,0,0.0,,
CAMP05930,C0179,Festival,2025-05-18,30.75,1,0,0,0,0.0,0,0.0,0,0.0,,
CAMP05931,C0302,New Product,2026-06-08,23.0,1,1,0,1,1074.65,1,1074.65,1,1074.65,1,1074.65
CAMP05932,C0092,New Product,2026-07-14,23.0,1,0,0,1,1161.3000000000002,1,1161.3000000000002,1,1161.3000000000002,1,387.1
CAMP05933,C0793,Festival,2026-04-10,27.25,1,0,0,1,2312.96,1,2312.96,1,5985.64,1,1156.48
CAMP05934,C0832,Festival,2026-01-26,30.75,1,0,0,0,0.0,0,0.0,1,620.19,25,620.19
CAMP05935,C0340,Festival,2026-04-05,32.5,0,0,0,0,0.0,0,0.0,0,0.0,,
CAMP05936,C0328,New Product,2024-04-02,23.0,0,0,0,0,0.0,0,0.0,0,0.0,,
CAMP05937,C0672,Loyalty,2026-08-29,22.0,0,0,0,0,0.0,0,0.0,0,0.0,,
CAMP05938,C0524,Loyalty,2026-07-20,16.0,1,0,0,0,0.0,1,1754.9,1,1754.9,12,877.45
CAMP05939,C0990,Win-back,2024-10-06,32.75,1,0,0,0,0.0,0,0.0,0,0.0,,
CAMP05940,C0964,New Product,2025-10-10,23.0,1,0,0,0,0.0,0,0.0,1,2569.8,27,1284.9
CAMP05941,C0556,Birthday,2025-06-30,18.5,1,0,0,1,3989.52,1,3989.52,1,3989.52,2,997.38
CAMP05942,C0427,Festival,2026-04-18,25.5,0,0,0,1,5481.44,1,5481.44,1,5481.44,1,1370.36
CAMP05943,C0755,Discount,2026-06-02,25.0,1,0,0,1,2417.24,1,2417.24,1,5162.18,5,1216.03
CAMP05944,C0401,Birthday,2026-07-05,18.5,1,0,0,0,0.0,1,951.14,1,4763.8,8,951.14
CAMP05945,C0103,Loyalty,2026-07-19,14.0,1,0,0,0,0.0,0,0.0,0,0.0,,
CAMP05946,C0152,Birthday,2025-11-24,22.0,1,1,0,0,0.0,0,0.0,0,0.0,,
CAMP05947,C0380,New Product,2026-04-25,23.0,1,0,0,0,0.0,1,2027.73,1,3317.03,8,675.91
CAMP05948,C0128,Win-back,2026-07-15,29.25,1,0,0,0,0.0,0,0.0,0,0.0,,
CAMP05949,C0364,New Product,2026-03-13,23.0,1,1,0,0,0.0,0,0.0,0,0.0,,
CAMP05950,C0976,New Product,2026-07-06,23.0,1,0,0,0,0.0,0,0.0,0,0.0,,
CAMP05951,C0088,Festival,2026-07-29,27.25,1,0,0,0,0.0,0,0.0,0,0.0,,
CAMP05952,C0737,Birthday,2026-04-09,18.5,0,0,0,0,0.0,0,0.0,0,0.0,,
CAMP05953,C0349,Loyalty,2026-08-30,22.0,0,0,0,0,0.0,0,0.0,0,0.0,,
CAMP05954,C0445,Festival,2024-02-08,25.5,1,0,0,0,0.0,0,0.0,1,500.78,23,500.78
CAMP05955,C0764,Discount,2026-01-09,19.75,1,0,0,0,0.0,1,3325.14,1,13761.44,11,1662.57
CAMP05956,C0178,Festival,2025-06-22,25.5,1,1,0,0,0.0,0,0.0,0,0.0,,
CAMP05957,C0711,Discount,2026-08-24,23.25,1,0,0,0,0.0,0,0.0,0,0.0,,
CAMP05958,C0528,Loyalty,2026-06-20,22.0,1,1,1,1,9354.170000000002,1,13316.73,1,16572.579999999998,5,1212.64
CAMP05959,C0131,Loyalty,2026-07-06,14.0,1,0,0,0,0.0,0,0.0,0,0.0,,
CAMP05960,C0192,Discount,2026-01-11,25.0,1,1,1,0,0.0,0,0.0,1,3010.14,18,424.02
CAMP05961,C0347,Discount,2026-02-03,19.75,1,1,0,0,0.0,0,0.0,0,0.0,,
CAMP05962,C0564,Win-back,2025-12-20,29.25,1,0,0,0,0.0,0,0.0,1,2115.68,17,1107.86
CAMP05963,C0360,Discount,2026-04-07,21.5,1,0,0,0,0.0,0,0.0,0,0.0,,
CAMP05964,C0301,Discount,2026-06-28,23.25,1,0,0,1,5928.57,1,5928.57,1,7392.65,3,1976.19
CAMP05965,C0125,Loyalty,2026-08-09,18.0,0,0,0,0,0.0,0,0.0,0,0.0,,
CAMP05966,C1000,Birthday,2026-06-25,22.0,1,1,1,0,0.0,1,743.37,1,743.37,13,743.37
CAMP05967,C0374,Discount,2024-08-24,25.0,1,1,0,0,0.0,1,4308.6,1,7797.85,8,1338.61
CAMP05968,C0464,New Product,2025-02-08,23.0,1,0,0,0,0.0,0,0.0,1,11270.8,22,2817.7
CAMP05969,C0721,Loyalty,2025-09-17,14.0,1,0,0,0,0.0,0,0.0,1,735.5,26,735.5
CAMP05970,C0770,Win-back,2026-07-08,27.5,1,1,0,0,0.0,0,0.0,0,0.0,,
CAMP05971,C0854,New Product,2025-08-12,23.0,1,1,0,0,0.0,0,0.0,0,0.0,,
CAMP05972,C0534,Festival,2026-03-10,29.0,1,0,0,0,0.0,0,0.0,1,1507.9,17,1507.9
CAMP05973,C0784,Discount,2026-07-23,25.0,1,0,0,0,0.0,0,0.0,0,0.0,,
CAMP05974,C0046,Discount,2026-03-05,21.5,0,0,0,0,0.0,1,8482.589999999998,1,11043.989999999998,9,991.64
CAMP05975,C0479,Loyalty,2025-03-18,16.0,1,0,0,0,0.0,0,0.0,0,0.0,,
CAMP05976,C0146,Loyalty,2024-03-13,16.0,1,0,0,0,0.0,1,1776.16,1,1776.16,8,888.08
CAMP05977,C0374,Festival,2023-11-11,25.5,0,0,0,0,0.0,0,0.0,0,0.0,,
CAMP05978,C0944,Win-back,2026-07-23,31.0,1,1,0,1,2031.82,1,2031.82,1,2031.82,7,1015.91
CAMP05979,C0224,Discount,2025-10-29,25.0,0,0,0,1,1218.72,1,2121.24,1,3371.44,1,1218.72
CAMP05980,C0201,Win-back,2026-07-22,32.75,1,0,0,1,5019.2,1,8688.68,1,8688.68,2,929.1
CAMP05981,C0639,Festival,2026-07-22,30.75,1,0,0,0,0.0,0,0.0,0,0.0,,
CAMP05982,C0865,Win-back,2026-08-04,32.75,1,1,0,0,0.0,1,1422.82,1,1422.82,8,1422.82
CAMP05983,C0605,Discount,2026-02-07,25.0,1,1,1,1,9512.56,1,9512.56,1,14519.77,7,4756.28
CAMP05984,C0465,Win-back,2026-02-13,29.25,0,0,0,0,0.0,0,0.0,0,0.0,,
CAMP05985,C0095,Loyalty,2024-06-03,16.0,0,0,0,0,0.0,1,3004.76,1,3004.76,12,1502.38
CAMP05986,C0844,Discount,2025-06-23,23.25,1,1,1,0,0.0,1,1801.16,1,12145.6,12,1801.16
CAMP05987,C0916,Birthday,2026-02-08,18.5,0,0,0,0,0.0,0,0.0,1,3846.52,15,1167.68
CAMP05988,C0390,Discount,2025-05-10,19.75,1,0,0,0,0.0,0,0.0,0,0.0,,
CAMP05989,C0123,Festival,2025-05-07,25.5,1,0,0,0,0.0,0,0.0,0,0.0,,
CAMP05990,C0022,Loyalty,2025-11-16,14.0,1,1,0,0,0.0,1,2939.4300000000003,1,2939.4300000000003,8,687.52
CAMP05991,C0540,Discount,2026-05-29,25.0,1,0,0,0,0.0,0,0.0,0,0.0,,
CAMP05992,C0511,New Product,2024-11-14,23.0,1,0,0,0,0.0,0,0.0,0,0.0,,
CAMP05993,C0333,New Product,2026-05-21,23.0,1,0,0,0,0.0,0,0.0,0,0.0,,
CAMP05994,C0327,Festival,2026-07-06,29.0,1,0,0,1,1731.44,1,1731.44,1,1731.44,1,865.72
CAMP05995,C0691,Festival,2026-08-04,30.75,1,1,0,0,0.0,0,0.0,0,0.0,,
CAMP05996,C0372,New Product,2026-08-27,23.0,1,0,0,0,0.0,0,0.0,0,0.0,,
CAMP05997,C0171,Birthday,2026-07-12,22.0,1,1,0,0,0.0,0,0.0,1,11005.52,16,2917.28
CAMP05998,C0603,Festival,2026-06-07,27.25,0,0,0,0,0.0,1,1578.07,1,1578.07,11,1578.07
CAMP05999,C0323,Win-back,2025-03-11,32.75,1,1,1,1,1178.85,1,1178.85,1,2169.65,7,1178.85
CAMP06000,C0017,Win-back,2026-08-05,29.25,1,0,0,0,0.0,0,0.0,0,0.0,,
CAMP06001,C0661,Birthday,2025-08-29,20.25,1,1,1,1,1063.62,1,5919.969999999999,1,6984.99,3,531.81
CAMP06002,C0333,Discount,2026-08-09,23.25,1,1,1,0,0.0,0,0.0,0,0.0,,
CAMP06003,C0625,Discount,2025-02-06,23.25,1,0,0,0,0.0,0,0.0,1,2522.78,17,1650.65
CAMP06004,C0102,Loyalty,2025-12-06,16.0,1,0,0,0,0.0,1,876.42,1,876.42,14,876.42
CAMP06005,C0589,Discount,2025-06-05,19.75,1,0,0,0,0.0,0,0.0,0,0.0,,
CAMP06006,C0751,Loyalty,2026-07-09,16.0,1,0,0,0,0.0,0,0.0,0,0.0,,
CAMP06007,C0663,Discount,2026-01-30,21.5,1,1,0,0,0.0,0,0.0,0,0.0,,
CAMP06008,C0618,Win-back,2026-01-20,32.75,1,1,0,0,0.0,0,0.0,0,0.0,,
CAMP06009,C0316,New Product,2026-08-17,23.0,1,1,1,0,0.0,0,0.0,0,0.0,,
CAMP06010,C0106,Birthday,2025-12-16,18.5,1,0,0,0,0.0,0,0.0,1,651.27,23,651.27
CAMP06011,C0159,New Product,2026-04-14,23.0,1,1,0,0,0.0,0,0.0,0,0.0,,
CAMP06012,C0090,Discount,2026-05-09,19.75,1,1,0,0,0.0,1,3741.76,1,7111.59,9,1870.88
CAMP06013,C0875,New Product,2025-09-21,23.0,1,0,0,1,2946.32,1,4189.860000000001,1,4189.860000000001,3,1473.16
CAMP06014,C0925,Discount,2026-01-19,23.25,1,0,0,0,0.0,1,1376.66,1,2156.6800000000003,12,688.33
CAMP06015,C0643,Loyalty,2025-06-11,18.0,1,0,0,0,0.0,0,0.0,0,0.0,,
CAMP06016,C0752,Loyalty,2026-05-28,16.0,1,1,0,0,0.0,0,0.0,0,0.0,,
CAMP06017,C0050,Loyalty,2026-08-16,18.0,1,0,0,0,0.0,0,0.0,0,0.0,,
CAMP06018,C0363,Birthday,2025-12-20,22.0,1,0,0,0,0.0,0,0.0,1,1671.78,23,835.89
CAMP06019,C0882,Festival,2025-04-23,30.75,0,0,0,0,0.0,0,0.0,0,0.0,,
CAMP06020,C0792,Birthday,2026-01-27,18.5,1,0,0,0,0.0,0,0.0,0,0.0,,
CAMP06021,C0920,Loyalty,2026-02-14,16.0,1,0,0,1,1827.73,1,1827.73,1,3935.07,7,1827.73
CAMP06022,C0067,Birthday,2026-06-04,18.5,0,0,0,0,0.0,0,0.0,0,0.0,,
CAMP06023,C0099,Discount,2024-10-04,25.0,0,0,0,0,0.0,0,0.0,1,2172.03,15,724.01
CAMP06024,C0810,New Product,2024-11-01,23.0,0,0,0,0,0.0,0,0.0,0,0.0,,
CAMP06025,C0499,Discount,2025-07-03,23.25,1,0,0,0,0.0,0,0.0,0,0.0,,
CAMP06026,C0947,New Product,2026-08-03,23.0,1,1,0,0,0.0,0,0.0,0,0.0,,
CAMP06027,C0409,Loyalty,2026-08-21,18.0,1,0,0,0,0.0,0,0.0,0,0.0,,
CAMP06028,C0649,Birthday,2024-12-27,20.25,1,0,0,1,8547.32,1,12268.82,1,18250.44,7,4273.66
CAMP06029,C0193,Birthday,2026-04-16,22.0,1,0,0,1,922.04,1,1927.89,1,3288.99,3,922.04
CAMP06030,C0969,Loyalty,2025-09-11,16.0,1,0,0,0,0.0,0,0.0,1,2616.42,27,2616.42
CAMP06031,C0465,New Product,2026-04-16,23.0,1,1,0,0,0.0,1,923.82,1,923.82,9,923.82
CAMP06032,C0826,Win-back,2025-09-05,32.75,1,1,0,1,500.83,1,500.83,1,1735.06,7,500.83
CAMP06033,C0701,Win-back,2025-08-08,32.75,1,0,0,1,3355.57,1,4961.75,1,4961.75,7,3355.57
CAMP06034,C0313,Festival,2025-12-08,30.75,1,0,0,1,2314.48,1,2314.48,1,3606.49,3,1157.24
CAMP06035,C0077,Loyalty,2026-03-24,16.0,1,0,0,0,0.0,0,0.0,0,0.0,,
CAMP06036,C0915,Birthday,2025-12-18,22.0,1,1,1,0,0.0,0,0.0,1,482.39,25,482.39
CAMP06037,C0142,Birthday,2026-08-05,18.5,1,0,0,0,0.0,0,0.0,0,0.0,,
CAMP06038,C0751,Win-back,2026-08-02,27.5,1,0,0,0,0.0,0,0.0,0,0.0,,
CAMP06039,C0418,Loyalty,2025-01-09,14.0,0,0,0,0,0.0,0,0.0,1,1455.11,23,1455.11
CAMP06040,C0943,Loyalty,2026-07-11,14.0,1,1,0,0,0.0,0,0.0,0,0.0,,
CAMP06041,C0962,Discount,2025-11-23,23.25,1,0,0,0,0.0,0,0.0,0,0.0,,
CAMP06042,C0057,Loyalty,2025-03-24,14.0,1,0,0,0,0.0,0,0.0,0,0.0,,
CAMP06043,C0061,Loyalty,2026-01-23,16.0,1,0,0,0,0.0,0,0.0,0,0.0,,
CAMP06044,C0770,Festival,2024-11-16,32.5,1,0,0,0,0.0,0,0.0,0,0.0,,
CAMP06045,C0347,Loyalty,2026-01-04,18.0,1,0,0,0,0.0,0,0.0,0,0.0,,
CAMP06046,C0419,Discount,2026-02-14,23.25,1,1,1,0,0.0,0,0.0,0,0.0,,
CAMP06047,C0379,Birthday,2026-02-21,22.0,1,0,0,0,0.0,0,0.0,1,1606.0,30,803.0
CAMP06048,C0301,New Product,2026-05-05,23.0,1,0,0,0,0.0,0,0.0,1,3928.44,26,1309.48
CAMP06049,C0723,Win-back,2025-11-08,32.75,0,0,0,0,0.0,0,0.0,1,795.14,16,795.14
CAMP06050,C0842,Win-back,2026-07-10,29.25,1,1,0,0,0.0,1,791.21,1,791.21,9,791.21
CAMP06051,C0527,Festival,2026-08-06,32.5,1,1,1,0,0.0,0,0.0,0,0.0,,
CAMP06052,C0351,New Product,2025-06-10,23.0,1,1,0,0,0.0,0,0.0,1,9182.96,15,2175.24
CAMP06053,C0482,Birthday,2026-04-08,20.25,1,0,0,1,1299.98,1,2838.2000000000003,1,3599.82,5,1299.98
CAMP06054,C0177,Birthday,2026-06-27,22.0,1,1,1,0,0.0,0,0.0,1,3576.34,16,1769.26
CAMP06055,C0781,Win-back,2026-06-29,32.75,0,0,0,0,0.0,1,302.05,1,302.05,10,302.05
CAMP06056,C0515,Discount,2025-10-26,23.25,0,0,0,1,928.17,1,928.17,1,2367.79,7,928.17
CAMP06057,C0474,Win-back,2025-12-23,29.25,1,0,0,0,0.0,1,1007.63,1,1007.63,11,1007.63
CAMP06058,C0304,Loyalty,2024-05-10,22.0,1,0,0,0,0.0,0,0.0,0,0.0,,
CAMP06059,C0509,Festival,2025-12-25,29.0,1,0,0,0,0.0,0,0.0,1,909.54,22,909.54
CAMP06060,C0930,Festival,2026-07-01,25.5,1,1,0,0,0.0,0,0.0,0,0.0,,
CAMP06061,C0421,Loyalty,2026-07-02,14.0,1,0,0,0,0.0,0,0.0,0,0.0,,
CAMP06062,C0983,Win-back,2026-08-21,29.25,1,0,0,0,0.0,0,0.0,0,0.0,,
CAMP06063,C0806,Loyalty,2026-07-22,22.0,1,0,0,0,0.0,0,0.0,0,0.0,,
CAMP06064,C0568,New Product,2024-03-22,23.0,1,1,1,1,1710.6,1,1710.6,1,1710.6,2,408.67
CAMP06065,C0786,Birthday,2026-04-07,20.25,1,0,0,0,0.0,0,0.0,1,535.77,27,535.77
CAMP06066,C0521,Loyalty,2026-02-27,22.0,1,1,0,1,1000.2,1,1000.2,1,1748.98,3,1000.2
CAMP06067,C0339,Loyalty,2026-08-03,18.0,1,0,0,0,0.0,0,0.0,0,0.0,,
CAMP06068,C0685,New Product,2026-08-04,23.0,1,0,0,0,0.0,0,0.0,0,0.0,,
CAMP06069,C0549,Discount,2025-07-06,21.5,1,0,0,0,0.0,0,0.0,0,0.0,,
CAMP06070,C0167,New Product,2026-03-12,23.0,1,0,0,0,0.0,0,0.0,0,0.0,,
CAMP06071,C0345,Birthday,2026-04-19,18.5,1,0,0,1,2574.62,1,2574.62,1,4629.13,3,2574.62
CAMP06072,C0854,Festival,2025-01-16,29.0,1,0,0,0,0.0,0,0.0,0,0.0,,
CAMP06073,C0697,Birthday,2024-10-07,18.5,1,0,0,1,1489.24,1,4118.34,1,4118.34,5,744.62
CAMP06074,C0388,Discount,2026-08-21,19.75,1,1,1,0,0.0,0,0.0,0,0.0,,
CAMP06075,C0480,Discount,2026-06-06,19.75,1,0,0,1,2142.94,1,2142.94,1,3318.59,2,1071.47
CAMP06076,C0583,Loyalty,2024-08-26,22.0,1,1,1,0,0.0,0,0.0,0,0.0,,
CAMP06077,C0364,Festival,2026-02-19,27.25,1,0,0,0,0.0,0,0.0,0,0.0,,
CAMP06078,C0098,Discount,2025-11-18,25.0,1,0,0,0,0.0,0,0.0,0,0.0,,
CAMP06079,C0276,Festival,2026-03-05,25.5,1,1,1,0,0.0,0,0.0,1,1072.66,23,1072.66
CAMP06080,C0922,Birthday,2024-10-05,20.25,1,1,0,0,0.0,0,0.0,0,0.0,,
CAMP06081,C0104,Win-back,2026-06-26,32.75,1,0,0,0,0.0,0,0.0,1,1224.3,23,1224.3
CAMP06082,C0380,New Product,2024-06-03,23.0,1,1,1,0,0.0,0,0.0,0,0.0,,
CAMP06083,C0786,Birthday,2023-10-14,20.25,0,0,0,1,3825.16,1,3825.16,1,3825.16,4,1912.58
CAMP06084,C0154,Loyalty,2025-11-29,14.0,1,1,0,0,0.0,0,0.0,1,3575.95,24,3575.95
CAMP06085,C0438,Loyalty,2026-07-30,22.0,0,0,0,0,0.0,0,0.0,0,0.0,,
CAMP06086,C0975,Discount,2025-10-02,21.5,1,0,0,1,3561.09,1,3561.09,1,5151.470000000001,2,635.95
CAMP06087,C0163,Festival,2026-05-22,30.75,1,1,0,1,1945.62,1,1945.62,1,1945.62,2,972.81
CAMP06088,C0233,Birthday,2026-04-15,22.0,1,0,0,0,0.0,0,0.0,0,0.0,,
CAMP06089,C0089,Discount,2026-08-03,19.75,1,0,0,0,0.0,0,0.0,0,0.0,,
CAMP06090,C0205,Birthday,2025-12-03,20.25,0,0,0,0,0.0,0,0.0,1,632.65,17,632.65
CAMP06091,C0831,Birthday,2026-08-10,18.5,1,0,0,0,0.0,0,0.0,0,0.0,,
CAMP06092,C0973,Loyalty,2026-08-28,22.0,1,0,0,0,0.0,0,0.0,0,0.0,,
CAMP06093,C0683,Discount,2024-08-17,19.75,1,0,0,0,0.0,0,0.0,0,0.0,,
CAMP06094,C0011,Festival,2025-01-13,25.5,1,1,0,0,0.0,1,676.58,1,676.58,14,676.58
CAMP06095,C0183,Discount,2026-08-18,19.75,1,0,0,0,0.0,0,0.0,0,0.0,,
CAMP06096,C0398,Birthday,2026-01-09,20.25,1,0,0,1,1974.53,1,1974.53,1,1974.53,1,1974.53
CAMP06097,C0102,New Product,2025-04-21,23.0,1,0,0,0,0.0,0,0.0,0,0.0,,
CAMP06098,C0211,Festival,2026-07-27,30.75,0,0,0,0,0.0,0,0.0,0,0.0,,
CAMP06099,C0802,Loyalty,2025-08-02,22.0,1,1,0,0,0.0,0,0.0,1,6006.48,28,721.85
CAMP06100,C0891,Win-back,2026-07-27,29.25,1,0,0,0,0.0,0,0.0,0,0.0,,
CAMP06101,C0659,New Product,2026-08-15,23.0,0,0,0,0,0.0,0,0.0,0,0.0,,
CAMP06102,C0825,Birthday,2026-08-27,20.25,1,0,0,0,0.0,0,0.0,0,0.0,,
CAMP06103,C0499,New Product,2026-04-08,23.0,1,1,0,0,0.0,0,0.0,0,0.0,,
CAMP06104,C0322,Loyalty,2025-07-08,18.0,1,1,0,1,3817.45,1,3817.45,1,3817.45,2,1421.79
CAMP06105,C0284,Festival,2026-08-31,27.25,1,0,0,0,0.0,0,0.0,0,0.0,,
CAMP06106,C0817,Win-back,2025-07-08,32.75,1,0,0,0,0.0,0,0.0,1,9509.73,26,1651.37
CAMP06107,C0524,Loyalty,2026-07-27,16.0,1,0,0,1,1754.9,1,1754.9,1,1754.9,5,877.45
CAMP06108,C0711,New Product,2026-08-07,23.0,1,0,0,0,0.0,0,0.0,0,0.0,,
CAMP06109,C0679,Birthday,2025-10-31,20.25,1,0,0,0,0.0,0,0.0,1,1430.54,15,715.27
CAMP06110,C0106,New Product,2025-08-26,23.0,0,0,0,0,0.0,0,0.0,1,1364.26,27,333.94
CAMP06111,C0825,New Product,2026-06-01,23.0,1,0,0,0,0.0,0,0.0,0,0.0,,
CAMP06112,C0339,New Product,2026-01-24,23.0,1,0,0,0,0.0,1,885.14,1,885.14,12,442.57
CAMP06113,C0635,Birthday,2025-10-27,20.25,1,0,0,1,1470.06,1,1470.06,1,2880.14,4,1470.06
CAMP06114,C0554,Loyalty,2025-12-10,18.0,1,1,1,0,0.0,0,0.0,0,0.0,,
CAMP06115,C0380,Birthday,2024-10-01,22.0,1,0,0,0,0.0,0,0.0,0,0.0,,
CAMP06116,C0299,New Product,2025-01-13,23.0,1,0,0,0,0.0,0,0.0,1,910.48,23,455.24
CAMP06117,C0926,Win-back,2026-04-08,29.25,1,1,1,0,0.0,0,0.0,0,0.0,,
CAMP06118,C0304,Win-back,2025-10-17,31.0,1,1,0,0,0.0,0,0.0,1,805.71,23,805.71
CAMP06119,C0550,Discount,2026-08-21,21.5,1,0,0,0,0.0,0,0.0,0,0.0,,
CAMP06120,C0450,Loyalty,2026-08-26,22.0,1,1,1,0,0.0,0,0.0,0,0.0,,
CAMP06121,C0105,Win-back,2026-07-27,32.75,1,1,0,0,0.0,0,0.0,0,0.0,,
CAMP06122,C0072,New Product,2026-02-23,23.0,1,0,0,0,0.0,0,0.0,1,1597.18,27,798.59
CAMP06123,C0726,Birthday,2024-10-09,22.0,1,0,0,0,0.0,0,0.0,0,0.0,,
CAMP06124,C0429,New Product,2024-11-22,23.0,1,1,0,1,2453.36,1,2453.36,1,2453.36,4,1226.68
CAMP06125,C0183,Discount,2026-03-19,23.25,1,1,0,0,0.0,1,1228.8,1,3915.58,14,1228.8
CAMP06126,C0309,Birthday,2026-08-24,22.0,1,1,1,0,0.0,0,0.0,0,0.0,,
CAMP06127,C0505,Win-back,2026-08-17,32.75,1,0,0,0,0.0,0,0.0,0,0.0,,
CAMP06128,C0417,Festival,2025-11-18,29.0,1,0,0,0,0.0,0,0.0,0,0.0,,
CAMP06129,C0551,Festival,2026-05-20,30.75,1,0,0,0,0.0,0,0.0,0,0.0,,
CAMP06130,C0443,Birthday,2025-07-29,20.25,1,0,0,0,0.0,0,0.0,1,1452.66,18,484.22
CAMP06131,C0119,New Product,2024-07-15,23.0,1,0,0,1,1588.46,1,1588.46,1,1588.46,2,794.23
CAMP06132,C0812,Win-back,2026-07-09,29.25,1,0,0,0,0.0,0,0.0,0,0.0,,
CAMP06133,C0873,Loyalty,2025-10-05,16.0,1,0,0,1,1287.63,1,4840.56,1,4840.56,2,1287.63
CAMP06134,C0383,Birthday,2025-04-26,22.0,1,1,0,0,0.0,0,0.0,1,656.44,20,656.44
CAMP06135,C0783,Birthday,2026-08-25,18.5,1,0,0,0,0.0,0,0.0,0,0.0,,
CAMP06136,C0771,New Product,2024-09-26,23.0,1,0,0,0,0.0,0,0.0,0,0.0,,
CAMP06137,C0224,Festival,2025-10-06,27.25,1,1,0,0,0.0,0,0.0,1,1218.72,24,1218.72
CAMP06138,C0577,New Product,2026-04-12,23.0,1,0,0,0,0.0,0,0.0,0,0.0,,
CAMP06139,C0283,Festival,2026-07-18,29.0,1,0,0,1,1199.92,1,1199.92,1,1199.92,3,599.96
CAMP06140,C0925,Birthday,2025-08-13,22.0,1,0,0,1,627.71,1,627.71,1,627.71,2,627.71
CAMP06141,C0970,Festival,2025-11-11,30.75,1,0,0,0,0.0,0,0.0,0,0.0,,
CAMP06142,C0209,Festival,2024-10-10,30.75,1,0,0,0,0.0,1,1624.52,1,7506.8,12,1624.52
CAMP06143,C0935,Birthday,2024-02-23,18.5,1,0,0,0,0.0,0,0.0,0,0.0,,
CAMP06144,C0494,Loyalty,2026-06-26,18.0,1,1,1,0,0.0,1,2982.86,1,11149.79,9,1491.43
CAMP06145,C0140,Birthday,2025-10-29,18.5,1,1,0,0,0.0,0,0.0,1,1886.0,24,943.0
CAMP06146,C0087,Discount,2024-04-17,19.75,1,1,0,0,0.0,0,0.0,0,0.0,,
CAMP06147,C0278,Festival,2026-04-18,32.5,1,0,0,0,0.0,0,0.0,1,1584.22,15,1584.22
CAMP06148,C0028,Loyalty,2025-03-07,18.0,1,1,0,0,0.0,0,0.0,0,0.0,,
CAMP06149,C0060,Loyalty,2026-07-03,22.0,1,0,0,0,0.0,0,0.0,0,0.0,,
CAMP06150,C0307,Festival,2026-08-23,25.5,0,0,0,0,0.0,0,0.0,0,0.0,,
CAMP06151,C0686,Win-back,2026-02-05,31.0,1,0,0,0,0.0,1,4689.84,1,5147.82,8,1522.48
CAMP06152,C0535,Discount,2026-04-02,23.25,1,0,0,0,0.0,1,511.14,1,511.14,10,511.14
CAMP06153,C0589,Festival,2026-02-11,30.75,1,0,0,1,1190.4,1,1190.4,1,5855.379999999999,4,1190.4
CAMP06154,C0818,New Product,2024-07-02,23.0,1,1,0,0,0.0,0,0.0,0,0.0,,
CAMP06155,C0969,New Product,2025-09-25,23.0,1,1,0,0,0.0,1,2616.42,1,10693.38,13,2616.42
CAMP06156,C0693,Discount,2026-05-20,23.25,1,0,0,0,0.0,0,0.0,0,0.0,,
CAMP06157,C0191,Loyalty,2025-11-30,18.0,1,0,0,0,0.0,0,0.0,1,5012.26,19,1363.2
CAMP06158,C0644,New Product,2026-05-28,23.0,1,0,0,0,0.0,0,0.0,0,0.0,,
CAMP06159,C0967,Win-back,2026-06-11,31.0,1,1,0,0,0.0,0,0.0,0,0.0,,
CAMP06160,C0892,New Product,2026-08-19,23.0,1,0,0,0,0.0,0,0.0,0,0.0,,
CAMP06161,C0634,New Product,2025-08-05,23.0,1,1,0,0,0.0,0,0.0,1,6197.61,22,2065.87
CAMP06162,C0720,Discount,2025-11-16,21.5,1,0,0,0,0.0,0,0.0,1,1429.3,17,859.38
CAMP06163,C0223,Birthday,2024-08-12,18.5,1,0,0,0,0.0,0,0.0,0,0.0,,
CAMP06164,C0617,Birthday,2024-02-26,22.0,1,0,0,0,0.0,0,0.0,0,0.0,,
CAMP06165,C0524,Birthday,2025-01-21,20.25,1,0,0,0,0.0,1,2253.6000000000004,1,6104.780000000001,12,751.2
CAMP06166,C0629,New Product,2025-01-17,23.0,1,0,0,0,0.0,0,0.0,0,0.0,,
CAMP06167,C0333,New Product,2026-03-03,23.0,1,0,0,0,0.0,0,0.0,1,2672.26,16,447.83
CAMP06168,C0148,Birthday,2026-06-14,22.0,1,0,0,1,5611.84,1,5611.84,1,5611.84,5,1178.26
CAMP06169,C0560,Festival,2026-06-11,30.75,1,1,0,0,0.0,1,864.88,1,5351.9400000000005,11,864.88
CAMP06170,C0689,Birthday,2026-08-22,22.0,1,1,0,0,0.0,0,0.0,0,0.0,,
CAMP06171,C0820,Loyalty,2026-01-04,14.0,1,0,0,1,1324.78,1,1324.78,1,1324.78,5,662.39
CAMP06172,C0888,Discount,2026-08-25,21.5,1,1,1,0,0.0,0,0.0,0,0.0,,
CAMP06173,C0960,Birthday,2025-07-16,22.0,1,0,0,0,0.0,0,0.0,0,0.0,,
CAMP06174,C0253,Birthday,2026-03-25,22.0,1,0,0,0,0.0,1,4812.219999999999,1,4812.219999999999,11,1698.84
CAMP06175,C0555,New Product,2026-04-29,23.0,0,0,0,0,0.0,1,1350.28,1,1350.28,9,1350.28
CAMP06176,C0413,Discount,2026-08-21,21.5,1,0,0,0,0.0,0,0.0,0,0.0,,
CAMP06177,C0032,Festival,2025-06-22,29.0,1,1,0,1,1138.58,1,3319.61,1,7869.709999999999,4,1138.58
CAMP06178,C0852,Birthday,2025-11-05,18.5,1,1,0,1,4074.08,1,5610.02,1,10809.14,6,2037.04
CAMP06179,C0302,New Product,2026-05-01,23.0,1,0,0,0,0.0,1,5055.67,1,6318.23,8,754.82
CAMP06180,C0619,Win-back,2025-04-25,31.0,0,0,0,0,0.0,0,0.0,1,697.06,27,348.53
CAMP06181,C0737,New Product,2026-08-07,23.0,1,0,0,0,0.0,0,0.0,0,0.0,,
CAMP06182,C0360,Win-back,2025-11-11,31.0,1,0,0,0,0.0,0,0.0,1,1765.77,20,1765.77
CAMP06183,C0389,Festival,2026-03-19,27.25,1,1,0,0,0.0,0,0.0,0,0.0,,
CAMP06184,C0202,Birthday,2026-05-12,20.25,1,0,0,0,0.0,0,0.0,1,1898.32,22,949.16
CAMP06185,C0011,Discount,2025-07-28,19.75,1,0,0,0,0.0,1,1130.06,1,1130.06,14,565.03
CAMP06186,C0735,Loyalty,2026-02-04,16.0,1,0,0,1,1458.3,1,1458.3,1,1458.3,7,729.15
CAMP06187,C0518,Discount,2025-10-29,19.75,1,0,0,0,0.0,0,0.0,0,0.0,,
CAMP06188,C0837,Win-back,2025-10-06,29.25,1,1,1,0,0.0,0,0.0,1,3740.62,23,1870.31
CAMP06189,C0778,Win-back,2025-10-03,27.5,1,1,0,1,1263.57,1,1263.57,1,7635.81,5,1263.57
CAMP06190,C0121,Win-back,2026-04-04,32.75,0,0,0,0,0.0,0,0.0,0,0.0,,
CAMP06191,C0132,Win-back,2025-04-27,27.5,1,0,0,0,0.0,0,0.0,1,4563.72,17,1233.03
CAMP06192,C0814,Festival,2025-05-08,25.5,0,0,0,0,0.0,0,0.0,0,0.0,,
CAMP06193,C0567,Discount,2025-07-15,25.0,1,1,0,1,5201.69,1,5201.69,1,10569.35,2,1587.08
CAMP06194,C0746,Discount,2025-04-24,25.0,1,0,0,0,0.0,0,0.0,0,0.0,,
CAMP06195,C0488,Birthday,2025-06-21,20.25,1,0,0,0,0.0,0,0.0,1,2132.42,17,630.53
CAMP06196,C0025,Festival,2026-05-13,27.25,1,0,0,0,0.0,0,0.0,0,0.0,,
CAMP06197,C0272,Loyalty,2025-11-11,22.0,1,0,0,0,0.0,0,0.0,0,0.0,,
CAMP06198,C0925,New Product,2024-11-03,23.0,1,0,0,0,0.0,0,0.0,0,0.0,,
CAMP06199,C0289,Loyalty,2025-11-26,14.0,0,0,0,0,0.0,0,0.0,1,2010.0,22,670.0
CAMP06200,C0990,Festival,2026-04-05,27.25,1,0,0,1,1389.66,1,2860.63,1,2860.63,2,1389.66
CAMP06201,C0211,Discount,2026-06-15,21.5,1,1,0,0,0.0,0,0.0,0,0.0,,
CAMP06202,C0076,Birthday,2026-08-17,20.25,1,0,0,0,0.0,0,0.0,0,0.0,,
CAMP06203,C0491,Win-back,2026-08-20,27.5,0,0,0,0,0.0,0,0.0,0,0.0,,
CAMP06204,C0998,Discount,2025-08-11,19.75,1,0,0,0,0.0,0,0.0,1,5552.68,25,2776.34
CAMP06205,C0299,Loyalty,2026-06-22,18.0,1,0,0,0,0.0,0,0.0,0,0.0,,
CAMP06206,C0293,Birthday,2025-03-18,18.5,1,0,0,0,0.0,0,0.0,0,0.0,,
CAMP06207,C0817,Birthday,2025-02-16,22.0,1,1,1,0,0.0,0,0.0,1,4330.13,17,963.53
CAMP06208,C0559,New Product,2026-05-03,23.0,1,0,0,0,0.0,0,0.0,1,1358.26,17,1358.26
CAMP06209,C0571,Win-back,2025-07-13,27.5,1,0,0,0,0.0,1,1650.12,1,7755.62,13,1650.12
CAMP06210,C0121,Loyalty,2026-08-09,18.0,1,0,0,0,0.0,0,0.0,0,0.0,,
CAMP06211,C0331,Birthday,2026-07-27,20.25,1,0,0,0,0.0,1,1390.77,1,1390.77,14,1390.77
CAMP06212,C0702,Birthday,2025-10-13,22.0,1,1,1,0,0.0,0,0.0,0,0.0,,
CAMP06213,C0773,Win-back,2026-04-11,31.0,1,0,0,0,0.0,0,0.0,0,0.0,,
CAMP06214,C0979,Birthday,2026-06-29,22.0,1,0,0,1,6414.0,1,6414.0,1,6414.0,2,1153.42
CAMP06215,C0183,New Product,2026-02-05,23.0,1,1,1,1,2693.38,1,2693.38,1,2693.38,4,1346.69
CAMP06216,C0940,Birthday,2025-03-26,20.25,1,0,0,0,0.0,0,0.0,1,4010.5,30,2005.25
CAMP06217,C0670,Win-back,2025-05-15,29.25,1,1,0,0,0.0,0,0.0,1,1667.48,18,992.52
CAMP06218,C0910,Birthday,2026-01-24,18.5,1,0,0,0,0.0,0,0.0,1,680.88,22,680.88
CAMP06219,C0800,New Product,2026-06-25,23.0,1,0,0,0,0.0,0,0.0,0,0.0,,
CAMP06220,C0073,Festival,2026-07-18,32.5,1,0,0,0,0.0,0,0.0,0,0.0,,
CAMP06221,C0598,Loyalty,2026-05-19,18.0,1,0,0,0,0.0,1,2730.1400000000003,1,2730.1400000000003,8,748.73
CAMP06222,C0980,Birthday,2026-07-21,22.0,1,0,0,0,0.0,0,0.0,1,12468.18,24,2255.51
CAMP06223,C0598,Discount,2026-08-24,23.25,1,0,0,0,0.0,0,0.0,0,0.0,,
CAMP06224,C0382,Festival,2025-12-04,29.0,1,0,0,0,0.0,0,0.0,1,1246.42,21,1246.42
CAMP06225,C0588,Festival,2026-08-06,29.0,0,0,0,0,0.0,0,0.0,0,0.0,,
CAMP06226,C0225,Loyalty,2026-05-25,16.0,1,0,0,0,0.0,0,0.0,1,1621.1799999999998,15,886.91
CAMP06227,C0716,Birthday,2024-01-21,22.0,1,1,0,0,0.0,0,0.0,0,0.0,,
CAMP06228,C0162,Festival,2025-10-25,32.5,0,0,0,0,0.0,0,0.0,0,0.0,,
CAMP06229,C0844,Birthday,2026-03-08,20.25,1,0,0,0,0.0,0,0.0,1,1685.9,17,1685.9
CAMP06230,C0589,Festival,2026-04-26,32.5,1,1,0,0,0.0,0,0.0,0,0.0,,
CAMP06231,C0166,Discount,2026-07-12,19.75,1,0,0,1,1018.46,1,1018.46,1,1018.46,7,509.23
CAMP06232,C0862,Discount,2026-08-14,19.75,1,0,0,0,0.0,0,0.0,0,0.0,,
CAMP06233,C0765,Win-back,2026-07-06,27.5,1,0,0,0,0.0,0,0.0,0,0.0,,
CAMP06234,C0489,Festival,2026-05-07,32.5,1,0,0,0,0.0,0,0.0,0,0.0,,
CAMP06235,C0657,Loyalty,2025-05-27,16.0,1,1,0,0,0.0,0,0.0,0,0.0,,
CAMP06236,C0395,Win-back,2025-07-14,27.5,1,0,0,0,0.0,0,0.0,0,0.0,,
CAMP06237,C0784,Birthday,2026-08-26,22.0,1,0,0,0,0.0,0,0.0,0,0.0,,
CAMP06238,C0693,Loyalty,2026-07-16,16.0,1,1,0,1,1580.14,1,1580.14,1,1580.14,2,1580.14
CAMP06239,C0295,Win-back,2024-11-24,27.5,1,0,0,0,0.0,0,0.0,0,0.0,,
CAMP06240,C0252,Birthday,2025-05-29,18.5,1,0,0,0,0.0,0,0.0,0,0.0,,
CAMP06241,C0107,New Product,2026-01-30,23.0,1,0,0,0,0.0,0,0.0,1,2553.32,23,1276.66
CAMP06242,C0175,Discount,2026-08-16,19.75,1,0,0,0,0.0,0,0.0,0,0.0,,
CAMP06243,C0713,Discount,2024-04-24,25.0,1,0,0,0,0.0,0,0.0,0,0.0,,
CAMP06244,C0101,Win-back,2026-04-10,32.75,1,0,0,0,0.0,0,0.0,1,4957.08,18,1652.36
CAMP06245,C0334,Discount,2024-07-05,19.75,1,1,0,0,0.0,1,1800.86,1,1800.86,14,900.43
CAMP06246,C0286,Festival,2024-09-10,25.5,1,0,0,0,0.0,0,0.0,0,0.0,,
CAMP06247,C0071,Discount,2026-01-31,21.5,1,1,0,1,1547.95,1,1547.95,1,7552.310000000001,5,1547.95
CAMP06248,C0317,Discount,2026-02-26,21.5,1,1,1,0,0.0,1,3813.16,1,3813.16,12,953.29
CAMP06249,C0965,Win-back,2026-03-15,31.0,1,1,0,0,0.0,0,0.0,0,0.0,,
CAMP06250,C0927,Festival,2026-06-09,29.0,1,0,0,0,0.0,0,0.0,1,1211.61,30,1211.61
CAMP06251,C0618,Birthday,2026-05-08,18.5,1,1,0,0,0.0,0,0.0,0,0.0,,
CAMP06252,C0550,Birthday,2026-04-25,20.25,1,1,0,0,0.0,0,0.0,0,0.0,,
CAMP06253,C0737,New Product,2026-08-14,23.0,1,0,0,0,0.0,0,0.0,0,0.0,,
CAMP06254,C0427,Discount,2025-12-15,25.0,1,0,0,1,13789.580000000002,1,13789.580000000002,1,17163.280000000002,2,3202.24
CAMP06255,C0311,Loyalty,2024-08-31,18.0,0,0,0,0,0.0,1,3461.26,1,3461.26,8,1730.63
CAMP06256,C0598,Birthday,2025-11-30,20.25,1,1,1,0,0.0,1,580.81,1,580.81,12,580.81
CAMP06257,C0648,Festival,2026-05-30,27.25,1,1,0,0,0.0,0,0.0,0,0.0,,
CAMP06258,C0997,Festival,2025-10-07,27.25,1,0,0,0,0.0,0,0.0,1,2105.38,20,1052.69
CAMP06259,C0491,Discount,2026-07-14,25.0,1,1,1,0,0.0,0,0.0,1,4921.63,21,1560.05
CAMP06260,C0172,Festival,2025-09-07,27.25,1,0,0,0,0.0,1,1141.74,1,2121.98,11,570.87
CAMP06261,C0137,Win-back,2026-07-21,31.0,1,0,0,0,0.0,1,2170.95,1,2170.95,10,2170.95
CAMP06262,C0129,New Product,2025-08-08,23.0,0,0,0,0,0.0,0,0.0,1,12575.92,18,1540.6
CAMP06263,C0353,Festival,2026-07-02,27.25,1,1,0,0,0.0,0,0.0,0,0.0,,
CAMP06264,C0878,Loyalty,2026-04-21,22.0,1,0,0,0,0.0,0,0.0,0,0.0,,
CAMP06265,C0073,New Product,2025-12-29,23.0,1,1,0,0,0.0,0,0.0,0,0.0,,
CAMP06266,C0972,Birthday,2026-04-11,20.25,1,1,1,0,0.0,0,0.0,1,4701.75,24,1567.25
CAMP06267,C0779,Festival,2025-12-08,25.5,1,1,0,1,1740.58,1,1740.58,1,1740.58,4,1740.58
CAMP06268,C0145,New Product,2026-02-28,23.0,1,0,0,0,0.0,0,0.0,0,0.0,,
CAMP06269,C0722,New Product,2026-07-10,23.0,1,0,0,0,0.0,0,0.0,0,0.0,,
CAMP06270,C0919,Discount,2026-03-19,25.0,1,0,0,0,0.0,0,0.0,0,0.0,,
CAMP06271,C0472,Discount,2026-03-11,25.0,1,0,0,1,708.84,1,708.84,1,2978.46,1,708.84
CAMP06272,C0878,Discount,2026-05-31,21.5,1,0,0,0,0.0,0,0.0,0,0.0,,
CAMP06273,C0713,Birthday,2025-05-17,20.25,1,1,0,0,0.0,0,0.0,1,1397.19,29,1397.19
CAMP06274,C0068,Birthday,2026-06-19,20.25,1,1,0,0,0.0,1,1316.04,1,9300.86,12,1316.04
CAMP06275,C0163,Discount,2025-10-18,25.0,1,0,0,0,0.0,0,0.0,0,0.0,,
CAMP06276,C0318,Win-back,2026-08-29,31.0,1,0,0,0,0.0,0,0.0,0,0.0,,
CAMP06277,C0414,New Product,2026-07-08,23.0,1,0,0,0,0.0,0,0.0,0,0.0,,
CAMP06278,C0940,Win-back,2025-01-09,32.75,1,1,0,0,0.0,0,0.0,0,0.0,,
CAMP06279,C0160,Birthday,2025-09-22,18.5,1,1,0,1,640.15,1,3027.12,1,3027.12,6,640.15
CAMP06280,C0341,New Product,2025-11-29,23.0,1,0,0,0,0.0,1,1246.29,1,15556.77,14,1246.29
CAMP06281,C0434,Festival,2026-07-02,27.25,1,0,0,0,0.0,0,0.0,0,0.0,,
CAMP06282,C0299,Birthday,2026-01-01,22.0,1,0,0,0,0.0,0,0.0,0,0.0,,
CAMP06283,C0883,Birthday,2026-03-05,22.0,1,0,0,0,0.0,1,2603.74,1,2603.74,8,856.5
CAMP06284,C0802,Birthday,2026-04-28,22.0,1,0,0,0,0.0,0,0.0,0,0.0,,
CAMP06285,C0720,Festival,2026-08-03,29.0,1,0,0,0,0.0,0,0.0,0,0.0,,
CAMP06286,C0624,Discount,2026-08-08,21.5,1,1,1,0,0.0,0,0.0,0,0.0,,
CAMP06287,C0820,New Product,2026-06-03,23.0,1,1,0,0,0.0,0,0.0,0,0.0,,
CAMP06288,C0246,Loyalty,2026-07-31,14.0,1,0,0,0,0.0,0,0.0,0,0.0,,
CAMP06289,C0582,Win-back,2025-06-10,32.75,1,0,0,0,0.0,0,0.0,1,6567.76,24,3283.88
CAMP06290,C0438,New Product,2026-07-23,23.0,1,0,0,0,0.0,0,0.0,0,0.0,,
CAMP06291,C0292,Discount,2026-05-25,19.75,1,0,0,0,0.0,0,0.0,1,3200.01,24,946.8
CAMP06292,C0276,Birthday,2026-07-15,18.5,1,0,0,0,0.0,0,0.0,0,0.0,,
CAMP06293,C0808,Win-back,2026-08-31,32.75,1,1,0,0,0.0,0,0.0,0,0.0,,
CAMP06294,C0552,Discount,2026-02-01,19.75,1,1,0,0,0.0,0,0.0,0,0.0,,
CAMP06295,C0530,Festival,2026-08-08,32.5,1,0,0,0,0.0,0,0.0,0,0.0,,
CAMP06296,C0631,Discount,2026-08-03,25.0,1,1,0,0,0.0,0,0.0,0,0.0,,
CAMP06297,C0802,Festival,2026-06-24,32.5,1,0,0,0,0.0,0,0.0,0,0.0,,
CAMP06298,C0705,Win-back,2026-06-10,31.0,1,0,0,0,0.0,0,0.0,1,363.76,19,363.76
CAMP06299,C0475,Win-back,2026-04-08,31.0,1,1,0,0,0.0,0,0.0,1,2495.28,18,831.76
CAMP06300,C0154,Win-back,2025-05-01,32.75,1,0,0,0,0.0,1,5856.679999999999,1,9686.0,8,739.55
CAMP06301,C0104,Discount,2026-05-19,19.75,1,0,0,0,0.0,0,0.0,1,2242.63,15,1643.37
CAMP06302,C0443,New Product,2025-11-22,23.0,1,0,0,0,0.0,1,5306.84,1,5306.84,8,1326.71
CAMP06303,C0696,Birthday,2026-07-25,22.0,1,0,0,0,0.0,0,0.0,0,0.0,,
CAMP06304,C0073,Festival,2026-08-03,32.5,1,0,0,0,0.0,0,0.0,0,0.0,,
CAMP06305,C0978,Discount,2025-12-13,21.5,1,1,0,0,0.0,0,0.0,0,0.0,,
CAMP06306,C0766,New Product,2024-06-12,23.0,1,1,0,0,0.0,0,0.0,1,3016.4,26,1508.2
CAMP06307,C0372,New Product,2026-02-19,23.0,1,0,0,0,0.0,0,0.0,1,1909.95,15,1909.95
CAMP06308,C0178,Win-back,2025-09-15,27.5,1,0,0,0,0.0,0,0.0,1,3112.3299999999995,20,485.84
CAMP06309,C0055,Birthday,2026-08-09,20.25,1,1,1,0,0.0,0,0.0,0,0.0,,
CAMP06310,C0077,Birthday,2025-09-06,22.0,0,0,0,0,0.0,0,0.0,0,0.0,,
CAMP06311,C0411,Festival,2026-08-04,25.5,1,1,0,0,0.0,0,0.0,0,0.0,,
CAMP06312,C0877,Discount,2026-01-19,21.5,1,1,0,1,1403.07,1,1403.07,1,3829.93,6,1403.07
CAMP06313,C0514,Festival,2026-01-14,32.5,1,0,0,0,0.0,0,0.0,1,3714.92,29,1857.46
CAMP06314,C0139,Win-back,2025-09-05,31.0,1,0,0,0,0.0,1,3730.11,1,3730.11,10,1243.37
CAMP06315,C0492,Loyalty,2025-12-03,14.0,1,0,0,1,4143.81,1,4143.81,1,4143.81,2,428.73
CAMP06316,C0673,Festival,2024-06-19,30.75,1,0,0,0,0.0,0,0.0,0,0.0,,
CAMP06317,C0070,Discount,2025-11-03,25.0,1,1,1,1,1135.33,1,1135.33,1,1135.33,2,1135.33
CAMP06318,C0961,Loyalty,2026-05-03,22.0,1,0,0,0,0.0,1,1228.72,1,1228.72,13,1228.72
CAMP06319,C0437,Birthday,2026-06-21,20.25,1,0,0,0,0.0,0,0.0,0,0.0,,
CAMP06320,C0703,Discount,2024-12-04,25.0,1,0,0,1,3762.8,1,7239.56,1,15263.510000000002,5,1881.4
CAMP06321,C0514,Win-back,2026-07-28,31.0,1,1,0,0,0.0,0,0.0,0,0.0,,
CAMP06322,C0879,New Product,2025-11-06,23.0,1,0,0,0,0.0,0,0.0,1,1011.78,24,505.89
CAMP06323,C0025,Discount,2026-05-17,23.25,1,0,0,0,0.0,0,0.0,0,0.0,,
CAMP06324,C0725,Discount,2026-07-12,19.75,1,1,0,1,3475.08,1,3475.08,1,7423.21,6,1737.54
CAMP06325,C0419,Loyalty,2024-01-09,16.0,1,0,0,0,0.0,0,0.0,0,0.0,,
CAMP06326,C0528,Win-back,2026-08-31,31.0,1,0,0,0,0.0,0,0.0,0,0.0,,
CAMP06327,C0557,Loyalty,2026-06-07,18.0,0,0,0,0,0.0,0,0.0,0,0.0,,
CAMP06328,C0694,Festival,2026-05-01,29.0,0,0,0,1,1898.34,1,1898.34,1,2790.04,4,949.17
CAMP06329,C0516,Festival,2026-04-25,27.25,1,0,0,0,0.0,0,0.0,0,0.0,,
CAMP06330,C0866,Discount,2026-07-09,21.5,1,1,1,0,0.0,1,1727.77,1,10621.11,10,1727.77
CAMP06331,C0847,Birthday,2026-08-28,22.0,1,0,0,0,0.0,0,0.0,0,0.0,,
CAMP06332,C0850,Birthday,2026-03-24,20.25,1,0,0,1,2905.36,1,2905.36,1,15379.23,4,1452.68
CAMP06333,C0787,New Product,2026-05-25,23.0,0,0,0,0,0.0,0,0.0,1,853.33,23,853.33
CAMP06334,C0655,Birthday,2024-11-27,18.5,1,0,0,1,1551.57,1,1551.57,1,3124.74,7,1551.57
CAMP06335,C0238,Loyalty,2026-03-12,16.0,1,1,1,0,0.0,0,0.0,1,9198.62,25,1506.2
CAMP06336,C0684,Discount,2024-10-27,21.5,1,0,0,0,0.0,0,0.0,0,0.0,,
CAMP06337,C0336,Birthday,2024-10-29,20.25,1,0,0,1,2299.07,1,5138.67,1,14206.77,5,2299.07
CAMP06338,C0162,Festival,2026-08-28,32.5,1,1,0,0,0.0,0,0.0,0,0.0,,
CAMP06339,C0540,Win-back,2026-08-18,32.75,1,1,0,0,0.0,0,0.0,0,0.0,,
CAMP06340,C0990,Win-back,2024-03-14,31.0,1,0,0,0,0.0,0,0.0,0,0.0,,
CAMP06341,C0353,Festival,2026-08-21,32.5,0,0,0,0,0.0,0,0.0,0,0.0,,
CAMP06342,C0211,Win-back,2026-08-14,27.5,1,0,0,0,0.0,0,0.0,0,0.0,,
CAMP06343,C0523,Festival,2025-08-03,30.75,1,1,1,0,0.0,0,0.0,0,0.0,,
CAMP06344,C0762,Win-back,2026-03-16,31.0,1,0,0,0,0.0,1,3620.98,1,3620.98,8,2165.13
CAMP06345,C0639,Win-back,2026-06-10,31.0,1,0,0,0,0.0,0,0.0,1,788.98,16,443.4
CAMP06346,C0914,Win-back,2025-12-05,29.25,1,0,0,0,0.0,0,0.0,1,920.95,18,920.95
CAMP06347,C0302,Win-back,2026-07-07,29.25,1,0,0,0,0.0,0,0.0,1,980.46,27,980.46
CAMP06348,C0279,Win-back,2026-06-19,27.5,1,0,0,0,0.0,0,0.0,0,0.0,,
CAMP06349,C0501,Festival,2025-09-05,32.5,0,0,0,0,0.0,0,0.0,1,7481.870000000001,16,1926.49
CAMP06350,C0960,Discount,2026-02-11,21.5,0,0,0,0,0.0,1,4360.91,1,4360.91,8,1839.47
CAMP06351,C0550,Loyalty,2026-07-09,22.0,1,0,0,0,0.0,0,0.0,0,0.0,,
CAMP06352,C0305,Birthday,2026-03-31,18.5,1,1,1,0,0.0,0,0.0,0,0.0,,
CAMP06353,C0144,Birthday,2025-11-21,22.0,1,0,0,0,0.0,1,8872.890000000001,1,8872.890000000001,8,1463.82
CAMP06354,C0178,Birthday,2025-01-02,20.25,1,0,0,0,0.0,0,0.0,0,0.0,,
CAMP06355,C0924,Festival,2026-08-03,30.75,1,0,0,0,0.0,0,0.0,0,0.0,,
CAMP06356,C0147,New Product,2026-08-13,23.0,1,0,0,0,0.0,0,0.0,0,0.0,,
CAMP06357,C0335,Loyalty,2025-02-10,16.0,1,1,1,0,0.0,0,0.0,1,1846.56,16,615.52
CAMP06358,C0988,Festival,2026-05-27,32.5,1,0,0,0,0.0,0,0.0,0,0.0,,
CAMP06359,C0684,Loyalty,2025-08-16,16.0,1,0,0,0,0.0,0,0.0,1,2206.84,24,1103.42
CAMP06360,C0467,Win-back,2025-03-25,31.0,1,0,0,0,0.0,0,0.0,0,0.0,,
CAMP06361,C0215,Loyalty,2026-04-18,18.0,1,0,0,0,0.0,0,0.0,1,2395.74,25,1197.87
CAMP06362,C0359,Discount,2026-03-15,19.75,1,0,0,1,1430.75,1,1430.75,1,1430.75,3,1430.75
CAMP06363,C0985,Win-back,2026-07-05,29.25,1,0,0,0,0.0,0,0.0,0,0.0,,
CAMP06364,C0909,Discount,2026-06-28,25.0,1,1,1,0,0.0,0,0.0,1,5902.33,19,2050.39
CAMP06365,C0471,Win-back,2025-11-02,32.75,1,0,0,0,0.0,0,0.0,1,2000.69,24,1217.76
CAMP06366,C0615,Win-back,2025-04-15,32.75,1,0,0,0,0.0,0,0.0,0,0.0,,
CAMP06367,C0176,Festival,2026-08-01,27.25,1,0,0,0,0.0,1,6309.84,1,6309.84,9,2103.28
CAMP06368,C0013,Discount,2025-10-27,23.25,1,0,0,0,0.0,0,0.0,1,1404.99,21,530.62
CAMP06369,C0128,Loyalty,2026-04-02,18.0,1,0,0,1,952.21,1,952.21,1,952.21,1,952.21
CAMP06370,C0768,Discount,2026-05-28,23.25,1,1,0,0,0.0,0,0.0,1,952.74,19,952.74
CAMP06371,C0005,Discount,2025-06-18,23.25,1,1,0,0,0.0,0,0.0,0,0.0,,
CAMP06372,C0466,Festival,2026-02-11,27.25,1,1,0,0,0.0,1,1415.98,1,3064.66,11,1004.26
CAMP06373,C0190,Discount,2026-08-16,23.25,1,0,0,0,0.0,0,0.0,0,0.0,,
CAMP06374,C0631,Birthday,2026-08-25,22.0,1,1,0,0,0.0,0,0.0,0,0.0,,
CAMP06375,C0224,Birthday,2026-07-28,20.25,0,0,0,0,0.0,0,0.0,0,0.0,,
CAMP06376,C0357,New Product,2024-08-27,23.0,1,0,0,0,0.0,0,0.0,0,0.0,,
CAMP06377,C0320,Birthday,2026-08-20,18.5,1,0,0,0,0.0,0,0.0,0,0.0,,
CAMP06378,C0831,Win-back,2026-07-04,29.25,1,1,0,1,3033.34,1,5548.120000000001,1,5548.120000000001,5,1516.67
CAMP06379,C0791,New Product,2026-03-19,23.0,1,1,0,0,0.0,1,1577.68,1,1577.68,13,788.84
CAMP06380,C0828,Festival,2025-11-10,30.75,0,0,0,0,0.0,0,0.0,1,1652.04,15,826.02
CAMP06381,C0227,Discount,2025-11-20,23.25,1,0,0,0,0.0,1,1078.13,1,4647.370000000001,11,1078.13
CAMP06382,C0164,Loyalty,2025-12-07,14.0,1,0,0,0,0.0,1,1191.06,1,3393.44,13,1191.06
CAMP06383,C0354,Loyalty,2026-07-20,14.0,1,0,0,0,0.0,0,0.0,0,0.0,,
CAMP06384,C0832,Win-back,2026-07-14,29.25,1,0,0,1,2277.42,1,2277.42,1,2277.42,3,1138.71
CAMP06385,C0271,Festival,2026-05-06,25.5,1,0,0,1,988.1,1,988.1,1,988.1,5,988.1
CAMP06386,C0303,Win-back,2025-10-05,31.0,1,0,0,0,0.0,0,0.0,0,0.0,,
CAMP06387,C0625,Festival,2025-01-16,30.75,1,1,1,0,0.0,0,0.0,0,0.0,,
CAMP06388,C0357,Win-back,2025-05-05,31.0,1,0,0,0,0.0,0,0.0,0,0.0,,
CAMP06389,C0458,Discount,2026-04-02,23.25,1,0,0,0,0.0,1,1346.57,1,3646.46,9,1346.57
CAMP06390,C0872,Discount,2025-04-30,23.25,1,0,0,0,0.0,0,0.0,0,0.0,,
CAMP06391,C0147,Festival,2026-04-26,30.75,1,0,0,0,0.0,1,5862.450000000001,1,6945.31,13,1954.15
CAMP06392,C0763,Birthday,2026-06-02,18.5,1,0,0,0,0.0,0,0.0,0,0.0,,
CAMP06393,C0268,Festival,2026-07-10,27.25,1,0,0,1,1388.7,1,1388.7,1,1388.7,5,694.35
CAMP06394,C0906,Birthday,2024-12-31,22.0,1,1,0,0,0.0,0,0.0,1,4003.61,22,1286.35
CAMP06395,C0605,Birthday,2026-07-18,20.25,1,0,0,0,0.0,0,0.0,1,3383.94,28,1691.97
CAMP06396,C0280,Discount,2025-06-06,21.5,1,0,0,0,0.0,0,0.0,0,0.0,,
CAMP06397,C0038,Festival,2026-07-19,25.5,1,0,0,0,0.0,0,0.0,0,0.0,,
CAMP06398,C0032,Birthday,2026-03-20,20.25,0,0,0,1,1622.54,1,2934.94,1,3857.81,4,811.27
CAMP06399,C0243,New Product,2025-03-12,23.0,1,0,0,0,0.0,0,0.0,0,0.0,,
CAMP06400,C0053,Birthday,2025-09-14,22.0,1,0,0,0,0.0,0,0.0,0,0.0,,
CAMP06401,C0466,Discount,2025-12-17,25.0,1,0,0,0,0.0,0,0.0,1,483.08,22,483.08
CAMP06402,C0415,Birthday,2026-03-06,22.0,1,1,1,0,0.0,1,2089.19,1,4128.84,9,1494.87
CAMP06403,C0637,Win-back,2026-06-09,31.0,1,1,1,0,0.0,0,0.0,1,831.71,29,831.71
CAMP06404,C0014,Birthday,2026-03-19,18.5,1,0,0,0,0.0,0,0.0,1,5991.000000000001,26,1130.72
CAMP06405,C0969,Discount,2025-07-29,19.75,1,1,0,0,0.0,0,0.0,1,1133.39,18,1133.39
CAMP06406,C0010,Birthday,2026-05-13,20.25,1,0,0,0,0.0,0,0.0,0,0.0,,
CAMP06407,C0925,Win-back,2025-06-25,31.0,1,0,0,0,0.0,0,0.0,0,0.0,,
CAMP06408,C0875,Birthday,2026-02-16,18.5,1,0,0,1,1612.19,1,1612.19,1,1612.19,3,1612.19
CAMP06409,C0472,Festival,2026-07-30,25.5,1,0,0,0,0.0,0,0.0,0,0.0,,
CAMP06410,C0689,Festival,2025-10-03,32.5,1,0,0,0,0.0,0,0.0,0,0.0,,
CAMP06411,C0594,Festival,2026-01-23,32.5,1,0,0,0,0.0,1,2271.8,1,4226.84,9,2271.8
CAMP06412,C0649,Discount,2026-04-29,19.75,0,0,0,0,0.0,0,0.0,0,0.0,,
CAMP06413,C0374,Discount,2025-12-04,23.25,1,0,0,1,1964.31,1,1964.31,1,8318.16,6,1964.31
CAMP06414,C0658,New Product,2026-08-07,23.0,1,1,1,0,0.0,0,0.0,0,0.0,,
CAMP06415,C0656,New Product,2026-07-04,23.0,1,1,0,0,0.0,0,0.0,0,0.0,,
CAMP06416,C0203,Win-back,2026-05-26,32.75,1,0,0,1,1932.26,1,1932.26,1,1932.26,2,1932.26
CAMP06417,C0672,Discount,2025-11-18,21.5,1,0,0,0,0.0,0,0.0,0,0.0,,
CAMP06418,C0130,Loyalty,2025-11-09,22.0,1,0,0,0,0.0,1,572.72,1,572.72,11,572.72
CAMP06419,C0651,Discount,2026-06-20,21.5,1,0,0,0,0.0,1,1360.31,1,3893.87,14,1360.31
CAMP06420,C0276,Birthday,2025-09-01,18.5,1,0,0,1,1172.34,1,4752.22,1,4752.22,2,1172.34
CAMP06421,C0054,Loyalty,2026-06-21,14.0,1,1,0,0,0.0,1,747.9,1,747.9,9,747.9
CAMP06422,C0895,Win-back,2025-06-11,31.0,1,1,1,0,0.0,0,0.0,0,0.0,,
CAMP06423,C0923,Birthday,2024-12-21,18.5,1,0,0,0,0.0,0,0.0,0,0.0,,
CAMP06424,C0206,Festival,2026-07-02,30.75,1,1,1,0,0.0,0,0.0,1,1499.16,27,1499.16
CAMP06425,C0253,Loyalty,2026-01-22,14.0,1,1,1,0,0.0,1,2325.38,1,2325.38,12,1162.69
CAMP06426,C0814,Birthday,2026-06-07,18.5,1,0,0,0,0.0,0,0.0,0,0.0,,
CAMP06427,C0043,Discount,2025-04-05,23.25,1,1,0,0,0.0,0,0.0,0,0.0,,
CAMP06428,C0474,Festival,2025-11-21,27.25,1,0,0,1,1185.84,1,1185.84,1,1787.52,7,592.92
CAMP06429,C0491,Discount,2026-08-13,19.75,0,0,0,1,2266.94,1,2266.94,1,2266.94,4,1133.47
CAMP06430,C0947,New Product,2024-07-17,23.0,1,1,0,1,3302.82,1,3302.82,1,3302.82,3,1651.41
CAMP06431,C0190,Birthday,2026-04-15,20.25,1,0,0,0,0.0,0,0.0,0,0.0,,
CAMP06432,C0457,Loyalty,2025-10-25,14.0,0,0,0,0,0.0,0,0.0,0,0.0,,
CAMP06433,C0572,Birthday,2026-01-14,20.25,1,1,0,0,0.0,0,0.0,0,0.0,,
CAMP06434,C0382,Festival,2025-08-07,27.25,1,0,0,0,0.0,1,2769.8900000000003,1,2769.8900000000003,9,839.58
CAMP06435,C0694,Discount,2026-01-01,25.0,1,1,1,1,1182.48,1,1182.48,1,1182.48,6,1182.48
CAMP06436,C0036,Discount,2025-08-27,23.25,1,0,0,0,0.0,0,0.0,1,1176.37,27,1176.37
CAMP06437,C0221,Discount,2025-02-11,21.5,1,1,0,0,0.0,0,0.0,1,1525.28,23,762.64
CAMP06438,C0360,New Product,2026-03-05,23.0,0,0,0,0,0.0,0,0.0,0,0.0,,
CAMP06439,C0682,Birthday,2025-12-22,20.25,1,0,0,0,0.0,1,2448.04,1,4132.8,9,1224.02
CAMP06440,C0618,Discount,2026-01-23,23.25,1,1,1,0,0.0,0,0.0,0,0.0,,
CAMP06441,C0121,Discount,2026-07-17,19.75,1,0,0,0,0.0,0,0.0,0,0.0,,
CAMP06442,C0241,Discount,2025-03-12,19.75,1,1,0,1,2943.06,1,2943.06,1,4231.6900000000005,4,981.02
CAMP06443,C0268,Loyalty,2024-02-19,22.0,1,0,0,0,0.0,0,0.0,1,526.93,19,526.93
CAMP06444,C0984,New Product,2026-08-23,23.0,1,0,0,0,0.0,0,0.0,0,0.0,,
CAMP06445,C0632,Discount,2025-05-18,23.25,1,0,0,0,0.0,0,0.0,1,997.75,29,997.75
CAMP06446,C0906,Birthday,2026-08-20,22.0,0,0,0,0,0.0,0,0.0,0,0.0,,
CAMP06447,C0710,Discount,2025-10-05,19.75,1,0,0,0,0.0,0,0.0,0,0.0,,
CAMP06448,C0168,Loyalty,2025-12-24,14.0,1,0,0,0,0.0,1,2082.48,1,3717.68,13,1041.24
CAMP06449,C0488,Festival,2026-08-09,29.0,1,0,0,0,0.0,0,0.0,0,0.0,,
CAMP06450,C0746,Win-back,2025-12-27,27.5,1,1,0,0,0.0,0,0.0,0,0.0,,
CAMP06451,C0737,Discount,2026-05-03,23.25,1,1,0,0,0.0,0,0.0,0,0.0,,
CAMP06452,C0925,Win-back,2026-07-05,32.75,1,1,0,0,0.0,0,0.0,0,0.0,,
CAMP06453,C0047,Win-back,2025-08-10,31.0,1,1,0,1,7242.500000000001,1,7242.500000000001,1,7242.500000000001,7,1126.54
CAMP06454,C0391,Loyalty,2026-08-25,16.0,1,1,0,0,0.0,0,0.0,0,0.0,,
CAMP06455,C0027,Win-back,2025-11-03,29.25,1,0,0,0,0.0,0,0.0,0,0.0,,
CAMP06456,C0307,Birthday,2026-08-04,20.25,0,0,0,0,0.0,0,0.0,0,0.0,,
CAMP06457,C0641,Birthday,2024-10-11,22.0,0,0,0,0,0.0,0,0.0,0,0.0,,
CAMP06458,C0545,Loyalty,2026-06-04,18.0,1,0,0,0,0.0,0,0.0,0,0.0,,
CAMP06459,C0245,Discount,2026-07-23,19.75,1,1,1,0,0.0,0,0.0,0,0.0,,
CAMP06460,C0373,Festival,2026-07-23,27.25,1,0,0,0,0.0,0,0.0,0,0.0,,
CAMP06461,C0200,New Product,2024-05-24,23.0,1,1,1,0,0.0,0,0.0,1,1195.86,22,1195.86
CAMP06462,C0196,Discount,2025-05-29,25.0,0,0,0,0,0.0,0,0.0,0,0.0,,
CAMP06463,C0425,Birthday,2025-07-13,20.25,1,0,0,0,0.0,0,0.0,0,0.0,,
CAMP06464,C0141,Loyalty,2026-08-28,18.0,1,0,0,0,0.0,0,0.0,0,0.0,,
CAMP06465,C0821,Birthday,2024-10-19,22.0,1,0,0,0,0.0,0,0.0,0,0.0,,
CAMP06466,C0219,Discount,2025-07-05,21.5,1,0,0,0,0.0,1,2560.46,1,2560.46,10,1377.68
CAMP06467,C0428,New Product,2026-04-15,23.0,1,0,0,0,0.0,1,3159.48,1,9736.23,10,1579.74
CAMP06468,C0376,Festival,2025-07-15,29.0,1,0,0,1,477.57,1,1362.29,1,1362.29,6,477.57
CAMP06469,C0617,Birthday,2026-02-15,22.0,0,0,0,0,0.0,1,5181.76,1,5181.76,14,1295.44
CAMP06470,C0289,New Product,2026-08-19,23.0,1,0,0,0,0.0,0,0.0,0,0.0,,
CAMP06471,C0523,New Product,2025-01-06,23.0,1,0,0,0,0.0,0,0.0,0,0.0,,
CAMP06472,C0138,Loyalty,2024-12-30,22.0,1,0,0,0,0.0,1,2421.02,1,2421.02,8,1210.51
CAMP06473,C0401,Win-back,2025-05-09,31.0,1,1,0,0,0.0,0,0.0,0,0.0,,
CAMP06474,C0929,Loyalty,2025-04-25,18.0,1,1,1,0,0.0,0,0.0,0,0.0,,
CAMP06475,C0549,Festival,2026-03-10,30.75,1,1,1,0,0.0,0,0.0,0,0.0,,
CAMP06476,C0442,Win-back,2026-01-28,27.5,1,1,1,0,0.0,0,0.0,0,0.0,,
CAMP06477,C0448,Festival,2025-09-19,27.25,1,0,0,0,0.0,1,3170.72,1,3170.72,10,792.68
CAMP06478,C0427,Festival,2026-07-09,30.75,1,1,0,0,0.0,0,0.0,0,0.0,,
CAMP06479,C0601,Birthday,2025-09-25,22.0,1,0,0,0,0.0,0,0.0,0,0.0,,
CAMP06480,C0123,Win-back,2025-07-04,31.0,1,1,1,1,858.22,1,858.22,1,858.22,1,858.22
CAMP06481,C0900,Loyalty,2025-12-23,14.0,1,0,0,1,3733.92,1,6543.17,1,8157.54,2,2083.47
CAMP06482,C0318,Win-back,2026-07-19,32.75,1,0,0,1,4506.36,1,4506.36,1,6189.41,2,1502.12
CAMP06483,C0121,Discount,2026-07-25,25.0,0,0,0,0,0.0,0,0.0,0,0.0,,
CAMP06484,C0469,Win-back,2025-06-14,31.0,1,0,0,1,1327.26,1,4271.68,1,4271.68,7,663.63
CAMP06485,C0303,New Product,2026-06-24,23.0,1,0,0,0,0.0,0,0.0,1,856.33,23,856.33
CAMP06486,C0167,New Product,2025-10-08,23.0,1,0,0,0,0.0,1,668.23,1,668.23,8,668.23
CAMP06487,C0348,Festival,2026-03-16,30.75,1,0,0,0,0.0,0,0.0,0,0.0,,
CAMP06488,C0874,Discount,2026-02-14,23.25,1,0,0,0,0.0,0,0.0,1,3409.23,22,1227.32
CAMP06489,C0693,Discount,2026-07-20,21.5,1,0,0,0,0.0,0,0.0,0,0.0,,
CAMP06490,C0209,Festival,2026-02-08,32.5,1,1,1,0,0.0,0,0.0,0,0.0,,
CAMP06491,C0648,Birthday,2026-05-19,18.5,1,0,0,0,0.0,0,0.0,0,0.0,,
CAMP06492,C0074,Win-back,2024-07-02,31.0,1,0,0,0,0.0,0,0.0,0,0.0,,
CAMP06493,C0529,Discount,2026-03-01,19.75,1,1,0,0,0.0,0,0.0,1,3116.56,15,3116.56
CAMP06494,C0393,New Product,2026-02-18,23.0,1,1,0,0,0.0,0,0.0,1,3254.28,15,889.7
CAMP06495,C0721,Birthday,2025-03-19,22.0,1,1,0,0,0.0,0,0.0,1,1666.44,27,491.69
CAMP06496,C0982,Birthday,2025-08-20,20.25,1,1,0,1,4837.52,1,4837.52,1,16606.5,1,2418.76
CAMP06497,C0822,Birthday,2026-05-26,22.0,0,0,0,0,0.0,0,0.0,1,1680.76,22,1680.76
CAMP06498,C0303,Birthday,2026-02-26,18.5,1,0,0,1,1705.08,1,1705.08,1,2398.39,1,1705.08
CAMP06499,C0473,New Product,2026-08-31,23.0,1,0,0,0,0.0,0,0.0,0,0.0,,
CAMP06500,C0855,Festival,2025-06-03,27.25,1,0,0,0,0.0,0,0.0,1,685.06,30,685.06
CAMP06501,C0518,Loyalty,2025-08-30,14.0,1,0,0,0,0.0,1,3114.58,1,3114.58,11,1557.29
CAMP06502,C0908,Win-back,2026-04-27,29.25,1,1,0,0,0.0,1,890.13,1,3031.3499999999995,10,890.13
CAMP06503,C0098,New Product,2026-04-18,23.0,1,0,0,0,0.0,0,0.0,0,0.0,,
CAMP06504,C0412,Loyalty,2026-07-25,18.0,1,0,0,0,0.0,0,0.0,0,0.0,,
CAMP06505,C0620,Discount,2026-06-27,23.25,1,0,0,1,2232.11,1,2232.11,1,3882.81,5,2232.11
CAMP06506,C0890,Win-back,2024-12-02,29.25,1,1,1,0,0.0,0,0.0,1,4985.700000000001,21,1661.9
CAMP06507,C0771,Birthday,2024-03-11,20.25,1,0,0,0,0.0,0,0.0,0,0.0,,
CAMP06508,C0303,Loyalty,2025-05-31,14.0,1,0,0,0,0.0,0,0.0,0,0.0,,
CAMP06509,C0946,Win-back,2026-06-30,31.0,1,1,1,1,4640.48,1,4640.48,1,5973.84,3,1160.12
CAMP06510,C0685,Win-back,2026-07-26,29.25,1,0,0,0,0.0,0,0.0,0,0.0,,
CAMP06511,C0476,Birthday,2026-05-02,22.0,1,0,0,0,0.0,0,0.0,1,5004.81,15,1049.23
CAMP06512,C0305,Discount,2026-07-17,25.0,1,0,0,0,0.0,1,1076.2,1,1076.2,11,538.1
CAMP06513,C0545,Festival,2026-05-06,29.0,1,0,0,0,0.0,0,0.0,0,0.0,,
CAMP06514,C0087,Festival,2025-08-06,30.75,1,0,0,0,0.0,0,0.0,1,1420.32,27,710.16
CAMP06515,C0831,Festival,2026-08-21,27.25,1,0,0,0,0.0,0,0.0,0,0.0,,
CAMP06516,C0080,Festival,2025-11-14,27.25,1,1,0,0,0.0,0,0.0,1,4507.35,28,1502.45
CAMP06517,C0404,Loyalty,2026-05-31,14.0,1,0,0,1,1730.8,1,1730.8,1,1730.8,2,865.4
CAMP06518,C0692,Discount,2026-03-25,19.75,1,0,0,0,0.0,1,1372.48,1,5967.15,12,686.24
CAMP06519,C0121,Win-back,2026-06-05,27.5,1,1,0,0,0.0,0,0.0,0,0.0,,
CAMP06520,C0344,New Product,2026-08-09,23.0,1,0,0,0,0.0,0,0.0,0,0.0,,
CAMP06521,C0735,Festival,2025-04-17,27.25,1,1,0,0,0.0,0,0.0,0,0.0,,
CAMP06522,C0545,Birthday,2026-05-31,20.25,0,0,0,0,0.0,0,0.0,0,0.0,,
CAMP06523,C0609,Birthday,2025-11-16,20.25,1,1,0,0,0.0,0,0.0,0,0.0,,
CAMP06524,C0485,Discount,2026-02-28,23.25,1,0,0,0,0.0,0,0.0,1,2728.0,23,863.83
CAMP06525,C0388,New Product,2025-11-10,23.0,0,0,0,0,0.0,0,0.0,1,1603.08,25,801.54
CAMP06526,C0127,Loyalty,2026-05-13,14.0,1,1,1,0,0.0,1,1381.39,1,2226.81,12,1381.39
CAMP06527,C0592,New Product,2026-08-31,23.0,1,0,0,0,0.0,0,0.0,0,0.0,,
CAMP06528,C0349,Birthday,2025-06-04,20.25,1,0,0,0,0.0,0,0.0,0,0.0,,
CAMP06529,C0441,New Product,2025-08-17,23.0,1,1,0,0,0.0,1,3365.64,1,3365.64,9,1682.82
CAMP06530,C0637,Birthday,2025-01-18,18.5,1,0,0,0,0.0,0,0.0,0,0.0,,
CAMP06531,C0916,Win-back,2026-03-06,32.75,1,1,0,1,4850.650000000001,1,4850.650000000001,1,9177.39,6,1115.43
CAMP06532,C0393,New Product,2025-10-09,23.0,1,0,0,0,0.0,0,0.0,0,0.0,,
CAMP06533,C0715,New Product,2025-08-10,23.0,1,0,0,1,1662.01,1,4396.95,1,7158.66,1,1662.01
CAMP06534,C0576,New Product,2026-05-18,23.0,1,1,1,0,0.0,0,0.0,1,8265.47,20,1056.97
CAMP06535,C0465,Birthday,2026-03-07,18.5,1,1,0,0,0.0,0,0.0,1,2079.9,23,2079.9
CAMP06536,C0080,Discount,2025-07-23,25.0,1,1,1,0,0.0,0,0.0,1,1832.42,30,1832.42
CAMP06537,C0552,New Product,2026-01-31,23.0,1,0,0,0,0.0,0,0.0,0,0.0,,
CAMP06538,C0796,Discount,2026-03-08,21.5,1,1,1,0,0.0,0,0.0,1,3482.04,17,388.45
CAMP06539,C0773,Loyalty,2025-10-25,16.0,1,0,0,0,0.0,0,0.0,1,1936.03,15,1936.03
CAMP06540,C0510,New Product,2025-03-10,23.0,1,0,0,0,0.0,1,2724.73,1,4958.68,8,2724.73
CAMP06541,C0433,Win-back,2025-12-16,29.25,1,1,1,1,1310.25,1,1310.25,1,2257.78,4,1310.25
CAMP06542,C0001,Birthday,2025-11-08,20.25,1,1,0,0,0.0,0,0.0,1,2009.19,25,1135.64
CAMP06543,C0367,Birthday,2025-12-11,18.5,1,0,0,0,0.0,1,3602.0,1,3602.0,14,3602.0
CAMP06544,C0501,Festival,2025-06-22,30.75,1,1,1,0,0.0,1,2895.56,1,10214.35,8,1447.78
CAMP06545,C0838,Festival,2026-07-18,30.75,1,0,0,0,0.0,0,0.0,0,0.0,,
CAMP06546,C0697,New Product,2024-10-06,23.0,1,0,0,1,1489.24,1,4118.34,1,4118.34,6,744.62
CAMP06547,C0536,Loyalty,2025-10-21,18.0,1,0,0,0,0.0,0,0.0,0,0.0,,
CAMP06548,C0116,Birthday,2024-06-16,20.25,1,0,0,0,0.0,0,0.0,0,0.0,,
CAMP06549,C0810,Win-back,2025-09-04,27.5,1,0,0,0,0.0,0,0.0,0,0.0,,
CAMP06550,C0436,Festival,2025-09-18,27.25,1,0,0,1,3276.56,1,3276.56,1,5635.26,1,1638.28
CAMP06551,C0143,New Product,2024-10-19,23.0,1,0,0,0,0.0,0,0.0,0,0.0,,
CAMP06552,C0596,Win-back,2025-01-10,29.25,1,0,0,1,1619.02,1,1619.02,1,2930.24,5,1619.02
CAMP06553,C0414,Festival,2025-12-10,32.5,1,0,0,0,0.0,0,0.0,0,0.0,,
CAMP06554,C0427,Loyalty,2026-02-16,18.0,1,0,0,0,0.0,0,0.0,0,0.0,,
CAMP06555,C0369,Discount,2025-09-25,23.25,1,0,0,0,0.0,1,2091.1,1,5207.54,10,2091.1
CAMP06556,C0558,New Product,2026-08-26,23.0,1,0,0,0,0.0,0,0.0,0,0.0,,
CAMP06557,C0829,Win-back,2024-08-26,31.0,1,1,0,0,0.0,0,0.0,0,0.0,,
CAMP06558,C0439,Festival,2026-07-18,32.5,1,0,0,0,0.0,1,715.91,1,715.91,9,715.91
CAMP06559,C0901,Festival,2026-04-25,32.5,0,0,0,0,0.0,0,0.0,0,0.0,,
CAMP06560,C0193,New Product,2025-11-27,23.0,1,0,0,0,0.0,0,0.0,0,0.0,,
CAMP06561,C0748,Discount,2025-07-22,23.25,1,1,0,0,0.0,0,0.0,0,0.0,,
CAMP06562,C0995,Win-back,2026-03-01,31.0,0,0,0,0,0.0,0,0.0,1,2606.62,15,1303.31
CAMP06563,C0297,Discount,2026-04-04,23.25,1,0,0,1,4686.78,1,4686.78,1,7609.88,6,1562.26
CAMP06564,C0756,Win-back,2026-07-16,29.25,1,0,0,0,0.0,0,0.0,1,727.05,18,727.05
CAMP06565,C0230,Win-back,2026-07-08,27.5,1,1,1,0,0.0,0,0.0,1,1358.02,26,679.01
CAMP06566,C0640,Discount,2026-07-13,19.75,1,0,0,1,1419.32,1,1419.32,1,1419.32,2,1419.32
CAMP06567,C0293,Loyalty,2026-01-31,14.0,1,0,0,0,0.0,0,0.0,1,4012.12,24,722.83
CAMP06568,C0809,Festival,2025-12-15,25.5,1,0,0,0,0.0,0,0.0,1,2135.32,20,2135.32
CAMP06569,C0144,Festival,2026-02-28,32.5,1,1,0,1,984.41,1,984.41,1,1927.14,1,984.41
CAMP06570,C0638,New Product,2025-12-02,23.0,1,1,0,0,0.0,0,0.0,0,0.0,,
CAMP06571,C0753,New Product,2025-11-07,23.0,1,1,0,0,0.0,0,0.0,1,4346.42,25,2173.21
CAMP06572,C0931,Loyalty,2025-11-07,22.0,1,1,0,1,1662.42,1,2580.3,1,2580.3,2,1662.42
CAMP06573,C0302,Birthday,2026-05-08,18.5,1,0,0,1,5055.67,1,5055.67,1,7777.92,1,754.82
CAMP06574,C0490,Birthday,2024-11-28,20.25,1,0,0,0,0.0,0,0.0,0,0.0,,
CAMP06575,C0477,Birthday,2025-12-09,22.0,1,0,0,0,0.0,0,0.0,1,502.22,28,502.22
CAMP06576,C0350,Discount,2026-03-17,23.25,1,1,1,0,0.0,0,0.0,1,3233.54,20,921.13
CAMP06577,C0368,Birthday,2024-10-11,20.25,1,0,0,0,0.0,0,0.0,0,0.0,,
CAMP06578,C0071,Loyalty,2025-08-27,14.0,1,0,0,0,0.0,0,0.0,1,1070.59,29,1070.59
CAMP06579,C0455,New Product,2025-09-26,23.0,1,0,0,0,0.0,1,5096.06,1,5096.06,12,2548.03
CAMP06580,C0829,Birthday,2025-04-23,22.0,0,0,0,0,0.0,0,0.0,1,1700.68,26,850.34
CAMP06581,C0018,New Product,2025-12-24,23.0,1,0,0,0,0.0,0,0.0,0,0.0,,
CAMP06582,C0805,Loyalty,2023-12-07,22.0,1,0,0,0,0.0,0,0.0,0,0.0,,
CAMP06583,C0653,Discount,2026-05-04,23.25,1,0,0,0,0.0,0,0.0,0,0.0,,
CAMP06584,C0060,Festival,2026-07-10,25.5,1,0,0,0,0.0,0,0.0,0,0.0,,
CAMP06585,C0959,Discount,2026-06-12,21.5,1,0,0,0,0.0,0,0.0,1,3461.3900000000003,20,1777.0
CAMP06586,C0676,Loyalty,2025-01-10,22.0,1,1,0,1,1907.8,1,1907.8,1,1907.8,1,953.9
CAMP06587,C0414,Discount,2025-12-29,25.0,1,0,0,0,0.0,0,0.0,1,5024.64,19,807.66
CAMP06588,C0801,Loyalty,2025-02-03,14.0,1,0,0,0,0.0,0,0.0,0,0.0,,
CAMP06589,C0731,Win-back,2025-07-21,29.25,1,1,1,0,0.0,0,0.0,0,0.0,,
CAMP06590,C0711,Festival,2026-08-07,29.0,1,1,0,0,0.0,0,0.0,0,0.0,,
CAMP06591,C0702,Discount,2026-07-24,21.5,1,0,0,0,0.0,0,0.0,0,0.0,,
CAMP06592,C0365,Festival,2025-04-13,27.25,1,0,0,0,0.0,0,0.0,1,2369.64,22,2369.64
CAMP06593,C0783,Festival,2026-02-03,25.5,1,1,1,0,0.0,1,2004.72,1,2004.72,11,501.18
CAMP06594,C0519,Festival,2026-03-19,25.5,1,1,0,1,960.31,1,960.31,1,11499.54,2,960.31
CAMP06595,C0204,Win-back,2026-03-29,32.75,1,1,0,1,1870.88,1,1870.88,1,6607.89,1,935.44
CAMP06596,C0843,New Product,2026-08-18,23.0,1,0,0,0,0.0,0,0.0,0,0.0,,
CAMP06597,C0960,Discount,2025-03-11,25.0,1,0,0,1,3686.81,1,3686.81,1,3686.81,1,858.87
CAMP06598,C0119,Loyalty,2025-12-25,14.0,1,1,0,0,0.0,0,0.0,0,0.0,,
CAMP06599,C0167,Discount,2025-10-27,19.75,1,0,0,0,0.0,0,0.0,1,2197.7,25,926.33
CAMP06600,C0596,New Product,2025-03-26,23.0,1,1,1,0,0.0,0,0.0,0,0.0,,
CAMP06601,C0576,Loyalty,2026-08-19,22.0,1,1,1,0,0.0,0,0.0,0,0.0,,
CAMP06602,C0848,Discount,2026-03-10,19.75,1,1,0,1,545.81,1,545.81,1,545.81,4,545.81
CAMP06603,C0336,Loyalty,2026-05-15,16.0,1,0,0,0,0.0,0,0.0,1,1077.76,18,1077.76
CAMP06604,C0743,New Product,2026-01-08,23.0,1,0,0,0,0.0,1,1317.68,1,9178.44,13,1317.68
CAMP06605,C0484,Discount,2024-12-19,23.25,1,0,0,0,0.0,0,0.0,0,0.0,,
CAMP06606,C0572,Discount,2025-05-18,23.25,1,0,0,0,0.0,0,0.0,0,0.0,,
CAMP06607,C0788,Birthday,2025-08-21,22.0,0,0,0,0,0.0,0,0.0,0,0.0,,
CAMP06608,C0401,Birthday,2025-05-28,22.0,1,1,0,0,0.0,0,0.0,0,0.0,,
CAMP06609,C0965,Win-back,2026-01-20,31.0,1,0,0,1,2499.86,1,2499.86,1,2499.86,7,1249.93
CAMP06610,C0430,Win-back,2026-04-14,32.75,1,0,0,0,0.0,0,0.0,0,0.0,,
CAMP06611,C0794,Birthday,2024-08-25,20.25,1,1,0,0,0.0,0,0.0,0,0.0,,
CAMP06612,C0632,Win-back,2025-05-30,31.0,1,0,0,0,0.0,0,0.0,1,2629.35,17,997.75
CAMP06613,C0580,New Product,2026-07-14,23.0,1,0,0,0,0.0,0,0.0,0,0.0,,
CAMP06614,C0461,Loyalty,2026-08-18,14.0,1,0,0,0,0.0,0,0.0,0,0.0,,
CAMP06615,C0843,Festival,2026-08-04,25.5,1,1,0,0,0.0,0,0.0,0,0.0,,
CAMP06616,C0742,Festival,2026-07-26,30.75,1,0,0,0,0.0,0,0.0,0,0.0,,
CAMP06617,C0877,Win-back,2026-01-11,31.0,1,0,0,0,0.0,1,1403.07,1,1403.07,14,1403.07
CAMP06618,C0475,Win-back,2026-02-19,31.0,1,0,0,0,0.0,0,0.0,0,0.0,,
CAMP06619,C0076,Birthday,2025-04-27,18.5,1,0,0,0,0.0,0,0.0,1,2309.08,15,1154.54
CAMP06620,C0338,New Product,2026-08-19,23.0,1,0,0,0,0.0,0,0.0,0,0.0,,
CAMP06621,C0337,Win-back,2025-08-07,27.5,1,0,0,0,0.0,0,0.0,1,3087.93,22,1029.31
CAMP06622,C0115,Festival,2024-08-21,25.5,1,0,0,1,667.87,1,2240.03,1,2240.03,7,667.87
CAMP06623,C0264,Festival,2025-07-31,30.75,0,0,0,0,0.0,0,0.0,0,0.0,,
CAMP06624,C0069,Festival,2024-08-07,29.0,1,1,1,0,0.0,0,0.0,0,0.0,,
CAMP06625,C0023,New Product,2026-08-14,23.0,1,0,0,1,3896.66,1,3896.66,1,3896.66,6,1948.33
CAMP06626,C0010,Loyalty,2026-06-15,22.0,1,0,0,0,0.0,0,0.0,0,0.0,,
CAMP06627,C0013,Loyalty,2024-02-25,18.0,1,0,0,0,0.0,0,0.0,1,1252.41,24,1252.41
CAMP06628,C0619,Discount,2026-05-04,23.25,1,0,0,0,0.0,0,0.0,0,0.0,,
CAMP06629,C0294,Festival,2026-04-27,30.75,1,0,0,0,0.0,0,0.0,0,0.0,,
CAMP06630,C0874,Birthday,2026-06-06,18.5,1,0,0,0,0.0,0,0.0,0,0.0,,
CAMP06631,C0954,Festival,2026-08-21,29.0,1,0,0,0,0.0,0,0.0,0,0.0,,
CAMP06632,C0913,Birthday,2025-08-30,20.25,1,1,0,0,0.0,0,0.0,0,0.0,,
CAMP06633,C0229,Win-back,2025-02-07,27.5,1,1,1,0,0.0,0,0.0,1,3412.13,18,1230.15
CAMP06634,C0038,Loyalty,2026-02-10,22.0,1,0,0,0,0.0,0,0.0,0,0.0,,
CAMP06635,C0953,Loyalty,2026-08-21,22.0,1,0,0,0,0.0,0,0.0,0,0.0,,
CAMP06636,C0386,Loyalty,2026-01-02,22.0,1,1,0,0,0.0,0,0.0,1,5288.220000000001,16,512.58
CAMP06637,C0636,Birthday,2024-06-04,20.25,1,1,0,0,0.0,0,0.0,0,0.0,,
CAMP06638,C0433,Birthday,2026-03-14,20.25,1,1,1,1,1958.51,1,1958.51,1,9389.4,7,1958.51
CAMP06639,C0991,New Product,2026-06-09,23.0,1,0,0,0,0.0,0,0.0,1,1285.8,16,1285.8
CAMP06640,C0224,Discount,2026-06-12,19.75,1,1,1,0,0.0,0,0.0,0,0.0,,
CAMP06641,C0875,New Product,2025-11-23,23.0,1,0,0,1,1876.9,1,6092.360000000001,1,7438.47,7,1876.9
CAMP06642,C0135,Win-back,2025-07-13,29.25,1,0,0,1,2045.16,1,2045.16,1,3396.58,6,1022.58
CAMP06643,C0538,New Product,2025-06-04,23.0,1,0,0,0,0.0,0,0.0,0,0.0,,
CAMP06644,C0335,Loyalty,2025-11-02,16.0,1,0,0,0,0.0,0,0.0,0,0.0,,
CAMP06645,C0484,New Product,2025-01-11,23.0,1,0,0,0,0.0,0,0.0,1,1690.78,18,845.39
CAMP06646,C0267,Discount,2026-08-22,25.0,0,0,0,0,0.0,0,0.0,0,0.0,,
CAMP06647,C0547,Discount,2024-09-13,23.25,1,0,0,0,0.0,1,1780.35,1,7025.67,8,1780.35
CAMP06648,C0268,Loyalty,2024-06-14,14.0,1,0,0,0,0.0,0,0.0,0,0.0,,
CAMP06649,C0917,Discount,2026-06-01,23.25,1,1,1,0,0.0,0,0.0,0,0.0,,
CAMP06650,C0553,Discount,2026-06-10,25.0,1,0,0,0,0.0,0,0.0,0,0.0,,
CAMP06651,C0861,Birthday,2026-06-24,20.25,1,0,0,0,0.0,1,3217.3,1,3217.3,14,1608.65
CAMP06652,C0843,Discount,2026-08-29,19.75,1,0,0,0,0.0,0,0.0,0,0.0,,
CAMP06653,C0129,Loyalty,2024-09-11,16.0,1,0,0,0,0.0,0,0.0,0,0.0,,
CAMP06654,C0392,Discount,2026-03-30,23.25,0,0,0,0,0.0,0,0.0,0,0.0,,
CAMP06655,C0283,Birthday,2025-11-28,22.0,1,0,0,0,0.0,0,0.0,1,507.35,18,507.35
CAMP06656,C0945,Win-back,2026-06-15,32.75,1,0,0,0,0.0,0,0.0,0,0.0,,
CAMP06657,C0561,Festival,2025-05-05,30.75,1,1,0,0,0.0,0,0.0,0,0.0,,
CAMP06658,C0519,Festival,2026-07-12,25.5,1,0,0,0,0.0,0,0.0,1,3498.54,23,1166.18
CAMP06659,C0120,Birthday,2026-05-22,18.5,1,0,0,0,0.0,0,0.0,1,1958.4,24,979.2
CAMP06660,C0860,Birthday,2026-07-27,22.0,1,1,1,0,0.0,0,0.0,0,0.0,,
CAMP06661,C0945,Win-back,2024-02-03,27.5,1,0,0,0,0.0,0,0.0,0,0.0,,
CAMP06662,C0882,Festival,2024-09-15,29.0,1,1,0,1,745.46,1,745.46,1,1660.43,5,372.73
CAMP06663,C0364,Win-back,2026-04-14,29.25,1,0,0,0,0.0,0,0.0,0,0.0,,
CAMP06664,C0031,Birthday,2026-06-26,18.5,0,0,0,0,0.0,0,0.0,0,0.0,,
CAMP06665,C0892,New Product,2026-08-26,23.0,0,0,0,0,0.0,0,0.0,0,0.0,,
CAMP06666,C0082,New Product,2024-07-24,23.0,1,0,0,1,1092.33,1,1092.33,1,1092.33,7,1092.33
CAMP06667,C0748,Loyalty,2026-06-18,14.0,1,0,0,0,0.0,0,0.0,1,2090.82,15,1045.41
CAMP06668,C0055,Win-back,2025-12-13,29.25,1,1,0,0,0.0,0,0.0,0,0.0,,
CAMP06669,C0354,Discount,2026-07-28,21.5,1,1,0,0,0.0,0,0.0,0,0.0,,
CAMP06670,C0630,Birthday,2026-06-27,22.0,1,0,0,0,0.0,0,0.0,0,0.0,,
CAMP06671,C0628,Discount,2026-07-27,19.75,1,0,0,0,0.0,0,0.0,0,0.0,,
CAMP06672,C0372,New Product,2025-01-17,23.0,1,0,0,0,0.0,0,0.0,0,0.0,,
CAMP06673,C0788,Festival,2026-05-01,29.0,1,0,0,0,0.0,0,0.0,0,0.0,,
CAMP06674,C0698,Win-back,2025-10-27,32.75,1,1,0,0,0.0,0,0.0,1,5046.64,18,1397.99
CAMP06675,C0367,Win-back,2025-09-19,27.5,1,0,0,0,0.0,0,0.0,0,0.0,,
CAMP06676,C0065,Festival,2024-12-29,27.25,1,0,0,1,674.91,1,674.91,1,6321.340000000001,5,674.91
CAMP06677,C0083,Festival,2024-12-29,27.25,1,0,0,0,0.0,0,0.0,0,0.0,,
CAMP06678,C0152,Win-back,2025-04-12,29.25,1,0,0,0,0.0,0,0.0,1,697.94,15,348.97
CAMP06679,C0817,Win-back,2025-12-10,27.5,1,1,0,1,1901.26,1,1901.26,1,4382.12,4,1901.26
CAMP06680,C0436,Win-back,2026-01-25,31.0,1,0,0,0,0.0,0,0.0,1,765.71,17,765.71
CAMP06681,C0455,Birthday,2025-12-18,20.25,1,0,0,0,0.0,1,958.28,1,958.28,12,958.28
CAMP06682,C0233,Birthday,2025-08-04,18.5,0,0,0,0,0.0,1,11805.84,1,11805.84,11,4314.27
CAMP06683,C0283,Birthday,2026-01-10,20.25,1,0,0,0,0.0,0,0.0,0,0.0,,
CAMP06684,C0174,New Product,2025-08-14,23.0,1,1,0,0,0.0,0,0.0,1,765.93,19,765.93
CAMP06685,C0358,Birthday,2025-08-28,18.5,1,0,0,1,2338.68,1,2338.68,1,4059.84,7,1169.34
CAMP06686,C0282,Win-back,2024-12-01,32.75,1,0,0,0,0.0,0,0.0,0,0.0,,
CAMP06687,C0521,Festival,2024-07-28,25.5,1,0,0,0,0.0,1,910.54,1,910.54,13,910.54
CAMP06688,C0547,New Product,2025-05-04,23.0,1,0,0,0,0.0,1,3315.84,1,3315.84,8,1105.28
CAMP06689,C0459,Festival,2025-11-10,29.0,1,1,0,0,0.0,0,0.0,1,1212.15,20,404.05
CAMP06690,C0123,Win-back,2026-01-28,27.5,1,1,0,0,0.0,0,0.0,1,3691.02,27,1230.34
CAMP06691,C0024,New Product,2026-07-09,23.0,1,0,0,0,0.0,1,2567.86,1,4077.43,13,1283.93
CAMP06692,C0743,Festival,2026-02-05,32.5,1,0,0,1,2246.32,1,2246.32,1,2246.32,1,1123.16
CAMP06693,C0782,Festival,2024-08-22,25.5,1,0,0,0,0.0,0,0.0,1,2907.68,30,1453.84
CAMP06694,C0711,Win-back,2026-08-30,27.5,0,0,0,0,0.0,0,0.0,0,0.0,,
CAMP06695,C0102,Discount,2025-07-22,21.5,1,1,1,0,0.0,0,0.0,1,417.17,23,417.17
CAMP06696,C0654,Loyalty,2024-09-30,18.0,1,0,0,0,0.0,0,0.0,0,0.0,,
CAMP06697,C0513,Discount,2024-09-16,25.0,1,0,0,0,0.0,0,0.0,0,0.0,,
CAMP06698,C0537,Birthday,2025-12-20,18.5,1,0,0,0,0.0,0,0.0,0,0.0,,
CAMP06699,C0356,New Product,2025-06-28,23.0,1,0,0,0,0.0,1,1215.44,1,1215.44,11,607.72
CAMP06700,C0140,Loyalty,2026-07-30,14.0,1,1,1,0,0.0,0,0.0,0,0.0,,
CAMP06701,C0813,New Product,2026-06-18,23.0,1,0,0,0,0.0,0,0.0,0,0.0,,
CAMP06702,C0139,Discount,2024-12-29,19.75,1,1,1,0,0.0,0,0.0,0,0.0,,
CAMP06703,C0693,New Product,2026-07-30,23.0,0,0,0,0,0.0,0,0.0,0,0.0,,
CAMP06704,C0605,Festival,2025-01-31,30.75,1,0,0,0,0.0,0,0.0,0,0.0,,
CAMP06705,C0883,Discount,2025-12-13,21.5,1,0,0,0,0.0,0,0.0,0,0.0,,
CAMP06706,C0450,Festival,2026-08-29,32.5,1,0,0,0,0.0,0,0.0,0,0.0,,
CAMP06707,C0379,Festival,2025-06-13,32.5,1,0,0,0,0.0,0,0.0,0,0.0,,
CAMP06708,C0115,Loyalty,2024-08-02,22.0,1,0,0,0,0.0,0,0.0,1,2240.03,26,667.87
CAMP06709,C0941,Birthday,2024-01-10,18.5,0,0,0,0,0.0,0,0.0,0,0.0,,
CAMP06710,C0428,New Product,2026-06-10,23.0,1,0,0,0,0.0,0,0.0,1,2524.16,23,1262.08
CAMP06711,C0669,Festival,2025-11-26,32.5,1,0,0,0,0.0,0,0.0,0,0.0,,
CAMP06712,C0458,Loyalty,2024-11-06,22.0,1,0,0,0,0.0,0,0.0,0,0.0,,
CAMP06713,C0568,Festival,2026-06-23,27.25,1,1,1,0,0.0,0,0.0,1,1654.84,21,1654.84
CAMP06714,C0375,Win-back,2026-08-24,27.5,1,0,0,0,0.0,0,0.0,0,0.0,,
CAMP06715,C0156,Loyalty,2026-08-16,16.0,1,0,0,0,0.0,0,0.0,0,0.0,,
CAMP06716,C0696,New Product,2026-04-30,23.0,1,0,0,0,0.0,1,7293.789999999999,1,10144.05,10,285.81
CAMP06717,C0446,Loyalty,2026-01-23,16.0,1,0,0,0,0.0,0,0.0,0,0.0,,
CAMP06718,C0729,Discount,2024-12-21,25.0,1,0,0,0,0.0,0,0.0,1,921.59,21,921.59
CAMP06719,C0773,Discount,2025-02-18,21.5,1,1,0,0,0.0,0,0.0,0,0.0,,
CAMP06720,C0303,Win-back,2025-09-09,32.75,1,0,0,0,0.0,0,0.0,0,0.0,,
CAMP06721,C0239,Discount,2026-08-30,19.75,1,0,0,0,0.0,0,0.0,0,0.0,,
CAMP06722,C0599,Festival,2025-12-12,25.5,1,0,0,1,1027.32,1,1027.32,1,1027.32,1,1027.32
CAMP06723,C0125,Win-back,2026-01-25,29.25,1,1,1,0,0.0,1,3759.8,1,3759.8,12,1879.9
CAMP06724,C0414,Win-back,2026-03-24,32.75,1,0,0,1,5618.58,1,5618.58,1,14861.819999999998,5,2809.29
CAMP06725,C0734,Discount,2026-07-01,19.75,0,0,0,0,0.0,0,0.0,0,0.0,,
CAMP06726,C0630,Discount,2026-04-12,23.25,1,0,0,0,0.0,0,0.0,1,4418.76,18,1058.98
CAMP06727,C0843,Discount,2026-08-12,25.0,1,1,1,0,0.0,0,0.0,0,0.0,,
CAMP06728,C0892,Win-back,2026-08-02,32.75,1,0,0,0,0.0,0,0.0,0,0.0,,
CAMP06729,C0412,Win-back,2026-06-28,27.5,1,0,0,0,0.0,0,0.0,0,0.0,,
CAMP06730,C0014,Birthday,2025-05-28,18.5,1,0,0,0,0.0,1,1256.67,1,1256.67,12,1256.67
CAMP06731,C0097,Birthday,2026-01-05,18.5,0,0,0,0,0.0,0,0.0,0,0.0,,
CAMP06732,C0717,Festival,2025-06-22,29.0,0,0,0,0,0.0,0,0.0,1,1886.88,20,943.44
CAMP06733,C0768,New Product,2026-08-18,23.0,0,0,0,0,0.0,0,0.0,0,0.0,,
CAMP06734,C0211,Birthday,2026-06-02,22.0,1,1,0,0,0.0,1,4953.39,1,4953.39,11,1651.13
CAMP06735,C0085,Discount,2024-08-27,23.25,1,0,0,0,0.0,0,0.0,0,0.0,,
CAMP06736,C0179,New Product,2026-03-19,23.0,1,0,0,0,0.0,0,0.0,0,0.0,,
CAMP06737,C0101,Birthday,2026-02-03,20.25,1,0,0,0,0.0,1,2191.61,1,14073.39,11,2191.61
CAMP06738,C0081,Birthday,2025-08-06,18.5,1,0,0,0,0.0,0,0.0,0,0.0,,
CAMP06739,C0414,Discount,2026-05-26,21.5,1,0,0,0,0.0,0,0.0,0,0.0,,
CAMP06740,C0515,Loyalty,2026-03-14,22.0,1,0,0,1,973.85,1,1988.94,1,2647.32,3,973.85
CAMP06741,C0788,New Product,2026-07-26,23.0,1,0,0,0,0.0,0,0.0,0,0.0,,
CAMP06742,C0099,Festival,2025-01-03,32.5,1,0,0,0,0.0,0,0.0,1,1481.44,30,1481.44
CAMP06743,C0390,Birthday,2026-04-03,20.25,1,1,0,0,0.0,1,1421.75,1,1421.75,13,1421.75
CAMP06744,C0397,Win-back,2025-06-27,31.0,1,0,0,0,0.0,0,0.0,1,1233.14,24,616.57
CAMP06745,C0906,Discount,2026-08-03,23.25,1,1,1,0,0.0,0,0.0,0,0.0,,
CAMP06746,C0009,Festival,2026-01-31,30.75,1,1,1,0,0.0,0,0.0,0,0.0,,
CAMP06747,C0064,Discount,2026-01-15,19.75,0,0,0,1,1795.65,1,1795.65,1,3709.09,3,598.55
CAMP06748,C0018,Loyalty,2026-06-29,18.0,1,0,0,0,0.0,0,0.0,1,1605.72,21,802.86
CAMP06749,C0433,Loyalty,2026-04-30,22.0,1,0,0,0,0.0,1,8338.119999999999,1,8338.119999999999,12,1237.79
CAMP06750,C0703,Loyalty,2024-10-20,16.0,1,0,0,0,0.0,1,1068.84,1,1068.84,9,1068.84
CAMP06751,C0827,New Product,2025-12-01,23.0,1,0,0,0,0.0,0,0.0,0,0.0,,
CAMP06752,C0324,Festival,2026-06-30,29.0,1,0,0,0,0.0,0,0.0,0,0.0,,
CAMP06753,C0985,Birthday,2026-08-16,18.5,0,0,0,0,0.0,0,0.0,0,0.0,,
CAMP06754,C0970,Festival,2025-09-10,32.5,1,1,0,0,0.0,0,0.0,1,426.9,24,426.9
CAMP06755,C0123,Festival,2024-12-26,30.75,1,1,1,1,3703.47,1,6750.17,1,9663.5,6,1234.49
CAMP06756,C0749,New Product,2026-05-20,23.0,1,0,0,0,0.0,0,0.0,0,0.0,,
CAMP06757,C0947,Win-back,2026-07-25,27.5,1,1,0,1,1904.04,1,1904.04,1,1904.04,7,952.02
CAMP06758,C0704,Festival,2025-05-13,32.5,1,0,0,0,0.0,0,0.0,1,3777.51,27,1259.17
CAMP06759,C0278,Festival,2026-04-20,25.5,1,0,0,0,0.0,1,1584.22,1,1584.22,13,1584.22
CAMP06760,C0798,Loyalty,2025-06-12,18.0,1,0,0,1,1421.72,1,1421.72,1,1421.72,7,1421.72
CAMP06761,C0457,Discount,2025-10-23,23.25,1,0,0,0,0.0,0,0.0,0,0.0,,
CAMP06762,C0155,Festival,2024-12-26,29.0,1,1,0,0,0.0,0,0.0,1,816.38,25,816.38
CAMP06763,C0001,Festival,2025-02-02,30.75,1,0,0,0,0.0,0,0.0,0,0.0,,
CAMP06764,C0804,New Product,2025-09-06,23.0,1,0,0,1,1972.03,1,1972.03,1,2404.12,1,1972.03
CAMP06765,C0250,Birthday,2026-02-18,20.25,1,0,0,0,0.0,0,0.0,0,0.0,,
CAMP06766,C0084,Birthday,2025-09-14,18.5,1,1,0,0,0.0,0,0.0,0,0.0,,
CAMP06767,C0277,Loyalty,2026-07-08,18.0,1,0,0,0,0.0,1,4346.97,1,4346.97,12,1448.99
CAMP06768,C0442,Birthday,2026-01-31,22.0,1,0,0,0,0.0,0,0.0,1,6037.259999999999,28,729.06
CAMP06769,C0106,Discount,2024-05-04,21.5,1,0,0,0,0.0,0,0.0,0,0.0,,
CAMP06770,C0298,New Product,2026-07-28,23.0,1,0,0,0,0.0,0,0.0,0,0.0,,
CAMP06771,C0043,Win-back,2025-11-03,31.0,1,1,0,1,2353.4700000000003,1,3347.45,1,3347.45,4,784.49
CAMP06772,C0708,Win-back,2026-06-28,31.0,1,0,0,0,0.0,0,0.0,0,0.0,,
CAMP06773,C0426,Discount,2026-01-05,25.0,1,0,0,0,0.0,1,2694.75,1,2694.75,13,2694.75
CAMP06774,C0928,Loyalty,2026-08-24,22.0,1,0,0,0,0.0,0,0.0,0,0.0,,
CAMP06775,C0970,Discount,2025-10-17,19.75,1,0,0,1,839.99,1,839.99,1,839.99,4,839.99
CAMP06776,C0703,Win-back,2025-03-14,31.0,1,0,0,1,5886.66,1,12891.990000000002,1,14029.7,4,3854.0
CAMP06777,C0300,Discount,2026-08-11,19.75,1,1,1,0,0.0,0,0.0,0,0.0,,
CAMP06778,C0071,New Product,2025-11-26,23.0,1,0,0,0,0.0,1,1745.48,1,1745.48,8,1745.48
CAMP06779,C0318,Win-back,2026-07-29,27.5,1,0,0,1,1683.05,1,1683.05,1,1683.05,5,1683.05
CAMP06780,C0444,Discount,2026-01-04,21.5,1,0,0,0,0.0,0,0.0,0,0.0,,
CAMP06781,C0186,New Product,2026-04-30,23.0,1,0,0,0,0.0,0,0.0,0,0.0,,
CAMP06782,C0024,New Product,2026-07-17,23.0,1,0,0,1,2567.86,1,4077.43,1,4077.43,5,1283.93
CAMP06783,C0353,Loyalty,2026-06-30,18.0,1,0,0,0,0.0,0,0.0,0,0.0,,
CAMP06784,C0625,Discount,2025-06-02,21.5,1,1,1,1,3033.48,1,4567.9,1,4567.9,7,758.37
CAMP06785,C0653,Win-back,2026-06-07,32.75,1,1,0,0,0.0,0,0.0,0,0.0,,
CAMP06786,C0261,New Product,2026-07-04,23.0,1,1,0,1,5583.51,1,5583.51,1,5583.51,2,1861.17
CAMP06787,C0372,Festival,2026-03-16,25.5,1,1,0,0,0.0,0,0.0,1,3275.94,15,1091.98
CAMP06788,C0595,New Product,2026-05-21,23.0,1,0,0,1,1019.34,1,1019.34,1,1019.34,3,1019.34
CAMP06789,C0145,New Product,2026-05-27,23.0,1,0,0,0,0.0,0,0.0,1,4955.1,26,1651.7
CAMP06790,C0101,Birthday,2026-06-02,20.25,1,1,1,0,0.0,0,0.0,1,13702.649999999998,16,1490.36
CAMP06791,C0706,Loyalty,2025-08-19,22.0,1,1,1,0,0.0,0,0.0,0,0.0,,
CAMP06792,C0077,Win-back,2025-12-28,27.5,1,0,0,0,0.0,0,0.0,0,0.0,,
CAMP06793,C0736,Discount,2025-09-30,23.25,1,0,0,1,959.57,1,2360.28,1,11008.5,6,959.57
CAMP06794,C0356,Festival,2025-04-29,29.0,0,0,0,1,3136.82,1,5153.42,1,7583.879999999999,6,1568.41
CAMP06795,C0478,Festival,2024-06-24,29.0,1,0,0,0,0.0,0,0.0,0,0.0,,
CAMP06796,C0399,Loyalty,2025-09-18,22.0,1,1,0,0,0.0,0,0.0,0,0.0,,
CAMP06797,C0439,Festival,2026-07-16,32.5,1,0,0,0,0.0,1,715.91,1,715.91,11,715.91
CAMP06798,C0514,New Product,2025-07-05,23.0,1,0,0,0,0.0,1,535.66,1,535.66,14,535.66
CAMP06799,C0024,New Product,2026-08-16,23.0,1,0,0,0,0.0,0,0.0,0,0.0,,
CAMP06800,C0164,Win-back,2026-06-09,27.5,1,0,0,1,4253.86,1,4253.86,1,4253.86,1,1729.06
CAMP06801,C0856,Win-back,2026-08-18,29.25,1,1,1,0,0.0,0,0.0,0,0.0,,
CAMP06802,C0240,New Product,2026-07-06,23.0,1,0,0,0,0.0,0,0.0,0,0.0,,
CAMP06803,C0157,New Product,2026-07-05,23.0,1,0,0,0,0.0,0,0.0,0,0.0,,
CAMP06804,C0649,New Product,2026-08-16,23.0,1,0,0,0,0.0,0,0.0,0,0.0,,
CAMP06805,C0587,Discount,2026-05-28,23.25,1,0,0,0,0.0,0,0.0,0,0.0,,
CAMP06806,C0177,Discount,2026-08-24,25.0,1,1,1,0,0.0,0,0.0,0,0.0,,
CAMP06807,C0869,New Product,2026-08-05,23.0,1,0,0,0,0.0,0,0.0,0,0.0,,
CAMP06808,C0835,Win-back,2024-09-25,29.25,1,0,0,1,351.81,1,351.81,1,351.81,6,351.81
CAMP06809,C0061,Discount,2026-06-10,25.0,1,1,0,1,1135.73,1,5868.429999999999,1,6791.509999999999,1,1135.73
CAMP06810,C0725,New Product,2026-08-31,23.0,1,0,0,0,0.0,0,0.0,0,0.0,,
CAMP06811,C0004,Loyalty,2025-08-01,18.0,1,1,0,0,0.0,0,0.0,0,0.0,,
CAMP06812,C0138,Birthday,2026-08-21,20.25,1,0,0,0,0.0,0,0.0,0,0.0,,
CAMP06813,C0825,Loyalty,2026-05-25,22.0,0,0,0,0,0.0,0,0.0,0,0.0,,
CAMP06814,C0046,Festival,2026-02-17,30.75,1,1,1,0,0.0,0,0.0,1,13446.909999999998,16,1241.08
CAMP06815,C0953,Win-back,2026-06-13,32.75,1,0,0,0,0.0,0,0.0,0,0.0,,
CAMP06816,C0591,Loyalty,2026-07-25,18.0,1,0,0,0,0.0,0,0.0,0,0.0,,
CAMP06817,C0261,Festival,2026-07-22,29.0,1,0,0,0,0.0,0,0.0,1,938.84,23,938.84
CAMP06818,C0736,Loyalty,2024-11-01,18.0,1,1,1,1,2137.58,1,2137.58,1,2137.58,6,2137.58
CAMP06819,C0833,Loyalty,2025-11-08,18.0,1,0,0,1,928.84,1,928.84,1,2266.63,4,464.42
CAMP06820,C0971,Birthday,2026-06-11,18.5,1,0,0,0,0.0,0,0.0,1,2111.94,22,703.98
CAMP06821,C0488,New Product,2025-04-04,23.0,1,0,0,1,1776.25,1,1776.25,1,1776.25,1,1776.25
CAMP06822,C0632,New Product,2026-01-27,23.0,0,0,0,0,0.0,0,0.0,1,8889.470000000001,15,1773.71
CAMP06823,C0446,New Product,2026-03-28,23.0,1,0,0,0,0.0,0,0.0,0,0.0,,
CAMP06824,C0685,Discount,2026-06-03,25.0,0,0,0,0,0.0,0,0.0,0,0.0,,
CAMP06825,C0079,Discount,2026-08-11,25.0,1,0,0,0,0.0,0,0.0,0,0.0,,
CAMP06826,C0985,Loyalty,2026-07-02,22.0,1,0,0,0,0.0,0,0.0,0,0.0,,
CAMP06827,C0002,Loyalty,2026-02-22,16.0,1,0,0,0,0.0,1,557.89,1,1352.38,10,557.89
CAMP06828,C0818,Festival,2024-01-13,29.0,1,1,0,0,0.0,0,0.0,0,0.0,,
CAMP06829,C0775,Birthday,2025-02-19,18.5,1,0,0,0,0.0,0,0.0,1,686.36,20,686.36
CAMP06830,C0853,Loyalty,2026-07-10,18.0,0,0,0,1,4576.7,1,4576.7,1,7671.74,5,2288.35
CAMP06831,C0213,Birthday,2025-10-05,20.25,1,0,0,1,704.84,1,704.84,1,704.84,4,704.84
CAMP06832,C0097,Win-back,2026-05-06,27.5,1,0,0,0,0.0,1,2895.03,1,5192.15,11,965.01
CAMP06833,C0749,Discount,2026-04-12,19.75,1,0,0,0,0.0,0,0.0,0,0.0,,
CAMP06834,C0217,Festival,2025-09-12,25.5,1,0,0,0,0.0,0,0.0,1,4725.0,18,869.02
CAMP06835,C0651,New Product,2026-03-17,23.0,1,0,0,1,1405.28,1,1405.28,1,7309.73,2,1405.28
CAMP06836,C0831,Festival,2026-07-29,32.5,1,0,0,0,0.0,0,0.0,0,0.0,,
CAMP06837,C0767,Loyalty,2025-11-15,18.0,1,1,0,0,0.0,0,0.0,1,2486.87,26,2486.87
CAMP06838,C0232,Festival,2025-12-11,25.5,1,1,0,0,0.0,0,0.0,0,0.0,,
CAMP06839,C0462,Win-back,2026-05-25,27.5,1,0,0,0,0.0,1,5839.98,1,10259.16,13,2919.99
CAMP06840,C0010,Discount,2026-05-09,19.75,1,0,0,0,0.0,0,0.0,0,0.0,,
CAMP06841,C0363,Discount,2026-06-25,25.0,1,1,0,0,0.0,0,0.0,0,0.0,,
CAMP06842,C0084,Loyalty,2025-03-18,14.0,1,1,0,0,0.0,0,0.0,0,0.0,,
CAMP06843,C0349,Birthday,2026-02-08,22.0,1,0,0,0,0.0,0,0.0,0,0.0,,
CAMP06844,C0930,Festival,2026-07-12,29.0,1,0,0,0,0.0,0,0.0,0,0.0,,
CAMP06845,C0612,Loyalty,2026-08-17,18.0,1,1,1,0,0.0,0,0.0,0,0.0,,
CAMP06846,C0522,Discount,2025-01-24,21.5,1,0,0,0,0.0,0,0.0,1,1493.33,16,649.69
CAMP06847,C0872,Birthday,2025-02-12,20.25,1,1,1,0,0.0,0,0.0,0,0.0,,
CAMP06848,C0685,Loyalty,2026-06-18,22.0,1,0,0,0,0.0,0,0.0,0,0.0,,
CAMP06849,C0527,New Product,2026-08-02,23.0,1,1,0,0,0.0,0,0.0,0,0.0,,
CAMP06850,C0452,New Product,2026-02-13,23.0,0,0,0,0,0.0,0,0.0,1,3544.9800000000005,16,1181.66
CAMP06851,C0882,New Product,2025-03-13,23.0,1,0,0,0,0.0,0,0.0,0,0.0,,
CAMP06852,C0122,Festival,2026-08-26,29.0,1,0,0,0,0.0,0,0.0,0,0.0,,
CAMP06853,C0238,New Product,2026-01-12,23.0,0,0,0,0,0.0,1,4772.98,1,11567.89,13,2386.49
CAMP06854,C0051,Festival,2025-03-07,30.75,1,0,0,0,0.0,0,0.0,0,0.0,,
CAMP06855,C0414,Birthday,2026-03-12,20.25,1,1,1,0,0.0,0,0.0,1,14861.819999999998,17,2809.29
CAMP06856,C0521,Loyalty,2026-06-23,18.0,1,0,0,0,0.0,0,0.0,1,1033.69,17,1033.69
CAMP06857,C0722,New Product,2026-08-12,23.0,1,1,0,0,0.0,0,0.0,0,0.0,,
CAMP06858,C0154,Festival,2025-09-14,25.5,1,0,0,0,0.0,1,1429.66,1,1429.66,12,1429.66
CAMP06859,C0525,Discount,2025-11-19,21.5,1,1,0,1,4710.049999999999,1,4710.049999999999,1,7350.889999999999,3,2086.49
CAMP06860,C0011,Loyalty,2026-06-18,18.0,1,1,0,0,0.0,0,0.0,0,0.0,,
CAMP06861,C0104,New Product,2026-08-12,23.0,1,0,0,0,0.0,0,0.0,0,0.0,,
CAMP06862,C0482,Win-back,2025-09-12,31.0,1,0,0,1,2322.12,1,2322.12,1,2322.12,3,1161.06
CAMP06863,C0964,Discount,2025-11-27,25.0,1,1,0,0,0.0,0,0.0,0,0.0,,
CAMP06864,C0215,Festival,2026-04-20,29.0,1,0,0,0,0.0,0,0.0,1,2395.74,23,1197.87
CAMP06865,C0556,Discount,2026-03-11,25.0,1,0,0,0,0.0,0,0.0,0,0.0,,
CAMP06866,C0840,Loyalty,2025-08-15,14.0,1,0,0,0,0.0,0,0.0,1,3289.59,23,709.35
CAMP06867,C0533,Loyalty,2024-10-13,14.0,1,0,0,0,0.0,0,0.0,0,0.0,,
CAMP06868,C0807,Win-back,2025-03-23,27.5,1,1,0,0,0.0,1,1149.76,1,1773.19,12,574.88
CAMP06869,C0212,Win-back,2026-03-21,32.75,1,0,0,1,3952.64,1,3952.64,1,3952.64,6,988.16
CAMP06870,C0481,Win-back,2026-07-16,32.75,1,0,0,0,0.0,0,0.0,0,0.0,,
CAMP06871,C0716,New Product,2026-02-04,23.0,1,0,0,0,0.0,0,0.0,0,0.0,,
CAMP06872,C0298,Loyalty,2026-07-08,22.0,1,0,0,0,0.0,0,0.0,0,0.0,,
CAMP06873,C0094,Birthday,2025-10-14,22.0,1,0,0,0,0.0,0,0.0,1,5508.32,17,1946.9
CAMP06874,C0940,Loyalty,2025-05-06,14.0,1,0,0,0,0.0,0,0.0,0,0.0,,
CAMP06875,C0064,Win-back,2026-07-04,29.25,1,0,0,1,3151.71,1,4789.49,1,8332.52,5,1050.57
CAMP06876,C0983,Birthday,2026-08-19,18.5,1,1,1,0,0.0,0,0.0,0,0.0,,
CAMP06877,C0948,Festival,2026-04-03,32.5,1,1,0,0,0.0,0,0.0,0,0.0,,
CAMP06878,C0964,Discount,2026-04-30,21.5,1,1,1,1,1318.21,1,1318.21,1,1318.21,4,1318.21
CAMP06879,C0549,Loyalty,2025-12-20,22.0,1,0,0,0,0.0,1,2615.48,1,2615.48,10,1307.74
CAMP06880,C0030,Discount,2025-06-02,21.5,1,0,0,1,2923.28,1,2923.28,1,2923.28,2,730.82
CAMP06881,C0640,New Product,2026-05-23,23.0,1,0,0,0,0.0,0,0.0,0,0.0,,
CAMP06882,C0802,Win-back,2026-01-26,27.5,1,1,0,0,0.0,0,0.0,0,0.0,,
CAMP06883,C0628,Win-back,2026-07-27,32.75,1,0,0,0,0.0,0,0.0,0,0.0,,
CAMP06884,C0442,Win-back,2026-03-12,29.25,1,0,0,0,0.0,0,0.0,0,0.0,,
CAMP06885,C0958,New Product,2026-04-05,23.0,1,1,0,1,3421.4,1,3421.4,1,3421.4,4,1302.74
CAMP06886,C0888,Discount,2026-08-23,21.5,1,1,1,0,0.0,0,0.0,0,0.0,,
CAMP06887,C0947,Festival,2026-07-06,32.5,1,1,1,0,0.0,0,0.0,1,1904.04,26,952.02
CAMP06888,C0777,Loyalty,2025-03-25,18.0,1,0,0,0,0.0,0,0.0,0,0.0,,
CAMP06889,C0393,Birthday,2025-05-10,22.0,1,0,0,0,0.0,0,0.0,1,1570.92,28,785.46
CAMP06890,C0421,Win-back,2026-08-12,31.0,0,0,0,0,0.0,0,0.0,0,0.0,,
CAMP06891,C0204,Loyalty,2026-05-13,16.0,1,0,0,0,0.0,0,0.0,1,2143.07,16,2143.07
CAMP06892,C0091,Win-back,2026-01-20,27.5,1,0,0,0,0.0,0,0.0,0,0.0,,
CAMP06893,C0005,Loyalty,2025-09-18,14.0,1,0,0,0,0.0,1,2651.17,1,8967.03,8,2651.17
CAMP06894,C0619,Festival,2026-04-22,25.5,1,0,0,0,0.0,0,0.0,0,0.0,,
CAMP06895,C0987,Festival,2025-09-05,27.25,1,0,0,0,0.0,0,0.0,0,0.0,,
CAMP06896,C0358,Discount,2025-05-14,21.5,1,0,0,1,1782.59,1,4984.59,1,4984.59,6,1782.59
CAMP06897,C0375,Win-back,2026-05-05,32.75,0,0,0,0,0.0,0,0.0,0,0.0,,
CAMP06898,C0689,New Product,2026-05-28,23.0,1,0,0,0,0.0,0,0.0,1,5126.8,28,1115.75
CAMP06899,C0673,New Product,2024-12-10,23.0,1,0,0,1,4480.03,1,4480.03,1,6173.29,1,975.82
CAMP06900,C0665,Birthday,2025-08-27,22.0,1,0,0,0,0.0,1,1426.33,1,4786.1900000000005,8,1426.33
CAMP06901,C0535,Win-back,2024-11-02,32.75,1,0,0,0,0.0,0,0.0,0,0.0,,
CAMP06902,C0231,Festival,2025-09-04,27.25,1,0,0,1,1598.88,1,1598.88,1,1598.88,3,1598.88
CAMP06903,C0649,Discount,2025-07-22,23.25,1,0,0,0,0.0,0,0.0,1,4205.38,24,1520.91
CAMP06904,C0024,Loyalty,2026-07-16,14.0,1,0,0,1,2567.86,1,4077.43,1,4077.43,6,1283.93
CAMP06905,C0393,Loyalty,2025-03-01,14.0,1,0,0,0,0.0,0,0.0,0,0.0,,
CAMP06906,C0676,Birthday,2025-07-11,22.0,1,1,0,1,1232.16,1,1232.16,1,1232.16,4,1232.16
CAMP06907,C0155,Loyalty,2024-09-22,16.0,1,0,0,0,0.0,0,0.0,0,0.0,,
CAMP06908,C0411,Loyalty,2026-07-27,18.0,1,0,0,0,0.0,0,0.0,0,0.0,,
CAMP06909,C0717,Festival,2026-02-06,32.5,1,0,0,0,0.0,0,0.0,0,0.0,,
CAMP06910,C0231,Discount,2025-07-23,21.5,1,1,0,1,1834.1,1,1834.1,1,1834.1,3,1834.1
CAMP06911,C0988,New Product,2026-06-08,23.0,1,1,0,0,0.0,0,0.0,0,0.0,,
CAMP06912,C0734,Loyalty,2026-06-25,18.0,1,0,0,0,0.0,0,0.0,0,0.0,,
CAMP06913,C0028,Discount,2025-10-03,21.5,1,1,0,0,0.0,0,0.0,0,0.0,,
CAMP06914,C0877,Discount,2026-06-06,19.75,0,0,0,0,0.0,0,0.0,1,2720.11,27,1686.05
CAMP06915,C0414,Discount,2025-12-01,25.0,0,0,0,0,0.0,0,0.0,0,0.0,,
CAMP06916,C0939,Discount,2025-09-28,25.0,1,0,0,0,0.0,0,0.0,1,7119.759999999998,16,1800.36
CAMP06917,C0202,Loyalty,2026-08-19,14.0,1,1,0,0,0.0,0,0.0,0,0.0,,
CAMP06918,C0992,Birthday,2026-02-05,20.25,1,0,0,1,6618.04,1,6618.04,1,8631.81,1,3676.03
CAMP06919,C0663,Loyalty,2026-03-23,18.0,1,0,0,1,2468.7,1,2468.7,1,2468.7,6,822.9
CAMP06920,C0631,Loyalty,2026-02-19,22.0,1,0,0,0,0.0,0,0.0,0,0.0,,
CAMP06921,C0595,Loyalty,2026-06-04,16.0,1,1,1,0,0.0,0,0.0,1,1019.77,26,1019.77
CAMP06922,C0977,Festival,2026-05-29,32.5,1,0,0,0,0.0,0,0.0,0,0.0,,
CAMP06923,C0711,Loyalty,2026-08-07,22.0,1,0,0,0,0.0,0,0.0,0,0.0,,
CAMP06924,C0439,New Product,2026-06-28,23.0,1,1,0,0,0.0,1,698.65,1,1414.56,14,698.65
CAMP06925,C0505,New Product,2026-02-21,23.0,1,1,0,1,2318.48,1,2318.48,1,14669.509999999998,1,1159.24
CAMP06926,C0332,Loyalty,2024-06-13,16.0,1,0,0,0,0.0,0,0.0,0,0.0,,
CAMP06927,C0718,Loyalty,2026-07-15,18.0,1,0,0,0,0.0,0,0.0,0,0.0,,
CAMP06928,C0759,Discount,2024-02-29,21.5,1,0,0,0,0.0,0,0.0,0,0.0,,
CAMP06929,C0570,Birthday,2026-02-03,20.25,1,1,1,0,0.0,0,0.0,1,6777.46,17,1685.41
CAMP06930,C0556,Festival,2026-06-03,30.75,1,1,0,0,0.0,0,0.0,0,0.0,,
CAMP06931,C0968,Win-back,2025-09-05,27.5,0,0,0,0,0.0,0,0.0,0,0.0,,
CAMP06932,C0328,Birthday,2024-01-05,18.5,1,1,1,0,0.0,0,0.0,0,0.0,,
CAMP06933,C0572,Win-back,2026-05-22,31.0,1,0,0,0,0.0,0,0.0,0,0.0,,
CAMP06934,C0295,Loyalty,2026-07-26,18.0,1,0,0,0,0.0,0,0.0,0,0.0,,
CAMP06935,C0638,Festival,2025-10-10,25.5,1,0,0,0,0.0,0,0.0,1,724.01,25,724.01
CAMP06936,C0943,Discount,2026-07-22,21.5,1,1,1,0,0.0,0,0.0,0,0.0,,
CAMP06937,C0789,Loyalty,2026-03-27,16.0,1,1,0,0,0.0,1,3091.52,1,3091.52,8,1545.76
CAMP06938,C0444,Win-back,2025-08-16,32.75,1,1,1,0,0.0,0,0.0,0,0.0,,
CAMP06939,C0870,Birthday,2025-04-09,20.25,1,0,0,1,1151.35,1,4627.81,1,4627.81,5,1151.35
CAMP06940,C0826,Discount,2025-03-29,23.25,1,0,0,0,0.0,0,0.0,0,0.0,,
CAMP06941,C0497,Discount,2026-08-23,19.75,1,0,0,0,0.0,0,0.0,0,0.0,,
CAMP06942,C0511,Birthday,2025-08-06,22.0,1,1,0,0,0.0,0,0.0,0,0.0,,
CAMP06943,C0002,Win-back,2025-07-11,29.25,1,0,0,0,0.0,0,0.0,0,0.0,,
CAMP06944,C0095,Birthday,2026-02-04,18.5,1,0,0,0,0.0,0,0.0,0,0.0,,
CAMP06945,C0763,New Product,2026-07-07,23.0,1,0,0,0,0.0,1,1488.07,1,1488.07,9,1488.07
CAMP06946,C0065,Loyalty,2026-01-11,16.0,1,1,0,1,3903.98,1,3903.98,1,6033.46,4,1951.99
CAMP06947,C0633,Festival,2025-08-23,30.75,1,0,0,1,1505.32,1,1505.32,1,3689.97,6,752.66
CAMP06948,C0333,Festival,2026-01-19,29.0,1,0,0,0,0.0,0,0.0,0,0.0,,
CAMP06949,C0003,New Product,2025-01-16,23.0,1,0,0,0,0.0,0,0.0,1,4722.34,16,1168.66
CAMP06950,C0937,New Product,2026-01-14,23.0,1,0,0,0,0.0,0,0.0,1,1289.28,27,644.64
CAMP06951,C0403,Festival,2025-03-31,32.5,1,1,0,0,0.0,0,0.0,1,472.78,17,472.78
CAMP06952,C0307,Discount,2026-07-31,23.25,1,0,0,0,0.0,0,0.0,0,0.0,,
CAMP06953,C0632,Festival,2026-07-12,32.5,1,1,0,0,0.0,0,0.0,0,0.0,,
CAMP06954,C0392,Win-back,2026-03-11,31.0,1,0,0,0,0.0,0,0.0,0,0.0,,
CAMP06955,C0854,New Product,2026-05-11,23.0,1,0,0,0,0.0,0,0.0,0,0.0,,
CAMP06956,C0609,Loyalty,2026-07-26,18.0,1,1,1,1,4725.72,1,4725.72,1,4725.72,3,1920.51
CAMP06957,C0919,Discount,2026-02-02,21.5,1,0,0,0,0.0,0,0.0,1,1495.55,21,1495.55
CAMP06958,C0055,Loyalty,2026-05-06,22.0,1,0,0,1,5343.31,1,7071.93,1,9484.55,2,1519.9
CAMP06959,C0856,Loyalty,2026-06-11,22.0,1,0,0,0,0.0,0,0.0,1,1005.62,22,502.81
CAMP06960,C0959,Festival,2026-06-23,32.5,1,0,0,0,0.0,1,1777.0,1,3461.3900000000003,9,1777.0
CAMP06961,C0064,Win-back,2026-05-19,29.25,1,0,0,0,0.0,1,5376.03,1,5376.03,14,1792.01
CAMP06962,C0540,Discount,2026-08-13,19.75,1,0,0,0,0.0,0,0.0,0,0.0,,
CAMP06963,C0567,Win-back,2024-08-06,29.25,0,0,0,1,1636.53,1,1636.53,1,1636.53,6,1636.53
CAMP06964,C0418,Loyalty,2026-01-28,16.0,1,0,0,0,0.0,0,0.0,0,0.0,,
CAMP06965,C0184,Discount,2026-05-17,21.5,1,1,0,0,0.0,0,0.0,0,0.0,,
CAMP06966,C0437,Birthday,2026-06-23,18.5,1,0,0,0,0.0,0,0.0,0,0.0,,
CAMP06967,C0384,Discount,2026-06-16,25.0,0,0,0,0,0.0,1,2595.58,1,2595.58,10,1297.79
CAMP06968,C0175,Festival,2025-09-23,27.25,1,0,0,0,0.0,1,1983.39,1,1983.39,11,661.13
CAMP06969,C0795,Birthday,2025-11-01,22.0,1,0,0,0,0.0,0,0.0,0,0.0,,
CAMP06970,C0137,Discount,2026-04-02,23.25,1,1,1,0,0.0,0,0.0,0,0.0,,
CAMP06971,C0753,Discount,2026-02-10,23.25,1,1,0,0,0.0,0,0.0,1,2067.96,17,2067.96
CAMP06972,C0185,Win-back,2025-10-23,31.0,1,0,0,1,6059.549999999999,1,6059.549999999999,1,12005.54,2,2019.85
CAMP06973,C0013,Loyalty,2025-10-03,22.0,1,1,0,0,0.0,0,0.0,0,0.0,,
CAMP06974,C0430,Loyalty,2025-11-16,22.0,1,0,0,0,0.0,0,0.0,0,0.0,,
CAMP06975,C0311,Loyalty,2024-09-07,16.0,1,1,0,1,3461.26,1,3461.26,1,4510.5,1,1730.63
CAMP06976,C0550,Festival,2026-01-30,25.5,0,0,0,0,0.0,0,0.0,0,0.0,,
CAMP06977,C0511,Win-back,2025-11-19,29.25,1,0,0,0,0.0,1,4406.91,1,4406.91,9,1468.97
CAMP06978,C0426,Birthday,2025-08-21,18.5,1,1,1,0,0.0,0,0.0,1,1958.95,24,1958.95
CAMP06979,C0775,Discount,2026-05-27,23.25,1,1,0,0,0.0,0,0.0,0,0.0,,
CAMP06980,C0546,Festival,2026-08-28,32.5,1,0,0,0,0.0,0,0.0,0,0.0,,
CAMP06981,C0185,Birthday,2025-03-10,22.0,1,0,0,0,0.0,0,0.0,0,0.0,,
CAMP06982,C0029,Festival,2026-03-02,32.5,1,0,0,0,0.0,0,0.0,0,0.0,,
CAMP06983,C0532,Loyalty,2026-06-30,16.0,1,1,0,1,1910.26,1,1910.26,1,1910.26,4,955.13
CAMP06984,C0938,New Product,2025-09-16,23.0,1,0,0,0,0.0,1,1938.99,1,1938.99,9,1938.99
CAMP06985,C0754,New Product,2024-11-12,23.0,1,0,0,0,0.0,0,0.0,0,0.0,,
CAMP06986,C0294,Loyalty,2026-04-13,16.0,1,0,0,0,0.0,0,0.0,0,0.0,,
CAMP06987,C0580,Festival,2026-03-05,27.25,1,1,0,0,0.0,1,5148.36,1,8970.32,14,1716.12
CAMP06988,C0597,Win-back,2025-02-18,31.0,1,0,0,0,0.0,1,1428.9,1,4911.629999999999,10,714.45
CAMP06989,C0930,Win-back,2026-08-12,31.0,1,1,0,0,0.0,0,0.0,0,0.0,,
CAMP06990,C0543,Birthday,2026-02-13,18.5,1,1,0,0,0.0,0,0.0,1,6500.160000000001,16,1214.72
CAMP06991,C0466,Birthday,2026-06-07,18.5,1,1,0,0,0.0,0,0.0,1,2352.28,29,1176.14
CAMP06992,C0353,Win-back,2026-07-25,29.25,1,1,0,0,0.0,0,0.0,0,0.0,,
CAMP06993,C0807,New Product,2024-09-17,23.0,1,0,0,0,0.0,0,0.0,0,0.0,,
CAMP06994,C0931,Birthday,2025-10-31,18.5,1,1,0,0,0.0,1,1662.42,1,2580.3,9,1662.42
CAMP06995,C0971,Win-back,2026-02-19,27.5,1,0,0,0,0.0,0,0.0,0,0.0,,
CAMP06996,C0705,Win-back,2026-05-25,29.25,1,0,0,0,0.0,1,2463.34,1,2463.34,11,1231.67
CAMP06997,C0804,Discount,2026-02-27,21.5,1,0,0,0,0.0,0,0.0,0,0.0,,
CAMP06998,C0263,Discount,2026-07-26,19.75,1,0,0,0,0.0,0,0.0,0,0.0,,
CAMP06999,C0476,Loyalty,2025-09-20,18.0,1,0,0,0,0.0,0,0.0,0,0.0,,
CAMP07000,C0836,Loyalty,2026-06-27,18.0,1,1,1,1,557.73,1,557.73,1,557.73,5,557.73
CAMP07001,C0191,Discount,2026-01-14,23.25,1,0,0,0,0.0,0,0.0,0,0.0,,
CAMP07002,C0052,Discount,2026-08-06,19.75,1,1,1,1,2057.88,1,2057.88,1,2057.88,3,1028.94
CAMP07003,C0019,Birthday,2026-07-27,22.0,1,1,1,0,0.0,0,0.0,1,3758.36,19,1879.18
CAMP07004,C0794,Festival,2024-04-19,30.75,0,0,0,0,0.0,0,0.0,0,0.0,,
CAMP07005,C0191,New Product,2026-03-18,23.0,1,0,0,0,0.0,0,0.0,0,0.0,,
CAMP07006,C0156,Loyalty,2025-04-17,14.0,1,0,0,0,0.0,0,0.0,1,7297.320000000001,25,1502.81
CAMP07007,C0173,New Product,2025-12-15,23.0,1,0,0,1,1051.36,1,1051.36,1,1051.36,4,525.68
CAMP07008,C0438,Win-back,2026-07-18,29.25,1,0,0,0,0.0,0,0.0,0,0.0,,
CAMP07009,C0172,Festival,2025-07-21,27.25,0,0,0,1,1579.62,1,1579.62,1,1579.62,3,789.81
CAMP07010,C0506,Birthday,2026-02-16,20.25,1,1,0,1,2365.67,1,3428.13,1,3428.13,7,2365.67
CAMP07011,C0546,New Product,2026-04-21,23.0,1,0,0,0,0.0,1,586.1,1,2136.15,10,586.1
CAMP07012,C0724,New Product,2026-06-22,23.0,1,0,0,0,0.0,0,0.0,1,460.41,20,460.41
CAMP07013,C0573,Loyalty,2026-05-05,18.0,1,0,0,0,0.0,0,0.0,1,3792.56,16,2233.98
CAMP07014,C0431,Discount,2026-06-15,23.25,1,0,0,0,0.0,0,0.0,0,0.0,,
CAMP07015,C0629,Discount,2025-06-22,23.25,1,0,0,0,0.0,1,4924.74,1,12777.22,10,1534.72
CAMP07016,C0407,Discount,2026-07-26,23.25,1,0,0,0,0.0,1,1167.65,1,1167.65,10,1167.65
CAMP07017,C0933,Birthday,2025-07-25,18.5,1,1,0,1,486.25,1,486.25,1,1195.5,3,486.25
CAMP07018,C0333,Discount,2025-05-14,21.5,1,1,1,1,707.48,1,707.48,1,707.48,1,707.48
CAMP07019,C0895,Loyalty,2025-11-15,22.0,1,1,0,0,0.0,1,2229.04,1,2229.04,13,1114.52
CAMP07020,C0318,Loyalty,2026-07-09,16.0,1,0,0,1,931.34,1,6883.56,1,8566.609999999999,6,931.34
CAMP07021,C0365,Win-back,2024-09-02,29.25,1,1,0,0,0.0,0,0.0,0,0.0,,
CAMP07022,C0101,New Product,2026-05-08,23.0,1,0,0,1,3181.66,1,7683.059999999999,1,12874.089999999998,5,1590.83
CAMP07023,C0156,New Product,2025-08-29,23.0,1,0,0,0,0.0,0,0.0,1,1398.26,15,1398.26
CAMP07024,C0192,Birthday,2026-05-02,20.25,1,1,1,1,1882.06,1,1882.06,1,1882.06,7,941.03
CAMP07025,C0076,New Product,2025-02-19,23.0,1,0,0,0,0.0,0,0.0,0,0.0,,
CAMP07026,C0258,Win-back,2026-06-03,32.75,0,0,0,0,0.0,0,0.0,0,0.0,,
CAMP07027,C0629,Discount,2026-02-27,21.5,1,0,0,0,0.0,0,0.0,0,0.0,,
CAMP07028,C0470,Win-back,2025-06-21,29.25,1,0,0,0,0.0,0,0.0,0,0.0,,
CAMP07029,C0259,Discount,2026-06-16,25.0,1,1,1,0,0.0,0,0.0,1,3860.76,26,1286.92
CAMP07030,C0825,Discount,2026-07-22,25.0,1,0,0,0,0.0,0,0.0,0,0.0,,
CAMP07031,C0786,New Product,2026-06-05,23.0,1,0,0,0,0.0,0,0.0,0,0.0,,
CAMP07032,C0353,Festival,2026-07-14,30.75,1,0,0,0,0.0,0,0.0,0,0.0,,
CAMP07033,C0575,Loyalty,2025-08-01,16.0,1,0,0,1,1029.31,1,1029.31,1,9064.5,2,1029.31
CAMP07034,C0522,Birthday,2025-01-13,20.25,1,1,0,0,0.0,0,0.0,1,1493.33,27,649.69
CAMP07035,C0556,Festival,2025-07-18,30.75,1,0,0,0,0.0,0,0.0,0,0.0,,
CAMP07036,C0314,New Product,2026-08-01,23.0,1,0,0,0,0.0,0,0.0,0,0.0,,
CAMP07037,C0525,Loyalty,2026-03-19,22.0,1,1,0,0,0.0,0,0.0,0,0.0,,
CAMP07038,C0448,Birthday,2026-06-04,22.0,1,1,1,1,843.6,1,843.6,1,1769.89,7,843.6
CAMP07039,C0582,Loyalty,2025-07-11,22.0,1,0,0,0,0.0,0,0.0,1,2283.53,20,1435.63
CAMP07040,C0187,Festival,2026-06-21,25.5,1,0,0,0,0.0,0,0.0,1,1542.58,24,771.29
CAMP07041,C0072,Loyalty,2026-05-24,14.0,1,1,0,0,0.0,0,0.0,1,1954.95,25,847.42
CAMP07042,C0772,Birthday,2026-03-20,20.25,1,0,0,1,537.95,1,537.95,1,1892.2100000000005,7,537.95
CAMP07043,C0666,Loyalty,2025-05-14,18.0,1,0,0,0,0.0,1,1293.96,1,1293.96,12,646.98
CAMP07044,C0445,Discount,2025-05-06,19.75,1,0,0,1,2377.52,1,3388.46,1,4940.4800000000005,5,1188.76
CAMP07045,C0527,Loyalty,2026-08-28,14.0,1,0,0,0,0.0,0,0.0,0,0.0,,
CAMP07046,C0785,Festival,2025-12-25,25.5,0,0,0,0,0.0,0,0.0,0,0.0,,
CAMP07047,C0816,Loyalty,2026-04-22,18.0,1,0,0,0,0.0,0,0.0,1,3123.42,27,1561.71
CAMP07048,C0288,New Product,2024-09-09,23.0,1,0,0,0,0.0,0,0.0,1,2981.76,25,1490.88
CAMP07049,C0291,Loyalty,2026-06-20,18.0,1,0,0,0,0.0,0,0.0,0,0.0,,
CAMP07050,C0629,Birthday,2026-08-09,18.5,1,0,0,0,0.0,0,0.0,0,0.0,,
CAMP07051,C0506,Birthday,2026-02-16,20.25,0,0,0,1,2365.67,1,3428.13,1,3428.13,7,2365.67
CAMP07052,C0486,Festival,2026-03-11,29.0,1,0,0,0,0.0,0,0.0,1,887.09,28,887.09
CAMP07053,C0415,New Product,2025-10-24,23.0,1,0,0,0,0.0,0,0.0,0,0.0,,
CAMP07054,C0588,Loyalty,2024-12-19,18.0,1,1,0,0,0.0,0,0.0,0,0.0,,
CAMP07055,C0723,Discount,2026-01-23,25.0,1,0,0,0,0.0,0,0.0,0,0.0,,
CAMP07056,C0426,Birthday,2025-09-15,22.0,1,0,0,0,0.0,0,0.0,1,4623.32,21,1673.71
CAMP07057,C0204,New Product,2025-12-31,23.0,1,1,0,0,0.0,0,0.0,0,0.0,,
CAMP07058,C0464,Festival,2025-02-24,32.5,1,1,0,1,11270.8,1,11270.8,1,14283.15,6,2817.7
CAMP07059,C0802,New Product,2025-09-21,23.0,1,0,0,0,0.0,0,0.0,1,726.17,17,726.17
CAMP07060,C0846,Festival,2026-07-13,30.75,1,0,0,0,0.0,0,0.0,0,0.0,,
CAMP07061,C0762,Loyalty,2026-06-16,16.0,1,0,0,0,0.0,0,0.0,0,0.0,,
CAMP07062,C0553,New Product,2026-08-30,23.0,1,0,0,0,0.0,0,0.0,0,0.0,,
CAMP07063,C0658,Birthday,2026-05-24,22.0,1,1,1,1,3686.94,1,3686.94,1,3686.94,2,1228.98
CAMP07064,C0142,Festival,2026-05-14,27.25,1,0,0,0,0.0,0,0.0,0,0.0,,
CAMP07065,C0846,Festival,2026-04-03,30.75,1,0,0,1,8491.52,1,12417.04,1,16460.38,6,4245.76
CAMP07066,C0322,Loyalty,2026-06-28,22.0,1,0,0,1,2607.8,1,2607.8,1,4416.7,3,1303.9
CAMP07067,C0461,Festival,2025-12-31,27.25,1,1,0,0,0.0,1,1729.54,1,1729.54,9,864.77
CAMP07068,C0299,Discount,2024-08-14,23.25,1,0,0,1,654.32,1,654.32,1,654.32,7,654.32
CAMP07069,C0652,Birthday,2026-02-19,22.0,1,0,0,0,0.0,1,2537.88,1,5062.33,12,1268.94
CAMP07070,C0990,Festival,2025-04-02,32.5,1,1,0,0,0.0,0,0.0,0,0.0,,
CAMP07071,C0154,Festival,2024-10-06,25.5,1,0,0,0,0.0,0,0.0,0,0.0,,
CAMP07072,C0050,Discount,2026-06-17,19.75,1,0,0,0,0.0,0,0.0,0,0.0,,
CAMP07073,C0927,New Product,2025-06-24,23.0,1,0,0,0,0.0,0,0.0,0,0.0,,
CAMP07074,C0819,Birthday,2026-01-12,22.0,1,1,1,1,1695.08,1,1695.08,1,4961.4,5,1695.08
CAMP07075,C0810,Win-back,2025-04-22,32.75,1,0,0,1,1231.34,1,1231.34,1,1231.34,2,1231.34
CAMP07076,C0755,Loyalty,2025-12-02,16.0,1,1,0,0,0.0,0,0.0,1,10256.29,23,1915.78
CAMP07077,C0998,New Product,2024-07-28,23.0,1,0,0,0,0.0,0,0.0,0,0.0,,
CAMP07078,C0370,Birthday,2026-05-25,18.5,1,0,0,0,0.0,0,0.0,0,0.0,,
CAMP07079,C0394,Discount,2025-12-09,19.75,0,0,0,1,7602.43,1,7602.43,1,7602.43,1,4061.93
CAMP07080,C0398,Loyalty,2025-04-16,22.0,1,0,0,0,0.0,0,0.0,0,0.0,,
CAMP07081,C0964,New Product,2025-10-30,23.0,1,0,0,1,2569.8,1,2569.8,1,2569.8,7,1284.9
CAMP07082,C0036,Birthday,2025-11-30,18.5,1,0,0,0,0.0,0,0.0,0,0.0,,
CAMP07083,C0079,New Product,2026-06-08,23.0,1,0,0,1,5959.52,1,7146.460000000001,1,7146.460000000001,3,1563.49
CAMP07084,C0555,New Product,2026-06-04,23.0,1,1,1,0,0.0,1,1357.64,1,4178.78,13,1357.64
CAMP07085,C0922,New Product,2026-07-30,23.0,1,0,0,0,0.0,0,0.0,0,0.0,,
CAMP07086,C0700,Birthday,2025-09-16,18.5,1,1,0,0,0.0,0,0.0,0,0.0,,
CAMP07087,C0101,New Product,2026-07-23,23.0,1,1,1,0,0.0,1,1278.59,1,1278.59,11,1278.59
CAMP07088,C0527,Loyalty,2026-07-08,16.0,1,0,0,1,2532.5,1,2532.5,1,5510.839999999999,3,1266.25
CAMP07089,C0549,Loyalty,2024-06-09,22.0,1,0,0,0,0.0,0,0.0,1,1479.59,21,1479.59
CAMP07090,C0090,Discount,2025-09-15,23.25,1,0,0,0,0.0,0,0.0,1,5181.49,27,1384.7
CAMP07091,C0957,Win-back,2026-03-08,29.25,1,1,0,0,0.0,0,0.0,0,0.0,,
CAMP07092,C0415,New Product,2024-08-12,23.0,1,0,0,0,0.0,0,0.0,1,4468.049999999999,24,1489.35
CAMP07093,C0046,Win-back,2026-07-07,32.75,1,1,0,0,0.0,0,0.0,0,0.0,,
CAMP07094,C0776,Win-back,2026-05-16,32.75,0,0,0,0,0.0,1,2499.54,1,9977.34,13,1249.77
CAMP07095,C0877,Loyalty,2026-08-14,16.0,1,0,0,0,0.0,0,0.0,0,0.0,,
CAMP07096,C0354,Festival,2026-06-19,27.25,1,0,0,0,0.0,0,0.0,0,0.0,,
CAMP07097,C0311,Win-back,2024-07-31,31.0,1,0,0,0,0.0,0,0.0,0,0.0,,
CAMP07098,C0968,Win-back,2026-03-15,31.0,1,0,0,1,5788.88,1,5788.88,1,5788.88,3,1447.22
CAMP07099,C0139,Festival,2025-01-08,30.75,1,0,0,0,0.0,0,0.0,0,0.0,,
CAMP07100,C0748,Win-back,2026-03-21,31.0,1,0,0,0,0.0,0,0.0,0,0.0,,
CAMP07101,C0039,Birthday,2024-12-19,22.0,0,0,0,0,0.0,0,0.0,0,0.0,,
CAMP07102,C0025,Birthday,2025-12-26,22.0,1,0,0,0,0.0,0,0.0,1,1147.73,19,1147.73
CAMP07103,C0994,New Product,2026-03-03,23.0,0,0,0,0,0.0,0,0.0,0,0.0,,
CAMP07104,C0719,Discount,2025-09-12,21.5,1,1,0,1,7879.42,1,11332.38,1,11332.38,4,1654.06
CAMP07105,C0900,New Product,2026-01-22,23.0,1,0,0,1,25067.17,1,25067.17,1,25067.17,1,1527.67
CAMP07106,C0246,Birthday,2026-06-24,18.5,1,0,0,0,0.0,0,0.0,0,0.0,,
CAMP07107,C0737,Birthday,2026-05-28,20.25,1,0,0,0,0.0,0,0.0,0,0.0,,
CAMP07108,C0578,New Product,2026-05-26,23.0,1,0,0,0,0.0,0,0.0,0,0.0,,
CAMP07109,C0065,Discount,2025-02-13,21.5,1,1,0,0,0.0,0,0.0,1,8098.650000000001,25,2699.55
CAMP07110,C0786,Win-back,2023-10-13,27.5,1,0,0,1,3825.16,1,3825.16,1,3825.16,5,1912.58
CAMP07111,C0154,New Product,2026-07-08,23.0,1,0,0,0,0.0,0,0.0,0,0.0,,
CAMP07112,C0850,New Product,2026-02-27,23.0,1,1,0,0,0.0,1,3771.32,1,7865.02,10,942.83
CAMP07113,C0642,Birthday,2026-03-25,22.0,1,0,0,1,3205.8,1,3205.8,1,9432.14,4,1602.9
CAMP07114,C0159,Birthday,2025-11-21,20.25,1,1,1,0,0.0,0,0.0,1,1034.66,22,1034.66
CAMP07115,C0031,Birthday,2026-07-13,22.0,0,0,0,0,0.0,0,0.0,0,0.0,,
CAMP07116,C0832,Loyalty,2026-01-09,22.0,1,1,1,1,2906.94,1,2906.94,1,2906.94,5,1453.47
CAMP07117,C0552,Festival,2026-08-31,29.0,1,1,0,0,0.0,0,0.0,0,0.0,,
CAMP07118,C0059,New Product,2026-04-23,23.0,1,0,0,0,0.0,0,0.0,0,0.0,,
CAMP07119,C0678,Loyalty,2025-03-03,22.0,1,1,1,0,0.0,1,4408.94,1,4408.94,12,1303.7
CAMP07120,C0365,Win-back,2024-12-21,32.75,1,1,1,0,0.0,0,0.0,1,5554.92,28,2777.46
CAMP07121,C0045,New Product,2025-09-06,23.0,1,0,0,0,0.0,0,0.0,0,0.0,,
CAMP07122,C0607,Loyalty,2025-06-06,16.0,1,0,0,1,692.81,1,692.81,1,692.81,1,692.81
CAMP07123,C0042,Festival,2026-04-08,29.0,1,1,0,0,0.0,0,0.0,0,0.0,,
CAMP07124,C0955,Birthday,2025-11-29,18.5,1,1,0,0,0.0,0,0.0,1,2454.54,27,1227.27
CAMP07125,C0982,New Product,2025-05-15,23.0,1,0,0,1,1195.07,1,1195.07,1,11640.31,7,1195.07
CAMP07126,C0229,Festival,2025-01-14,27.25,1,0,0,0,0.0,0,0.0,0,0.0,,
CAMP07127,C0757,Festival,2025-04-05,32.5,1,0,0,0,0.0,0,0.0,0,0.0,,
CAMP07128,C0421,New Product,2026-01-29,23.0,1,0,0,0,0.0,0,0.0,1,9704.96,20,3788.83
CAMP07129,C0794,New Product,2025-09-04,23.0,1,0,0,1,412.85,1,1119.28,1,3542.76,7,412.85
CAMP07130,C0974,Loyalty,2026-08-30,16.0,0,0,0,0,0.0,0,0.0,0,0.0,,
CAMP07131,C0200,Loyalty,2026-03-13,22.0,0,0,0,1,11042.24,1,11042.24,1,21953.8,2,2760.56
CAMP07132,C0355,New Product,2025-10-28,23.0,1,1,0,0,0.0,0,0.0,0,0.0,,
CAMP07133,C0164,Loyalty,2026-01-13,22.0,1,1,0,1,1646.22,1,6789.73,1,18413.31,4,1646.22
CAMP07134,C0190,Festival,2026-07-15,32.5,1,1,0,0,0.0,0,0.0,0,0.0,,
CAMP07135,C0367,Loyalty,2025-10-23,22.0,1,0,0,1,2785.82,1,2785.82,1,2785.82,2,1392.91
CAMP07136,C0833,Discount,2025-06-27,25.0,1,0,0,0,0.0,0,0.0,1,911.58,18,455.79
CAMP07137,C0135,Discount,2026-03-09,21.5,1,1,0,0,0.0,0,0.0,1,1987.3,23,993.65
CAMP07138,C0552,Loyalty,2026-05-11,14.0,1,0,0,0,0.0,1,2136.38,1,7467.62,8,1068.19
CAMP07139,C0276,Win-back,2025-06-14,27.5,1,0,0,0,0.0,0,0.0,1,2457.18,22,1228.59
CAMP07140,C0476,Loyalty,2025-11-05,22.0,1,1,1,0,0.0,0,0.0,1,3893.14,16,592.93
CAMP07141,C0027,New Product,2025-10-27,23.0,1,1,0,0,0.0,0,0.0,0,0.0,,
CAMP07142,C0471,Festival,2026-01-02,25.5,1,0,0,0,0.0,0,0.0,1,2045.04,21,681.68
CAMP07143,C0978,New Product,2026-02-13,23.0,1,0,0,1,1460.44,1,1460.44,1,5251.52,4,1460.44
CAMP07144,C0269,Loyalty,2025-04-07,18.0,1,1,0,0,0.0,0,0.0,0,0.0,,
CAMP07145,C0752,Win-back,2025-05-17,29.25,1,0,0,0,0.0,0,0.0,1,3852.36,16,952.53
CAMP07146,C0284,Birthday,2026-07-30,22.0,1,0,0,0,0.0,0,0.0,0,0.0,,
CAMP07147,C0096,Birthday,2025-05-29,20.25,1,1,1,1,1560.12,1,1560.12,1,3140.35,2,780.06
CAMP07148,C0557,Loyalty,2026-06-14,22.0,0,0,0,0,0.0,0,0.0,0,0.0,,
CAMP07149,C0202,Discount,2025-04-03,23.25,1,0,0,0,0.0,0,0.0,0,0.0,,
CAMP07150,C0106,Discount,2025-11-04,19.75,1,1,0,1,1306.4,1,1306.4,1,1889.59,5,653.2
CAMP07151,C0364,Festival,2026-01-20,30.75,1,0,0,0,0.0,0,0.0,0,0.0,,
CAMP07152,C0857,Loyalty,2026-01-15,18.0,1,0,0,1,3612.87,1,20218.05,1,25296.05,1,3612.87
CAMP07153,C0041,Discount,2026-08-19,21.5,0,0,0,0,0.0,0,0.0,0,0.0,,
CAMP07154,C0703,Festival,2025-04-06,32.5,1,0,0,0,0.0,0,0.0,0,0.0,,
CAMP07155,C0194,Birthday,2026-01-01,18.5,1,0,0,0,0.0,0,0.0,0,0.0,,
CAMP07156,C0635,Loyalty,2026-05-26,16.0,1,0,0,0,0.0,0,0.0,0,0.0,,
CAMP07157,C0612,New Product,2026-08-18,23.0,1,1,0,0,0.0,0,0.0,0,0.0,,
CAMP07158,C0780,New Product,2026-01-29,23.0,1,0,0,0,0.0,1,732.06,1,732.06,10,732.06
CAMP07159,C0382,Discount,2025-03-29,25.0,1,0,0,0,0.0,0,0.0,1,2754.14,29,2754.14
CAMP07160,C0715,Festival,2026-05-25,27.25,1,0,0,0,0.0,0,0.0,1,4315.62,18,1059.51
CAMP07161,C0453,New Product,2026-05-26,23.0,1,0,0,0,0.0,0,0.0,0,0.0,,
CAMP07162,C0292,Birthday,2026-02-04,20.25,0,0,0,0,0.0,0,0.0,1,909.94,26,909.94
CAMP07163,C0919,Loyalty,2026-07-05,18.0,1,0,0,0,0.0,0,0.0,0,0.0,,
CAMP07164,C0469,Win-back,2026-05-10,27.5,1,1,1,0,0.0,0,0.0,1,2991.76,18,1267.73
CAMP07165,C0612,Birthday,2026-08-10,20.25,0,0,0,0,0.0,0,0.0,0,0.0,,
CAMP07166,C0385,Discount,2026-03-30,21.5,1,1,1,0,0.0,1,1997.68,1,1997.68,14,1997.68
CAMP07167,C0027,Discount,2025-11-30,25.0,1,0,0,0,0.0,0,0.0,1,4034.43,23,1200.99
CAMP07168,C0261,Discount,2026-07-18,23.25,1,1,0,0,0.0,0,0.0,1,938.84,27,938.84
CAMP07169,C0907,New Product,2026-01-14,23.0,1,0,0,1,397.56,1,2062.86,1,4322.7,5,397.56
CAMP07170,C0764,Discount,2026-07-01,21.5,1,0,0,0,0.0,0,0.0,1,2488.2,15,879.87
CAMP07171,C0604,New Product,2026-07-02,23.0,1,0,0,0,0.0,0,0.0,0,0.0,,
CAMP07172,C0614,Birthday,2026-01-08,22.0,1,0,0,1,5170.33,1,8105.99,1,13618.55,1,1756.35
CAMP07173,C0977,Win-back,2024-12-25,32.75,1,0,0,0,0.0,1,1746.04,1,1746.04,12,873.02
CAMP07174,C0685,Birthday,2026-08-19,18.5,1,0,0,0,0.0,0,0.0,0,0.0,,
CAMP07175,C0164,Birthday,2025-10-30,20.25,1,1,0,0,0.0,0,0.0,0,0.0,,
CAMP07176,C0611,Win-back,2026-08-11,29.25,0,0,0,1,1625.44,1,1625.44,1,1625.44,4,1625.44
CAMP07177,C0506,New Product,2026-02-24,23.0,1,0,0,1,1062.46,1,1062.46,1,1062.46,3,1062.46
CAMP07178,C0416,Win-back,2026-07-31,31.0,1,1,0,0,0.0,0,0.0,0,0.0,,
CAMP07179,C0822,Win-back,2026-08-19,32.75,1,0,0,0,0.0,0,0.0,0,0.0,,
CAMP07180,C0538,New Product,2026-05-12,23.0,1,1,0,0,0.0,0,0.0,0,0.0,,
CAMP07181,C0022,Loyalty,2026-01-18,16.0,1,0,0,0,0.0,0,0.0,1,1974.81,26,658.27
CAMP07182,C0843,Birthday,2026-07-28,22.0,1,1,0,1,1148.27,1,1148.27,1,1148.27,6,1148.27
CAMP07183,C0141,Discount,2026-05-13,23.25,1,0,0,0,0.0,0,0.0,0,0.0,,
CAMP07184,C0135,Win-back,2024-01-15,32.75,1,0,0,0,0.0,0,0.0,0,0.0,,
CAMP07185,C0111,Discount,2025-02-05,25.0,1,0,0,0,0.0,0,0.0,0,0.0,,
CAMP07186,C0652,Birthday,2026-08-01,18.5,1,0,0,0,0.0,0,0.0,0,0.0,,
CAMP07187,C0598,New Product,2026-02-15,23.0,1,1,0,0,0.0,1,303.08,1,3430.46,9,303.08
CAMP07188,C0821,Birthday,2024-02-29,18.5,1,1,1,1,1442.57,1,3429.1,1,6848.41,5,1442.57
CAMP07189,C0465,New Product,2026-03-17,23.0,1,0,0,0,0.0,1,2079.9,1,2079.9,13,2079.9
CAMP07190,C0908,Loyalty,2026-07-19,14.0,1,0,0,1,1563.78,1,1563.78,1,1563.78,5,781.89
CAMP07191,C0891,New Product,2026-08-27,23.0,1,0,0,0,0.0,0,0.0,0,0.0,,
CAMP07192,C0143,Birthday,2024-11-14,20.25,1,0,0,0,0.0,0,0.0,0,0.0,,
CAMP07193,C0756,Festival,2025-06-30,27.25,1,0,0,1,357.98,1,357.98,1,7099.639999999999,6,357.98
CAMP07194,C0369,Win-back,2026-08-12,29.25,1,0,0,0,0.0,0,0.0,0,0.0,,
CAMP07195,C0450,Win-back,2026-08-11,29.25,1,1,0,0,0.0,0,0.0,0,0.0,,
CAMP07196,C0004,Discount,2026-01-18,23.25,1,1,0,0,0.0,0,0.0,0,0.0,,
CAMP07197,C0546,Win-back,2026-05-02,31.0,1,0,0,0,0.0,1,1550.05,1,1550.05,12,1550.05
CAMP07198,C0529,New Product,2026-05-16,23.0,1,0,0,0,0.0,0,0.0,0,0.0,,
CAMP07199,C0298,Birthday,2026-07-20,22.0,1,0,0,0,0.0,0,0.0,0,0.0,,
CAMP07200,C0561,Win-back,2025-09-14,27.5,1,1,0,0,0.0,1,2104.38,1,6190.83,8,1052.19
CAMP07201,C0622,Loyalty,2026-08-18,16.0,1,0,0,0,0.0,0,0.0,0,0.0,,
CAMP07202,C0734,Birthday,2026-07-04,22.0,1,0,0,0,0.0,0,0.0,0,0.0,,
CAMP07203,C0455,New Product,2025-12-09,23.0,1,0,0,1,531.86,1,531.86,1,1490.14,5,531.86
CAMP07204,C0926,Win-back,2026-08-01,27.5,1,1,0,0,0.0,0,0.0,0,0.0,,
CAMP07205,C0332,Win-back,2026-03-22,31.0,1,0,0,0,0.0,0,0.0,0,0.0,,
CAMP07206,C0806,Birthday,2026-05-28,18.5,1,0,0,0,0.0,0,0.0,0,0.0,,
CAMP07207,C0257,Birthday,2025-09-21,18.5,0,0,0,0,0.0,1,2340.86,1,7502.880000000001,14,2340.86
CAMP07208,C0878,Loyalty,2026-05-18,16.0,1,0,0,0,0.0,0,0.0,0,0.0,,
CAMP07209,C0447,Discount,2026-08-11,19.75,1,0,0,0,0.0,0,0.0,0,0.0,,
CAMP07210,C0341,Festival,2026-05-27,25.5,1,0,0,0,0.0,0,0.0,0,0.0,,
CAMP07211,C0630,New Product,2026-05-28,23.0,1,0,0,0,0.0,0,0.0,0,0.0,,
CAMP07212,C0958,Birthday,2026-04-23,22.0,1,0,0,0,0.0,0,0.0,1,502.54,19,502.54
CAMP07213,C0693,Loyalty,2026-08-03,18.0,1,1,0,0,0.0,0,0.0,0,0.0,,
CAMP07214,C0742,Discount,2026-06-27,23.25,1,1,1,0,0.0,1,2420.7,1,2420.7,12,1210.35
CAMP07215,C0124,Birthday,2026-02-09,22.0,1,1,0,0,0.0,1,6730.049999999999,1,6730.049999999999,11,2243.35
CAMP07216,C0570,Loyalty,2025-09-08,16.0,1,0,0,0,0.0,0,0.0,0,0.0,,
CAMP07217,C0658,Discount,2026-08-06,21.5,1,0,0,0,0.0,0,0.0,0,0.0,,
CAMP07218,C0369,Win-back,2026-07-26,31.0,1,1,0,0,0.0,0,0.0,0,0.0,,
CAMP07219,C0710,New Product,2026-06-04,23.0,1,0,0,0,0.0,0,0.0,0,0.0,,
CAMP07220,C0113,Loyalty,2026-07-05,14.0,1,0,0,0,0.0,0,0.0,1,2904.9,25,2904.9
CAMP07221,C0769,Loyalty,2024-07-06,18.0,0,0,0,0,0.0,0,0.0,0,0.0,,
CAMP07222,C0777,Birthday,2026-03-15,18.5,1,0,0,1,4044.84,1,5110.799999999999,1,5110.799999999999,7,1011.21
CAMP07223,C0859,Discount,2025-07-17,25.0,1,1,1,0,0.0,0,0.0,1,2891.91,25,1982.4
CAMP07224,C0969,New Product,2024-12-19,23.0,1,1,0,0,0.0,0,0.0,0,0.0,,
CAMP07225,C0559,Win-back,2026-07-15,32.75,1,1,0,0,0.0,0,0.0,0,0.0,,
CAMP07226,C0557,Festival,2026-06-10,25.5,1,0,0,0,0.0,0,0.0,0,0.0,,
CAMP07227,C0333,Birthday,2025-03-07,22.0,1,1,1,0,0.0,0,0.0,0,0.0,,
CAMP07228,C0011,Birthday,2024-11-21,18.5,1,0,0,0,0.0,0,0.0,1,744.4,18,744.4
CAMP07229,C0184,New Product,2024-07-19,23.0,1,0,0,0,0.0,1,610.68,1,7692.91,14,610.68
CAMP07230,C0041,Loyalty,2025-06-27,18.0,1,0,0,0,0.0,0,0.0,0,0.0,,
CAMP07231,C0362,Festival,2025-12-14,25.5,1,1,0,0,0.0,1,2274.0,1,2274.0,12,1137.0
CAMP07232,C0592,Festival,2026-02-22,27.25,1,0,0,0,0.0,0,0.0,0,0.0,,
CAMP07233,C0053,Loyalty,2026-07-21,22.0,0,0,0,0,0.0,0,0.0,0,0.0,,
CAMP07234,C0210,Birthday,2026-05-30,20.25,1,0,0,0,0.0,0,0.0,0,0.0,,
CAMP07235,C0407,Discount,2026-08-17,19.75,1,0,0,0,0.0,0,0.0,0,0.0,,
CAMP07236,C0047,Birthday,2024-12-15,22.0,1,0,0,0,0.0,1,2937.65,1,7683.740000000001,8,2937.65
CAMP07237,C0161,New Product,2025-05-17,23.0,1,0,0,0,0.0,0,0.0,0,0.0,,
CAMP07238,C0565,Win-back,2026-07-31,32.75,1,1,0,0,0.0,0,0.0,0,0.0,,
CAMP07239,C0425,Festival,2026-02-22,32.5,1,0,0,0,0.0,0,0.0,0,0.0,,
CAMP07240,C0789,New Product,2025-11-01,23.0,1,1,1,0,0.0,1,2256.18,1,2256.18,10,752.06
CAMP07241,C0540,Birthday,2026-08-13,18.5,1,0,0,0,0.0,0,0.0,0,0.0,,
CAMP07242,C0167,New Product,2025-10-16,23.0,1,1,0,0,0.0,0,0.0,0,0.0,,
CAMP07243,C0771,Birthday,2025-06-03,22.0,1,0,0,0,0.0,0,0.0,1,1608.98,28,1608.98
CAMP07244,C0026,Birthday,2025-08-18,20.25,1,0,0,0,0.0,0,0.0,0,0.0,,
CAMP07245,C0034,Birthday,2026-08-11,18.5,1,0,0,0,0.0,0,0.0,0,0.0,,
CAMP07246,C0399,Loyalty,2026-06-27,22.0,1,0,0,0,0.0,0,0.0,0,0.0,,
CAMP07247,C0267,Win-back,2025-08-06,31.0,1,0,0,0,0.0,0,0.0,0,0.0,,
CAMP07248,C0746,Win-back,2025-05-04,27.5,1,0,0,0,0.0,0,0.0,0,0.0,,
CAMP07249,C0436,Win-back,2025-12-24,32.75,1,0,0,0,0.0,1,2441.13,1,10210.81,9,2441.13
CAMP07250,C0106,Win-back,2025-08-07,29.25,1,1,0,1,1986.72,1,2228.24,1,2228.24,4,496.68
CAMP07251,C0246,New Product,2026-08-24,23.0,1,0,0,0,0.0,0,0.0,0,0.0,,
CAMP07252,C0556,Loyalty,2025-05-26,16.0,1,0,0,0,0.0,0,0.0,0,0.0,,
CAMP07253,C0067,Discount,2024-12-21,25.0,0,0,0,0,0.0,0,0.0,0,0.0,,
CAMP07254,C0605,Festival,2025-08-30,29.0,1,0,0,1,10027.51,1,11051.42,1,16377.51,4,1773.35
CAMP07255,C0254,Birthday,2025-07-12,20.25,1,0,0,0,0.0,0,0.0,1,1087.48,26,1087.48
CAMP07256,C0708,Festival,2026-04-28,32.5,1,1,0,0,0.0,0,0.0,0,0.0,,
CAMP07257,C0641,Discount,2025-01-19,19.75,1,0,0,0,0.0,1,2934.3,1,6501.32,11,1467.15
CAMP07258,C0412,New Product,2026-03-07,23.0,1,0,0,0,0.0,1,805.13,1,2273.86,11,805.13
CAMP07259,C0362,Festival,2024-11-08,29.0,1,0,0,0,0.0,0,0.0,0,0.0,,
CAMP07260,C0815,Festival,2025-08-02,25.5,1,0,0,0,0.0,0,0.0,1,1466.65,23,1466.65
CAMP07261,C0169,Birthday,2024-10-21,18.5,1,0,0,0,0.0,0,0.0,0,0.0,,
CAMP07262,C0786,Win-back,2025-05-18,31.0,1,0,0,0,0.0,0,0.0,1,4930.66,16,1020.15
CAMP07263,C0602,New Product,2026-08-31,23.0,1,0,0,0,0.0,0,0.0,0,0.0,,
CAMP07264,C0696,New Product,2026-05-16,23.0,1,0,0,1,1820.97,1,2850.26,1,2850.26,7,1820.97
CAMP07265,C0080,Birthday,2025-12-04,22.0,1,0,0,0,0.0,1,4507.35,1,6955.610000000001,8,1502.45
CAMP07266,C0657,Discount,2026-07-21,25.0,1,1,0,0,0.0,0,0.0,0,0.0,,
CAMP07267,C0708,New Product,2025-11-12,23.0,1,0,0,0,0.0,0,0.0,0,0.0,,
CAMP07268,C0540,New Product,2026-06-18,23.0,1,1,0,0,0.0,0,0.0,1,538.83,28,538.83
CAMP07269,C0164,Win-back,2025-11-18,32.75,1,0,0,0,0.0,0,0.0,0,0.0,,
CAMP07270,C0203,Win-back,2026-06-07,29.25,1,0,0,0,0.0,0,0.0,0,0.0,,
CAMP07271,C0044,Discount,2026-05-12,21.5,0,0,0,0,0.0,0,0.0,1,1187.56,25,593.78
CAMP07272,C0032,New Product,2024-07-29,23.0,1,1,0,0,0.0,0,0.0,0,0.0,,
CAMP07273,C0647,Discount,2026-07-01,23.25,1,1,1,0,0.0,0,0.0,0,0.0,,
CAMP07274,C0575,Discount,2025-02-14,21.5,1,0,0,0,0.0,0,0.0,1,6413.780000000001,15,873.82
CAMP07275,C0505,New Product,2026-04-18,23.0,1,0,0,0,0.0,0,0.0,0,0.0,,
CAMP07276,C0554,Birthday,2025-01-21,22.0,1,1,0,0,0.0,0,0.0,0,0.0,,
CAMP07277,C0931,Win-back,2025-08-24,29.25,1,0,0,0,0.0,1,3395.7000000000003,1,3395.7000000000003,10,1131.9
CAMP07278,C0528,Loyalty,2026-06-17,14.0,1,0,0,0,0.0,1,13316.73,1,16572.579999999998,8,1212.64
CAMP07279,C0293,Loyalty,2026-06-17,18.0,1,0,0,0,0.0,0,0.0,1,1536.82,21,1536.82
CAMP07280,C0399,Win-back,2026-03-06,27.5,1,0,0,0,0.0,0,0.0,1,4507.41,23,937.51
CAMP07281,C0684,Discount,2025-04-09,19.75,0,0,0,0,0.0,1,7044.150000000001,1,12629.28,12,2348.05
CAMP07282,C0107,Birthday,2026-02-28,22.0,1,0,0,0,0.0,1,3291.96,1,3291.96,8,1645.98
CAMP07283,C0620,Loyalty,2025-12-11,14.0,1,0,0,0,0.0,0,0.0,0,0.0,,
CAMP07284,C0122,Festival,2025-11-28,27.25,1,0,0,1,1300.08,1,1300.08,1,1300.08,4,1300.08
CAMP07285,C0858,Loyalty,2026-08-01,22.0,1,0,0,0,0.0,0,0.0,0,0.0,,
CAMP07286,C0549,Festival,2026-07-01,25.5,1,0,0,0,0.0,0,0.0,0,0.0,,
CAMP07287,C0195,Win-back,2026-05-25,29.25,1,0,0,0,0.0,0,0.0,1,1911.14,26,955.57
CAMP07288,C0853,Discount,2026-08-04,23.25,0,0,0,1,2533.87,1,2533.87,1,2533.87,6,2533.87
CAMP07289,C0344,Win-back,2026-05-18,27.5,1,0,0,0,0.0,0,0.0,0,0.0,,
CAMP07290,C0292,Loyalty,2024-12-07,14.0,1,0,0,1,2723.75,1,2723.75,1,10630.35,1,2723.75
CAMP07291,C0495,Discount,2026-04-25,19.75,0,0,0,0,0.0,0,0.0,0,0.0,,
CAMP07292,C0244,Festival,2026-04-08,27.25,1,1,0,1,4672.52,1,6320.9400000000005,1,17360.88,4,2336.26
CAMP07293,C0420,Festival,2025-12-25,27.25,1,1,1,0,0.0,0,0.0,1,1430.02,29,1430.02
CAMP07294,C0274,Discount,2025-12-22,23.25,1,0,0,0,0.0,1,1224.28,1,1224.28,13,612.14
CAMP07295,C0929,Loyalty,2025-07-12,18.0,1,1,1,1,2996.34,1,2996.34,1,7749.68,7,1498.17
CAMP07296,C0826,Win-back,2025-10-13,27.5,1,1,0,1,2315.11,1,5277.460000000001,1,9097.22,2,923.65
CAMP07297,C0915,Discount,2025-01-10,25.0,1,0,0,0,0.0,0,0.0,1,4683.81,23,1561.27
CAMP07298,C0006,Birthday,2024-12-29,18.5,1,0,0,0,0.0,1,4177.26,1,4177.26,9,2088.63
CAMP07299,C0980,New Product,2026-08-25,23.0,1,0,0,0,0.0,0,0.0,0,0.0,,
CAMP07300,C0735,Win-back,2026-05-15,31.0,1,0,0,0,0.0,0,0.0,0,0.0,,
CAMP07301,C0443,Loyalty,2026-07-23,18.0,1,0,0,0,0.0,0,0.0,0,0.0,,
CAMP07302,C0988,Birthday,2026-07-06,20.25,1,1,0,0,0.0,0,0.0,1,4073.46,25,1357.82
CAMP07303,C0881,Win-back,2024-09-19,31.0,1,1,0,0,0.0,0,0.0,0,0.0,,
CAMP07304,C0266,Discount,2024-07-05,21.5,1,0,0,0,0.0,0,0.0,1,1302.14,30,651.07
CAMP07305,C0409,New Product,2026-07-07,23.0,1,0,0,0,0.0,0,0.0,0,0.0,,
CAMP07306,C0102,Loyalty,2024-06-13,22.0,1,0,0,1,1904.37,1,1904.37,1,1904.37,7,634.79
CAMP07307,C0090,Festival,2025-10-07,27.25,1,1,0,1,5181.49,1,5181.49,1,5181.49,5,1384.7
CAMP07308,C0430,Win-back,2024-08-21,32.75,1,0,0,0,0.0,0,0.0,0,0.0,,
CAMP07309,C0860,Win-back,2025-12-04,27.5,0,0,0,0,0.0,0,0.0,1,1356.89,27,1356.89
CAMP07310,C0253,Festival,2025-12-29,30.75,1,1,0,1,3956.86,1,3956.86,1,9274.7,1,1978.43
CAMP07311,C0059,Loyalty,2026-08-18,18.0,1,0,0,0,0.0,0,0.0,0,0.0,,
CAMP07312,C0834,Win-back,2026-01-07,31.0,1,1,0,1,9322.78,1,9322.78,1,10609.23,1,2083.59
CAMP07313,C0697,Win-back,2026-05-04,32.75,1,0,0,0,0.0,0,0.0,0,0.0,,
CAMP07314,C0035,Win-back,2025-01-30,27.5,1,1,1,1,708.95,1,708.95,1,708.95,4,708.95
CAMP07315,C0430,Birthday,2026-02-20,20.25,1,0,0,0,0.0,0,0.0,0,0.0,,
CAMP07316,C0540,Win-back,2026-06-29,32.75,1,0,0,0,0.0,0,0.0,1,538.83,17,538.83
CAMP07317,C0505,Win-back,2026-04-11,31.0,1,1,0,0,0.0,0,0.0,0,0.0,,
CAMP07318,C0980,Birthday,2026-07-18,18.5,1,1,1,0,0.0,0,0.0,1,12468.18,27,2255.51
CAMP07319,C0888,Discount,2026-08-11,25.0,1,1,1,0,0.0,0,0.0,0,0.0,,
CAMP07320,C0663,Loyalty,2026-06-13,22.0,1,0,0,0,0.0,1,958.35,1,958.35,11,958.35
CAMP07321,C0211,Birthday,2026-08-19,22.0,1,1,0,0,0.0,0,0.0,0,0.0,,
CAMP07322,C0328,Win-back,2024-04-26,31.0,1,0,0,0,0.0,0,0.0,0,0.0,,
CAMP07323,C0640,New Product,2026-01-06,23.0,1,0,0,0,0.0,0,0.0,0,0.0,,
CAMP07324,C0527,Festival,2026-07-03,32.5,1,0,0,0,0.0,1,2532.5,1,5510.839999999999,8,1266.25
CAMP07325,C0546,Festival,2026-07-26,30.75,1,0,0,0,0.0,0,0.0,0,0.0,,
CAMP07326,C0079,Festival,2026-08-19,27.25,1,0,0,0,0.0,0,0.0,0,0.0,,
CAMP07327,C0579,Discount,2026-04-07,25.0,1,0,0,0,0.0,0,0.0,0,0.0,,
CAMP07328,C0802,Festival,2026-01-22,29.0,0,0,0,0,0.0,0,0.0,0,0.0,,
CAMP07329,C0644,Festival,2026-08-09,32.5,1,0,0,0,0.0,0,0.0,0,0.0,,
CAMP07330,C0770,Birthday,2025-08-13,20.25,1,0,0,0,0.0,0,0.0,1,2680.58,15,572.51
CAMP07331,C0840,Discount,2025-08-16,25.0,1,0,0,0,0.0,0,0.0,1,3289.59,22,709.35
CAMP07332,C0751,Festival,2026-08-25,30.75,1,0,0,0,0.0,0,0.0,0,0.0,,
CAMP07333,C0168,New Product,2025-12-11,23.0,1,0,0,1,2533.05,1,2533.05,1,4615.53,7,844.35
CAMP07334,C0637,Discount,2025-08-09,21.5,1,0,0,1,1598.4,1,1598.4,1,2285.11,6,799.2
CAMP07335,C0445,Loyalty,2024-05-31,16.0,1,1,0,0,0.0,0,0.0,0,0.0,,
CAMP07336,C0147,Loyalty,2026-07-22,14.0,1,0,0,0,0.0,1,778.2,1,778.2,9,778.2
CAMP07337,C0154,Birthday,2024-01-09,20.25,1,1,0,0,0.0,0,0.0,1,12582.0,18,3145.5
CAMP07338,C0237,Loyalty,2026-01-01,18.0,1,0,0,0,0.0,0,0.0,0,0.0,,
CAMP07339,C0807,Loyalty,2026-05-14,14.0,1,0,0,0,0.0,0,0.0,0,0.0,,
CAMP07340,C0881,Loyalty,2026-08-17,22.0,1,0,0,0,0.0,0,0.0,0,0.0,,
CAMP07341,C0084,Loyalty,2025-09-13,18.0,1,1,0,0,0.0,0,0.0,0,0.0,,
CAMP07342,C0174,Festival,2026-04-12,25.5,1,0,0,0,0.0,0,0.0,1,4348.77,16,1499.94
CAMP07343,C0066,Festival,2025-07-23,29.0,1,1,0,0,0.0,0,0.0,0,0.0,,
CAMP07344,C0395,Discount,2025-10-08,23.25,1,0,0,0,0.0,1,7810.48,1,16750.8,11,2136.95
CAMP07345,C0544,Win-back,2025-04-11,32.75,1,0,0,1,902.21,1,902.21,1,902.21,1,902.21
CAMP07346,C0382,Loyalty,2025-04-10,18.0,0,0,0,0,0.0,0,0.0,1,2754.14,17,2754.14
CAMP07347,C0563,Birthday,2026-08-06,20.25,1,0,0,1,2794.04,1,4669.25,1,7250.889999999999,5,2794.04
CAMP07348,C0969,Discount,2025-07-18,19.75,1,0,0,0,0.0,0,0.0,1,1133.39,29,1133.39
CAMP07349,C0124,Birthday,2025-09-23,18.5,1,0,0,0,0.0,0,0.0,0,0.0,,
CAMP07350,C0339,Win-back,2026-07-07,29.25,0,0,0,0,0.0,0,0.0,0,0.0,,
CAMP07351,C0023,New Product,2026-01-24,23.0,1,0,0,0,0.0,0,0.0,1,3275.04,21,1091.68
CAMP07352,C0241,Discount,2025-01-17,25.0,1,1,0,0,0.0,0,0.0,0,0.0,,
CAMP07353,C0473,Birthday,2025-08-15,18.5,1,1,1,0,0.0,0,0.0,1,2537.73,26,2537.73
CAMP07354,C0319,New Product,2026-04-15,23.0,1,1,0,0,0.0,1,1671.0,1,1671.0,10,835.5
CAMP07355,C0176,Birthday,2026-07-07,18.5,1,0,0,1,3448.38,1,3448.38,1,3448.38,2,1724.19
CAMP07356,C0739,Festival,2026-06-20,30.75,1,0,0,1,1576.86,1,1576.86,1,1576.86,3,1576.86
CAMP07357,C0722,Birthday,2026-06-22,20.25,1,0,0,0,0.0,0,0.0,0,0.0,,
CAMP07358,C0726,Loyalty,2024-10-28,22.0,1,1,0,0,0.0,0,0.0,0,0.0,,
CAMP07359,C0209,Festival,2026-06-18,25.5,1,1,1,1,749.77,1,749.77,1,1657.9,2,749.77
CAMP07360,C0123,Discount,2025-01-18,21.5,1,0,0,1,2913.33,1,5974.43,1,9465.71,4,2913.33
CAMP07361,C0137,New Product,2026-07-04,23.0,1,0,0,0,0.0,0,0.0,1,2170.95,27,2170.95
CAMP07362,C0959,Discount,2026-06-29,25.0,1,0,0,1,1777.0,1,3461.3900000000003,1,3461.3900000000003,3,1777.0
CAMP07363,C0914,Birthday,2025-03-22,22.0,1,0,0,0,0.0,0,0.0,1,1195.75,29,1195.75
CAMP07364,C0109,New Product,2025-06-11,23.0,1,0,0,1,5927.2,1,5927.2,1,5927.2,3,2963.6
CAMP07365,C0222,Discount,2026-03-13,21.5,0,0,0,0,0.0,0,0.0,0,0.0,,
CAMP07366,C0848,Win-back,2026-02-11,29.25,1,1,1,0,0.0,1,1484.42,1,5651.56,14,742.21
CAMP07367,C0937,Festival,2025-12-22,30.75,0,0,0,0,0.0,0,0.0,0,0.0,,
CAMP07368,C0300,Loyalty,2026-02-22,18.0,1,0,0,0,0.0,0,0.0,0,0.0,,
CAMP07369,C0520,Festival,2026-04-02,30.75,1,0,0,0,0.0,0,0.0,0,0.0,,
CAMP07370,C0774,Festival,2025-06-08,27.25,1,0,0,0,0.0,0,0.0,1,1244.1,25,622.05
CAMP07371,C0696,New Product,2026-08-26,23.0,1,0,0,0,0.0,0,0.0,0,0.0,,
CAMP07372,C0346,Birthday,2025-09-25,22.0,1,1,1,1,948.51,1,948.51,1,948.51,5,948.51
CAMP07373,C0289,Win-back,2025-09-06,27.5,1,0,0,0,0.0,0,0.0,0,0.0,,
CAMP07374,C0206,Loyalty,2026-01-26,22.0,1,0,0,0,0.0,1,6290.7,1,6290.7,11,3145.35
CAMP07375,C0473,Festival,2025-11-12,30.75,1,0,0,0,0.0,0,0.0,0,0.0,,
CAMP07376,C0055,Win-back,2026-04-14,31.0,1,0,0,0,0.0,1,2129.59,1,7472.900000000001,8,652.28
CAMP07377,C0018,Birthday,2024-06-03,22.0,1,0,0,0,0.0,0,0.0,0,0.0,,
CAMP07378,C0114,Birthday,2024-09-28,18.5,1,1,0,0,0.0,0,0.0,0,0.0,,
CAMP07379,C0684,Loyalty,2025-05-14,16.0,1,0,0,0,0.0,0,0.0,1,14894.059999999998,18,2546.93
CAMP07380,C0508,New Product,2026-03-25,23.0,1,0,0,0,0.0,1,1068.68,1,1068.68,13,534.34
CAMP07381,C0462,Win-back,2026-06-23,27.5,1,0,0,0,0.0,0,0.0,0,0.0,,
CAMP07382,C0787,Loyalty,2026-01-18,18.0,1,0,0,1,2463.53,1,2463.53,1,3914.94,3,1616.31
CAMP07383,C0060,Win-back,2026-02-14,27.5,1,0,0,0,0.0,0,0.0,0,0.0,,
CAMP07384,C0832,Festival,2026-01-28,30.75,1,1,1,0,0.0,0,0.0,1,620.19,23,620.19
CAMP07385,C0755,Loyalty,2026-08-23,18.0,1,1,1,0,0.0,0,0.0,0,0.0,,
CAMP07386,C0250,Festival,2026-08-10,32.5,1,0,0,0,0.0,0,0.0,0,0.0,,
CAMP07387,C0648,Festival,2026-05-26,27.25,1,0,0,0,0.0,0,0.0,0,0.0,,
CAMP07388,C0167,New Product,2025-12-03,23.0,1,0,0,0,0.0,0,0.0,0,0.0,,
CAMP07389,C0928,Win-back,2026-06-20,32.75,1,0,0,0,0.0,1,1558.27,1,1558.27,10,1558.27
CAMP07390,C0533,Win-back,2024-11-23,29.25,1,0,0,0,0.0,1,948.24,1,3836.94,11,948.24
CAMP07391,C0274,Win-back,2026-03-11,31.0,1,0,0,0,0.0,0,0.0,0,0.0,,
CAMP07392,C0011,Win-back,2026-01-11,29.25,1,1,1,0,0.0,0,0.0,0,0.0,,
CAMP07393,C0260,Win-back,2025-02-18,31.0,1,1,0,0,0.0,0,0.0,1,1285.6,15,642.8
CAMP07394,C0601,Birthday,2025-08-16,20.25,0,0,0,0,0.0,0,0.0,0,0.0,,
CAMP07395,C0424,New Product,2025-10-24,23.0,1,0,0,0,0.0,0,0.0,0,0.0,,
CAMP07396,C0191,Birthday,2026-01-13,18.5,1,1,0,0,0.0,0,0.0,0,0.0,,
CAMP07397,C0805,Loyalty,2025-06-10,14.0,1,0,0,0,0.0,0,0.0,0,0.0,,
CAMP07398,C0255,New Product,2025-12-27,23.0,1,0,0,0,0.0,0,0.0,0,0.0,,
CAMP07399,C0023,Win-back,2025-01-10,31.0,1,1,1,0,0.0,0,0.0,0,0.0,,
CAMP07400,C0362,Festival,2025-12-23,27.25,1,0,0,1,2274.0,1,2274.0,1,3342.0,3,1137.0
CAMP07401,C0715,Birthday,2025-02-22,18.5,1,1,1,0,0.0,0,0.0,0,0.0,,
CAMP07402,C0761,New Product,2026-06-11,23.0,1,1,1,1,1499.38,1,1499.38,1,1499.38,4,1499.38
CAMP07403,C0298,Loyalty,2026-08-19,18.0,0,0,0,0,0.0,0,0.0,0,0.0,,
CAMP07404,C0506,Discount,2026-08-31,23.25,1,1,1,0,0.0,0,0.0,0,0.0,,
CAMP07405,C0720,Discount,2025-12-05,23.25,1,1,0,1,569.92,1,1644.12,1,2716.19,3,569.92
CAMP07406,C0617,Birthday,2025-09-20,20.25,1,0,0,0,0.0,1,10755.81,1,18177.63,8,934.74
CAMP07407,C0464,Loyalty,2024-11-30,18.0,0,0,0,0,0.0,1,5156.56,1,14661.61,9,3313.37
CAMP07408,C0799,Win-back,2026-08-16,27.5,1,0,0,0,0.0,0,0.0,0,0.0,,
CAMP07409,C0997,Discount,2025-10-14,21.5,1,0,0,0,0.0,1,2105.38,1,3037.1800000000003,13,1052.69
CAMP07410,C0216,New Product,2026-02-05,23.0,1,0,0,1,4603.85,1,4603.85,1,4603.85,5,1107.15
CAMP07411,C0502,Win-back,2026-06-15,29.25,1,0,0,1,3208.52,1,4631.11,1,4631.11,5,1604.26
CAMP07412,C0632,Win-back,2025-05-26,31.0,1,0,0,0,0.0,0,0.0,1,2629.35,21,997.75
CAMP07413,C0119,Birthday,2025-08-08,18.5,1,0,0,0,0.0,0,0.0,1,1556.38,20,778.19
CAMP07414,C0234,Birthday,2026-07-29,20.25,1,0,0,0,0.0,0,0.0,0,0.0,,
CAMP07415,C0197,Birthday,2025-03-28,20.25,1,0,0,0,0.0,0,0.0,0,0.0,,
CAMP07416,C0846,Loyalty,2026-06-27,14.0,1,0,0,0,0.0,0,0.0,0,0.0,,
CAMP07417,C0221,Birthday,2025-12-04,20.25,1,0,0,0,0.0,0,0.0,0,0.0,,
CAMP07418,C0034,Discount,2026-08-02,25.0,1,1,0,0,0.0,0,0.0,0,0.0,,
CAMP07419,C0993,Loyalty,2026-08-14,18.0,1,1,1,0,0.0,0,0.0,0,0.0,,
CAMP07420,C0655,Discount,2025-01-18,21.5,1,0,0,1,2622.39,1,2622.39,1,2622.39,2,874.13
CAMP07421,C0801,New Product,2025-07-05,23.0,1,0,0,0,0.0,0,0.0,1,2515.89,19,838.63
CAMP07422,C0909,Discount,2026-07-19,21.5,1,0,0,1,1801.55,1,5027.93,1,17479.820000000003,4,1801.55
CAMP07423,C0569,Birthday,2025-07-31,20.25,1,0,0,0,0.0,0,0.0,0,0.0,,
CAMP07424,C0234,Discount,2026-04-02,23.25,1,1,0,0,0.0,0,0.0,1,1583.62,28,791.81
CAMP07425,C0493,New Product,2025-07-05,23.0,1,0,0,0,0.0,0,0.0,0,0.0,,
CAMP07426,C0049,Birthday,2026-06-02,22.0,1,1,0,1,4323.07,1,4323.07,1,4323.07,2,881.41
CAMP07427,C1000,Loyalty,2026-07-20,18.0,1,1,0,0,0.0,0,0.0,0,0.0,,
CAMP07428,C0900,Win-back,2025-07-20,27.5,1,1,1,0,0.0,0,0.0,0,0.0,,
CAMP07429,C0333,Loyalty,2025-03-05,22.0,0,0,0,0,0.0,0,0.0,0,0.0,,
CAMP07430,C0759,Festival,2025-07-27,25.5,1,0,0,0,0.0,0,0.0,0,0.0,,
CAMP07431,C0740,Loyalty,2026-07-27,18.0,1,0,0,0,0.0,0,0.0,1,4059.52,19,2029.76
CAMP07432,C0589,Discount,2026-08-31,19.75,1,1,0,0,0.0,0,0.0,0,0.0,,
CAMP07433,C0019,Loyalty,2026-06-16,16.0,1,1,0,0,0.0,0,0.0,0,0.0,,
CAMP07434,C0492,New Product,2025-01-19,23.0,1,1,0,0,0.0,0,0.0,1,8557.69,23,2369.53
CAMP07435,C0535,Discount,2025-07-07,25.0,1,0,0,0,0.0,0,0.0,1,2401.56,17,1200.78
CAMP07436,C0217,Festival,2025-06-29,25.5,1,0,0,1,2805.92,1,4490.42,1,8212.56,6,1402.96
CAMP07437,C0078,Win-back,2026-08-13,31.0,1,0,0,0,0.0,0,0.0,0,0.0,,
CAMP07438,C0668,Discount,2026-05-13,25.0,1,0,0,0,0.0,1,2100.89,1,2100.89,8,903.37
CAMP07439,C0393,Festival,2023-11-24,32.5,1,0,0,0,0.0,1,1277.56,1,1277.56,14,1277.56
CAMP07440,C0690,Discount,2026-06-07,21.5,1,1,1,0,0.0,0,0.0,0,0.0,,
CAMP07441,C0540,Festival,2026-05-24,25.5,1,1,0,0,0.0,0,0.0,0,0.0,,
CAMP07442,C0165,Discount,2025-09-20,19.75,1,0,0,1,2768.3,1,2768.3,1,7828.0,4,2768.3
CAMP07443,C0676,Win-back,2026-04-30,29.25,1,0,0,0,0.0,0,0.0,1,3960.91,17,673.55
CAMP07444,C0808,New Product,2026-08-10,23.0,1,0,0,0,0.0,0,0.0,0,0.0,,
CAMP07445,C0755,New Product,2025-08-16,23.0,1,0,0,0,0.0,1,1314.72,1,1314.72,11,1314.72
CAMP07446,C0873,New Product,2026-03-01,23.0,1,0,0,1,3147.36,1,9759.92,1,14236.64,6,1573.68
CAMP07447,C0574,Birthday,2026-08-21,22.0,1,0,0,0,0.0,0,0.0,0,0.0,,
CAMP07448,C0756,Win-back,2026-07-04,32.75,1,1,1,0,0.0,0,0.0,1,727.05,30,727.05
CAMP07449,C0131,Win-back,2026-08-28,29.25,0,0,0,0,0.0,0,0.0,0,0.0,,
CAMP07450,C0047,New Product,2025-04-30,23.0,1,1,1,0,0.0,1,6040.14,1,8129.26,10,2013.38
CAMP07451,C0862,New Product,2026-08-31,23.0,1,0,0,0,0.0,0,0.0,0,0.0,,
CAMP07452,C0350,Loyalty,2026-02-02,22.0,1,0,0,0,0.0,0,0.0,0,0.0,,
CAMP07453,C0895,Festival,2024-12-22,29.0,1,0,0,0,0.0,0,0.0,0,0.0,,
CAMP07454,C0621,New Product,2024-08-26,23.0,1,0,0,0,0.0,0,0.0,0,0.0,,
CAMP07455,C0762,Discount,2026-04-22,21.5,1,1,0,1,1326.45,1,1326.45,1,1326.45,7,1326.45
CAMP07456,C0118,Loyalty,2024-04-16,16.0,1,1,0,0,0.0,0,0.0,0,0.0,,
CAMP07457,C0196,Birthday,2025-02-18,18.5,1,1,1,0,0.0,0,0.0,1,4588.75,25,823.76
CAMP07458,C0945,Loyalty,2025-10-17,16.0,1,0,0,1,1093.56,1,1093.56,1,1093.56,4,546.78
CAMP07459,C0036,Birthday,2026-01-21,18.5,1,0,0,0,0.0,0,0.0,1,1313.39,21,737.06
CAMP07460,C0679,New Product,2026-03-03,23.0,1,0,0,0,0.0,0,0.0,0,0.0,,
CAMP07461,C0234,Win-back,2025-11-01,27.5,1,1,1,0,0.0,0,0.0,0,0.0,,
CAMP07462,C0798,Loyalty,2026-05-18,14.0,1,0,0,0,0.0,0,0.0,1,1228.2,18,614.1
CAMP07463,C0666,Loyalty,2026-02-24,14.0,1,0,0,1,2869.26,1,2869.26,1,2869.26,7,1434.63
CAMP07464,C0508,Loyalty,2026-08-26,22.0,1,1,1,0,0.0,0,0.0,0,0.0,,
CAMP07465,C0349,Loyalty,2025-10-30,16.0,1,0,0,0,0.0,0,0.0,0,0.0,,
CAMP07466,C0156,Festival,2024-12-28,32.5,1,1,1,0,0.0,0,0.0,1,11165.56,16,2128.61
CAMP07467,C0662,Win-back,2026-05-27,27.5,1,0,0,0,0.0,0,0.0,0,0.0,,
CAMP07468,C0164,New Product,2026-04-22,23.0,1,0,0,0,0.0,0,0.0,1,6248.139999999999,16,1153.96
CAMP07469,C0921,Birthday,2026-01-31,22.0,1,0,0,0,0.0,1,2096.2200000000003,1,2958.4100000000003,9,698.74
CAMP07470,C0076,New Product,2024-07-30,23.0,1,0,0,0,0.0,0,0.0,0,0.0,,
CAMP07471,C0849,Discount,2024-09-28,25.0,1,0,0,1,7372.66,1,7372.66,1,13582.53,3,1736.46
CAMP07472,C0353,Festival,2026-07-18,27.25,1,0,0,0,0.0,0,0.0,0,0.0,,
CAMP07473,C0156,Discount,2025-11-29,21.5,1,0,0,1,2989.39,1,2989.39,1,11454.21,2,2989.39
CAMP07474,C0285,Discount,2025-04-29,23.25,1,0,0,1,2071.73,1,2071.73,1,3270.04,1,1619.28
CAMP07475,C0611,Discount,2026-07-21,21.5,0,0,0,1,1504.34,1,1504.34,1,6184.360000000001,4,1504.34
CAMP07476,C0943,Win-back,2026-08-15,29.25,0,0,0,0,0.0,0,0.0,0,0.0,,
CAMP07477,C0980,Win-back,2026-08-18,31.0,1,0,0,0,0.0,0,0.0,0,0.0,,
CAMP07478,C0264,Win-back,2024-09-24,31.0,1,1,0,0,0.0,1,1816.6,1,1816.6,14,1816.6
CAMP07479,C0871,New Product,2026-05-03,23.0,1,1,1,0,0.0,1,6136.26,1,6136.26,9,1649.91
CAMP07480,C0167,Loyalty,2025-01-13,22.0,1,1,0,0,0.0,0,0.0,0,0.0,,
CAMP07481,C0915,Win-back,2025-05-18,31.0,1,0,0,0,0.0,0,0.0,0,0.0,,
CAMP07482,C0404,Festival,2026-04-24,27.25,1,0,0,1,727.03,1,727.03,1,3773.6,6,727.03
CAMP07483,C0256,New Product,2025-06-01,23.0,1,0,0,0,0.0,0,0.0,0,0.0,,
CAMP07484,C0624,Birthday,2026-08-19,22.0,1,1,0,0,0.0,0,0.0,0,0.0,,
CAMP07485,C0473,Loyalty,2025-08-29,18.0,1,0,0,0,0.0,1,2537.73,1,6390.45,12,2537.73
CAMP07486,C0293,Birthday,2025-10-16,18.5,1,1,0,0,0.0,0,0.0,1,1687.83,19,1687.83
CAMP07487,C0195,Loyalty,2026-03-22,16.0,1,0,0,0,0.0,0,0.0,0,0.0,,
CAMP07488,C0926,Win-back,2026-03-09,29.25,1,0,0,0,0.0,0,0.0,0,0.0,,
CAMP07489,C0774,Win-back,2025-01-31,31.0,0,0,0,0,0.0,0,0.0,1,1226.0,20,1226.0
CAMP07490,C0866,Discount,2025-11-27,23.25,1,0,0,0,0.0,1,3089.77,1,5610.539999999999,8,1980.43
CAMP07491,C0306,Discount,2025-03-30,25.0,1,0,0,1,3530.12,1,3530.12,1,3530.12,2,1765.06
CAMP07492,C0225,Birthday,2026-06-14,20.25,1,0,0,1,734.27,1,734.27,1,734.27,3,734.27
CAMP07493,C0502,Loyalty,2026-08-12,18.0,1,0,0,0,0.0,0,0.0,0,0.0,,
CAMP07494,C0250,Loyalty,2025-08-26,16.0,1,0,0,0,0.0,0,0.0,0,0.0,,
CAMP07495,C0922,Festival,2026-01-20,29.0,1,1,0,1,1610.28,1,2407.18,1,4523.54,7,805.14
CAMP07496,C0869,Loyalty,2026-06-16,14.0,1,0,0,0,0.0,0,0.0,0,0.0,,
CAMP07497,C0757,Festival,2026-08-11,29.0,1,1,0,0,0.0,0,0.0,0,0.0,,
CAMP07498,C0363,Loyalty,2026-03-22,14.0,1,0,0,0,0.0,0,0.0,0,0.0,,
CAMP07499,C0516,Win-back,2024-09-12,31.0,1,1,0,0,0.0,0,0.0,1,720.25,25,720.25
CAMP07500,C0498,Festival,2026-06-26,27.25,1,1,0,0,0.0,1,1228.32,1,2228.35,11,1228.32
CAMP07501,C0211,Discount,2026-07-14,19.75,1,1,1,0,0.0,0,0.0,0,0.0,,
CAMP07502,C0392,Win-back,2026-04-16,29.25,1,0,0,0,0.0,0,0.0,0,0.0,,
CAMP07503,C0309,Win-back,2025-08-22,31.0,1,0,0,0,0.0,0,0.0,0,0.0,,
CAMP07504,C0424,Discount,2025-07-25,25.0,1,0,0,0,0.0,0,0.0,0,0.0,,
CAMP07505,C0910,Win-back,2026-03-15,29.25,1,1,1,0,0.0,1,990.83,1,990.83,12,990.83
CAMP07506,C0380,Birthday,2025-12-01,18.5,1,1,0,1,1039.58,1,1039.58,1,2190.79,7,1039.58
CAMP07507,C0096,Win-back,2025-12-18,29.25,1,1,0,0,0.0,0,0.0,0,0.0,,
CAMP07508,C0886,Loyalty,2026-04-28,14.0,1,0,0,0,0.0,0,0.0,0,0.0,,
CAMP07509,C0541,Loyalty,2026-08-25,18.0,1,1,0,0,0.0,0,0.0,0,0.0,,
CAMP07510,C0883,Loyalty,2026-08-26,16.0,1,0,0,0,0.0,0,0.0,0,0.0,,
CAMP07511,C0782,Birthday,2026-05-29,20.25,1,0,0,0,0.0,0,0.0,0,0.0,,
CAMP07512,C0896,Loyalty,2025-04-04,14.0,1,1,0,0,0.0,0,0.0,1,6330.200000000001,16,1536.04
CAMP07513,C0517,Birthday,2026-06-03,20.25,1,0,0,0,0.0,0,0.0,0,0.0,,
CAMP07514,C0354,Birthday,2026-05-24,18.5,1,0,0,0,0.0,0,0.0,0,0.0,,
CAMP07515,C0737,Loyalty,2026-06-27,22.0,1,0,0,0,0.0,0,0.0,0,0.0,,
CAMP07516,C0142,Win-back,2026-06-01,32.75,1,1,0,0,0.0,0,0.0,0,0.0,,
CAMP07517,C0138,Discount,2025-09-13,21.5,1,0,0,1,2507.6400000000003,1,2507.6400000000003,1,15474.94,1,1065.47
CAMP07518,C0466,Win-back,2025-04-11,31.0,1,1,1,0,0.0,1,1987.1,1,3122.75,13,993.55
CAMP07519,C0880,Birthday,2024-09-04,22.0,1,1,1,0,0.0,0,0.0,0,0.0,,
CAMP07520,C0908,Festival,2025-04-13,25.5,1,0,0,0,0.0,0,0.0,0,0.0,,
CAMP07521,C0209,Win-back,2025-09-01,29.25,1,0,0,0,0.0,0,0.0,0,0.0,,
CAMP07522,C0784,Birthday,2026-01-04,20.25,1,0,0,0,0.0,0,0.0,0,0.0,,
CAMP07523,C0745,New Product,2025-05-23,23.0,1,0,0,1,2463.65,1,2463.65,1,4855.91,1,1646.48
CAMP07524,C0884,Loyalty,2026-08-16,22.0,1,0,0,0,0.0,0,0.0,0,0.0,,
CAMP07525,C0561,Win-back,2023-11-13,32.75,1,0,0,0,0.0,0,0.0,0,0.0,,
CAMP07526,C0727,New Product,2026-06-16,23.0,1,0,0,0,0.0,1,2053.66,1,2053.66,9,1026.83
CAMP07527,C0015,Win-back,2026-05-24,29.25,1,0,0,1,2275.2,1,2275.2,1,5540.9,6,758.4
CAMP07528,C0124,Festival,2026-01-18,32.5,0,0,0,0,0.0,1,1304.98,1,2729.22,12,652.49
CAMP07529,C0293,Discount,2026-03-31,23.25,1,0,0,1,5896.5,1,5896.5,1,5896.5,6,2948.25
CAMP07530,C0708,Birthday,2026-03-01,18.5,1,1,0,0,0.0,0,0.0,0,0.0,,
CAMP07531,C0860,Discount,2025-08-31,25.0,1,1,1,0,0.0,1,1118.03,1,1118.03,13,1118.03
CAMP07532,C0978,Birthday,2025-07-18,22.0,1,0,0,1,6215.52,1,6215.52,1,6215.52,1,1047.61
CAMP07533,C0614,Birthday,2026-03-27,18.5,1,0,0,0,0.0,0,0.0,1,5618.49,23,1872.83
CAMP07534,C0314,Win-back,2026-01-02,27.5,1,0,0,0,0.0,0,0.0,1,2288.2,15,1144.1
CAMP07535,C0862,New Product,2026-08-06,23.0,1,0,0,0,0.0,0,0.0,0,0.0,,
CAMP07536,C0761,New Product,2025-11-07,23.0,1,1,0,0,0.0,0,0.0,1,1842.44,18,1842.44
CAMP07537,C0320,Birthday,2023-10-20,18.5,1,0,0,0,0.0,0,0.0,0,0.0,,
CAMP07538,C0751,Festival,2026-06-29,27.25,0,0,0,0,0.0,0,0.0,0,0.0,,
CAMP07539,C0641,Loyalty,2025-12-09,18.0,1,1,1,0,0.0,1,901.3,1,901.3,13,901.3
CAMP07540,C0456,Loyalty,2026-06-01,14.0,1,0,0,0,0.0,0,0.0,1,1679.29,24,1679.29
CAMP07541,C0162,Festival,2025-11-03,29.0,0,0,0,0,0.0,0,0.0,0,0.0,,
CAMP07542,C0229,New Product,2025-09-06,23.0,1,0,0,0,0.0,1,1170.05,1,1170.05,12,1170.05
CAMP07543,C0499,Birthday,2026-04-24,18.5,1,0,0,0,0.0,0,0.0,0,0.0,,
CAMP07544,C0887,Loyalty,2025-11-11,16.0,1,1,1,0,0.0,0,0.0,0,0.0,,
CAMP07545,C0491,Festival,2026-08-12,30.75,1,0,0,1,2266.94,1,2266.94,1,2266.94,5,1133.47
CAMP07546,C0600,Festival,2025-01-19,25.5,1,1,0,0,0.0,0,0.0,1,3129.19,23,1935.49
CAMP07547,C0764,Win-back,2026-08-30,31.0,1,0,0,0,0.0,0,0.0,0,0.0,,
CAMP07548,C0569,Win-back,2025-11-13,32.75,1,0,0,0,0.0,0,0.0,1,2113.98,17,1056.99
CAMP07549,C0829,Discount,2025-09-02,25.0,1,0,0,0,0.0,0,0.0,0,0.0,,
CAMP07550,C0872,Festival,2026-05-16,27.25,1,0,0,0,0.0,0,0.0,0,0.0,,
CAMP07551,C0178,Festival,2025-05-31,27.25,1,1,0,0,0.0,0,0.0,0,0.0,,
CAMP07552,C0081,New Product,2025-03-23,23.0,1,1,0,0,0.0,0,0.0,0,0.0,,
CAMP07553,C0243,Festival,2025-03-28,32.5,1,0,0,0,0.0,0,0.0,1,1994.2,22,1994.2
CAMP07554,C0362,New Product,2025-01-16,23.0,1,0,0,0,0.0,0,0.0,0,0.0,,
CAMP07555,C0530,Festival,2026-08-21,29.0,0,0,0,0,0.0,0,0.0,0,0.0,,
CAMP07556,C0047,New Product,2024-10-11,23.0,1,0,0,0,0.0,0,0.0,0,0.0,,
CAMP07557,C0132,New Product,2026-01-01,23.0,1,1,0,0,0.0,0,0.0,1,944.29,18,400.08
CAMP07558,C0059,New Product,2026-07-29,23.0,1,0,0,0,0.0,0,0.0,0,0.0,,
CAMP07559,C0645,Birthday,2026-07-05,22.0,1,1,1,0,0.0,0,0.0,1,1749.18,17,874.59
CAMP07560,C0807,Discount,2024-08-28,21.5,1,0,0,0,0.0,0,0.0,0,0.0,,
CAMP07561,C0753,Loyalty,2026-08-31,14.0,1,0,0,0,0.0,0,0.0,0,0.0,,
CAMP07562,C0373,Loyalty,2025-02-21,14.0,1,0,0,1,14733.31,1,14733.31,1,16890.47,1,3281.82
CAMP07563,C0536,New Product,2025-06-13,23.0,1,0,0,0,0.0,0,0.0,1,715.16,29,715.16
CAMP07564,C0278,New Product,2026-08-13,23.0,1,0,0,0,0.0,0,0.0,0,0.0,,
CAMP07565,C0327,Loyalty,2025-07-26,18.0,1,0,0,1,2461.96,1,2461.96,1,2461.96,6,1230.98
CAMP07566,C0282,Festival,2025-10-03,25.5,1,1,1,1,1105.95,1,1578.08,1,1578.08,4,1105.95
CAMP07567,C0191,Discount,2025-12-15,19.75,1,0,0,1,4140.27,1,5012.26,1,7499.6,4,1363.2
CAMP07568,C0185,Birthday,2025-11-15,22.0,1,1,0,1,5945.990000000001,1,5945.990000000001,1,5945.990000000001,2,2322.01
CAMP07569,C0562,Festival,2025-09-01,32.5,0,0,0,1,1984.14,1,1984.14,1,1984.14,3,992.07
CAMP07570,C0213,Festival,2025-03-03,29.0,1,0,0,0,0.0,0,0.0,1,901.66,26,450.83
CAMP07571,C0143,New Product,2025-01-19,23.0,1,1,1,0,0.0,0,0.0,0,0.0,,
CAMP07572,C0309,Birthday,2025-06-21,18.5,1,0,0,0,0.0,0,0.0,0,0.0,,
CAMP07573,C0359,Festival,2024-12-22,29.0,1,1,0,1,4927.84,1,4927.84,1,4927.84,1,4094.2
CAMP07574,C0017,Festival,2024-04-23,30.75,1,1,0,0,0.0,0,0.0,0,0.0,,
CAMP07575,C0311,Loyalty,2026-05-15,18.0,1,0,0,0,0.0,0,0.0,1,7445.740000000001,17,916.11
CAMP07576,C0515,New Product,2024-11-29,23.0,1,1,1,0,0.0,0,0.0,0,0.0,,
CAMP07577,C0043,New Product,2026-07-10,23.0,1,1,0,1,1226.53,1,1226.53,1,1226.53,5,1226.53
CAMP07578,C0176,Loyalty,2026-08-25,18.0,1,0,0,0,0.0,0,0.0,0,0.0,,
CAMP07579,C0350,Discount,2025-03-20,21.5,1,0,0,0,0.0,0,0.0,0,0.0,,
CAMP07580,C0610,Win-back,2026-08-27,27.5,0,0,0,0,0.0,0,0.0,0,0.0,,
CAMP07581,C0726,Win-back,2025-04-13,32.75,1,0,0,0,0.0,0,0.0,0,0.0,,
CAMP07582,C0232,Birthday,2025-11-25,22.0,1,1,1,0,0.0,0,0.0,0,0.0,,
CAMP07583,C0908,Discount,2026-03-31,21.5,1,0,0,0,0.0,1,860.78,1,4023.9500000000007,11,860.78
CAMP07584,C0240,Birthday,2025-05-08,22.0,1,0,0,0,0.0,0,0.0,0,0.0,,
CAMP07585,C0941,Discount,2025-10-16,19.75,1,1,0,1,1170.07,1,4171.73,1,4171.73,4,1170.07
CAMP07586,C0282,Festival,2025-01-16,25.5,0,0,0,0,0.0,0,0.0,0,0.0,,
CAMP07587,C0975,Birthday,2026-08-28,22.0,1,0,0,0,0.0,0,0.0,0,0.0,,
CAMP07588,C0801,New Product,2025-03-21,23.0,1,0,0,0,0.0,0,0.0,1,2131.74,27,1065.87
CAMP07589,C0547,New Product,2025-10-08,23.0,1,0,0,1,1653.9,1,1653.9,1,1653.9,2,551.3
CAMP07590,C0341,New Product,2025-12-01,23.0,1,0,0,0,0.0,1,1246.29,1,15556.77,12,1246.29
CAMP07591,C0599,New Product,2026-05-29,23.0,1,0,0,0,0.0,0,0.0,0,0.0,,
CAMP07592,C0360,Birthday,2025-10-12,22.0,1,0,0,1,1890.15,1,2772.6400000000003,1,6525.460000000001,1,1890.15
CAMP07593,C0309,Win-back,2025-04-22,29.25,1,0,0,0,0.0,0,0.0,1,631.49,22,631.49
CAMP07594,C0387,Win-back,2026-08-20,27.5,1,1,0,0,0.0,0,0.0,0,0.0,,
CAMP07595,C0060,New Product,2026-06-06,23.0,1,0,0,0,0.0,0,0.0,0,0.0,,
CAMP07596,C0633,Loyalty,2026-03-30,22.0,1,0,0,0,0.0,0,0.0,1,3254.12,17,1043.52
CAMP07597,C0758,Loyalty,2026-06-06,18.0,1,0,0,0,0.0,0,0.0,0,0.0,,
CAMP07598,C0879,Festival,2026-03-09,30.75,1,0,0,1,995.36,1,2253.5,1,8175.5,5,995.36
CAMP07599,C0588,Birthday,2023-10-29,20.25,1,1,0,0,0.0,0,0.0,0,0.0,,
CAMP07600,C0038,Festival,2025-06-08,27.25,0,0,0,1,508.96,1,508.96,1,508.96,4,508.96
CAMP07601,C0127,Win-back,2026-07-25,31.0,1,1,0,0,0.0,0,0.0,0,0.0,,
CAMP07602,C0548,Win-back,2026-05-30,29.25,1,0,0,0,0.0,0,0.0,0,0.0,,
CAMP07603,C0910,Win-back,2025-08-01,29.25,1,1,0,0,0.0,0,0.0,0,0.0,,
CAMP07604,C0475,Loyalty,2026-05-07,18.0,1,1,0,0,0.0,0,0.0,1,926.32,18,926.32
CAMP07605,C0443,Win-back,2025-09-21,29.25,1,0,0,1,1421.27,1,1421.27,1,3250.59,3,1421.27
CAMP07606,C0919,New Product,2025-11-16,23.0,1,1,0,0,0.0,0,0.0,0,0.0,,
CAMP07607,C0989,Birthday,2026-08-18,20.25,1,0,0,0,0.0,0,0.0,0,0.0,,
CAMP07608,C0665,Win-back,2025-06-16,27.5,1,1,0,0,0.0,0,0.0,0,0.0,,
CAMP07609,C0329,Loyalty,2026-08-12,16.0,1,0,0,0,0.0,0,0.0,0,0.0,,
CAMP07610,C0267,Birthday,2026-08-15,18.5,1,0,0,0,0.0,0,0.0,0,0.0,,
CAMP07611,C0143,Win-back,2025-10-17,29.25,1,1,0,0,0.0,0,0.0,1,1909.89,30,636.63
CAMP07612,C0421,New Product,2026-02-23,23.0,1,0,0,0,0.0,1,1141.7,1,16678.46,9,1141.7
CAMP07613,C0758,Festival,2026-03-24,25.5,1,0,0,0,0.0,0,0.0,0,0.0,,
CAMP07614,C0785,Win-back,2026-03-13,29.25,0,0,0,0,0.0,0,0.0,1,3668.4699999999993,19,476.25
CAMP07615,C0948,New Product,2026-04-08,23.0,1,1,0,0,0.0,0,0.0,0,0.0,,
CAMP07616,C0628,Discount,2026-07-05,19.75,1,0,0,0,0.0,0,0.0,0,0.0,,
CAMP07617,C0968,New Product,2025-01-31,23.0,1,0,0,0,0.0,1,2659.4,1,2659.4,11,1329.7
CAMP07618,C0540,Loyalty,2026-08-23,22.0,1,0,0,0,0.0,0,0.0,0,0.0,,
CAMP07619,C0384,Festival,2026-06-26,25.5,1,0,0,0,0.0,0,0.0,0,0.0,,
CAMP07620,C0819,Birthday,2025-06-18,22.0,1,0,0,1,2835.08,1,5919.280000000001,1,5919.280000000001,7,1417.54
CAMP07621,C0483,New Product,2026-08-29,23.0,1,1,0,0,0.0,0,0.0,0,0.0,,
CAMP07622,C0941,Discount,2024-10-16,21.5,1,1,0,0,0.0,0,0.0,1,1062.68,22,531.34
CAMP07623,C0525,Discount,2026-07-23,19.75,1,0,0,0,0.0,0,0.0,0,0.0,,
CAMP07624,C0853,Loyalty,2026-07-26,22.0,1,1,0,1,981.68,1,981.68,1,3515.55,2,981.68
CAMP07625,C0732,Birthday,2025-01-21,20.25,1,0,0,0,0.0,1,1648.19,1,1648.19,12,1648.19
CAMP07626,C0259,Festival,2026-08-03,30.75,1,1,0,0,0.0,0,0.0,0,0.0,,
CAMP07627,C0765,New Product,2026-07-21,23.0,1,0,0,0,0.0,0,0.0,0,0.0,,
CAMP07628,C0345,New Product,2025-06-13,23.0,1,1,1,1,4276.8,1,4276.8,1,4276.8,4,2784.01
CAMP07629,C0294,Win-back,2026-04-15,31.0,1,0,0,0,0.0,0,0.0,0,0.0,,
CAMP07630,C0374,New Product,2024-02-24,23.0,1,0,0,0,0.0,0,0.0,0,0.0,,
CAMP07631,C0303,Discount,2026-04-06,19.75,1,1,1,0,0.0,0,0.0,1,1337.21,22,1337.21
CAMP07632,C0550,Win-back,2026-07-06,27.5,0,0,0,0,0.0,0,0.0,0,0.0,,
CAMP07633,C0165,Win-back,2025-09-16,32.75,1,1,0,0,0.0,1,2768.3,1,5232.4,8,2768.3
CAMP07634,C0006,Discount,2026-06-02,21.5,1,1,0,0,0.0,0,0.0,1,2117.68,23,2117.68
CAMP07635,C0029,New Product,2024-11-02,23.0,1,0,0,0,0.0,0,0.0,0,0.0,,
CAMP07636,C0447,Discount,2025-08-19,25.0,1,0,0,0,0.0,0,0.0,0,0.0,,
CAMP07637,C0797,New Product,2026-07-17,23.0,1,0,0,0,0.0,0,0.0,0,0.0,,
CAMP07638,C0304,Festival,2024-03-20,25.5,1,0,0,0,0.0,0,0.0,0,0.0,,
CAMP07639,C0283,New Product,2026-06-28,23.0,1,0,0,0,0.0,0,0.0,1,1199.92,23,599.96
CAMP07640,C0894,Loyalty,2026-02-19,18.0,1,0,0,1,1072.36,1,3751.8,1,4182.09,4,1072.36
CAMP07641,C0205,Win-back,2025-07-12,27.5,1,0,0,0,0.0,0,0.0,1,516.01,24,516.01
CAMP07642,C0613,Birthday,2026-03-15,22.0,1,0,0,0,0.0,0,0.0,0,0.0,,
CAMP07643,C0506,Loyalty,2026-06-30,16.0,1,0,0,0,0.0,0,0.0,1,2583.1,26,1291.55
CAMP07644,C0274,Festival,2024-06-22,30.75,1,1,0,1,1909.17,1,1909.17,1,2828.95,2,636.39
CAMP07645,C0142,Loyalty,2026-03-21,14.0,1,1,1,0,0.0,0,0.0,0,0.0,,
CAMP07646,C0812,Birthday,2025-03-15,20.25,1,0,0,0,0.0,1,1071.06,1,1071.06,13,357.02
CAMP07647,C0239,Discount,2026-08-28,23.25,1,0,0,0,0.0,0,0.0,0,0.0,,
CAMP07648,C0858,Discount,2026-07-27,25.0,1,0,0,0,0.0,0,0.0,0,0.0,,
CAMP07649,C0781,Discount,2026-05-19,19.75,0,0,0,0,0.0,1,1376.57,1,4360.15,13,1376.57
CAMP07650,C0855,Birthday,2024-08-11,22.0,1,0,0,0,0.0,0,0.0,0,0.0,,
CAMP07651,C0968,Discount,2025-01-04,21.5,1,0,0,0,0.0,0,0.0,0,0.0,,
CAMP07652,C0762,Birthday,2026-07-27,18.5,1,0,0,0,0.0,0,0.0,0,0.0,,
CAMP07653,C0373,Win-back,2026-01-07,31.0,0,0,0,0,0.0,0,0.0,0,0.0,,
CAMP07654,C0877,Win-back,2026-04-25,29.25,1,0,0,0,0.0,0,0.0,0,0.0,,
CAMP07655,C0870,Loyalty,2024-10-03,16.0,0,0,0,0,0.0,0,0.0,0,0.0,,
CAMP07656,C0189,Festival,2025-12-17,29.0,1,0,0,0,0.0,0,0.0,1,1179.39,20,393.13
CAMP07657,C0193,Loyalty,2026-05-30,16.0,1,1,0,0,0.0,0,0.0,1,749.83,29,749.83
CAMP07658,C0593,Discount,2026-07-20,23.25,1,0,0,1,15996.79,1,15996.79,1,17920.54,1,5160.46
CAMP07659,C0782,Discount,2024-04-11,19.75,1,0,0,0,0.0,0,0.0,0,0.0,,
CAMP07660,C0586,New Product,2026-01-11,23.0,1,1,0,0,0.0,0,0.0,1,4141.34,23,482.61
CAMP07661,C0096,Loyalty,2026-06-03,18.0,1,0,0,0,0.0,0,0.0,1,1197.74,18,1197.74
CAMP07662,C0066,Discount,2025-03-10,19.75,1,1,1,0,0.0,0,0.0,0,0.0,,
CAMP07663,C0782,Win-back,2024-01-01,27.5,1,1,0,0,0.0,0,0.0,0,0.0,,
CAMP07664,C0264,Festival,2026-03-23,25.5,1,1,0,0,0.0,0,0.0,0,0.0,,
CAMP07665,C0562,Loyalty,2026-03-17,14.0,1,0,0,1,1445.86,1,1445.86,1,1445.86,3,722.93
CAMP07666,C0120,Loyalty,2026-06-10,18.0,1,1,1,1,1958.4,1,1958.4,1,2825.49,5,979.2
CAMP07667,C0697,Loyalty,2025-08-23,18.0,1,1,1,0,0.0,0,0.0,0,0.0,,
CAMP07668,C0222,Loyalty,2025-07-20,16.0,1,0,0,1,3220.74,1,3220.74,1,9236.86,4,1073.58
CAMP07669,C0862,Birthday,2026-07-30,20.25,1,0,0,0,0.0,0,0.0,0,0.0,,
CAMP07670,C0787,New Product,2024-01-22,23.0,1,0,0,0,0.0,0,0.0,1,1282.5,17,641.25
CAMP07671,C0334,Discount,2025-08-20,23.25,1,0,0,1,10270.64,1,11531.6,1,14660.12,2,1245.77
CAMP07672,C0540,Birthday,2026-07-20,22.0,1,0,0,0,0.0,1,1082.62,1,1082.62,10,541.31
CAMP07673,C0282,New Product,2026-06-28,23.0,1,0,0,0,0.0,0,0.0,1,1278.36,15,1278.36
CAMP07674,C0531,Win-back,2025-11-16,29.25,1,1,0,0,0.0,0,0.0,1,1117.85,30,1117.85
CAMP07675,C0714,Discount,2025-07-08,21.5,1,0,0,1,1017.64,1,1017.64,1,6951.220000000001,3,1017.64
CAMP07676,C0174,Loyalty,2025-01-22,18.0,1,1,0,1,4795.620000000001,1,4795.620000000001,1,4795.620000000001,1,1438.2
CAMP07677,C0922,Festival,2026-03-27,29.0,1,1,0,0,0.0,0,0.0,1,2750.08,22,1375.04
CAMP07678,C0203,Birthday,2026-07-30,18.5,1,1,0,0,0.0,0,0.0,0,0.0,,
CAMP07679,C0809,New Product,2024-06-27,23.0,1,1,0,1,2731.64,1,2731.64,1,2731.64,3,2731.64
CAMP07680,C0012,New Product,2026-06-15,23.0,1,0,0,0,0.0,0,0.0,0,0.0,,
CAMP07681,C0645,Birthday,2026-07-30,18.5,1,0,0,1,2793.22,1,2793.22,1,2793.22,6,1396.61
CAMP07682,C0907,Win-back,2026-05-21,31.0,1,0,0,0,0.0,0,0.0,0,0.0,,
CAMP07683,C0310,Loyalty,2025-06-26,22.0,1,0,0,0,0.0,0,0.0,1,2389.18,26,1194.59
CAMP07684,C0359,Festival,2025-05-04,27.25,1,0,0,1,577.14,1,2429.22,1,4472.889999999999,6,577.14
CAMP07685,C0222,Festival,2024-11-11,32.5,1,1,0,0,0.0,0,0.0,0,0.0,,
CAMP07686,C0674,Festival,2026-07-13,27.25,0,0,0,1,13359.78,1,13359.78,1,15393.0,4,4453.26
CAMP07687,C0791,Festival,2026-08-11,29.0,1,0,0,0,0.0,0,0.0,0,0.0,,
CAMP07688,C0113,Birthday,2026-08-19,20.25,1,0,0,0,0.0,0,0.0,0,0.0,,
CAMP07689,C0928,New Product,2026-08-07,23.0,0,0,0,0,0.0,0,0.0,0,0.0,,
CAMP07690,C0936,Festival,2025-11-17,30.75,1,0,0,1,1119.6,1,1119.6,1,2329.96,1,559.8
CAMP07691,C0959,Loyalty,2026-06-08,16.0,1,0,0,0,0.0,0,0.0,1,3461.3900000000003,24,1777.0
CAMP07692,C0166,Birthday,2026-07-26,18.5,1,0,0,0,0.0,0,0.0,0,0.0,,
CAMP07693,C0961,Discount,2026-08-15,23.25,0,0,0,0,0.0,0,0.0,0,0.0,,
CAMP07694,C0065,Loyalty,2025-12-13,18.0,1,0,0,0,0.0,1,1809.3,1,2493.27,10,1809.3
CAMP07695,C0156,Birthday,2024-10-03,20.25,1,1,0,0,0.0,0,0.0,0,0.0,,
CAMP07696,C0214,New Product,2026-04-14,23.0,1,0,0,0,0.0,0,0.0,0,0.0,,
CAMP07697,C0424,Festival,2025-07-14,29.0,1,0,0,0,0.0,0,0.0,0,0.0,,
CAMP07698,C0917,Loyalty,2026-06-01,18.0,1,0,0,0,0.0,0,0.0,0,0.0,,
CAMP07699,C0899,New Product,2026-05-08,23.0,1,0,0,0,0.0,1,1096.94,1,1096.94,13,548.47
CAMP07700,C0444,Win-back,2026-01-04,27.5,1,1,0,0,0.0,0,0.0,0,0.0,,
CAMP07701,C0623,Win-back,2025-01-08,27.5,1,0,0,0,0.0,1,1039.75,1,1732.15,14,1039.75
CAMP07702,C0778,Birthday,2025-12-10,20.25,1,1,0,0,0.0,0,0.0,0,0.0,,
CAMP07703,C0764,Birthday,2025-12-20,22.0,1,1,0,0,0.0,0,0.0,0,0.0,,
CAMP07704,C0802,Win-back,2025-08-21,31.0,1,0,0,0,0.0,1,6006.48,1,6006.48,9,721.85
CAMP07705,C0562,Win-back,2024-11-04,32.75,1,0,0,0,0.0,0,0.0,0,0.0,,
CAMP07706,C0661,New Product,2025-06-10,23.0,1,1,0,0,0.0,1,2417.6400000000003,1,11696.050000000005,14,850.53
CAMP07707,C0083,Birthday,2026-01-17,22.0,1,0,0,0,0.0,0,0.0,0,0.0,,
CAMP07708,C0647,Win-back,2026-08-22,31.0,1,0,0,0,0.0,0,0.0,0,0.0,,
CAMP07709,C0889,Discount,2026-05-28,19.75,1,1,0,0,0.0,0,0.0,1,3661.56,25,1220.52
CAMP07710,C0394,Loyalty,2026-05-06,16.0,1,1,1,0,0.0,0,0.0,0,0.0,,
CAMP07711,C0758,Loyalty,2026-06-30,18.0,1,0,0,0,0.0,0,0.0,0,0.0,,
CAMP07712,C0082,Birthday,2025-12-17,18.5,1,0,0,0,0.0,0,0.0,1,1693.92,17,1693.92
CAMP07713,C0205,New Product,2025-06-01,23.0,1,0,0,0,0.0,0,0.0,0,0.0,,
CAMP07714,C0647,Birthday,2026-07-11,22.0,1,1,0,0,0.0,0,0.0,0,0.0,,
CAMP07715,C0156,Discount,2025-03-20,23.25,1,1,0,0,0.0,1,3881.88,1,3881.88,14,1940.94
CAMP07716,C0324,Discount,2025-04-06,23.25,1,0,0,0,0.0,0,0.0,0,0.0,,
CAMP07717,C0447,Win-back,2026-08-10,29.25,1,0,0,0,0.0,0,0.0,0,0.0,,
CAMP07718,C0041,Festival,2026-06-03,32.5,1,1,0,0,0.0,0,0.0,1,544.06,24,544.06
CAMP07719,C0880,Discount,2025-09-09,23.25,1,0,0,0,0.0,0,0.0,0,0.0,,
CAMP07720,C0220,Discount,2026-04-19,21.5,1,0,0,1,779.08,1,779.08,1,779.08,1,779.08
CAMP07721,C0967,Loyalty,2025-12-24,22.0,1,1,0,0,0.0,0,0.0,0,0.0,,
CAMP07722,C0149,Birthday,2025-09-02,20.25,1,0,0,0,0.0,0,0.0,1,2000.54,24,1000.27
CAMP07723,C0668,Loyalty,2026-05-21,14.0,1,1,0,1,1197.52,1,1197.52,1,1197.52,1,656.64
CAMP07724,C0534,Festival,2026-02-12,25.5,1,1,0,0,0.0,0,0.0,0,0.0,,
CAMP07725,C0711,Win-back,2026-08-10,31.0,1,0,0,0,0.0,0,0.0,0,0.0,,
CAMP07726,C0721,New Product,2025-02-01,23.0,1,0,0,0,0.0,0,0.0,0,0.0,,
CAMP07727,C0933,Birthday,2026-07-04,22.0,1,0,0,0,0.0,0,0.0,0,0.0,,
CAMP07728,C0462,Discount,2026-05-01,25.0,1,1,0,0,0.0,1,2405.8,1,4224.21,14,1202.9
CAMP07729,C0534,New Product,2025-07-23,23.0,1,1,0,0,0.0,0,0.0,1,652.74,30,652.74
CAMP07730,C0146,Win-back,2026-07-14,31.0,1,1,0,0,0.0,0,0.0,0,0.0,,
CAMP07731,C0575,Discount,2024-02-26,25.0,1,1,0,1,2601.5,1,2601.5,1,2601.5,4,1300.75
CAMP07732,C0371,Festival,2024-10-30,25.5,1,0,0,0,0.0,0,0.0,1,4666.06,19,2333.03
CAMP07733,C0157,Discount,2026-01-30,21.5,1,0,0,0,0.0,0,0.0,0,0.0,,
CAMP07734,C0468,Birthday,2026-08-12,18.5,1,0,0,0,0.0,0,0.0,0,0.0,,
CAMP07735,C0732,Birthday,2024-06-14,20.25,1,1,0,0,0.0,0,0.0,0,0.0,,
CAMP07736,C0144,Birthday,2026-05-04,22.0,0,0,0,1,4742.75,1,5853.48,1,8249.59,1,973.27
CAMP07737,C0955,Birthday,2026-07-31,22.0,1,0,0,0,0.0,0,0.0,0,0.0,,
CAMP07738,C0755,Birthday,2026-02-27,22.0,1,1,1,0,0.0,1,5147.64,1,5147.64,8,1715.88
CAMP07739,C0026,Loyalty,2025-10-29,14.0,1,1,0,0,0.0,0,0.0,0,0.0,,
CAMP07740,C0811,Discount,2026-05-26,23.25,1,1,0,0,0.0,0,0.0,0,0.0,,
CAMP07741,C0880,Discount,2025-06-29,25.0,1,0,0,0,0.0,0,0.0,0,0.0,,
CAMP07742,C0581,New Product,2025-10-05,23.0,1,1,0,0,0.0,1,2022.67,1,4515.200000000001,9,2022.67
CAMP07743,C0310,Festival,2026-02-18,32.5,1,0,0,0,0.0,0,0.0,0,0.0,,
CAMP07744,C0563,New Product,2026-08-27,23.0,1,1,1,0,0.0,0,0.0,0,0.0,,
CAMP07745,C0415,Win-back,2024-08-09,31.0,1,0,0,0,0.0,0,0.0,1,4468.049999999999,27,1489.35
CAMP07746,C0412,Birthday,2026-04-24,20.25,1,0,0,0,0.0,1,1931.19,1,5220.22,8,1931.19
CAMP07747,C0368,Loyalty,2026-08-20,16.0,1,1,0,0,0.0,0,0.0,0,0.0,,
CAMP07748,C0407,Win-back,2026-07-26,32.75,0,0,0,0,0.0,1,1167.65,1,1167.65,10,1167.65
CAMP07749,C0111,Loyalty,2026-05-28,18.0,1,1,0,0,0.0,0,0.0,0,0.0,,
CAMP07750,C0606,Discount,2025-05-24,19.75,1,0,0,0,0.0,1,979.98,1,3307.0,9,489.99
CAMP07751,C0856,Loyalty,2026-07-06,22.0,1,1,0,0,0.0,0,0.0,0,0.0,,
CAMP07752,C0590,Discount,2025-04-25,21.5,0,0,0,0,0.0,0,0.0,1,8242.300000000001,15,1972.64
CAMP07753,C0748,Win-back,2025-04-12,29.25,1,0,0,0,0.0,0,0.0,1,698.42,19,698.42
CAMP07754,C0747,Festival,2026-08-27,30.75,1,0,0,0,0.0,0,0.0,0,0.0,,
CAMP07755,C0027,Loyalty,2026-01-12,14.0,1,1,0,0,0.0,0,0.0,0,0.0,,
CAMP07756,C0911,Win-back,2026-04-28,29.25,1,0,0,0,0.0,0,0.0,0,0.0,,
CAMP07757,C0655,Win-back,2025-11-27,31.0,1,0,0,0,0.0,1,1043.31,1,8943.73,11,1043.31
CAMP07758,C0263,Win-back,2026-07-06,31.0,1,0,0,0,0.0,1,2182.05,1,2182.05,10,2182.05
CAMP07759,C0909,Discount,2026-08-14,21.5,1,0,0,1,3266.88,1,3266.88,1,3266.88,1,1633.44
CAMP07760,C0159,Birthday,2026-07-04,22.0,0,0,0,1,993.94,1,993.94,1,993.94,7,496.97
CAMP07761,C0796,New Product,2025-02-08,23.0,1,0,0,1,839.83,1,1459.7800000000002,1,2335.92,7,839.83
CAMP07762,C0883,Loyalty,2025-09-20,16.0,1,0,0,0,0.0,0,0.0,0,0.0,,
CAMP07763,C0050,Loyalty,2026-08-14,16.0,1,1,0,0,0.0,0,0.0,0,0.0,,
CAMP07764,C0326,Loyalty,2026-08-15,22.0,1,0,0,0,0.0,0,0.0,0,0.0,,
CAMP07765,C0967,New Product,2026-07-02,23.0,1,1,0,0,0.0,0,0.0,0,0.0,,
CAMP07766,C0447,Loyalty,2024-12-31,16.0,1,1,0,0,0.0,0,0.0,0,0.0,,
CAMP07767,C0335,Discount,2026-05-31,25.0,1,0,0,0,0.0,0,0.0,0,0.0,,
CAMP07768,C0108,Birthday,2024-12-31,22.0,1,0,0,0,0.0,1,1580.26,1,1580.26,11,790.13
CAMP07769,C0533,Win-back,2026-03-25,29.25,1,0,0,0,0.0,0,0.0,0,0.0,,
CAMP07770,C0905,Win-back,2025-08-29,27.5,1,1,0,0,0.0,1,888.76,1,888.76,8,888.76
CAMP07771,C0472,Discount,2026-04-03,21.5,1,0,0,0,0.0,0,0.0,0,0.0,,
CAMP07772,C0707,Festival,2026-03-04,32.5,1,0,0,0,0.0,0,0.0,0,0.0,,
CAMP07773,C0171,New Product,2026-07-19,23.0,1,1,0,0,0.0,1,4753.22,1,12977.56,9,2917.28
CAMP07774,C0144,Loyalty,2025-09-10,16.0,1,0,0,1,3670.0,1,3670.0,1,3670.0,2,1835.0
CAMP07775,C0442,Birthday,2025-12-16,18.5,1,1,0,0,0.0,0,0.0,0,0.0,,
CAMP07776,C0461,Win-back,2025-07-11,29.25,1,0,0,0,0.0,1,3665.0,1,3665.0,11,1832.5
CAMP07777,C0345,Win-back,2025-02-06,32.75,1,1,0,1,1848.8,1,1848.8,1,1848.8,1,1848.8
CAMP07778,C0006,Birthday,2025-03-23,18.5,1,0,0,1,3315.22,1,3315.22,1,11346.49,4,1657.61
CAMP07779,C0175,Win-back,2026-06-03,32.75,1,1,0,0,0.0,1,841.91,1,841.91,9,841.91
CAMP07780,C0749,Birthday,2025-11-05,22.0,0,0,0,0,0.0,0,0.0,0,0.0,,
CAMP07781,C0502,Discount,2026-07-29,25.0,1,0,0,0,0.0,0,0.0,0,0.0,,
CAMP07782,C0068,Discount,2025-05-08,23.25,1,0,0,0,0.0,1,1496.9,1,7307.54,11,1496.9
CAMP07783,C0041,Discount,2025-11-02,25.0,1,0,0,0,0.0,0,0.0,1,2174.42,22,1087.21
CAMP07784,C0976,New Product,2026-06-26,23.0,1,0,0,0,0.0,0,0.0,0,0.0,,
CAMP07785,C0647,Birthday,2026-06-06,22.0,1,0,0,0,0.0,0,0.0,0,0.0,,
CAMP07786,C0288,Birthday,2024-04-17,20.25,1,0,0,0,0.0,0,0.0,0,0.0,,
CAMP07787,C0251,New Product,2026-05-20,23.0,1,1,0,0,0.0,1,1396.72,1,1396.72,8,1396.72
CAMP07788,C0553,Win-back,2026-08-21,32.75,1,1,0,0,0.0,0,0.0,0,0.0,,
CAMP07789,C0404,Birthday,2026-06-13,22.0,1,0,0,0,0.0,0,0.0,1,2902.48,27,1451.24
CAMP07790,C0236,New Product,2025-09-18,23.0,1,1,0,1,2532.25,1,2532.25,1,5842.01,3,1699.47
CAMP07791,C0799,Loyalty,2026-08-16,14.0,1,0,0,0,0.0,0,0.0,0,0.0,,
CAMP07792,C0375,New Product,2024-10-12,23.0,1,0,0,1,2017.53,1,2017.53,1,2017.53,5,937.03
CAMP07793,C0585,Discount,2025-12-14,23.25,1,0,0,0,0.0,0,0.0,0,0.0,,
CAMP07794,C0097,Festival,2026-02-27,29.0,1,0,0,0,0.0,0,0.0,1,3377.57,16,821.27
CAMP07795,C0112,Festival,2026-07-29,32.5,1,0,0,0,0.0,0,0.0,0,0.0,,
CAMP07796,C0405,Win-back,2025-11-27,31.0,1,0,0,0,0.0,0,0.0,0,0.0,,
CAMP07797,C0533,Win-back,2025-01-22,31.0,1,0,0,0,0.0,0,0.0,0,0.0,,
CAMP07798,C0101,Loyalty,2026-06-24,18.0,1,0,0,1,3817.65,1,3817.65,1,6233.01,2,1272.55
CAMP07799,C0873,Discount,2024-12-30,19.75,1,1,1,0,0.0,1,4006.1,1,4006.1,14,2003.05
CAMP07800,C0919,New Product,2026-04-05,23.0,1,0,0,0,0.0,0,0.0,0,0.0,,
CAMP07801,C0548,Discount,2026-06-21,21.5,1,0,0,0,0.0,0,0.0,0,0.0,,
CAMP07802,C0129,Festival,2025-08-15,29.0,1,1,0,0,0.0,1,7584.42,1,13786.43,11,1540.6
CAMP07803,C0088,Discount,2026-06-01,19.75,1,0,0,0,0.0,0,0.0,0,0.0,,
CAMP07804,C0415,New Product,2024-05-15,23.0,0,0,0,0,0.0,0,0.0,0,0.0,,
CAMP07805,C0033,Loyalty,2026-01-03,14.0,1,0,0,0,0.0,0,0.0,0,0.0,,
CAMP07806,C0032,Loyalty,2026-06-29,22.0,1,1,0,0,0.0,1,773.34,1,773.34,13,773.34
CAMP07807,C0192,Loyalty,2025-11-30,18.0,1,1,0,0,0.0,1,703.9,1,703.9,12,703.9
CAMP07808,C0033,Win-back,2026-03-30,27.5,1,0,0,1,2629.52,1,2629.52,1,2629.52,2,1314.76
CAMP07809,C0314,Festival,2026-08-02,29.0,0,0,0,0,0.0,0,0.0,0,0.0,,
CAMP07810,C0408,Birthday,2025-07-12,22.0,1,0,0,1,1712.98,1,1712.98,1,2552.3,5,1712.98
CAMP07811,C0560,Discount,2026-07-13,19.75,0,0,0,0,0.0,0,0.0,1,3611.94,18,1805.97
CAMP07812,C0865,Birthday,2026-05-27,20.25,1,1,1,0,0.0,0,0.0,0,0.0,,
CAMP07813,C0729,New Product,2025-10-08,23.0,1,0,0,1,5334.27,1,5334.27,1,8929.96,6,1778.09
CAMP07814,C0608,Birthday,2026-05-12,18.5,1,0,0,0,0.0,0,0.0,0,0.0,,
CAMP07815,C0140,Festival,2025-04-29,32.5,1,0,0,0,0.0,0,0.0,0,0.0,,
CAMP07816,C0138,Discount,2024-07-22,23.25,1,0,0,0,0.0,0,0.0,0,0.0,,
CAMP07817,C0811,Win-back,2026-08-24,32.75,1,0,0,0,0.0,0,0.0,0,0.0,,
CAMP07818,C0671,Loyalty,2025-08-06,22.0,1,0,0,0,0.0,0,0.0,0,0.0,,
CAMP07819,C0879,Birthday,2024-07-05,18.5,1,0,0,0,0.0,0,0.0,1,785.71,25,785.71
CAMP07820,C0102,Birthday,2026-01-13,22.0,0,0,0,0,0.0,0,0.0,0,0.0,,
CAMP07821,C0089,Loyalty,2026-07-13,14.0,1,1,0,1,711.08,1,711.08,1,711.08,4,711.08
CAMP07822,C0215,Birthday,2026-06-23,18.5,1,0,0,1,1177.75,1,2353.53,1,2353.53,1,1177.75
CAMP07823,C0567,Discount,2023-10-11,23.25,0,0,0,0,0.0,0,0.0,0,0.0,,
CAMP07824,C0874,Birthday,2026-03-15,22.0,1,0,0,1,4593.05,1,4593.05,1,11703.25,3,1091.67
CAMP07825,C0356,New Product,2025-03-28,23.0,1,0,0,0,0.0,1,342.07,1,342.07,9,342.07
CAMP07826,C0700,New Product,2025-10-01,23.0,1,1,0,0,0.0,0,0.0,1,1050.7,21,525.35
CAMP07827,C0251,New Product,2026-08-27,23.0,0,0,0,0,0.0,0,0.0,0,0.0,,
CAMP07828,C0164,Win-back,2026-07-08,27.5,0,0,0,0,0.0,1,877.44,1,877.44,14,877.44
CAMP07829,C0819,Festival,2025-01-02,29.0,1,0,0,0,0.0,1,2375.04,1,2375.04,8,2375.04
CAMP07830,C0569,New Product,2026-06-11,23.0,1,0,0,0,0.0,0,0.0,1,1323.0,29,661.5
CAMP07831,C0694,Win-back,2026-03-02,31.0,1,0,0,0,0.0,0,0.0,0,0.0,,
CAMP07832,C0447,Loyalty,2025-09-06,14.0,1,0,0,0,0.0,0,0.0,0,0.0,,
CAMP07833,C0393,Festival,2026-08-31,27.25,1,0,0,0,0.0,0,0.0,0,0.0,,
CAMP07834,C0657,New Product,2024-07-04,23.0,1,0,0,1,3985.24,1,3985.24,1,3985.24,7,1992.62
CAMP07835,C0766,Birthday,2024-07-15,22.0,1,0,0,0,0.0,0,0.0,0,0.0,,
CAMP07836,C0008,Loyalty,2026-07-08,18.0,1,0,0,0,0.0,0,0.0,0,0.0,,
CAMP07837,C0182,Festival,2026-04-17,30.75,1,0,0,0,0.0,0,0.0,1,5151.889999999999,22,1258.9
CAMP07838,C0987,Discount,2025-09-28,25.0,0,0,0,0,0.0,0,0.0,0,0.0,,
CAMP07839,C0104,Loyalty,2026-07-18,16.0,1,1,0,1,1224.3,1,1224.3,1,1224.3,1,1224.3
CAMP07840,C0082,Win-back,2024-08-27,29.25,1,0,0,0,0.0,0,0.0,1,3102.1,27,1551.05
CAMP07841,C0300,New Product,2026-07-05,23.0,1,0,0,0,0.0,0,0.0,0,0.0,,
CAMP07842,C0290,Win-back,2025-04-11,31.0,1,0,0,0,0.0,1,1441.48,1,5293.36,8,1441.48
CAMP07843,C0750,New Product,2026-05-11,23.0,1,1,0,0,0.0,0,0.0,1,2899.16,15,1449.58
CAMP07844,C0150,Loyalty,2025-02-25,18.0,1,0,0,1,976.58,1,976.58,1,976.58,2,976.58
CAMP07845,C0947,New Product,2024-06-01,23.0,0,0,0,0,0.0,0,0.0,0,0.0,,
CAMP07846,C0351,Festival,2026-04-18,30.75,1,1,0,1,4705.82,1,4705.82,1,9619.07,5,2352.91
CAMP07847,C0594,Loyalty,2025-12-06,18.0,1,1,0,0,0.0,0,0.0,0,0.0,,
CAMP07848,C0936,Loyalty,2026-02-27,14.0,1,0,0,0,0.0,0,0.0,0,0.0,,
CAMP07849,C0922,Festival,2026-07-20,32.5,1,1,0,1,841.32,1,841.32,1,841.32,5,841.32
CAMP07850,C0963,Loyalty,2026-05-11,22.0,1,0,0,0,0.0,0,0.0,0,0.0,,
CAMP07851,C0791,Win-back,2025-06-13,29.25,1,0,0,0,0.0,0,0.0,0,0.0,,
CAMP07852,C0212,Birthday,2024-07-13,18.5,1,0,0,0,0.0,0,0.0,0,0.0,,
CAMP07853,C0620,Win-back,2025-11-19,31.0,1,0,0,0,0.0,1,2273.75,1,8287.28,13,2273.75
CAMP07854,C0989,New Product,2026-08-16,23.0,0,0,0,0,0.0,0,0.0,0,0.0,,
CAMP07855,C0236,Win-back,2026-01-19,31.0,1,0,0,0,0.0,0,0.0,1,3422.6800000000003,18,1534.29
CAMP07856,C0491,Win-back,2026-08-13,29.25,1,1,1,1,2266.94,1,2266.94,1,2266.94,4,1133.47
CAMP07857,C0962,New Product,2026-03-30,23.0,1,0,0,0,0.0,0,0.0,0,0.0,,
CAMP07858,C0067,Loyalty,2026-03-18,14.0,1,0,0,0,0.0,0,0.0,1,899.68,15,899.68
CAMP07859,C0929,Birthday,2026-06-21,22.0,1,0,0,1,1318.55,1,1318.55,1,12713.29,6,1318.55
CAMP07860,C0301,Win-back,2026-03-26,27.5,1,1,1,0,0.0,0,0.0,1,863.41,25,863.41
CAMP07861,C0232,Discount,2025-12-18,21.5,1,0,0,0,0.0,0,0.0,0,0.0,,
CAMP07862,C0239,Loyalty,2025-11-09,16.0,1,0,0,1,1097.42,1,1097.42,1,3539.5,6,1097.42
CAMP07863,C0820,Festival,2025-10-23,25.5,1,1,0,0,0.0,0,0.0,0,0.0,,
CAMP07864,C0233,Festival,2025-11-30,29.0,1,0,0,0,0.0,0,0.0,1,3338.52,15,1669.26
CAMP07865,C0709,New Product,2026-08-26,23.0,0,0,0,0,0.0,0,0.0,0,0.0,,
CAMP07866,C0137,Festival,2026-06-12,29.0,1,1,0,1,2364.69,1,4336.9400000000005,1,4336.9400000000005,1,2364.69
CAMP07867,C0914,Loyalty,2025-08-19,22.0,1,0,0,1,1653.72,1,3996.45,1,3996.45,2,413.43
CAMP07868,C0293,Discount,2025-02-24,19.75,1,0,0,0,0.0,0,0.0,0,0.0,,
CAMP07869,C0774,Win-back,2026-08-08,27.5,1,0,0,0,0.0,0,0.0,0,0.0,,
CAMP07870,C0628,Discount,2026-08-25,19.75,1,0,0,0,0.0,0,0.0,0,0.0,,
CAMP07871,C0247,Birthday,2024-12-22,20.25,1,0,0,0,0.0,0,0.0,0,0.0,,
CAMP07872,C0649,New Product,2025-05-14,23.0,1,0,0,0,0.0,0,0.0,0,0.0,,
CAMP07873,C0451,Festival,2026-08-04,29.0,1,1,0,0,0.0,0,0.0,0,0.0,,
CAMP07874,C0530,Discount,2025-08-28,19.75,1,0,0,0,0.0,0,0.0,0,0.0,,
CAMP07875,C0439,New Product,2026-07-16,23.0,1,0,0,0,0.0,1,715.91,1,715.91,11,715.91
CAMP07876,C0283,New Product,2025-02-11,23.0,0,0,0,0,0.0,0,0.0,0,0.0,,
CAMP07877,C0389,Birthday,2026-08-27,18.5,1,0,0,0,0.0,0,0.0,0,0.0,,
CAMP07878,C0124,New Product,2026-08-23,23.0,0,0,0,0,0.0,0,0.0,0,0.0,,
CAMP07879,C0803,New Product,2026-01-07,23.0,0,0,0,0,0.0,0,0.0,1,1323.22,17,1323.22
CAMP07880,C0310,Win-back,2025-09-16,27.5,1,0,0,0,0.0,0,0.0,0,0.0,,
CAMP07881,C0399,Birthday,2026-05-31,20.25,1,1,1,0,0.0,1,1491.72,1,1491.72,12,745.86
CAMP07882,C0475,New Product,2026-08-11,23.0,0,0,0,0,0.0,0,0.0,0,0.0,,
CAMP07883,C0893,Festival,2025-10-29,25.5,1,0,0,0,0.0,0,0.0,0,0.0,,
CAMP07884,C0629,Discount,2024-11-15,25.0,1,0,0,0,0.0,1,4696.58,1,4696.58,9,2348.29
CAMP07885,C0281,Discount,2025-05-12,19.75,1,0,0,0,0.0,0,0.0,1,2231.49,17,864.38
CAMP07886,C0184,Discount,2025-01-27,21.5,1,0,0,1,781.44,1,2843.2000000000003,1,3546.76,7,781.44
CAMP07887,C0967,Loyalty,2026-01-16,22.0,1,0,0,0,0.0,0,0.0,0,0.0,,
CAMP07888,C0971,Birthday,2026-05-22,20.25,1,0,0,1,8611.5,1,9837.19,1,9837.19,2,2870.5
CAMP07889,C0087,Loyalty,2026-03-23,14.0,1,0,0,0,0.0,0,0.0,1,3434.01,30,1144.67
CAMP07890,C0940,Win-back,2026-03-31,29.25,1,0,0,1,842.95,1,842.95,1,1514.16,4,842.95
CAMP07891,C0549,Win-back,2025-03-01,31.0,1,0,0,0,0.0,0,0.0,0,0.0,,
CAMP07892,C0032,Birthday,2026-01-07,20.25,1,0,0,0,0.0,1,680.46,1,2326.06,12,680.46
CAMP07893,C0465,Discount,2026-05-19,25.0,1,0,0,0,0.0,1,3724.53,1,5766.589999999999,13,1241.51
CAMP07894,C0343,Birthday,2026-03-12,18.5,1,1,1,0,0.0,0,0.0,1,2403.73,17,2403.73
CAMP07895,C0782,Festival,2026-01-26,29.0,1,0,0,1,1624.7,1,1624.7,1,4251.7,4,812.35
CAMP07896,C0124,Loyalty,2026-08-29,18.0,1,1,0,0,0.0,0,0.0,0,0.0,,
CAMP07897,C0145,Birthday,2026-04-20,20.25,1,0,0,0,0.0,0,0.0,1,5860.72,21,2930.36
CAMP07898,C0876,Loyalty,2026-06-26,14.0,1,0,0,1,1222.89,1,1222.89,1,1222.89,7,1222.89
CAMP07899,C0175,Loyalty,2026-01-08,14.0,1,0,0,0,0.0,0,0.0,1,2126.4,21,1063.2
CAMP07900,C0479,Festival,2025-09-04,27.25,1,0,0,0,0.0,1,5757.57,1,9170.79,10,1919.19
CAMP07901,C0448,Discount,2025-07-11,21.5,1,1,0,0,0.0,0,0.0,0,0.0,,
CAMP07902,C0972,Birthday,2026-01-27,22.0,1,1,0,0,0.0,0,0.0,1,2223.4,29,2223.4
CAMP07903,C0322,Win-back,2025-01-13,29.25,0,0,0,1,1559.34,1,4961.02,1,4961.02,3,1559.34
CAMP07904,C0537,Festival,2026-03-16,32.5,1,0,0,1,679.74,1,679.74,1,4127.34,1,679.74
CAMP07905,C0541,Birthday,2026-07-16,18.5,1,0,0,0,0.0,0,0.0,0,0.0,,
CAMP07906,C0780,Discount,2026-01-22,23.25,1,0,0,0,0.0,0,0.0,1,732.06,17,732.06
CAMP07907,C0207,Festival,2026-05-24,29.0,1,0,0,1,7379.059999999999,1,7379.059999999999,1,7379.059999999999,1,3753.21
CAMP07908,C0643,Win-back,2026-02-20,29.25,1,0,0,0,0.0,1,3545.16,1,5003.62,14,1772.58
CAMP07909,C0687,Festival,2024-11-18,25.5,1,0,0,0,0.0,0,0.0,1,3586.96,21,1793.48
CAMP07910,C0182,New Product,2026-06-05,23.0,1,1,0,0,0.0,0,0.0,1,2120.92,18,1147.63
CAMP07911,C0396,Win-back,2026-01-30,27.5,1,0,0,0,0.0,0,0.0,1,6302.24,16,1177.04
CAMP07912,C0273,Birthday,2025-05-21,18.5,1,0,0,0,0.0,0,0.0,0,0.0,,
CAMP07913,C0499,Birthday,2026-05-07,22.0,1,0,0,0,0.0,0,0.0,1,802.45,23,802.45
CAMP07914,C0105,Festival,2026-08-08,29.0,0,0,0,0,0.0,0,0.0,0,0.0,,
CAMP07915,C0484,Win-back,2025-06-28,29.25,1,0,0,1,9270.3,1,9270.3,1,9270.3,4,1854.06
CAMP07916,C0352,Loyalty,2026-07-08,18.0,0,0,0,0,0.0,0,0.0,0,0.0,,
CAMP07917,C0548,Win-back,2026-08-11,27.5,1,0,0,0,0.0,0,0.0,0,0.0,,
CAMP07918,C0346,New Product,2025-07-14,23.0,1,0,0,1,4364.490000000001,1,4364.490000000001,1,4364.490000000001,2,713.28
CAMP07919,C0410,New Product,2024-10-23,23.0,1,0,0,0,0.0,0,0.0,1,2328.54,24,1164.27
CAMP07920,C0616,Discount,2025-09-06,19.75,1,0,0,1,4303.56,1,4952.58,1,5449.16,3,380.7
CAMP07921,C0257,Win-back,2024-01-08,32.75,1,0,0,0,0.0,0,0.0,0,0.0,,
CAMP07922,C0491,Festival,2026-07-26,25.5,1,0,0,0,0.0,1,1560.05,1,7188.570000000001,9,1560.05
CAMP07923,C0913,Festival,2026-07-17,27.25,1,0,0,0,0.0,0,0.0,0,0.0,,
CAMP07924,C0384,New Product,2026-01-01,23.0,1,0,0,1,1661.53,1,1661.53,1,4961.8,1,1661.53
CAMP07925,C0220,Loyalty,2025-05-19,18.0,1,1,0,0,0.0,0,0.0,0,0.0,,
CAMP07926,C0701,Discount,2026-03-18,23.25,1,1,0,1,2273.96,1,2273.96,1,2273.96,5,2273.96
CAMP07927,C0099,Birthday,2024-10-03,18.5,1,0,0,0,0.0,0,0.0,1,2172.03,16,724.01
CAMP07928,C0039,Discount,2024-08-22,19.75,1,1,0,0,0.0,1,934.97,1,934.97,11,934.97
CAMP07929,C0220,Discount,2025-09-29,25.0,1,0,0,1,1267.16,1,1267.16,1,1267.16,6,633.58
CAMP07930,C0291,Loyalty,2026-04-21,16.0,0,0,0,0,0.0,0,0.0,1,913.73,30,913.73
CAMP07931,C0309,Festival,2026-07-16,25.5,1,0,0,0,0.0,0,0.0,0,0.0,,
CAMP07932,C0593,Loyalty,2026-08-20,14.0,1,0,0,0,0.0,0,0.0,0,0.0,,
CAMP07933,C0046,Festival,2026-04-29,32.5,1,0,0,1,1780.21,1,4974.43,1,6284.370000000001,6,1780.21
CAMP07934,C0749,Birthday,2026-05-18,22.0,1,0,0,0,0.0,0,0.0,0,0.0,,
CAMP07935,C0335,Loyalty,2025-12-03,18.0,1,0,0,0,0.0,0,0.0,0,0.0,,
CAMP07936,C0093,Birthday,2025-08-21,18.5,1,0,0,0,0.0,1,885.16,1,1988.62,11,885.16
CAMP07937,C0065,Loyalty,2025-11-03,16.0,1,0,0,1,8191.840000000001,1,9975.760000000002,1,22558.13,5,2262.67
CAMP07938,C0511,Discount,2025-09-10,21.5,1,1,1,1,12483.010000000002,1,12483.010000000002,1,14259.190000000002,4,1957.06
CAMP07939,C0079,New Product,2026-03-12,23.0,1,0,0,0,0.0,0,0.0,1,4181.01,22,2338.12
CAMP07940,C0107,Loyalty,2025-10-22,16.0,1,1,0,0,0.0,0,0.0,0,0.0,,
CAMP07941,C0154,New Product,2024-07-26,23.0,0,0,0,0,0.0,0,0.0,1,2375.64,18,2375.64
CAMP07942,C0346,New Product,2025-05-17,23.0,1,0,0,0,0.0,0,0.0,0,0.0,,
CAMP07943,C0684,Discount,2026-07-16,21.5,1,0,0,0,0.0,1,1449.5,1,1449.5,9,1449.5
CAMP07944,C0262,New Product,2026-04-28,23.0,1,1,1,1,2629.56,1,2629.56,1,2629.56,1,1314.78
CAMP07945,C0889,Discount,2026-05-07,23.25,1,0,0,1,889.0,1,889.0,1,889.0,3,889.0
CAMP07946,C0472,New Product,2026-02-04,23.0,1,0,0,0,0.0,0,0.0,1,703.08,28,351.54
CAMP07947,C0185,Festival,2025-07-23,25.5,1,0,0,1,2313.71,1,2313.71,1,2313.71,2,2313.71
CAMP07948,C0614,Win-back,2026-05-13,27.5,1,0,0,0,0.0,1,4907.46,1,4907.46,12,2453.73
CAMP07949,C0812,Festival,2026-02-01,30.75,1,0,0,0,0.0,0,0.0,0,0.0,,
CAMP07950,C0876,Win-back,2024-10-27,27.5,1,0,0,0,0.0,0,0.0,1,1350.44,15,675.22
CAMP07951,C0804,Festival,2026-04-17,25.5,0,0,0,0,0.0,0,0.0,0,0.0,,
CAMP07952,C0124,Loyalty,2026-05-19,18.0,1,1,1,0,0.0,0,0.0,0,0.0,,
CAMP07953,C0589,Festival,2026-08-02,25.5,1,1,0,0,0.0,0,0.0,0,0.0,,
CAMP07954,C0169,Loyalty,2025-02-24,16.0,1,0,0,0,0.0,1,4920.450000000001,1,4920.450000000001,13,1640.15
CAMP07955,C0868,New Product,2026-02-14,23.0,1,0,0,0,0.0,0,0.0,1,1420.14,15,710.07
CAMP07956,C0799,Discount,2026-07-23,21.5,1,1,1,0,0.0,0,0.0,0,0.0,,
CAMP07957,C0316,Discount,2026-03-12,25.0,1,0,0,0,0.0,1,578.41,1,578.41,9,578.41
CAMP07958,C0613,Festival,2026-06-19,25.5,1,0,0,0,0.0,1,783.64,1,783.64,12,783.64
CAMP07959,C0129,Festival,2026-07-29,27.25,1,0,0,1,5781.200000000001,1,5781.200000000001,1,5781.200000000001,4,916.48
CAMP07960,C0747,Win-back,2026-04-07,27.5,1,0,0,0,0.0,0,0.0,1,476.15,28,476.15
CAMP07961,C0519,Win-back,2026-06-17,27.5,1,0,0,0,0.0,1,1817.52,1,1817.52,11,1817.52
CAMP07962,C0863,New Product,2026-08-06,23.0,1,1,0,1,2714.04,1,2714.04,1,2714.04,2,1357.02
CAMP07963,C0712,Birthday,2025-10-10,20.25,1,0,0,0,0.0,0,0.0,0,0.0,,
CAMP07964,C0177,Festival,2026-08-03,25.5,1,0,0,0,0.0,0,0.0,0,0.0,,
CAMP07965,C0514,Discount,2026-04-09,23.25,0,0,0,0,0.0,0,0.0,0,0.0,,
CAMP07966,C0618,Loyalty,2026-07-06,22.0,1,0,0,0,0.0,0,0.0,0,0.0,,
CAMP07967,C0380,Win-back,2025-01-10,31.0,1,0,0,0,0.0,0,0.0,1,1816.46,29,908.23
CAMP07968,C0238,New Product,2026-07-23,23.0,1,0,0,0,0.0,0,0.0,1,3908.6,29,1954.3
CAMP07969,C0104,Win-back,2026-08-28,32.75,1,1,0,0,0.0,0,0.0,0,0.0,,
CAMP07970,C0147,New Product,2026-07-02,23.0,1,1,0,0,0.0,0,0.0,1,778.2,29,778.2
CAMP07971,C0533,Festival,2025-12-22,29.0,1,0,0,0,0.0,0,0.0,0,0.0,,
CAMP07972,C0572,Win-back,2025-02-28,27.5,1,0,0,0,0.0,0,0.0,1,1455.02,17,1455.02
CAMP07973,C0655,New Product,2024-03-07,23.0,1,0,0,0,0.0,0,0.0,0,0.0,,
CAMP07974,C0727,Loyalty,2026-03-10,22.0,1,0,0,0,0.0,0,0.0,0,0.0,,
CAMP07975,C0836,New Product,2025-11-09,23.0,1,0,0,0,0.0,0,0.0,0,0.0,,
CAMP07976,C0400,Festival,2026-05-16,32.5,1,0,0,0,0.0,0,0.0,0,0.0,,
CAMP07977,C0940,Win-back,2026-06-25,29.25,1,1,0,0,0.0,1,3956.48,1,3956.48,11,1978.24
CAMP07978,C0023,Festival,2024-05-14,25.5,1,0,0,0,0.0,0,0.0,1,1927.81,30,1927.81
CAMP07979,C0693,New Product,2026-06-13,23.0,1,0,0,0,0.0,0,0.0,0,0.0,,
CAMP07980,C0655,Loyalty,2024-08-24,18.0,1,0,0,0,0.0,0,0.0,1,1944.64,16,972.32
CAMP07981,C0548,Birthday,2026-07-11,20.25,1,0,0,0,0.0,0,0.0,0,0.0,,
CAMP07982,C0062,Festival,2026-06-23,32.5,1,0,0,0,0.0,0,0.0,1,756.42,28,756.42
CAMP07983,C0179,New Product,2024-11-10,23.0,1,0,0,0,0.0,0,0.0,0,0.0,,
CAMP07984,C0826,Festival,2025-01-01,27.25,0,0,0,0,0.0,0,0.0,0,0.0,,
CAMP07985,C0601,Birthday,2026-03-21,18.5,1,0,0,0,0.0,0,0.0,0,0.0,,
CAMP07986,C0693,New Product,2026-07-04,23.0,1,1,0,0,0.0,1,1580.14,1,1580.14,14,1580.14
CAMP07987,C0068,Loyalty,2026-06-12,22.0,1,1,0,1,2364.61,1,2364.61,1,6487.629999999999,6,2364.61
CAMP07988,C0483,Birthday,2026-02-19,20.25,1,0,0,0,0.0,0,0.0,0,0.0,,
CAMP07989,C0128,Birthday,2026-03-18,22.0,1,0,0,1,5215.92,1,5215.92,1,8780.95,7,2607.96
CAMP07990,C0089,Loyalty,2026-07-17,18.0,1,0,0,0,0.0,0,0.0,0,0.0,,
CAMP07991,C0382,Loyalty,2025-08-25,16.0,1,0,0,0,0.0,0,0.0,1,7757.709999999999,19,1978.35
CAMP07992,C0840,New Product,2025-09-17,23.0,1,0,0,0,0.0,0,0.0,0,0.0,,
CAMP07993,C0307,Festival,2026-08-22,30.75,1,0,0,0,0.0,0,0.0,0,0.0,,
CAMP07994,C0948,Birthday,2026-04-28,18.5,1,1,0,0,0.0,0,0.0,1,5665.48,17,1361.46
CAMP07995,C0513,Birthday,2026-03-09,18.5,1,0,0,1,2642.56,1,4468.06,1,10204.81,1,1321.28
CAMP07996,C0865,New Product,2026-08-01,23.0,1,0,0,0,0.0,1,1422.82,1,1422.82,11,1422.82
CAMP07997,C0091,Festival,2026-08-28,32.5,1,0,0,0,0.0,0,0.0,0,0.0,,
CAMP07998,C0191,Loyalty,2025-07-15,16.0,1,0,0,0,0.0,0,0.0,0,0.0,,
CAMP07999,C0201,Win-back,2026-07-03,29.25,1,1,0,1,2563.33,1,2563.33,1,7582.53,3,2563.33
CAMP08000,C0618,Birthday,2026-03-22,18.5,1,0,0,0,0.0,0,0.0,0,0.0,,
