experiment_id,customer_id,campaign_type,experiment_date,eligible,treatment_group,campaign_exposed,baseline_30d_purchase_probability,synthetic_incremental_lift_assumption,purchase_7d,revenue_7d,purchase_14d,revenue_14d,purchase_30d,revenue_30d,synthetic_campaign_cost
EXP_BIRTHDAY,C0001,Birthday,2026-08-01,1,control,0,0.59,0.0229,0,0.0,0,0.0,1,506.28,0.0
EXP_DISCOUNT,C0001,Discount,2026-08-01,1,control,0,0.59,0.0321,0,0.0,0,0.0,0,0.0,0.0
EXP_FESTIVAL,C0001,Festival,2026-08-01,1,control,0,0.59,0.0413,0,0.0,1,1223.05,1,1728.58,0.0
EXP_LOYALTY,C0001,Loyalty,2026-08-01,1,control,0,0.59,0.0505,1,534.08,1,683.79,1,1437.97,0.0
EXP_NEW_PRODUCT,C0001,New Product,2026-08-01,1,control,0,0.59,0.0597,0,0.0,0,0.0,0,0.0,0.0
EXP_WIN-BACK,C0001,Win-back,2026-08-01,1,treatment,1,0.59,0.0688,0,0.0,0,0.0,0,0.0,31.0
EXP_BIRTHDAY,C0002,Birthday,2026-08-01,1,control,0,0.3906,0.0211,0,0.0,0,0.0,0,0.0,0.0
EXP_DISCOUNT,C0002,Discount,2026-08-01,1,treatment,1,0.3906,0.0295,0,0.0,0,0.0,0,0.0,23.25
EXP_FESTIVAL,C0002,Festival,2026-08-01,1,treatment,1,0.3906,0.0379,0,0.0,0,0.0,1,579.0,29.0
EXP_LOYALTY,C0002,Loyalty,2026-08-01,1,treatment,1,0.3906,0.0463,0,0.0,1,422.87,1,660.45,16.0
EXP_NEW_PRODUCT,C0002,New Product,2026-08-01,1,treatment,1,0.3906,0.0548,0,0.0,0,0.0,0,0.0,23.0
EXP_WIN-BACK,C0002,Win-back,2026-08-01,1,treatment,1,0.3906,0.0632,0,0.0,0,0.0,0,0.0,31.0
EXP_BIRTHDAY,C0003,Birthday,2026-08-01,1,control,0,0.5303,0.0224,0,0.0,0,0.0,1,922.45,0.0
EXP_DISCOUNT,C0003,Discount,2026-08-01,1,treatment,1,0.5303,0.0314,0,0.0,0,0.0,0,0.0,23.25
EXP_FESTIVAL,C0003,Festival,2026-08-01,1,treatment,1,0.5303,0.0403,1,522.48,1,713.71,1,996.88,29.0
EXP_LOYALTY,C0003,Loyalty,2026-08-01,1,control,0,0.5303,0.0493,0,0.0,1,1230.37,1,1715.14,0.0
EXP_NEW_PRODUCT,C0003,New Product,2026-08-01,1,treatment,1,0.5303,0.0582,0,0.0,0,0.0,1,1139.48,23.0
EXP_WIN-BACK,C0003,Win-back,2026-08-01,1,control,0,0.5303,0.0672,1,233.65,1,380.9,1,710.85,0.0
EXP_BIRTHDAY,C0004,Birthday,2026-08-01,1,control,0,0.5641,0.0227,1,695.6,1,973.18,1,1715.04,0.0
EXP_DISCOUNT,C0004,Discount,2026-08-01,1,control,0,0.5641,0.0318,0,0.0,0,0.0,0,0.0,0.0
EXP_FESTIVAL,C0004,Festival,2026-08-01,1,control,0,0.5641,0.0409,0,0.0,1,566.0,1,1164.56,0.0
EXP_LOYALTY,C0004,Loyalty,2026-08-01,1,control,0,0.5641,0.05,1,513.28,1,704.55,1,1378.97,0.0
EXP_NEW_PRODUCT,C0004,New Product,2026-08-01,1,treatment,1,0.5641,0.0591,1,381.63,1,786.77,1,1322.92,23.0
EXP_WIN-BACK,C0004,Win-back,2026-08-01,1,treatment,1,0.5641,0.0681,0,0.0,0,0.0,0,0.0,31.0
EXP_BIRTHDAY,C0005,Birthday,2026-08-01,1,control,0,0.6479,0.0234,0,0.0,0,0.0,0,0.0,0.0
EXP_DISCOUNT,C0005,Discount,2026-08-01,1,treatment,1,0.6479,0.0328,0,0.0,0,0.0,0,0.0,23.25
EXP_FESTIVAL,C0005,Festival,2026-08-01,1,control,0,0.6479,0.0422,0,0.0,0,0.0,0,0.0,0.0
EXP_LOYALTY,C0005,Loyalty,2026-08-01,1,treatment,1,0.6479,0.0515,1,474.09,1,892.92,1,1412.16,16.0
EXP_NEW_PRODUCT,C0005,New Product,2026-08-01,1,treatment,1,0.6479,0.0609,1,476.98,1,646.5,1,858.1,23.0
EXP_WIN-BACK,C0005,Win-back,2026-08-01,1,treatment,1,0.6479,0.0703,0,0.0,0,0.0,1,1037.81,31.0
EXP_BIRTHDAY,C0006,Birthday,2026-08-01,1,treatment,1,0.7139,0.0239,0,0.0,1,1142.91,1,2326.0,20.25
EXP_DISCOUNT,C0006,Discount,2026-08-01,1,control,0,0.7139,0.0335,0,0.0,0,0.0,1,1066.15,0.0
EXP_FESTIVAL,C0006,Festival,2026-08-01,1,control,0,0.7139,0.043,0,0.0,0,0.0,1,2281.06,0.0
EXP_LOYALTY,C0006,Loyalty,2026-08-01,1,treatment,1,0.7139,0.0526,0,0.0,0,0.0,1,1269.05,16.0
EXP_NEW_PRODUCT,C0006,New Product,2026-08-01,1,treatment,1,0.7139,0.0622,1,471.45,1,1027.93,1,1643.21,23.0
EXP_WIN-BACK,C0006,Win-back,2026-08-01,1,control,0,0.7139,0.0717,0,0.0,0,0.0,0,0.0,0.0
EXP_BIRTHDAY,C0007,Birthday,2026-08-01,1,treatment,1,0.4326,0.0215,0,0.0,0,0.0,0,0.0,20.25
EXP_DISCOUNT,C0007,Discount,2026-08-01,1,treatment,1,0.4326,0.0301,0,0.0,0,0.0,0,0.0,23.25
EXP_FESTIVAL,C0007,Festival,2026-08-01,1,treatment,1,0.4326,0.0386,0,0.0,0,0.0,0,0.0,29.0
EXP_LOYALTY,C0007,Loyalty,2026-08-01,1,control,0,0.4326,0.0472,0,0.0,0,0.0,0,0.0,0.0
EXP_NEW_PRODUCT,C0007,New Product,2026-08-01,1,treatment,1,0.4326,0.0558,0,0.0,0,0.0,0,0.0,23.0
EXP_WIN-BACK,C0007,Win-back,2026-08-01,1,treatment,1,0.4326,0.0644,0,0.0,1,711.68,1,920.31,31.0
EXP_BIRTHDAY,C0008,Birthday,2026-08-01,1,treatment,1,0.3856,0.021,0,0.0,0,0.0,0,0.0,20.25
EXP_DISCOUNT,C0008,Discount,2026-08-01,1,treatment,1,0.3856,0.0294,0,0.0,0,0.0,0,0.0,23.25
EXP_FESTIVAL,C0008,Festival,2026-08-01,1,treatment,1,0.3856,0.0378,0,0.0,0,0.0,0,0.0,29.0
EXP_LOYALTY,C0008,Loyalty,2026-08-01,1,treatment,1,0.3856,0.0462,0,0.0,0,0.0,1,1102.46,16.0
EXP_NEW_PRODUCT,C0008,New Product,2026-08-01,1,control,0,0.3856,0.0546,0,0.0,0,0.0,0,0.0,0.0
EXP_WIN-BACK,C0008,Win-back,2026-08-01,1,control,0,0.3856,0.0631,0,0.0,0,0.0,0,0.0,0.0
EXP_BIRTHDAY,C0009,Birthday,2026-08-01,1,treatment,1,0.5492,0.0226,0,0.0,0,0.0,0,0.0,20.25
EXP_DISCOUNT,C0009,Discount,2026-08-01,1,control,0,0.5492,0.0316,1,1367.53,1,1658.17,1,2987.77,0.0
EXP_FESTIVAL,C0009,Festival,2026-08-01,1,treatment,1,0.5492,0.0406,0,0.0,1,868.99,1,1259.86,29.0
EXP_LOYALTY,C0009,Loyalty,2026-08-01,1,control,0,0.5492,0.0497,1,1090.61,1,1677.1,1,1999.57,0.0
EXP_NEW_PRODUCT,C0009,New Product,2026-08-01,1,treatment,1,0.5492,0.0587,1,560.73,1,1124.31,1,1559.24,23.0
EXP_WIN-BACK,C0009,Win-back,2026-08-01,1,control,0,0.5492,0.0677,0,0.0,0,0.0,0,0.0,0.0
EXP_BIRTHDAY,C0010,Birthday,2026-08-01,1,control,0,0.2288,0.0197,0,0.0,0,0.0,1,302.76,0.0
EXP_DISCOUNT,C0010,Discount,2026-08-01,1,treatment,1,0.2288,0.0276,0,0.0,1,306.29,1,474.55,23.25
EXP_FESTIVAL,C0010,Festival,2026-08-01,1,control,0,0.2288,0.0355,0,0.0,0,0.0,0,0.0,0.0
EXP_LOYALTY,C0010,Loyalty,2026-08-01,1,treatment,1,0.2288,0.0433,0,0.0,0,0.0,0,0.0,16.0
EXP_NEW_PRODUCT,C0010,New Product,2026-08-01,1,treatment,1,0.2288,0.0512,0,0.0,0,0.0,0,0.0,23.0
EXP_WIN-BACK,C0010,Win-back,2026-08-01,1,control,0,0.2288,0.0591,1,350.94,1,509.78,1,609.43,0.0
EXP_BIRTHDAY,C0011,Birthday,2026-08-01,1,control,0,0.5346,0.0224,0,0.0,0,0.0,0,0.0,0.0
EXP_DISCOUNT,C0011,Discount,2026-08-01,1,treatment,1,0.5346,0.0314,0,0.0,0,0.0,0,0.0,23.25
EXP_FESTIVAL,C0011,Festival,2026-08-01,1,treatment,1,0.5346,0.0404,0,0.0,0,0.0,1,285.45,29.0
EXP_LOYALTY,C0011,Loyalty,2026-08-01,1,control,0,0.5346,0.0494,0,0.0,0,0.0,0,0.0,0.0
EXP_NEW_PRODUCT,C0011,New Product,2026-08-01,1,control,0,0.5346,0.0584,0,0.0,0,0.0,0,0.0,0.0
EXP_WIN-BACK,C0011,Win-back,2026-08-01,1,treatment,1,0.5346,0.0673,0,0.0,0,0.0,1,340.15,31.0
EXP_BIRTHDAY,C0012,Birthday,2026-08-01,1,treatment,1,0.3037,0.0203,1,144.11,1,292.84,1,377.06,20.25
EXP_DISCOUNT,C0012,Discount,2026-08-01,1,treatment,1,0.3037,0.0284,0,0.0,0,0.0,0,0.0,23.25
EXP_FESTIVAL,C0012,Festival,2026-08-01,1,treatment,1,0.3037,0.0365,0,0.0,0,0.0,0,0.0,29.0
EXP_LOYALTY,C0012,Loyalty,2026-08-01,1,treatment,1,0.3037,0.0446,0,0.0,1,266.71,1,521.49,16.0
EXP_NEW_PRODUCT,C0012,New Product,2026-08-01,1,treatment,1,0.3037,0.0527,1,221.86,1,323.2,1,685.69,23.0
EXP_WIN-BACK,C0012,Win-back,2026-08-01,1,control,0,0.3037,0.0609,0,0.0,0,0.0,0,0.0,0.0
EXP_BIRTHDAY,C0013,Birthday,2026-08-01,1,treatment,1,0.67,0.0236,0,0.0,0,0.0,1,1607.77,20.25
EXP_DISCOUNT,C0013,Discount,2026-08-01,1,treatment,1,0.67,0.033,1,819.62,1,1744.98,1,2830.44,23.25
EXP_FESTIVAL,C0013,Festival,2026-08-01,1,treatment,1,0.67,0.0425,1,919.94,1,1121.96,1,2383.18,29.0
EXP_LOYALTY,C0013,Loyalty,2026-08-01,1,treatment,1,0.67,0.0519,0,0.0,0,0.0,0,0.0,16.0
EXP_NEW_PRODUCT,C0013,New Product,2026-08-01,1,control,0,0.67,0.0614,0,0.0,0,0.0,0,0.0,0.0
EXP_WIN-BACK,C0013,Win-back,2026-08-01,1,control,0,0.67,0.0708,0,0.0,0,0.0,0,0.0,0.0
EXP_BIRTHDAY,C0014,Birthday,2026-08-01,1,control,0,0.5483,0.0226,0,0.0,0,0.0,0,0.0,0.0
EXP_DISCOUNT,C0014,Discount,2026-08-01,1,treatment,1,0.5483,0.0316,0,0.0,0,0.0,1,291.0,23.25
EXP_FESTIVAL,C0014,Festival,2026-08-01,1,treatment,1,0.5483,0.0406,0,0.0,0,0.0,0,0.0,29.0
EXP_LOYALTY,C0014,Loyalty,2026-08-01,1,treatment,1,0.5483,0.0497,0,0.0,1,1199.65,1,2009.45,16.0
EXP_NEW_PRODUCT,C0014,New Product,2026-08-01,1,treatment,1,0.5483,0.0587,1,271.33,1,327.08,1,575.08,23.0
EXP_WIN-BACK,C0014,Win-back,2026-08-01,1,control,0,0.5483,0.0677,1,631.7,1,888.42,1,1125.4,0.0
EXP_BIRTHDAY,C0015,Birthday,2026-08-01,1,control,0,0.5007,0.0221,0,0.0,0,0.0,0,0.0,0.0
EXP_DISCOUNT,C0015,Discount,2026-08-01,1,control,0,0.5007,0.031,0,0.0,1,1216.53,1,1531.6,0.0
EXP_FESTIVAL,C0015,Festival,2026-08-01,1,treatment,1,0.5007,0.0398,0,0.0,0,0.0,0,0.0,29.0
EXP_LOYALTY,C0015,Loyalty,2026-08-01,1,treatment,1,0.5007,0.0487,0,0.0,0,0.0,0,0.0,16.0
EXP_NEW_PRODUCT,C0015,New Product,2026-08-01,1,treatment,1,0.5007,0.0575,0,0.0,0,0.0,0,0.0,23.0
EXP_WIN-BACK,C0015,Win-back,2026-08-01,1,treatment,1,0.5007,0.0664,0,0.0,0,0.0,0,0.0,31.0
EXP_BIRTHDAY,C0016,Birthday,2026-08-01,1,control,0,0.5178,0.0223,0,0.0,0,0.0,0,0.0,0.0
EXP_DISCOUNT,C0016,Discount,2026-08-01,1,control,0,0.5178,0.0312,0,0.0,0,0.0,0,0.0,0.0
EXP_FESTIVAL,C0016,Festival,2026-08-01,1,control,0,0.5178,0.0401,0,0.0,1,859.97,1,1272.18,0.0
EXP_LOYALTY,C0016,Loyalty,2026-08-01,1,control,0,0.5178,0.049,0,0.0,0,0.0,1,1331.87,0.0
EXP_NEW_PRODUCT,C0016,New Product,2026-08-01,1,treatment,1,0.5178,0.0579,0,0.0,0,0.0,0,0.0,23.0
EXP_WIN-BACK,C0016,Win-back,2026-08-01,1,control,0,0.5178,0.0669,1,945.79,1,1531.79,1,2147.94,0.0
EXP_BIRTHDAY,C0017,Birthday,2026-08-01,1,control,0,0.521,0.0223,0,0.0,0,0.0,0,0.0,0.0
EXP_DISCOUNT,C0017,Discount,2026-08-01,1,treatment,1,0.521,0.0312,0,0.0,0,0.0,0,0.0,23.25
EXP_FESTIVAL,C0017,Festival,2026-08-01,1,control,0,0.521,0.0402,1,256.43,1,503.68,1,981.74,0.0
EXP_LOYALTY,C0017,Loyalty,2026-08-01,1,control,0,0.521,0.0491,1,1130.76,1,1371.52,1,2043.39,0.0
EXP_NEW_PRODUCT,C0017,New Product,2026-08-01,1,control,0,0.521,0.058,1,1167.9,1,1406.3,1,1907.87,0.0
EXP_WIN-BACK,C0017,Win-back,2026-08-01,1,treatment,1,0.521,0.0669,0,0.0,0,0.0,0,0.0,31.0
EXP_BIRTHDAY,C0018,Birthday,2026-08-01,1,control,0,0.5587,0.0227,0,0.0,0,0.0,1,1163.55,0.0
EXP_DISCOUNT,C0018,Discount,2026-08-01,1,treatment,1,0.5587,0.0317,0,0.0,0,0.0,0,0.0,23.25
EXP_FESTIVAL,C0018,Festival,2026-08-01,1,treatment,1,0.5587,0.0408,0,0.0,1,1070.03,1,1403.28,29.0
EXP_LOYALTY,C0018,Loyalty,2026-08-01,1,treatment,1,0.5587,0.0499,0,0.0,0,0.0,0,0.0,16.0
EXP_NEW_PRODUCT,C0018,New Product,2026-08-01,1,control,0,0.5587,0.0589,0,0.0,1,573.47,1,1179.55,0.0
EXP_WIN-BACK,C0018,Win-back,2026-08-01,1,control,0,0.5587,0.068,1,411.63,1,777.71,1,1022.35,0.0
EXP_BIRTHDAY,C0019,Birthday,2026-08-01,1,control,0,0.4512,0.0216,0,0.0,0,0.0,0,0.0,0.0
EXP_DISCOUNT,C0019,Discount,2026-08-01,1,treatment,1,0.4512,0.0303,1,215.41,1,394.94,1,512.51,23.25
EXP_FESTIVAL,C0019,Festival,2026-08-01,1,control,0,0.4512,0.039,0,0.0,0,0.0,1,1373.62,0.0
EXP_LOYALTY,C0019,Loyalty,2026-08-01,1,control,0,0.4512,0.0476,0,0.0,0,0.0,0,0.0,0.0
EXP_NEW_PRODUCT,C0019,New Product,2026-08-01,1,treatment,1,0.4512,0.0563,1,631.44,1,899.48,1,1202.39,23.0
EXP_WIN-BACK,C0019,Win-back,2026-08-01,1,control,0,0.4512,0.0649,0,0.0,1,785.09,1,1069.66,0.0
EXP_BIRTHDAY,C0020,Birthday,2026-08-01,1,control,0,0.6636,0.0236,1,443.14,1,551.4,1,1180.87,0.0
EXP_DISCOUNT,C0020,Discount,2026-08-01,1,control,0,0.6636,0.033,1,791.1,1,1248.92,1,1483.26,0.0
EXP_FESTIVAL,C0020,Festival,2026-08-01,1,control,0,0.6636,0.0424,0,0.0,1,1949.58,1,3417.1,0.0
EXP_LOYALTY,C0020,Loyalty,2026-08-01,1,control,0,0.6636,0.0518,0,0.0,0,0.0,0,0.0,0.0
EXP_NEW_PRODUCT,C0020,New Product,2026-08-01,1,control,0,0.6636,0.0612,0,0.0,0,0.0,0,0.0,0.0
EXP_WIN-BACK,C0020,Win-back,2026-08-01,1,treatment,1,0.6636,0.0707,1,1137.43,1,2258.42,1,4537.84,31.0
EXP_BIRTHDAY,C0021,Birthday,2026-08-01,1,treatment,1,0.4833,0.022,0,0.0,0,0.0,1,1471.81,20.25
EXP_DISCOUNT,C0021,Discount,2026-08-01,1,treatment,1,0.4833,0.0307,1,156.94,1,337.92,1,585.84,23.25
EXP_FESTIVAL,C0021,Festival,2026-08-01,1,treatment,1,0.4833,0.0395,1,477.34,1,653.17,1,965.79,29.0
EXP_LOYALTY,C0021,Loyalty,2026-08-01,1,control,0,0.4833,0.0483,0,0.0,0,0.0,0,0.0,0.0
EXP_NEW_PRODUCT,C0021,New Product,2026-08-01,1,treatment,1,0.4833,0.0571,0,0.0,0,0.0,0,0.0,23.0
EXP_WIN-BACK,C0021,Win-back,2026-08-01,1,control,0,0.4833,0.0659,0,0.0,1,1225.96,1,1646.28,0.0
EXP_BIRTHDAY,C0022,Birthday,2026-08-01,1,control,0,0.4884,0.022,0,0.0,0,0.0,0,0.0,0.0
EXP_DISCOUNT,C0022,Discount,2026-08-01,1,control,0,0.4884,0.0308,0,0.0,0,0.0,0,0.0,0.0
EXP_FESTIVAL,C0022,Festival,2026-08-01,1,control,0,0.4884,0.0396,0,0.0,0,0.0,1,990.95,0.0
EXP_LOYALTY,C0022,Loyalty,2026-08-01,1,treatment,1,0.4884,0.0484,0,0.0,0,0.0,0,0.0,16.0
EXP_NEW_PRODUCT,C0022,New Product,2026-08-01,1,treatment,1,0.4884,0.0572,1,281.51,1,376.81,1,654.68,23.0
EXP_WIN-BACK,C0022,Win-back,2026-08-01,1,treatment,1,0.4884,0.066,0,0.0,0,0.0,0,0.0,31.0
EXP_BIRTHDAY,C0023,Birthday,2026-08-01,1,control,0,0.7381,0.0241,1,356.21,1,597.7,1,1200.51,0.0
EXP_DISCOUNT,C0023,Discount,2026-08-01,1,control,0,0.7381,0.0337,0,0.0,0,0.0,0,0.0,0.0
EXP_FESTIVAL,C0023,Festival,2026-08-01,1,control,0,0.7381,0.0433,0,0.0,0,0.0,1,1451.67,0.0
EXP_LOYALTY,C0023,Loyalty,2026-08-01,1,control,0,0.7381,0.053,1,515.84,1,998.98,1,1937.89,0.0
EXP_NEW_PRODUCT,C0023,New Product,2026-08-01,1,control,0,0.7381,0.0626,0,0.0,0,0.0,0,0.0,0.0
EXP_WIN-BACK,C0023,Win-back,2026-08-01,1,control,0,0.7381,0.0722,0,0.0,0,0.0,0,0.0,0.0
EXP_BIRTHDAY,C0024,Birthday,2026-08-01,1,control,0,0.3707,0.0209,0,0.0,1,1871.58,1,2488.36,0.0
EXP_DISCOUNT,C0024,Discount,2026-08-01,1,treatment,1,0.3707,0.0292,0,0.0,0,0.0,0,0.0,23.25
EXP_FESTIVAL,C0024,Festival,2026-08-01,1,treatment,1,0.3707,0.0376,0,0.0,1,362.24,1,639.07,29.0
EXP_LOYALTY,C0024,Loyalty,2026-08-01,1,treatment,1,0.3707,0.0459,0,0.0,0,0.0,0,0.0,16.0
EXP_NEW_PRODUCT,C0024,New Product,2026-08-01,1,treatment,1,0.3707,0.0543,1,446.01,1,628.48,1,891.41,23.0
EXP_WIN-BACK,C0024,Win-back,2026-08-01,1,control,0,0.3707,0.0626,0,0.0,0,0.0,0,0.0,0.0
EXP_BIRTHDAY,C0025,Birthday,2026-08-01,1,treatment,1,0.5962,0.023,0,0.0,1,805.01,1,1251.9,20.25
EXP_DISCOUNT,C0025,Discount,2026-08-01,1,control,0,0.5962,0.0322,0,0.0,0,0.0,0,0.0,0.0
EXP_FESTIVAL,C0025,Festival,2026-08-01,1,control,0,0.5962,0.0414,0,0.0,0,0.0,0,0.0,0.0
EXP_LOYALTY,C0025,Loyalty,2026-08-01,1,control,0,0.5962,0.0506,0,0.0,0,0.0,0,0.0,0.0
EXP_NEW_PRODUCT,C0025,New Product,2026-08-01,1,treatment,1,0.5962,0.0598,0,0.0,1,833.09,1,1019.78,23.0
EXP_WIN-BACK,C0025,Win-back,2026-08-01,1,control,0,0.5962,0.069,1,554.44,1,675.33,1,1468.34,0.0
EXP_BIRTHDAY,C0026,Birthday,2026-08-01,1,treatment,1,0.5811,0.0229,0,0.0,1,1282.18,1,1753.5,20.25
EXP_DISCOUNT,C0026,Discount,2026-08-01,1,control,0,0.5811,0.032,0,0.0,0,0.0,0,0.0,0.0
EXP_FESTIVAL,C0026,Festival,2026-08-01,1,control,0,0.5811,0.0412,0,0.0,0,0.0,1,526.89,0.0
EXP_LOYALTY,C0026,Loyalty,2026-08-01,1,control,0,0.5811,0.0503,0,0.0,0,0.0,0,0.0,0.0
EXP_NEW_PRODUCT,C0026,New Product,2026-08-01,1,control,0,0.5811,0.0595,0,0.0,1,760.83,1,1069.12,0.0
EXP_WIN-BACK,C0026,Win-back,2026-08-01,1,control,0,0.5811,0.0686,0,0.0,0,0.0,0,0.0,0.0
EXP_BIRTHDAY,C0027,Birthday,2026-08-01,1,treatment,1,0.472,0.0218,0,0.0,0,0.0,0,0.0,20.25
EXP_DISCOUNT,C0027,Discount,2026-08-01,1,control,0,0.472,0.0306,1,346.73,1,536.83,1,705.49,0.0
EXP_FESTIVAL,C0027,Festival,2026-08-01,1,control,0,0.472,0.0393,0,0.0,1,468.55,1,968.23,0.0
EXP_LOYALTY,C0027,Loyalty,2026-08-01,1,control,0,0.472,0.0481,0,0.0,0,0.0,0,0.0,0.0
EXP_NEW_PRODUCT,C0027,New Product,2026-08-01,1,control,0,0.472,0.0568,0,0.0,0,0.0,0,0.0,0.0
EXP_WIN-BACK,C0027,Win-back,2026-08-01,1,treatment,1,0.472,0.0655,1,417.43,1,567.7,1,788.34,31.0
EXP_BIRTHDAY,C0028,Birthday,2026-08-01,1,control,0,0.5286,0.0224,0,0.0,0,0.0,0,0.0,0.0
EXP_DISCOUNT,C0028,Discount,2026-08-01,1,control,0,0.5286,0.0313,0,0.0,0,0.0,0,0.0,0.0
EXP_FESTIVAL,C0028,Festival,2026-08-01,1,treatment,1,0.5286,0.0403,0,0.0,0,0.0,1,815.84,29.0
EXP_LOYALTY,C0028,Loyalty,2026-08-01,1,control,0,0.5286,0.0492,0,0.0,0,0.0,0,0.0,0.0
EXP_NEW_PRODUCT,C0028,New Product,2026-08-01,1,treatment,1,0.5286,0.0582,0,0.0,0,0.0,1,503.46,23.0
EXP_WIN-BACK,C0028,Win-back,2026-08-01,1,control,0,0.5286,0.0672,0,0.0,1,204.77,1,336.36,0.0
EXP_BIRTHDAY,C0029,Birthday,2026-08-01,1,treatment,1,0.3935,0.0211,0,0.0,0,0.0,0,0.0,20.25
EXP_DISCOUNT,C0029,Discount,2026-08-01,1,treatment,1,0.3935,0.0295,1,251.19,1,295.69,1,382.54,23.25
EXP_FESTIVAL,C0029,Festival,2026-08-01,1,treatment,1,0.3935,0.038,1,612.95,1,839.25,1,988.48,29.0
EXP_LOYALTY,C0029,Loyalty,2026-08-01,1,control,0,0.3935,0.0464,0,0.0,0,0.0,1,692.93,0.0
EXP_NEW_PRODUCT,C0029,New Product,2026-08-01,1,treatment,1,0.3935,0.0548,1,384.47,1,546.26,1,865.27,23.0
EXP_WIN-BACK,C0029,Win-back,2026-08-01,1,treatment,1,0.3935,0.0633,0,0.0,0,0.0,1,499.3,31.0
EXP_BIRTHDAY,C0030,Birthday,2026-08-01,1,treatment,1,0.3915,0.0211,0,0.0,0,0.0,0,0.0,20.25
EXP_DISCOUNT,C0030,Discount,2026-08-01,1,treatment,1,0.3915,0.0295,0,0.0,0,0.0,1,255.18,23.25
EXP_FESTIVAL,C0030,Festival,2026-08-01,1,control,0,0.3915,0.0379,0,0.0,0,0.0,0,0.0,0.0
EXP_LOYALTY,C0030,Loyalty,2026-08-01,1,treatment,1,0.3915,0.0464,1,426.61,1,757.34,1,947.0,16.0
EXP_NEW_PRODUCT,C0030,New Product,2026-08-01,1,control,0,0.3915,0.0548,0,0.0,0,0.0,0,0.0,0.0
EXP_WIN-BACK,C0030,Win-back,2026-08-01,1,control,0,0.3915,0.0632,0,0.0,0,0.0,0,0.0,0.0
EXP_BIRTHDAY,C0031,Birthday,2026-08-01,1,treatment,1,0.3426,0.0206,0,0.0,0,0.0,0,0.0,20.25
EXP_DISCOUNT,C0031,Discount,2026-08-01,1,control,0,0.3426,0.0289,0,0.0,0,0.0,0,0.0,0.0
EXP_FESTIVAL,C0031,Festival,2026-08-01,1,control,0,0.3426,0.0371,0,0.0,0,0.0,0,0.0,0.0
EXP_LOYALTY,C0031,Loyalty,2026-08-01,1,treatment,1,0.3426,0.0454,0,0.0,0,0.0,0,0.0,16.0
EXP_NEW_PRODUCT,C0031,New Product,2026-08-01,1,treatment,1,0.3426,0.0536,0,0.0,0,0.0,0,0.0,23.0
EXP_WIN-BACK,C0031,Win-back,2026-08-01,1,control,0,0.3426,0.0619,0,0.0,0,0.0,0,0.0,0.0
EXP_BIRTHDAY,C0032,Birthday,2026-08-01,1,treatment,1,0.5963,0.023,0,0.0,1,313.99,1,572.52,20.25
EXP_DISCOUNT,C0032,Discount,2026-08-01,1,treatment,1,0.5963,0.0322,0,0.0,1,360.66,1,729.13,23.25
EXP_FESTIVAL,C0032,Festival,2026-08-01,1,treatment,1,0.5963,0.0414,0,0.0,1,636.08,1,1046.79,29.0
EXP_LOYALTY,C0032,Loyalty,2026-08-01,1,treatment,1,0.5963,0.0506,1,150.38,1,230.2,1,510.99,16.0
EXP_NEW_PRODUCT,C0032,New Product,2026-08-01,1,treatment,1,0.5963,0.0598,0,0.0,0,0.0,1,513.94,23.0
EXP_WIN-BACK,C0032,Win-back,2026-08-01,1,treatment,1,0.5963,0.069,1,162.54,1,300.28,1,415.15,31.0
EXP_BIRTHDAY,C0033,Birthday,2026-08-01,1,treatment,1,0.4657,0.0218,0,0.0,0,0.0,0,0.0,20.25
EXP_DISCOUNT,C0033,Discount,2026-08-01,1,treatment,1,0.4657,0.0305,0,0.0,1,595.85,1,1179.24,23.25
EXP_FESTIVAL,C0033,Festival,2026-08-01,1,control,0,0.4657,0.0392,1,457.0,1,654.67,1,1324.57,0.0
EXP_LOYALTY,C0033,Loyalty,2026-08-01,1,treatment,1,0.4657,0.0479,0,0.0,0,0.0,0,0.0,16.0
EXP_NEW_PRODUCT,C0033,New Product,2026-08-01,1,control,0,0.4657,0.0566,0,0.0,0,0.0,0,0.0,0.0
EXP_WIN-BACK,C0033,Win-back,2026-08-01,1,treatment,1,0.4657,0.0654,0,0.0,0,0.0,0,0.0,31.0
EXP_BIRTHDAY,C0034,Birthday,2026-08-01,1,control,0,0.4356,0.0215,0,0.0,0,0.0,1,1162.67,0.0
EXP_DISCOUNT,C0034,Discount,2026-08-01,1,control,0,0.4356,0.0301,0,0.0,0,0.0,0,0.0,0.0
EXP_FESTIVAL,C0034,Festival,2026-08-01,1,control,0,0.4356,0.0387,0,0.0,0,0.0,0,0.0,0.0
EXP_LOYALTY,C0034,Loyalty,2026-08-01,1,treatment,1,0.4356,0.0473,0,0.0,0,0.0,0,0.0,16.0
EXP_NEW_PRODUCT,C0034,New Product,2026-08-01,1,treatment,1,0.4356,0.0559,0,0.0,0,0.0,0,0.0,23.0
EXP_WIN-BACK,C0034,Win-back,2026-08-01,1,control,0,0.4356,0.0645,1,358.75,1,776.62,1,1613.77,0.0
EXP_BIRTHDAY,C0035,Birthday,2026-08-01,1,treatment,1,0.5585,0.0227,1,367.65,1,493.2,1,672.63,20.25
EXP_DISCOUNT,C0035,Discount,2026-08-01,1,treatment,1,0.5585,0.0317,0,0.0,0,0.0,0,0.0,23.25
EXP_FESTIVAL,C0035,Festival,2026-08-01,1,control,0,0.5585,0.0408,1,247.95,1,379.76,1,731.47,0.0
EXP_LOYALTY,C0035,Loyalty,2026-08-01,1,control,0,0.5585,0.0499,1,920.02,1,1837.24,1,2686.59,0.0
EXP_NEW_PRODUCT,C0035,New Product,2026-08-01,1,control,0,0.5585,0.0589,0,0.0,0,0.0,0,0.0,0.0
EXP_WIN-BACK,C0035,Win-back,2026-08-01,1,control,0,0.5585,0.068,0,0.0,0,0.0,0,0.0,0.0
EXP_BIRTHDAY,C0036,Birthday,2026-08-01,1,treatment,1,0.5794,0.0229,0,0.0,1,1220.61,1,1555.91,20.25
EXP_DISCOUNT,C0036,Discount,2026-08-01,1,treatment,1,0.5794,0.032,1,792.63,1,1141.61,1,2070.14,23.25
EXP_FESTIVAL,C0036,Festival,2026-08-01,1,control,0,0.5794,0.0411,0,0.0,0,0.0,1,2140.37,0.0
EXP_LOYALTY,C0036,Loyalty,2026-08-01,1,control,0,0.5794,0.0503,0,0.0,0,0.0,0,0.0,0.0
EXP_NEW_PRODUCT,C0036,New Product,2026-08-01,1,treatment,1,0.5794,0.0594,1,405.93,1,662.01,1,1005.95,23.0
EXP_WIN-BACK,C0036,Win-back,2026-08-01,1,treatment,1,0.5794,0.0686,0,0.0,0,0.0,0,0.0,31.0
EXP_BIRTHDAY,C0037,Birthday,2026-08-01,1,treatment,1,0.353,0.0207,0,0.0,0,0.0,0,0.0,20.25
EXP_DISCOUNT,C0037,Discount,2026-08-01,1,treatment,1,0.353,0.029,0,0.0,0,0.0,0,0.0,23.25
EXP_FESTIVAL,C0037,Festival,2026-08-01,1,treatment,1,0.353,0.0373,0,0.0,0,0.0,1,597.2,29.0
EXP_LOYALTY,C0037,Loyalty,2026-08-01,1,treatment,1,0.353,0.0456,0,0.0,0,0.0,0,0.0,16.0
EXP_NEW_PRODUCT,C0037,New Product,2026-08-01,1,control,0,0.353,0.0539,0,0.0,0,0.0,0,0.0,0.0
EXP_WIN-BACK,C0037,Win-back,2026-08-01,1,control,0,0.353,0.0622,0,0.0,0,0.0,0,0.0,0.0
EXP_BIRTHDAY,C0038,Birthday,2026-08-01,1,control,0,0.2849,0.0201,0,0.0,0,0.0,0,0.0,0.0
EXP_DISCOUNT,C0038,Discount,2026-08-01,1,control,0,0.2849,0.0282,0,0.0,0,0.0,1,423.75,0.0
EXP_FESTIVAL,C0038,Festival,2026-08-01,1,treatment,1,0.2849,0.0362,0,0.0,1,897.38,1,1493.5,29.0
EXP_LOYALTY,C0038,Loyalty,2026-08-01,1,control,0,0.2849,0.0443,0,0.0,0,0.0,0,0.0,0.0
EXP_NEW_PRODUCT,C0038,New Product,2026-08-01,1,treatment,1,0.2849,0.0523,0,0.0,0,0.0,1,460.97,23.0
EXP_WIN-BACK,C0038,Win-back,2026-08-01,1,control,0,0.2849,0.0604,0,0.0,0,0.0,0,0.0,0.0
EXP_BIRTHDAY,C0039,Birthday,2026-08-01,1,treatment,1,0.6301,0.0233,1,382.97,1,743.42,1,1479.6,20.25
EXP_DISCOUNT,C0039,Discount,2026-08-01,1,control,0,0.6301,0.0326,0,0.0,1,512.51,1,682.07,0.0
EXP_FESTIVAL,C0039,Festival,2026-08-01,1,control,0,0.6301,0.0419,1,299.6,1,470.06,1,713.51,0.0
EXP_LOYALTY,C0039,Loyalty,2026-08-01,1,treatment,1,0.6301,0.0512,0,0.0,0,0.0,1,1342.81,16.0
EXP_NEW_PRODUCT,C0039,New Product,2026-08-01,1,treatment,1,0.6301,0.0605,1,715.25,1,893.3,1,1181.73,23.0
EXP_WIN-BACK,C0039,Win-back,2026-08-01,1,control,0,0.6301,0.0699,0,0.0,0,0.0,0,0.0,0.0
EXP_BIRTHDAY,C0040,Birthday,2026-08-01,1,control,0,0.3753,0.0209,0,0.0,0,0.0,0,0.0,0.0
EXP_DISCOUNT,C0040,Discount,2026-08-01,1,treatment,1,0.3753,0.0293,1,270.57,1,343.23,1,702.2,23.25
EXP_FESTIVAL,C0040,Festival,2026-08-01,1,control,0,0.3753,0.0377,0,0.0,0,0.0,0,0.0,0.0
EXP_LOYALTY,C0040,Loyalty,2026-08-01,1,treatment,1,0.3753,0.046,1,695.5,1,934.75,1,1367.21,16.0
EXP_NEW_PRODUCT,C0040,New Product,2026-08-01,1,treatment,1,0.3753,0.0544,1,361.01,1,677.66,1,892.9,23.0
EXP_WIN-BACK,C0040,Win-back,2026-08-01,1,control,0,0.3753,0.0628,0,0.0,1,693.87,1,879.88,0.0
EXP_BIRTHDAY,C0041,Birthday,2026-08-01,1,treatment,1,0.4796,0.0219,0,0.0,1,1419.5,1,1795.62,20.25
EXP_DISCOUNT,C0041,Discount,2026-08-01,1,control,0,0.4796,0.0307,0,0.0,1,254.13,1,493.94,0.0
EXP_FESTIVAL,C0041,Festival,2026-08-01,1,control,0,0.4796,0.0395,0,0.0,0,0.0,0,0.0,0.0
EXP_LOYALTY,C0041,Loyalty,2026-08-01,1,control,0,0.4796,0.0482,0,0.0,0,0.0,0,0.0,0.0
EXP_NEW_PRODUCT,C0041,New Product,2026-08-01,1,treatment,1,0.4796,0.057,0,0.0,1,595.99,1,1191.35,23.0
EXP_WIN-BACK,C0041,Win-back,2026-08-01,1,control,0,0.4796,0.0658,0,0.0,0,0.0,0,0.0,0.0
EXP_BIRTHDAY,C0042,Birthday,2026-08-01,1,control,0,0.4777,0.0219,0,0.0,1,733.57,1,1587.74,0.0
EXP_DISCOUNT,C0042,Discount,2026-08-01,1,treatment,1,0.4777,0.0307,0,0.0,0,0.0,0,0.0,23.25
EXP_FESTIVAL,C0042,Festival,2026-08-01,1,treatment,1,0.4777,0.0394,0,0.0,0,0.0,0,0.0,29.0
EXP_LOYALTY,C0042,Loyalty,2026-08-01,1,treatment,1,0.4777,0.0482,0,0.0,1,343.41,1,441.79,16.0
EXP_NEW_PRODUCT,C0042,New Product,2026-08-01,1,control,0,0.4777,0.0569,1,564.58,1,1201.12,1,2047.75,0.0
EXP_WIN-BACK,C0042,Win-back,2026-08-01,1,treatment,1,0.4777,0.0657,0,0.0,0,0.0,0,0.0,31.0
EXP_BIRTHDAY,C0043,Birthday,2026-08-01,1,control,0,0.495,0.0221,0,0.0,0,0.0,0,0.0,0.0
EXP_DISCOUNT,C0043,Discount,2026-08-01,1,control,0,0.495,0.0309,0,0.0,1,317.13,1,703.3,0.0
EXP_FESTIVAL,C0043,Festival,2026-08-01,1,control,0,0.495,0.0397,1,287.06,1,561.83,1,1120.04,0.0
EXP_LOYALTY,C0043,Loyalty,2026-08-01,1,control,0,0.495,0.0485,0,0.0,1,293.37,1,462.41,0.0
EXP_NEW_PRODUCT,C0043,New Product,2026-08-01,1,control,0,0.495,0.0574,0,0.0,0,0.0,0,0.0,0.0
EXP_WIN-BACK,C0043,Win-back,2026-08-01,1,treatment,1,0.495,0.0662,0,0.0,0,0.0,0,0.0,31.0
EXP_BIRTHDAY,C0044,Birthday,2026-08-01,1,treatment,1,0.4779,0.0219,0,0.0,0,0.0,1,961.7,20.25
EXP_DISCOUNT,C0044,Discount,2026-08-01,1,treatment,1,0.4779,0.0307,0,0.0,0,0.0,0,0.0,23.25
EXP_FESTIVAL,C0044,Festival,2026-08-01,1,control,0,0.4779,0.0394,0,0.0,0,0.0,0,0.0,0.0
EXP_LOYALTY,C0044,Loyalty,2026-08-01,1,control,0,0.4779,0.0482,0,0.0,0,0.0,0,0.0,0.0
EXP_NEW_PRODUCT,C0044,New Product,2026-08-01,1,treatment,1,0.4779,0.0569,0,0.0,0,0.0,0,0.0,23.0
EXP_WIN-BACK,C0044,Win-back,2026-08-01,1,treatment,1,0.4779,0.0657,0,0.0,0,0.0,0,0.0,31.0
EXP_BIRTHDAY,C0045,Birthday,2026-08-01,1,treatment,1,0.4811,0.0219,0,0.0,0,0.0,0,0.0,20.25
EXP_DISCOUNT,C0045,Discount,2026-08-01,1,control,0,0.4811,0.0307,0,0.0,0,0.0,0,0.0,0.0
EXP_FESTIVAL,C0045,Festival,2026-08-01,1,control,0,0.4811,0.0395,0,0.0,1,433.53,1,692.52,0.0
EXP_LOYALTY,C0045,Loyalty,2026-08-01,1,treatment,1,0.4811,0.0483,0,0.0,0,0.0,1,1172.82,16.0
EXP_NEW_PRODUCT,C0045,New Product,2026-08-01,1,treatment,1,0.4811,0.057,1,290.3,1,529.09,1,666.15,23.0
EXP_WIN-BACK,C0045,Win-back,2026-08-01,1,control,0,0.4811,0.0658,1,290.87,1,404.04,1,717.14,0.0
EXP_BIRTHDAY,C0046,Birthday,2026-08-01,1,control,0,0.4681,0.0218,0,0.0,0,0.0,1,1134.7,0.0
EXP_DISCOUNT,C0046,Discount,2026-08-01,1,control,0,0.4681,0.0305,0,0.0,1,1391.37,1,2281.42,0.0
EXP_FESTIVAL,C0046,Festival,2026-08-01,1,control,0,0.4681,0.0393,1,581.98,1,927.35,1,1336.07,0.0
EXP_LOYALTY,C0046,Loyalty,2026-08-01,1,control,0,0.4681,0.048,0,0.0,0,0.0,0,0.0,0.0
EXP_NEW_PRODUCT,C0046,New Product,2026-08-01,1,treatment,1,0.4681,0.0567,0,0.0,0,0.0,0,0.0,23.0
EXP_WIN-BACK,C0046,Win-back,2026-08-01,1,treatment,1,0.4681,0.0654,0,0.0,0,0.0,0,0.0,31.0
EXP_BIRTHDAY,C0047,Birthday,2026-08-01,1,treatment,1,0.7251,0.024,0,0.0,0,0.0,1,1116.33,20.25
EXP_DISCOUNT,C0047,Discount,2026-08-01,1,control,0,0.7251,0.0336,0,0.0,0,0.0,0,0.0,0.0
EXP_FESTIVAL,C0047,Festival,2026-08-01,1,control,0,0.7251,0.0432,0,0.0,0,0.0,0,0.0,0.0
EXP_LOYALTY,C0047,Loyalty,2026-08-01,1,treatment,1,0.7251,0.0528,1,574.47,1,1038.59,1,1835.85,16.0
EXP_NEW_PRODUCT,C0047,New Product,2026-08-01,1,control,0,0.7251,0.0624,1,573.91,1,1109.91,1,1397.47,0.0
EXP_WIN-BACK,C0047,Win-back,2026-08-01,1,treatment,1,0.7251,0.072,0,0.0,0,0.0,1,1657.43,31.0
EXP_BIRTHDAY,C0048,Birthday,2026-08-01,1,control,0,0.5885,0.0229,1,209.34,1,409.2,1,776.42,0.0
EXP_DISCOUNT,C0048,Discount,2026-08-01,1,treatment,1,0.5885,0.0321,0,0.0,0,0.0,1,1774.25,23.25
EXP_FESTIVAL,C0048,Festival,2026-08-01,1,treatment,1,0.5885,0.0413,0,0.0,0,0.0,0,0.0,29.0
EXP_LOYALTY,C0048,Loyalty,2026-08-01,1,treatment,1,0.5885,0.0505,0,0.0,0,0.0,0,0.0,16.0
EXP_NEW_PRODUCT,C0048,New Product,2026-08-01,1,control,0,0.5885,0.0596,0,0.0,1,941.77,1,1403.79,0.0
EXP_WIN-BACK,C0048,Win-back,2026-08-01,1,control,0,0.5885,0.0688,0,0.0,0,0.0,0,0.0,0.0
EXP_BIRTHDAY,C0049,Birthday,2026-08-01,1,control,0,0.6118,0.0231,0,0.0,0,0.0,0,0.0,0.0
EXP_DISCOUNT,C0049,Discount,2026-08-01,1,control,0,0.6118,0.0324,1,1000.29,1,1732.61,1,2061.0,0.0
EXP_FESTIVAL,C0049,Festival,2026-08-01,1,treatment,1,0.6118,0.0416,1,942.91,1,1232.59,1,2084.42,29.0
EXP_LOYALTY,C0049,Loyalty,2026-08-01,1,control,0,0.6118,0.0509,0,0.0,0,0.0,0,0.0,0.0
EXP_NEW_PRODUCT,C0049,New Product,2026-08-01,1,treatment,1,0.6118,0.0601,0,0.0,0,0.0,1,982.29,23.0
EXP_WIN-BACK,C0049,Win-back,2026-08-01,1,control,0,0.6118,0.0694,0,0.0,1,930.44,1,1402.24,0.0
EXP_BIRTHDAY,C0050,Birthday,2026-08-01,1,treatment,1,0.3266,0.0205,1,223.37,1,481.47,1,633.64,20.25
EXP_DISCOUNT,C0050,Discount,2026-08-01,1,control,0,0.3266,0.0287,0,0.0,0,0.0,0,0.0,0.0
EXP_FESTIVAL,C0050,Festival,2026-08-01,1,treatment,1,0.3266,0.0369,0,0.0,0,0.0,1,788.8,29.0
EXP_LOYALTY,C0050,Loyalty,2026-08-01,1,control,0,0.3266,0.0451,1,658.41,1,876.79,1,1585.57,0.0
EXP_NEW_PRODUCT,C0050,New Product,2026-08-01,1,control,0,0.3266,0.0533,0,0.0,0,0.0,0,0.0,0.0
EXP_WIN-BACK,C0050,Win-back,2026-08-01,1,treatment,1,0.3266,0.0614,1,259.71,1,521.96,1,695.39,31.0
EXP_BIRTHDAY,C0051,Birthday,2026-08-01,1,treatment,1,0.2074,0.0196,1,649.86,1,768.01,1,1260.26,20.25
EXP_DISCOUNT,C0051,Discount,2026-08-01,1,treatment,1,0.2074,0.0274,0,0.0,0,0.0,0,0.0,23.25
EXP_FESTIVAL,C0051,Festival,2026-08-01,1,treatment,1,0.2074,0.0352,0,0.0,0,0.0,0,0.0,29.0
EXP_LOYALTY,C0051,Loyalty,2026-08-01,1,control,0,0.2074,0.043,0,0.0,0,0.0,0,0.0,0.0
EXP_NEW_PRODUCT,C0051,New Product,2026-08-01,1,control,0,0.2074,0.0508,1,283.25,1,380.77,1,673.18,0.0
EXP_WIN-BACK,C0051,Win-back,2026-08-01,1,control,0,0.2074,0.0587,0,0.0,0,0.0,0,0.0,0.0
EXP_BIRTHDAY,C0052,Birthday,2026-08-01,1,control,0,0.3899,0.0211,0,0.0,0,0.0,0,0.0,0.0
EXP_DISCOUNT,C0052,Discount,2026-08-01,1,treatment,1,0.3899,0.0295,0,0.0,0,0.0,1,928.61,23.25
EXP_FESTIVAL,C0052,Festival,2026-08-01,1,treatment,1,0.3899,0.0379,0,0.0,0,0.0,0,0.0,29.0
EXP_LOYALTY,C0052,Loyalty,2026-08-01,1,control,0,0.3899,0.0463,0,0.0,0,0.0,0,0.0,0.0
EXP_NEW_PRODUCT,C0052,New Product,2026-08-01,1,treatment,1,0.3899,0.0548,0,0.0,1,1036.19,1,1437.83,23.0
EXP_WIN-BACK,C0052,Win-back,2026-08-01,1,treatment,1,0.3899,0.0632,1,312.04,1,601.49,1,848.95,31.0
EXP_BIRTHDAY,C0053,Birthday,2026-08-01,1,control,0,0.307,0.0203,0,0.0,0,0.0,0,0.0,0.0
EXP_DISCOUNT,C0053,Discount,2026-08-01,1,treatment,1,0.307,0.0284,0,0.0,0,0.0,0,0.0,23.25
EXP_FESTIVAL,C0053,Festival,2026-08-01,1,treatment,1,0.307,0.0366,0,0.0,1,310.49,1,579.67,29.0
EXP_LOYALTY,C0053,Loyalty,2026-08-01,1,treatment,1,0.307,0.0447,0,0.0,1,667.01,1,839.94,16.0
EXP_NEW_PRODUCT,C0053,New Product,2026-08-01,1,treatment,1,0.307,0.0528,0,0.0,0,0.0,0,0.0,23.0
EXP_WIN-BACK,C0053,Win-back,2026-08-01,1,treatment,1,0.307,0.0609,1,561.8,1,697.59,1,1310.87,31.0
EXP_BIRTHDAY,C0054,Birthday,2026-08-01,1,control,0,0.5543,0.0226,1,141.38,1,283.45,1,406.19,0.0
EXP_DISCOUNT,C0054,Discount,2026-08-01,1,control,0,0.5543,0.0317,0,0.0,0,0.0,0,0.0,0.0
EXP_FESTIVAL,C0054,Festival,2026-08-01,1,control,0,0.5543,0.0407,0,0.0,1,673.12,1,1161.4,0.0
EXP_LOYALTY,C0054,Loyalty,2026-08-01,1,control,0,0.5543,0.0498,0,0.0,0,0.0,0,0.0,0.0
EXP_NEW_PRODUCT,C0054,New Product,2026-08-01,1,control,0,0.5543,0.0588,0,0.0,0,0.0,1,953.87,0.0
EXP_WIN-BACK,C0054,Win-back,2026-08-01,1,treatment,1,0.5543,0.0679,1,307.25,1,625.36,1,1186.0,31.0
EXP_BIRTHDAY,C0055,Birthday,2026-08-01,1,control,0,0.475,0.0219,0,0.0,0,0.0,0,0.0,0.0
EXP_DISCOUNT,C0055,Discount,2026-08-01,1,treatment,1,0.475,0.0306,0,0.0,0,0.0,1,890.58,23.25
EXP_FESTIVAL,C0055,Festival,2026-08-01,1,control,0,0.475,0.0394,1,712.11,1,1121.92,1,1656.77,0.0
EXP_LOYALTY,C0055,Loyalty,2026-08-01,1,control,0,0.475,0.0481,0,0.0,0,0.0,0,0.0,0.0
EXP_NEW_PRODUCT,C0055,New Product,2026-08-01,1,treatment,1,0.475,0.0569,1,895.37,1,1211.19,1,2345.34,23.0
EXP_WIN-BACK,C0055,Win-back,2026-08-01,1,treatment,1,0.475,0.0656,0,0.0,0,0.0,1,1017.77,31.0
EXP_BIRTHDAY,C0056,Birthday,2026-08-01,1,control,0,0.3927,0.0211,0,0.0,0,0.0,0,0.0,0.0
EXP_DISCOUNT,C0056,Discount,2026-08-01,1,control,0,0.3927,0.0295,0,0.0,0,0.0,0,0.0,0.0
EXP_FESTIVAL,C0056,Festival,2026-08-01,1,treatment,1,0.3927,0.038,0,0.0,0,0.0,0,0.0,29.0
EXP_LOYALTY,C0056,Loyalty,2026-08-01,1,treatment,1,0.3927,0.0464,0,0.0,0,0.0,0,0.0,16.0
EXP_NEW_PRODUCT,C0056,New Product,2026-08-01,1,control,0,0.3927,0.0548,1,555.98,1,1207.04,1,1788.03,0.0
EXP_WIN-BACK,C0056,Win-back,2026-08-01,1,control,0,0.3927,0.0633,0,0.0,0,0.0,0,0.0,0.0
EXP_BIRTHDAY,C0057,Birthday,2026-08-01,1,treatment,1,0.7923,0.0244,1,790.2,1,985.9,1,1693.15,20.25
EXP_DISCOUNT,C0057,Discount,2026-08-01,1,treatment,1,0.7923,0.0341,1,611.98,1,943.49,1,1241.49,23.25
EXP_FESTIVAL,C0057,Festival,2026-08-01,1,control,0,0.7923,0.0439,0,0.0,0,0.0,0,0.0,0.0
EXP_LOYALTY,C0057,Loyalty,2026-08-01,1,control,0,0.7923,0.0536,0,0.0,0,0.0,0,0.0,0.0
EXP_NEW_PRODUCT,C0057,New Product,2026-08-01,1,treatment,1,0.7923,0.0634,0,0.0,1,372.48,1,481.0,23.0
EXP_WIN-BACK,C0057,Win-back,2026-08-01,1,treatment,1,0.7923,0.0732,0,0.0,0,0.0,1,2634.5,31.0
EXP_BIRTHDAY,C0058,Birthday,2026-08-01,1,treatment,1,0.5537,0.0226,1,774.51,1,1373.83,1,1749.91,20.25
EXP_DISCOUNT,C0058,Discount,2026-08-01,1,treatment,1,0.5537,0.0317,0,0.0,0,0.0,0,0.0,23.25
EXP_FESTIVAL,C0058,Festival,2026-08-01,1,treatment,1,0.5537,0.0407,0,0.0,0,0.0,1,865.26,29.0
EXP_LOYALTY,C0058,Loyalty,2026-08-01,1,control,0,0.5537,0.0498,0,0.0,1,1240.71,1,1883.0,0.0
EXP_NEW_PRODUCT,C0058,New Product,2026-08-01,1,treatment,1,0.5537,0.0588,1,212.0,1,255.75,1,523.31,23.0
EXP_WIN-BACK,C0058,Win-back,2026-08-01,1,treatment,1,0.5537,0.0679,0,0.0,0,0.0,0,0.0,31.0
EXP_BIRTHDAY,C0059,Birthday,2026-08-01,1,control,0,0.4131,0.0213,0,0.0,0,0.0,1,852.71,0.0
EXP_DISCOUNT,C0059,Discount,2026-08-01,1,treatment,1,0.4131,0.0298,1,523.17,1,627.69,1,740.71,23.25
EXP_FESTIVAL,C0059,Festival,2026-08-01,1,treatment,1,0.4131,0.0383,0,0.0,0,0.0,0,0.0,29.0
EXP_LOYALTY,C0059,Loyalty,2026-08-01,1,treatment,1,0.4131,0.0468,0,0.0,0,0.0,0,0.0,16.0
EXP_NEW_PRODUCT,C0059,New Product,2026-08-01,1,treatment,1,0.4131,0.0553,0,0.0,0,0.0,0,0.0,23.0
EXP_WIN-BACK,C0059,Win-back,2026-08-01,1,control,0,0.4131,0.0638,1,755.28,1,1137.54,1,2220.44,0.0
EXP_BIRTHDAY,C0060,Birthday,2026-08-01,1,control,0,0.2353,0.0197,0,0.0,0,0.0,0,0.0,0.0
EXP_DISCOUNT,C0060,Discount,2026-08-01,1,treatment,1,0.2353,0.0276,0,0.0,0,0.0,0,0.0,23.25
EXP_FESTIVAL,C0060,Festival,2026-08-01,1,treatment,1,0.2353,0.0355,0,0.0,0,0.0,0,0.0,29.0
EXP_LOYALTY,C0060,Loyalty,2026-08-01,1,treatment,1,0.2353,0.0434,1,112.85,1,141.61,1,290.35,16.0
EXP_NEW_PRODUCT,C0060,New Product,2026-08-01,1,control,0,0.2353,0.0513,0,0.0,0,0.0,0,0.0,0.0
EXP_WIN-BACK,C0060,Win-back,2026-08-01,1,control,0,0.2353,0.0592,0,0.0,0,0.0,0,0.0,0.0
EXP_BIRTHDAY,C0061,Birthday,2026-08-01,1,control,0,0.5067,0.0222,0,0.0,0,0.0,1,1209.17,0.0
EXP_DISCOUNT,C0061,Discount,2026-08-01,1,control,0,0.5067,0.0311,0,0.0,0,0.0,0,0.0,0.0
EXP_FESTIVAL,C0061,Festival,2026-08-01,1,control,0,0.5067,0.0399,0,0.0,1,307.84,1,507.49,0.0
EXP_LOYALTY,C0061,Loyalty,2026-08-01,1,treatment,1,0.5067,0.0488,0,0.0,1,573.38,1,825.14,16.0
EXP_NEW_PRODUCT,C0061,New Product,2026-08-01,1,treatment,1,0.5067,0.0577,1,910.48,1,1387.28,1,2581.07,23.0
EXP_WIN-BACK,C0061,Win-back,2026-08-01,1,control,0,0.5067,0.0665,0,0.0,0,0.0,0,0.0,0.0
EXP_BIRTHDAY,C0062,Birthday,2026-08-01,1,treatment,1,0.4743,0.0219,1,273.61,1,403.89,1,764.88,20.25
EXP_DISCOUNT,C0062,Discount,2026-08-01,1,control,0,0.4743,0.0306,0,0.0,0,0.0,0,0.0,0.0
EXP_FESTIVAL,C0062,Festival,2026-08-01,1,control,0,0.4743,0.0394,0,0.0,0,0.0,1,471.25,0.0
EXP_LOYALTY,C0062,Loyalty,2026-08-01,1,control,0,0.4743,0.0481,1,1347.41,1,1626.76,1,2602.25,0.0
EXP_NEW_PRODUCT,C0062,New Product,2026-08-01,1,treatment,1,0.4743,0.0569,0,0.0,0,0.0,0,0.0,23.0
EXP_WIN-BACK,C0062,Win-back,2026-08-01,1,control,0,0.4743,0.0656,1,464.57,1,744.61,1,1035.41,0.0
EXP_BIRTHDAY,C0063,Birthday,2026-08-01,1,treatment,1,0.2315,0.0197,0,0.0,0,0.0,0,0.0,20.25
EXP_DISCOUNT,C0063,Discount,2026-08-01,1,treatment,1,0.2315,0.0276,0,0.0,0,0.0,0,0.0,23.25
EXP_FESTIVAL,C0063,Festival,2026-08-01,1,treatment,1,0.2315,0.0355,0,0.0,0,0.0,1,622.13,29.0
EXP_LOYALTY,C0063,Loyalty,2026-08-01,1,treatment,1,0.2315,0.0434,0,0.0,0,0.0,0,0.0,16.0
EXP_NEW_PRODUCT,C0063,New Product,2026-08-01,1,treatment,1,0.2315,0.0513,0,0.0,0,0.0,0,0.0,23.0
EXP_WIN-BACK,C0063,Win-back,2026-08-01,1,treatment,1,0.2315,0.0592,0,0.0,1,284.74,1,605.4,31.0
EXP_BIRTHDAY,C0064,Birthday,2026-08-01,1,control,0,0.703,0.0238,0,0.0,1,1049.43,1,1347.35,0.0
EXP_DISCOUNT,C0064,Discount,2026-08-01,1,control,0,0.703,0.0334,0,0.0,0,0.0,0,0.0,0.0
EXP_FESTIVAL,C0064,Festival,2026-08-01,1,treatment,1,0.703,0.0429,0,0.0,0,0.0,1,3483.46,29.0
EXP_LOYALTY,C0064,Loyalty,2026-08-01,1,control,0,0.703,0.0524,0,0.0,1,1486.49,1,1918.42,0.0
EXP_NEW_PRODUCT,C0064,New Product,2026-08-01,1,control,0,0.703,0.062,0,0.0,0,0.0,0,0.0,0.0
EXP_WIN-BACK,C0064,Win-back,2026-08-01,1,treatment,1,0.703,0.0715,0,0.0,1,1813.52,1,2588.04,31.0
EXP_BIRTHDAY,C0065,Birthday,2026-08-01,1,control,0,0.7952,0.0244,0,0.0,0,0.0,0,0.0,0.0
EXP_DISCOUNT,C0065,Discount,2026-08-01,1,treatment,1,0.7952,0.0342,0,0.0,1,1829.18,1,3228.73,23.25
EXP_FESTIVAL,C0065,Festival,2026-08-01,1,control,0,0.7952,0.0439,0,0.0,0,0.0,0,0.0,0.0
EXP_LOYALTY,C0065,Loyalty,2026-08-01,1,control,0,0.7952,0.0537,1,726.19,1,1426.78,1,2224.61,0.0
EXP_NEW_PRODUCT,C0065,New Product,2026-08-01,1,treatment,1,0.7952,0.0634,1,396.2,1,828.91,1,1132.37,23.0
EXP_WIN-BACK,C0065,Win-back,2026-08-01,1,treatment,1,0.7952,0.0732,0,0.0,0,0.0,1,880.55,31.0
EXP_BIRTHDAY,C0066,Birthday,2026-08-01,1,control,0,0.6057,0.0231,1,412.34,1,679.5,1,1066.73,0.0
EXP_DISCOUNT,C0066,Discount,2026-08-01,1,treatment,1,0.6057,0.0323,0,0.0,0,0.0,0,0.0,23.25
EXP_FESTIVAL,C0066,Festival,2026-08-01,1,treatment,1,0.6057,0.0415,1,401.7,1,672.06,1,1176.6,29.0
EXP_LOYALTY,C0066,Loyalty,2026-08-01,1,treatment,1,0.6057,0.0508,0,0.0,0,0.0,0,0.0,16.0
EXP_NEW_PRODUCT,C0066,New Product,2026-08-01,1,control,0,0.6057,0.06,0,0.0,0,0.0,1,519.63,0.0
EXP_WIN-BACK,C0066,Win-back,2026-08-01,1,control,0,0.6057,0.0692,0,0.0,0,0.0,0,0.0,0.0
EXP_BIRTHDAY,C0067,Birthday,2026-08-01,1,control,0,0.366,0.0208,0,0.0,0,0.0,0,0.0,0.0
EXP_DISCOUNT,C0067,Discount,2026-08-01,1,treatment,1,0.366,0.0292,1,146.82,1,239.53,1,369.8,23.25
EXP_FESTIVAL,C0067,Festival,2026-08-01,1,control,0,0.366,0.0375,0,0.0,0,0.0,0,0.0,0.0
EXP_LOYALTY,C0067,Loyalty,2026-08-01,1,control,0,0.366,0.0458,1,905.93,1,1068.4,1,1353.89,0.0
EXP_NEW_PRODUCT,C0067,New Product,2026-08-01,1,control,0,0.366,0.0542,0,0.0,0,0.0,0,0.0,0.0
EXP_WIN-BACK,C0067,Win-back,2026-08-01,1,treatment,1,0.366,0.0625,1,866.36,1,1473.76,1,1785.25,31.0
EXP_BIRTHDAY,C0068,Birthday,2026-08-01,1,control,0,0.7551,0.0242,1,295.99,1,356.73,1,753.9,0.0
EXP_DISCOUNT,C0068,Discount,2026-08-01,1,treatment,1,0.7551,0.0338,0,0.0,0,0.0,0,0.0,23.25
EXP_FESTIVAL,C0068,Festival,2026-08-01,1,control,0,0.7551,0.0435,1,995.42,1,1220.9,1,2196.32,0.0
EXP_LOYALTY,C0068,Loyalty,2026-08-01,1,treatment,1,0.7551,0.0532,0,0.0,1,958.54,1,1146.84,16.0
EXP_NEW_PRODUCT,C0068,New Product,2026-08-01,1,treatment,1,0.7551,0.0629,0,0.0,1,1048.77,1,1382.25,23.0
EXP_WIN-BACK,C0068,Win-back,2026-08-01,1,treatment,1,0.7551,0.0725,0,0.0,0,0.0,0,0.0,31.0
EXP_BIRTHDAY,C0069,Birthday,2026-08-01,1,treatment,1,0.4918,0.022,0,0.0,0,0.0,1,1147.18,20.25
EXP_DISCOUNT,C0069,Discount,2026-08-01,1,treatment,1,0.4918,0.0309,0,0.0,1,696.82,1,930.54,23.25
EXP_FESTIVAL,C0069,Festival,2026-08-01,1,treatment,1,0.4918,0.0397,1,407.98,1,513.36,1,799.91,29.0
EXP_LOYALTY,C0069,Loyalty,2026-08-01,1,control,0,0.4918,0.0485,0,0.0,0,0.0,0,0.0,0.0
EXP_NEW_PRODUCT,C0069,New Product,2026-08-01,1,control,0,0.4918,0.0573,1,444.75,1,599.45,1,1093.19,0.0
EXP_WIN-BACK,C0069,Win-back,2026-08-01,1,control,0,0.4918,0.0661,0,0.0,1,542.2,1,853.14,0.0
EXP_BIRTHDAY,C0070,Birthday,2026-08-01,1,treatment,1,0.452,0.0217,0,0.0,0,0.0,0,0.0,20.25
EXP_DISCOUNT,C0070,Discount,2026-08-01,1,control,0,0.452,0.0303,0,0.0,0,0.0,0,0.0,0.0
EXP_FESTIVAL,C0070,Festival,2026-08-01,1,treatment,1,0.452,0.039,1,454.28,1,743.72,1,898.74,29.0
EXP_LOYALTY,C0070,Loyalty,2026-08-01,1,treatment,1,0.452,0.0476,0,0.0,0,0.0,0,0.0,16.0
EXP_NEW_PRODUCT,C0070,New Product,2026-08-01,1,treatment,1,0.452,0.0563,1,361.27,1,676.07,1,885.88,23.0
EXP_WIN-BACK,C0070,Win-back,2026-08-01,1,control,0,0.452,0.065,0,0.0,0,0.0,0,0.0,0.0
EXP_BIRTHDAY,C0071,Birthday,2026-08-01,1,control,0,0.5009,0.0221,1,1198.58,1,1718.23,1,3002.21,0.0
EXP_DISCOUNT,C0071,Discount,2026-08-01,1,control,0,0.5009,0.031,0,0.0,0,0.0,1,835.24,0.0
EXP_FESTIVAL,C0071,Festival,2026-08-01,1,treatment,1,0.5009,0.0398,0,0.0,0,0.0,0,0.0,29.0
EXP_LOYALTY,C0071,Loyalty,2026-08-01,1,control,0,0.5009,0.0487,0,0.0,0,0.0,0,0.0,0.0
EXP_NEW_PRODUCT,C0071,New Product,2026-08-01,1,control,0,0.5009,0.0575,0,0.0,0,0.0,0,0.0,0.0
EXP_WIN-BACK,C0071,Win-back,2026-08-01,1,treatment,1,0.5009,0.0664,1,843.38,1,1234.71,1,1893.4,31.0
EXP_BIRTHDAY,C0072,Birthday,2026-08-01,1,treatment,1,0.4703,0.0218,0,0.0,0,0.0,0,0.0,20.25
EXP_DISCOUNT,C0072,Discount,2026-08-01,1,control,0,0.4703,0.0306,0,0.0,0,0.0,1,1022.84,0.0
EXP_FESTIVAL,C0072,Festival,2026-08-01,1,treatment,1,0.4703,0.0393,0,0.0,0,0.0,0,0.0,29.0
EXP_LOYALTY,C0072,Loyalty,2026-08-01,1,control,0,0.4703,0.048,0,0.0,0,0.0,0,0.0,0.0
EXP_NEW_PRODUCT,C0072,New Product,2026-08-01,1,control,0,0.4703,0.0568,0,0.0,0,0.0,0,0.0,0.0
EXP_WIN-BACK,C0072,Win-back,2026-08-01,1,treatment,1,0.4703,0.0655,0,0.0,0,0.0,0,0.0,31.0
EXP_BIRTHDAY,C0073,Birthday,2026-08-01,1,treatment,1,0.2712,0.02,0,0.0,0,0.0,0,0.0,20.25
EXP_DISCOUNT,C0073,Discount,2026-08-01,1,treatment,1,0.2712,0.028,0,0.0,0,0.0,0,0.0,23.25
EXP_FESTIVAL,C0073,Festival,2026-08-01,1,control,0,0.2712,0.036,0,0.0,0,0.0,0,0.0,0.0
EXP_LOYALTY,C0073,Loyalty,2026-08-01,1,control,0,0.2712,0.044,0,0.0,0,0.0,0,0.0,0.0
EXP_NEW_PRODUCT,C0073,New Product,2026-08-01,1,control,0,0.2712,0.0521,0,0.0,0,0.0,0,0.0,0.0
EXP_WIN-BACK,C0073,Win-back,2026-08-01,1,treatment,1,0.2712,0.0601,0,0.0,0,0.0,0,0.0,31.0
EXP_BIRTHDAY,C0074,Birthday,2026-08-01,1,treatment,1,0.2875,0.0202,0,0.0,0,0.0,0,0.0,20.25
EXP_DISCOUNT,C0074,Discount,2026-08-01,1,control,0,0.2875,0.0282,0,0.0,0,0.0,0,0.0,0.0
EXP_FESTIVAL,C0074,Festival,2026-08-01,1,treatment,1,0.2875,0.0363,0,0.0,0,0.0,1,1548.39,29.0
EXP_LOYALTY,C0074,Loyalty,2026-08-01,1,treatment,1,0.2875,0.0443,0,0.0,0,0.0,0,0.0,16.0
EXP_NEW_PRODUCT,C0074,New Product,2026-08-01,1,control,0,0.2875,0.0524,1,465.42,1,620.66,1,1319.56,0.0
EXP_WIN-BACK,C0074,Win-back,2026-08-01,1,treatment,1,0.2875,0.0605,0,0.0,0,0.0,0,0.0,31.0
EXP_BIRTHDAY,C0075,Birthday,2026-08-01,1,control,0,0.5369,0.0225,0,0.0,0,0.0,0,0.0,0.0
EXP_DISCOUNT,C0075,Discount,2026-08-01,1,treatment,1,0.5369,0.0314,0,0.0,1,230.21,1,499.51,23.25
EXP_FESTIVAL,C0075,Festival,2026-08-01,1,control,0,0.5369,0.0404,0,0.0,0,0.0,0,0.0,0.0
EXP_LOYALTY,C0075,Loyalty,2026-08-01,1,control,0,0.5369,0.0494,0,0.0,0,0.0,0,0.0,0.0
EXP_NEW_PRODUCT,C0075,New Product,2026-08-01,1,control,0,0.5369,0.0584,0,0.0,0,0.0,1,1731.61,0.0
EXP_WIN-BACK,C0075,Win-back,2026-08-01,1,control,0,0.5369,0.0674,0,0.0,0,0.0,0,0.0,0.0
EXP_BIRTHDAY,C0076,Birthday,2026-08-01,1,treatment,1,0.278,0.0201,0,0.0,0,0.0,0,0.0,20.25
EXP_DISCOUNT,C0076,Discount,2026-08-01,1,treatment,1,0.278,0.0281,0,0.0,0,0.0,0,0.0,23.25
EXP_FESTIVAL,C0076,Festival,2026-08-01,1,control,0,0.278,0.0361,0,0.0,0,0.0,0,0.0,0.0
EXP_LOYALTY,C0076,Loyalty,2026-08-01,1,treatment,1,0.278,0.0442,1,312.53,1,653.11,1,1311.34,16.0
EXP_NEW_PRODUCT,C0076,New Product,2026-08-01,1,control,0,0.278,0.0522,1,277.81,1,365.65,1,536.07,0.0
EXP_WIN-BACK,C0076,Win-back,2026-08-01,1,control,0,0.278,0.0602,0,0.0,0,0.0,0,0.0,0.0
EXP_BIRTHDAY,C0077,Birthday,2026-08-01,1,control,0,0.2218,0.0197,0,0.0,0,0.0,0,0.0,0.0
EXP_DISCOUNT,C0077,Discount,2026-08-01,1,control,0,0.2218,0.0275,0,0.0,0,0.0,0,0.0,0.0
EXP_FESTIVAL,C0077,Festival,2026-08-01,1,treatment,1,0.2218,0.0354,0,0.0,0,0.0,0,0.0,29.0
EXP_LOYALTY,C0077,Loyalty,2026-08-01,1,treatment,1,0.2218,0.0432,0,0.0,0,0.0,0,0.0,16.0
EXP_NEW_PRODUCT,C0077,New Product,2026-08-01,1,treatment,1,0.2218,0.0511,1,344.45,1,475.49,1,816.88,23.0
EXP_WIN-BACK,C0077,Win-back,2026-08-01,1,control,0,0.2218,0.059,0,0.0,1,705.22,1,971.96,0.0
EXP_BIRTHDAY,C0078,Birthday,2026-08-01,1,control,0,0.5301,0.0224,0,0.0,1,1385.62,1,1983.02,0.0
EXP_DISCOUNT,C0078,Discount,2026-08-01,1,control,0,0.5301,0.0314,0,0.0,0,0.0,0,0.0,0.0
EXP_FESTIVAL,C0078,Festival,2026-08-01,1,treatment,1,0.5301,0.0403,0,0.0,0,0.0,0,0.0,29.0
EXP_LOYALTY,C0078,Loyalty,2026-08-01,1,control,0,0.5301,0.0493,0,0.0,0,0.0,0,0.0,0.0
EXP_NEW_PRODUCT,C0078,New Product,2026-08-01,1,treatment,1,0.5301,0.0582,1,291.77,1,465.8,1,864.28,23.0
EXP_WIN-BACK,C0078,Win-back,2026-08-01,1,control,0,0.5301,0.0672,0,0.0,0,0.0,1,1543.53,0.0
EXP_BIRTHDAY,C0079,Birthday,2026-08-01,1,treatment,1,0.432,0.0215,0,0.0,0,0.0,0,0.0,20.25
EXP_DISCOUNT,C0079,Discount,2026-08-01,1,control,0,0.432,0.03,0,0.0,0,0.0,0,0.0,0.0
EXP_FESTIVAL,C0079,Festival,2026-08-01,1,treatment,1,0.432,0.0386,0,0.0,0,0.0,0,0.0,29.0
EXP_LOYALTY,C0079,Loyalty,2026-08-01,1,control,0,0.432,0.0472,0,0.0,0,0.0,0,0.0,0.0
EXP_NEW_PRODUCT,C0079,New Product,2026-08-01,1,treatment,1,0.432,0.0558,0,0.0,0,0.0,0,0.0,23.0
EXP_WIN-BACK,C0079,Win-back,2026-08-01,1,treatment,1,0.432,0.0644,0,0.0,0,0.0,0,0.0,31.0
EXP_BIRTHDAY,C0080,Birthday,2026-08-01,1,treatment,1,0.5479,0.0226,0,0.0,1,880.25,1,1639.92,20.25
EXP_DISCOUNT,C0080,Discount,2026-08-01,1,treatment,1,0.5479,0.0316,0,0.0,0,0.0,1,622.18,23.25
EXP_FESTIVAL,C0080,Festival,2026-08-01,1,treatment,1,0.5479,0.0406,1,402.46,1,574.4,1,1111.14,29.0
EXP_LOYALTY,C0080,Loyalty,2026-08-01,1,treatment,1,0.5479,0.0496,0,0.0,0,0.0,0,0.0,16.0
EXP_NEW_PRODUCT,C0080,New Product,2026-08-01,1,treatment,1,0.5479,0.0587,0,0.0,0,0.0,0,0.0,23.0
EXP_WIN-BACK,C0080,Win-back,2026-08-01,1,treatment,1,0.5479,0.0677,0,0.0,0,0.0,0,0.0,31.0
EXP_BIRTHDAY,C0081,Birthday,2026-08-01,1,control,0,0.4983,0.0221,0,0.0,0,0.0,0,0.0,0.0
EXP_DISCOUNT,C0081,Discount,2026-08-01,1,control,0,0.4983,0.0309,0,0.0,0,0.0,0,0.0,0.0
EXP_FESTIVAL,C0081,Festival,2026-08-01,1,treatment,1,0.4983,0.0398,1,471.18,1,556.02,1,814.11,29.0
EXP_LOYALTY,C0081,Loyalty,2026-08-01,1,control,0,0.4983,0.0486,0,0.0,0,0.0,0,0.0,0.0
EXP_NEW_PRODUCT,C0081,New Product,2026-08-01,1,control,0,0.4983,0.0575,0,0.0,0,0.0,0,0.0,0.0
EXP_WIN-BACK,C0081,Win-back,2026-08-01,1,control,0,0.4983,0.0663,0,0.0,0,0.0,1,1021.19,0.0
EXP_BIRTHDAY,C0082,Birthday,2026-08-01,1,treatment,1,0.4927,0.022,0,0.0,0,0.0,0,0.0,20.25
EXP_DISCOUNT,C0082,Discount,2026-08-01,1,control,0,0.4927,0.0309,0,0.0,0,0.0,0,0.0,0.0
EXP_FESTIVAL,C0082,Festival,2026-08-01,1,control,0,0.4927,0.0397,1,612.03,1,938.4,1,1391.64,0.0
EXP_LOYALTY,C0082,Loyalty,2026-08-01,1,control,0,0.4927,0.0485,0,0.0,1,444.08,1,886.58,0.0
EXP_NEW_PRODUCT,C0082,New Product,2026-08-01,1,treatment,1,0.4927,0.0573,0,0.0,0,0.0,0,0.0,23.0
EXP_WIN-BACK,C0082,Win-back,2026-08-01,1,treatment,1,0.4927,0.0661,0,0.0,0,0.0,1,971.28,31.0
EXP_BIRTHDAY,C0083,Birthday,2026-08-01,1,treatment,1,0.5203,0.0223,0,0.0,1,715.98,1,1516.98,20.25
EXP_DISCOUNT,C0083,Discount,2026-08-01,1,control,0,0.5203,0.0312,0,0.0,1,375.39,1,597.88,0.0
EXP_FESTIVAL,C0083,Festival,2026-08-01,1,treatment,1,0.5203,0.0402,0,0.0,0,0.0,1,1203.25,29.0
EXP_LOYALTY,C0083,Loyalty,2026-08-01,1,treatment,1,0.5203,0.0491,0,0.0,0,0.0,0,0.0,16.0
EXP_NEW_PRODUCT,C0083,New Product,2026-08-01,1,control,0,0.5203,0.058,1,444.35,1,644.2,1,870.63,0.0
EXP_WIN-BACK,C0083,Win-back,2026-08-01,1,control,0,0.5203,0.0669,1,811.04,1,1502.58,1,2530.16,0.0
EXP_BIRTHDAY,C0084,Birthday,2026-08-01,1,treatment,1,0.4402,0.0215,0,0.0,1,190.26,1,268.88,20.25
EXP_DISCOUNT,C0084,Discount,2026-08-01,1,control,0,0.4402,0.0302,0,0.0,0,0.0,0,0.0,0.0
EXP_FESTIVAL,C0084,Festival,2026-08-01,1,control,0,0.4402,0.0388,0,0.0,0,0.0,0,0.0,0.0
EXP_LOYALTY,C0084,Loyalty,2026-08-01,1,treatment,1,0.4402,0.0474,0,0.0,1,317.57,1,588.7,16.0
EXP_NEW_PRODUCT,C0084,New Product,2026-08-01,1,treatment,1,0.4402,0.056,1,177.99,1,335.49,1,409.0,23.0
EXP_WIN-BACK,C0084,Win-back,2026-08-01,1,control,0,0.4402,0.0646,0,0.0,0,0.0,1,673.42,0.0
EXP_BIRTHDAY,C0085,Birthday,2026-08-01,1,control,0,0.5261,0.0224,0,0.0,0,0.0,0,0.0,0.0
EXP_DISCOUNT,C0085,Discount,2026-08-01,1,control,0,0.5261,0.0313,0,0.0,0,0.0,0,0.0,0.0
EXP_FESTIVAL,C0085,Festival,2026-08-01,1,control,0,0.5261,0.0403,0,0.0,0,0.0,1,206.15,0.0
EXP_LOYALTY,C0085,Loyalty,2026-08-01,1,treatment,1,0.5261,0.0492,1,149.57,1,201.6,1,420.0,16.0
EXP_NEW_PRODUCT,C0085,New Product,2026-08-01,1,control,0,0.5261,0.0581,0,0.0,1,464.48,1,624.93,0.0
EXP_WIN-BACK,C0085,Win-back,2026-08-01,1,treatment,1,0.5261,0.0671,1,416.69,1,560.32,1,677.51,31.0
EXP_BIRTHDAY,C0086,Birthday,2026-08-01,1,treatment,1,0.5782,0.0228,0,0.0,0,0.0,0,0.0,20.25
EXP_DISCOUNT,C0086,Discount,2026-08-01,1,treatment,1,0.5782,0.032,0,0.0,0,0.0,0,0.0,23.25
EXP_FESTIVAL,C0086,Festival,2026-08-01,1,treatment,1,0.5782,0.0411,0,0.0,1,536.74,1,635.25,29.0
EXP_LOYALTY,C0086,Loyalty,2026-08-01,1,treatment,1,0.5782,0.0503,0,0.0,1,477.44,1,745.85,16.0
EXP_NEW_PRODUCT,C0086,New Product,2026-08-01,1,control,0,0.5782,0.0594,1,425.97,1,541.2,1,822.45,0.0
EXP_WIN-BACK,C0086,Win-back,2026-08-01,1,treatment,1,0.5782,0.0685,0,0.0,0,0.0,0,0.0,31.0
EXP_BIRTHDAY,C0087,Birthday,2026-08-01,1,control,0,0.5527,0.0226,0,0.0,0,0.0,1,906.56,0.0
EXP_DISCOUNT,C0087,Discount,2026-08-01,1,treatment,1,0.5527,0.0317,0,0.0,0,0.0,0,0.0,23.25
EXP_FESTIVAL,C0087,Festival,2026-08-01,1,treatment,1,0.5527,0.0407,1,342.24,1,519.53,1,843.74,29.0
EXP_LOYALTY,C0087,Loyalty,2026-08-01,1,treatment,1,0.5527,0.0497,0,0.0,1,714.57,1,1448.07,16.0
EXP_NEW_PRODUCT,C0087,New Product,2026-08-01,1,treatment,1,0.5527,0.0588,0,0.0,1,478.38,1,795.8,23.0
EXP_WIN-BACK,C0087,Win-back,2026-08-01,1,control,0,0.5527,0.0678,0,0.0,0,0.0,0,0.0,0.0
EXP_BIRTHDAY,C0088,Birthday,2026-08-01,1,treatment,1,0.2672,0.02,0,0.0,0,0.0,0,0.0,20.25
EXP_DISCOUNT,C0088,Discount,2026-08-01,1,treatment,1,0.2672,0.028,0,0.0,0,0.0,0,0.0,23.25
EXP_FESTIVAL,C0088,Festival,2026-08-01,1,treatment,1,0.2672,0.036,0,0.0,0,0.0,0,0.0,29.0
EXP_LOYALTY,C0088,Loyalty,2026-08-01,1,control,0,0.2672,0.044,0,0.0,0,0.0,1,622.61,0.0
EXP_NEW_PRODUCT,C0088,New Product,2026-08-01,1,control,0,0.2672,0.052,0,0.0,0,0.0,0,0.0,0.0
EXP_WIN-BACK,C0088,Win-back,2026-08-01,1,control,0,0.2672,0.06,0,0.0,0,0.0,0,0.0,0.0
EXP_BIRTHDAY,C0089,Birthday,2026-08-01,1,treatment,1,0.2982,0.0202,0,0.0,0,0.0,0,0.0,20.25
EXP_DISCOUNT,C0089,Discount,2026-08-01,1,control,0,0.2982,0.0283,1,322.91,1,511.74,1,1121.02,0.0
EXP_FESTIVAL,C0089,Festival,2026-08-01,1,control,0,0.2982,0.0364,0,0.0,0,0.0,0,0.0,0.0
EXP_LOYALTY,C0089,Loyalty,2026-08-01,1,treatment,1,0.2982,0.0445,0,0.0,0,0.0,0,0.0,16.0
EXP_NEW_PRODUCT,C0089,New Product,2026-08-01,1,treatment,1,0.2982,0.0526,1,501.55,1,769.69,1,1383.52,23.0
EXP_WIN-BACK,C0089,Win-back,2026-08-01,1,treatment,1,0.2982,0.0607,0,0.0,0,0.0,0,0.0,31.0
EXP_BIRTHDAY,C0090,Birthday,2026-08-01,1,control,0,0.6033,0.0231,0,0.0,1,1001.58,1,1261.74,0.0
EXP_DISCOUNT,C0090,Discount,2026-08-01,1,treatment,1,0.6033,0.0323,0,0.0,1,882.62,1,1049.97,23.25
EXP_FESTIVAL,C0090,Festival,2026-08-01,1,treatment,1,0.6033,0.0415,1,524.47,1,726.4,1,1370.38,29.0
EXP_LOYALTY,C0090,Loyalty,2026-08-01,1,treatment,1,0.6033,0.0507,0,0.0,0,0.0,0,0.0,16.0
EXP_NEW_PRODUCT,C0090,New Product,2026-08-01,1,treatment,1,0.6033,0.06,1,1167.3,1,1963.43,1,3084.22,23.0
EXP_WIN-BACK,C0090,Win-back,2026-08-01,1,control,0,0.6033,0.0692,1,372.63,1,800.34,1,1363.31,0.0
EXP_BIRTHDAY,C0091,Birthday,2026-08-01,1,treatment,1,0.2797,0.0201,1,493.17,1,597.95,1,773.77,20.25
EXP_DISCOUNT,C0091,Discount,2026-08-01,1,control,0,0.2797,0.0281,0,0.0,0,0.0,0,0.0,0.0
EXP_FESTIVAL,C0091,Festival,2026-08-01,1,control,0,0.2797,0.0362,0,0.0,0,0.0,0,0.0,0.0
EXP_LOYALTY,C0091,Loyalty,2026-08-01,1,treatment,1,0.2797,0.0442,0,0.0,0,0.0,1,607.03,16.0
EXP_NEW_PRODUCT,C0091,New Product,2026-08-01,1,control,0,0.2797,0.0522,0,0.0,1,277.49,1,562.51,0.0
EXP_WIN-BACK,C0091,Win-back,2026-08-01,1,treatment,1,0.2797,0.0603,1,160.71,1,267.2,1,506.86,31.0
EXP_BIRTHDAY,C0092,Birthday,2026-08-01,1,treatment,1,0.5286,0.0224,1,247.68,1,466.58,1,1014.13,20.25
EXP_DISCOUNT,C0092,Discount,2026-08-01,1,control,0,0.5286,0.0313,0,0.0,0,0.0,0,0.0,0.0
EXP_FESTIVAL,C0092,Festival,2026-08-01,1,control,0,0.5286,0.0403,0,0.0,1,787.76,1,1042.14,0.0
EXP_LOYALTY,C0092,Loyalty,2026-08-01,1,control,0,0.5286,0.0492,0,0.0,0,0.0,0,0.0,0.0
EXP_NEW_PRODUCT,C0092,New Product,2026-08-01,1,treatment,1,0.5286,0.0582,0,0.0,0,0.0,0,0.0,23.0
EXP_WIN-BACK,C0092,Win-back,2026-08-01,1,control,0,0.5286,0.0672,0,0.0,1,1281.85,1,1691.02,0.0
EXP_BIRTHDAY,C0093,Birthday,2026-08-01,1,treatment,1,0.5425,0.0225,0,0.0,0,0.0,0,0.0,20.25
EXP_DISCOUNT,C0093,Discount,2026-08-01,1,treatment,1,0.5425,0.0315,0,0.0,0,0.0,0,0.0,23.25
EXP_FESTIVAL,C0093,Festival,2026-08-01,1,control,0,0.5425,0.0405,0,0.0,0,0.0,0,0.0,0.0
EXP_LOYALTY,C0093,Loyalty,2026-08-01,1,control,0,0.5425,0.0495,1,379.49,1,603.05,1,1291.38,0.0
EXP_NEW_PRODUCT,C0093,New Product,2026-08-01,1,treatment,1,0.5425,0.0585,0,0.0,0,0.0,1,1137.0,23.0
EXP_WIN-BACK,C0093,Win-back,2026-08-01,1,control,0,0.5425,0.0675,1,377.08,1,681.94,1,1105.07,0.0
EXP_BIRTHDAY,C0094,Birthday,2026-08-01,1,control,0,0.6908,0.0238,1,525.42,1,673.99,1,1095.27,0.0
EXP_DISCOUNT,C0094,Discount,2026-08-01,1,treatment,1,0.6908,0.0333,0,0.0,0,0.0,0,0.0,23.25
EXP_FESTIVAL,C0094,Festival,2026-08-01,1,control,0,0.6908,0.0428,0,0.0,0,0.0,0,0.0,0.0
EXP_LOYALTY,C0094,Loyalty,2026-08-01,1,control,0,0.6908,0.0523,0,0.0,1,1094.17,1,1600.45,0.0
EXP_NEW_PRODUCT,C0094,New Product,2026-08-01,1,treatment,1,0.6908,0.0618,0,0.0,0,0.0,0,0.0,23.0
EXP_WIN-BACK,C0094,Win-back,2026-08-01,1,treatment,1,0.6908,0.0713,0,0.0,1,704.23,1,907.09,31.0
EXP_BIRTHDAY,C0095,Birthday,2026-08-01,1,treatment,1,0.6006,0.023,1,763.87,1,926.1,1,1861.61,20.25
EXP_DISCOUNT,C0095,Discount,2026-08-01,1,control,0,0.6006,0.0323,1,430.18,1,686.02,1,930.55,0.0
EXP_FESTIVAL,C0095,Festival,2026-08-01,1,treatment,1,0.6006,0.0415,0,0.0,1,1546.68,1,2405.59,29.0
EXP_LOYALTY,C0095,Loyalty,2026-08-01,1,control,0,0.6006,0.0507,1,296.34,1,514.58,1,620.72,0.0
EXP_NEW_PRODUCT,C0095,New Product,2026-08-01,1,treatment,1,0.6006,0.0599,1,345.71,1,627.05,1,774.76,23.0
EXP_WIN-BACK,C0095,Win-back,2026-08-01,1,control,0,0.6006,0.0691,1,472.23,1,663.08,1,1132.29,0.0
EXP_BIRTHDAY,C0096,Birthday,2026-08-01,1,treatment,1,0.5756,0.0228,0,0.0,0,0.0,0,0.0,20.25
EXP_DISCOUNT,C0096,Discount,2026-08-01,1,control,0,0.5756,0.0319,0,0.0,0,0.0,0,0.0,0.0
EXP_FESTIVAL,C0096,Festival,2026-08-01,1,treatment,1,0.5756,0.0411,1,325.44,1,686.21,1,1206.53,29.0
EXP_LOYALTY,C0096,Loyalty,2026-08-01,1,treatment,1,0.5756,0.0502,1,158.91,1,226.76,1,408.76,16.0
EXP_NEW_PRODUCT,C0096,New Product,2026-08-01,1,treatment,1,0.5756,0.0593,0,0.0,0,0.0,1,981.74,23.0
EXP_WIN-BACK,C0096,Win-back,2026-08-01,1,control,0,0.5756,0.0685,0,0.0,0,0.0,0,0.0,0.0
EXP_BIRTHDAY,C0097,Birthday,2026-08-01,1,control,0,0.5167,0.0223,0,0.0,0,0.0,0,0.0,0.0
EXP_DISCOUNT,C0097,Discount,2026-08-01,1,control,0,0.5167,0.0312,0,0.0,0,0.0,1,1904.76,0.0
EXP_FESTIVAL,C0097,Festival,2026-08-01,1,treatment,1,0.5167,0.0401,0,0.0,1,804.56,1,1231.97,29.0
EXP_LOYALTY,C0097,Loyalty,2026-08-01,1,control,0,0.5167,0.049,0,0.0,0,0.0,0,0.0,0.0
EXP_NEW_PRODUCT,C0097,New Product,2026-08-01,1,control,0,0.5167,0.0579,0,0.0,0,0.0,0,0.0,0.0
EXP_WIN-BACK,C0097,Win-back,2026-08-01,1,control,0,0.5167,0.0668,0,0.0,0,0.0,0,0.0,0.0
EXP_BIRTHDAY,C0098,Birthday,2026-08-01,1,control,0,0.2135,0.0196,0,0.0,1,997.56,1,1406.29,0.0
EXP_DISCOUNT,C0098,Discount,2026-08-01,1,treatment,1,0.2135,0.0274,1,277.87,1,570.07,1,1072.07,23.25
EXP_FESTIVAL,C0098,Festival,2026-08-01,1,control,0,0.2135,0.0353,0,0.0,0,0.0,0,0.0,0.0
EXP_LOYALTY,C0098,Loyalty,2026-08-01,1,treatment,1,0.2135,0.0431,0,0.0,0,0.0,0,0.0,16.0
EXP_NEW_PRODUCT,C0098,New Product,2026-08-01,1,control,0,0.2135,0.051,0,0.0,0,0.0,0,0.0,0.0
EXP_WIN-BACK,C0098,Win-back,2026-08-01,1,control,0,0.2135,0.0588,0,0.0,0,0.0,0,0.0,0.0
EXP_BIRTHDAY,C0099,Birthday,2026-08-01,1,treatment,1,0.3115,0.0204,0,0.0,1,555.34,1,748.64,20.25
EXP_DISCOUNT,C0099,Discount,2026-08-01,1,control,0,0.3115,0.0285,0,0.0,0,0.0,0,0.0,0.0
EXP_FESTIVAL,C0099,Festival,2026-08-01,1,treatment,1,0.3115,0.0366,0,0.0,0,0.0,0,0.0,29.0
EXP_LOYALTY,C0099,Loyalty,2026-08-01,1,treatment,1,0.3115,0.0448,0,0.0,1,1011.6,1,1250.05,16.0
EXP_NEW_PRODUCT,C0099,New Product,2026-08-01,1,control,0,0.3115,0.0529,1,234.62,1,415.27,1,702.84,0.0
EXP_WIN-BACK,C0099,Win-back,2026-08-01,1,treatment,1,0.3115,0.0611,0,0.0,0,0.0,0,0.0,31.0
EXP_BIRTHDAY,C0100,Birthday,2026-08-01,1,treatment,1,0.5144,0.0223,0,0.0,0,0.0,0,0.0,20.25
EXP_DISCOUNT,C0100,Discount,2026-08-01,1,treatment,1,0.5144,0.0312,1,677.74,1,802.62,1,1445.93,23.25
EXP_FESTIVAL,C0100,Festival,2026-08-01,1,treatment,1,0.5144,0.0401,0,0.0,0,0.0,1,1675.04,29.0
EXP_LOYALTY,C0100,Loyalty,2026-08-01,1,treatment,1,0.5144,0.049,0,0.0,0,0.0,0,0.0,16.0
EXP_NEW_PRODUCT,C0100,New Product,2026-08-01,1,treatment,1,0.5144,0.0579,0,0.0,0,0.0,1,2677.32,23.0
EXP_WIN-BACK,C0100,Win-back,2026-08-01,1,control,0,0.5144,0.0668,1,672.71,1,1190.16,1,1605.83,0.0
EXP_BIRTHDAY,C0101,Birthday,2026-08-01,1,control,0,0.5448,0.0225,0,0.0,0,0.0,1,1383.41,0.0
EXP_DISCOUNT,C0101,Discount,2026-08-01,1,treatment,1,0.5448,0.0316,0,0.0,1,886.95,1,1429.41,23.25
EXP_FESTIVAL,C0101,Festival,2026-08-01,1,control,0,0.5448,0.0406,0,0.0,0,0.0,1,1955.25,0.0
EXP_LOYALTY,C0101,Loyalty,2026-08-01,1,control,0,0.5448,0.0496,0,0.0,0,0.0,1,2173.06,0.0
EXP_NEW_PRODUCT,C0101,New Product,2026-08-01,1,control,0,0.5448,0.0586,1,1986.5,1,3128.89,1,4750.99,0.0
EXP_WIN-BACK,C0101,Win-back,2026-08-01,1,treatment,1,0.5448,0.0676,1,242.29,1,303.3,1,594.73,31.0
EXP_BIRTHDAY,C0102,Birthday,2026-08-01,1,control,0,0.3883,0.021,0,0.0,0,0.0,1,342.36,0.0
EXP_DISCOUNT,C0102,Discount,2026-08-01,1,treatment,1,0.3883,0.0295,1,282.77,1,604.28,1,715.23,23.25
EXP_FESTIVAL,C0102,Festival,2026-08-01,1,control,0,0.3883,0.0379,0,0.0,0,0.0,1,273.11,0.0
EXP_LOYALTY,C0102,Loyalty,2026-08-01,1,treatment,1,0.3883,0.0463,0,0.0,0,0.0,0,0.0,16.0
EXP_NEW_PRODUCT,C0102,New Product,2026-08-01,1,control,0,0.3883,0.0547,1,626.37,1,909.66,1,1353.45,0.0
EXP_WIN-BACK,C0102,Win-back,2026-08-01,1,control,0,0.3883,0.0631,0,0.0,0,0.0,0,0.0,0.0
EXP_BIRTHDAY,C0103,Birthday,2026-08-01,1,control,0,0.3255,0.0205,0,0.0,0,0.0,0,0.0,0.0
EXP_DISCOUNT,C0103,Discount,2026-08-01,1,treatment,1,0.3255,0.0287,0,0.0,0,0.0,0,0.0,23.25
EXP_FESTIVAL,C0103,Festival,2026-08-01,1,treatment,1,0.3255,0.0368,0,0.0,0,0.0,1,560.21,29.0
EXP_LOYALTY,C0103,Loyalty,2026-08-01,1,treatment,1,0.3255,0.045,0,0.0,0,0.0,0,0.0,16.0
EXP_NEW_PRODUCT,C0103,New Product,2026-08-01,1,treatment,1,0.3255,0.0532,1,289.25,1,351.63,1,737.24,23.0
EXP_WIN-BACK,C0103,Win-back,2026-08-01,1,treatment,1,0.3255,0.0614,0,0.0,1,553.95,1,748.3,31.0
EXP_BIRTHDAY,C0104,Birthday,2026-08-01,1,treatment,1,0.3653,0.0208,0,0.0,0,0.0,0,0.0,20.25
EXP_DISCOUNT,C0104,Discount,2026-08-01,1,control,0,0.3653,0.0292,0,0.0,0,0.0,0,0.0,0.0
EXP_FESTIVAL,C0104,Festival,2026-08-01,1,control,0,0.3653,0.0375,0,0.0,0,0.0,0,0.0,0.0
EXP_LOYALTY,C0104,Loyalty,2026-08-01,1,control,0,0.3653,0.0458,0,0.0,0,0.0,1,501.38,0.0
EXP_NEW_PRODUCT,C0104,New Product,2026-08-01,1,control,0,0.3653,0.0542,0,0.0,0,0.0,0,0.0,0.0
EXP_WIN-BACK,C0104,Win-back,2026-08-01,1,control,0,0.3653,0.0625,0,0.0,0,0.0,0,0.0,0.0
EXP_BIRTHDAY,C0105,Birthday,2026-08-01,1,treatment,1,0.5232,0.0223,0,0.0,0,0.0,1,828.03,20.25
EXP_DISCOUNT,C0105,Discount,2026-08-01,1,treatment,1,0.5232,0.0313,0,0.0,0,0.0,1,1141.67,23.25
EXP_FESTIVAL,C0105,Festival,2026-08-01,1,control,0,0.5232,0.0402,0,0.0,0,0.0,0,0.0,0.0
EXP_LOYALTY,C0105,Loyalty,2026-08-01,1,control,0,0.5232,0.0491,0,0.0,0,0.0,0,0.0,0.0
EXP_NEW_PRODUCT,C0105,New Product,2026-08-01,1,control,0,0.5232,0.0581,0,0.0,0,0.0,0,0.0,0.0
EXP_WIN-BACK,C0105,Win-back,2026-08-01,1,treatment,1,0.5232,0.067,0,0.0,0,0.0,1,1096.53,31.0
EXP_BIRTHDAY,C0106,Birthday,2026-08-01,1,treatment,1,0.5832,0.0229,1,162.77,1,236.79,1,303.2,20.25
EXP_DISCOUNT,C0106,Discount,2026-08-01,1,control,0,0.5832,0.032,0,0.0,0,0.0,1,251.0,0.0
EXP_FESTIVAL,C0106,Festival,2026-08-01,1,control,0,0.5832,0.0412,1,191.78,1,319.98,1,606.93,0.0
EXP_LOYALTY,C0106,Loyalty,2026-08-01,1,control,0,0.5832,0.0503,1,132.85,1,171.13,1,292.37,0.0
EXP_NEW_PRODUCT,C0106,New Product,2026-08-01,1,treatment,1,0.5832,0.0595,0,0.0,0,0.0,0,0.0,23.0
EXP_WIN-BACK,C0106,Win-back,2026-08-01,1,control,0,0.5832,0.0687,0,0.0,0,0.0,1,656.8,0.0
EXP_BIRTHDAY,C0107,Birthday,2026-08-01,1,treatment,1,0.5013,0.0221,0,0.0,0,0.0,0,0.0,20.25
EXP_DISCOUNT,C0107,Discount,2026-08-01,1,control,0,0.5013,0.031,0,0.0,0,0.0,0,0.0,0.0
EXP_FESTIVAL,C0107,Festival,2026-08-01,1,control,0,0.5013,0.0398,0,0.0,0,0.0,1,1772.9,0.0
EXP_LOYALTY,C0107,Loyalty,2026-08-01,1,control,0,0.5013,0.0487,0,0.0,0,0.0,0,0.0,0.0
EXP_NEW_PRODUCT,C0107,New Product,2026-08-01,1,control,0,0.5013,0.0575,1,1464.85,1,2209.54,1,2678.8,0.0
EXP_WIN-BACK,C0107,Win-back,2026-08-01,1,control,0,0.5013,0.0664,1,243.24,1,447.88,1,916.48,0.0
EXP_BIRTHDAY,C0108,Birthday,2026-08-01,1,control,0,0.5026,0.0221,1,183.59,1,356.29,1,664.66,0.0
EXP_DISCOUNT,C0108,Discount,2026-08-01,1,control,0,0.5026,0.031,0,0.0,0,0.0,1,750.37,0.0
EXP_FESTIVAL,C0108,Festival,2026-08-01,1,control,0,0.5026,0.0399,0,0.0,0,0.0,0,0.0,0.0
EXP_LOYALTY,C0108,Loyalty,2026-08-01,1,control,0,0.5026,0.0487,0,0.0,0,0.0,0,0.0,0.0
EXP_NEW_PRODUCT,C0108,New Product,2026-08-01,1,control,0,0.5026,0.0576,0,0.0,0,0.0,0,0.0,0.0
EXP_WIN-BACK,C0108,Win-back,2026-08-01,1,control,0,0.5026,0.0664,0,0.0,0,0.0,1,1005.62,0.0
EXP_BIRTHDAY,C0109,Birthday,2026-08-01,1,treatment,1,0.5473,0.0226,0,0.0,0,0.0,1,4113.04,20.25
EXP_DISCOUNT,C0109,Discount,2026-08-01,1,treatment,1,0.5473,0.0316,0,0.0,1,2104.24,1,4053.07,23.25
EXP_FESTIVAL,C0109,Festival,2026-08-01,1,treatment,1,0.5473,0.0406,0,0.0,0,0.0,1,2658.18,29.0
EXP_LOYALTY,C0109,Loyalty,2026-08-01,1,control,0,0.5473,0.0496,0,0.0,1,1996.17,1,3141.16,0.0
EXP_NEW_PRODUCT,C0109,New Product,2026-08-01,1,treatment,1,0.5473,0.0587,0,0.0,0,0.0,0,0.0,23.0
EXP_WIN-BACK,C0109,Win-back,2026-08-01,1,control,0,0.5473,0.0677,0,0.0,0,0.0,0,0.0,0.0
EXP_BIRTHDAY,C0110,Birthday,2026-08-01,1,control,0,0.5534,0.0226,0,0.0,0,0.0,0,0.0,0.0
EXP_DISCOUNT,C0110,Discount,2026-08-01,1,treatment,1,0.5534,0.0317,1,962.91,1,2110.15,1,2487.73,23.25
EXP_FESTIVAL,C0110,Festival,2026-08-01,1,control,0,0.5534,0.0407,0,0.0,0,0.0,0,0.0,0.0
EXP_LOYALTY,C0110,Loyalty,2026-08-01,1,control,0,0.5534,0.0498,0,0.0,0,0.0,1,5033.48,0.0
EXP_NEW_PRODUCT,C0110,New Product,2026-08-01,1,treatment,1,0.5534,0.0588,0,0.0,0,0.0,0,0.0,23.0
EXP_WIN-BACK,C0110,Win-back,2026-08-01,1,treatment,1,0.5534,0.0679,0,0.0,0,0.0,0,0.0,31.0
EXP_BIRTHDAY,C0111,Birthday,2026-08-01,1,treatment,1,0.4707,0.0218,1,246.14,1,476.64,1,816.53,20.25
EXP_DISCOUNT,C0111,Discount,2026-08-01,1,treatment,1,0.4707,0.0306,0,0.0,0,0.0,1,892.0,23.25
EXP_FESTIVAL,C0111,Festival,2026-08-01,1,treatment,1,0.4707,0.0393,0,0.0,1,1052.32,1,1272.45,29.0
EXP_LOYALTY,C0111,Loyalty,2026-08-01,1,control,0,0.4707,0.048,0,0.0,1,437.41,1,945.48,0.0
EXP_NEW_PRODUCT,C0111,New Product,2026-08-01,1,treatment,1,0.4707,0.0568,0,0.0,0,0.0,0,0.0,23.0
EXP_WIN-BACK,C0111,Win-back,2026-08-01,1,treatment,1,0.4707,0.0655,0,0.0,0,0.0,0,0.0,31.0
EXP_BIRTHDAY,C0112,Birthday,2026-08-01,1,treatment,1,0.474,0.0219,0,0.0,0,0.0,0,0.0,20.25
EXP_DISCOUNT,C0112,Discount,2026-08-01,1,control,0,0.474,0.0306,0,0.0,0,0.0,0,0.0,0.0
EXP_FESTIVAL,C0112,Festival,2026-08-01,1,control,0,0.474,0.0394,0,0.0,1,2333.71,1,2994.9,0.0
EXP_LOYALTY,C0112,Loyalty,2026-08-01,1,control,0,0.474,0.0481,0,0.0,0,0.0,0,0.0,0.0
EXP_NEW_PRODUCT,C0112,New Product,2026-08-01,1,control,0,0.474,0.0568,0,0.0,0,0.0,1,1719.03,0.0
EXP_WIN-BACK,C0112,Win-back,2026-08-01,1,control,0,0.474,0.0656,1,1367.94,1,2108.98,1,4366.68,0.0
EXP_BIRTHDAY,C0113,Birthday,2026-08-01,1,control,0,0.43,0.0214,0,0.0,0,0.0,0,0.0,0.0
EXP_DISCOUNT,C0113,Discount,2026-08-01,1,control,0,0.43,0.03,0,0.0,1,1535.15,1,2900.04,0.0
EXP_FESTIVAL,C0113,Festival,2026-08-01,1,control,0,0.43,0.0386,0,0.0,0,0.0,0,0.0,0.0
EXP_LOYALTY,C0113,Loyalty,2026-08-01,1,control,0,0.43,0.0472,0,0.0,0,0.0,0,0.0,0.0
EXP_NEW_PRODUCT,C0113,New Product,2026-08-01,1,treatment,1,0.43,0.0557,0,0.0,0,0.0,0,0.0,23.0
EXP_WIN-BACK,C0113,Win-back,2026-08-01,1,control,0,0.43,0.0643,0,0.0,0,0.0,0,0.0,0.0
EXP_BIRTHDAY,C0114,Birthday,2026-08-01,1,control,0,0.5061,0.0222,0,0.0,0,0.0,0,0.0,0.0
EXP_DISCOUNT,C0114,Discount,2026-08-01,1,control,0,0.5061,0.031,0,0.0,0,0.0,1,497.82,0.0
EXP_FESTIVAL,C0114,Festival,2026-08-01,1,control,0,0.5061,0.0399,0,0.0,1,443.77,1,564.39,0.0
EXP_LOYALTY,C0114,Loyalty,2026-08-01,1,treatment,1,0.5061,0.0488,1,300.4,1,371.75,1,481.34,16.0
EXP_NEW_PRODUCT,C0114,New Product,2026-08-01,1,treatment,1,0.5061,0.0577,0,0.0,0,0.0,0,0.0,23.0
EXP_WIN-BACK,C0114,Win-back,2026-08-01,1,treatment,1,0.5061,0.0665,0,0.0,0,0.0,0,0.0,31.0
EXP_BIRTHDAY,C0115,Birthday,2026-08-01,1,treatment,1,0.2391,0.0198,0,0.0,0,0.0,0,0.0,20.25
EXP_DISCOUNT,C0115,Discount,2026-08-01,1,treatment,1,0.2391,0.0277,0,0.0,0,0.0,0,0.0,23.25
EXP_FESTIVAL,C0115,Festival,2026-08-01,1,control,0,0.2391,0.0356,0,0.0,0,0.0,0,0.0,0.0
EXP_LOYALTY,C0115,Loyalty,2026-08-01,1,control,0,0.2391,0.0435,0,0.0,0,0.0,0,0.0,0.0
EXP_NEW_PRODUCT,C0115,New Product,2026-08-01,1,treatment,1,0.2391,0.0514,0,0.0,0,0.0,0,0.0,23.0
EXP_WIN-BACK,C0115,Win-back,2026-08-01,1,control,0,0.2391,0.0593,0,0.0,1,697.43,1,1278.49,0.0
EXP_BIRTHDAY,C0116,Birthday,2026-08-01,1,control,0,0.57,0.0228,0,0.0,0,0.0,1,871.22,0.0
EXP_DISCOUNT,C0116,Discount,2026-08-01,1,control,0,0.57,0.0319,0,0.0,0,0.0,0,0.0,0.0
EXP_FESTIVAL,C0116,Festival,2026-08-01,1,control,0,0.57,0.041,0,0.0,1,647.68,1,811.33,0.0
EXP_LOYALTY,C0116,Loyalty,2026-08-01,1,control,0,0.57,0.0501,1,270.11,1,423.79,1,577.51,0.0
EXP_NEW_PRODUCT,C0116,New Product,2026-08-01,1,control,0,0.57,0.0592,1,468.89,1,854.24,1,1018.41,0.0
EXP_WIN-BACK,C0116,Win-back,2026-08-01,1,treatment,1,0.57,0.0683,0,0.0,1,749.05,1,885.04,31.0
EXP_BIRTHDAY,C0117,Birthday,2026-08-01,1,treatment,1,0.5348,0.0224,0,0.0,0,0.0,1,1033.16,20.25
EXP_DISCOUNT,C0117,Discount,2026-08-01,1,treatment,1,0.5348,0.0314,0,0.0,0,0.0,1,1715.7,23.25
EXP_FESTIVAL,C0117,Festival,2026-08-01,1,treatment,1,0.5348,0.0404,0,0.0,0,0.0,0,0.0,29.0
EXP_LOYALTY,C0117,Loyalty,2026-08-01,1,treatment,1,0.5348,0.0494,0,0.0,1,836.7,1,1319.68,16.0
EXP_NEW_PRODUCT,C0117,New Product,2026-08-01,1,treatment,1,0.5348,0.0584,0,0.0,0,0.0,1,732.22,23.0
EXP_WIN-BACK,C0117,Win-back,2026-08-01,1,control,0,0.5348,0.0673,0,0.0,1,634.86,1,1192.21,0.0
EXP_BIRTHDAY,C0118,Birthday,2026-08-01,1,treatment,1,0.5685,0.0228,1,1111.13,1,1415.54,1,1913.92,20.25
EXP_DISCOUNT,C0118,Discount,2026-08-01,1,treatment,1,0.5685,0.0319,0,0.0,0,0.0,0,0.0,23.25
EXP_FESTIVAL,C0118,Festival,2026-08-01,1,control,0,0.5685,0.041,0,0.0,0,0.0,0,0.0,0.0
EXP_LOYALTY,C0118,Loyalty,2026-08-01,1,control,0,0.5685,0.0501,0,0.0,0,0.0,0,0.0,0.0
EXP_NEW_PRODUCT,C0118,New Product,2026-08-01,1,control,0,0.5685,0.0592,0,0.0,0,0.0,0,0.0,0.0
EXP_WIN-BACK,C0118,Win-back,2026-08-01,1,control,0,0.5685,0.0683,1,812.3,1,1293.26,1,1562.05,0.0
EXP_BIRTHDAY,C0119,Birthday,2026-08-01,1,control,0,0.2844,0.0201,0,0.0,0,0.0,0,0.0,0.0
EXP_DISCOUNT,C0119,Discount,2026-08-01,1,control,0,0.2844,0.0282,0,0.0,0,0.0,1,839.86,0.0
EXP_FESTIVAL,C0119,Festival,2026-08-01,1,control,0,0.2844,0.0362,0,0.0,0,0.0,0,0.0,0.0
EXP_LOYALTY,C0119,Loyalty,2026-08-01,1,control,0,0.2844,0.0443,0,0.0,0,0.0,0,0.0,0.0
EXP_NEW_PRODUCT,C0119,New Product,2026-08-01,1,treatment,1,0.2844,0.0523,1,156.1,1,264.33,1,374.87,23.0
EXP_WIN-BACK,C0119,Win-back,2026-08-01,1,treatment,1,0.2844,0.0604,0,0.0,0,0.0,0,0.0,31.0
EXP_BIRTHDAY,C0120,Birthday,2026-08-01,1,control,0,0.3993,0.0211,0,0.0,0,0.0,0,0.0,0.0
EXP_DISCOUNT,C0120,Discount,2026-08-01,1,control,0,0.3993,0.0296,0,0.0,1,466.73,1,552.1,0.0
EXP_FESTIVAL,C0120,Festival,2026-08-01,1,control,0,0.3993,0.0381,0,0.0,0,0.0,0,0.0,0.0
EXP_LOYALTY,C0120,Loyalty,2026-08-01,1,control,0,0.3993,0.0465,0,0.0,0,0.0,1,2824.98,0.0
EXP_NEW_PRODUCT,C0120,New Product,2026-08-01,1,treatment,1,0.3993,0.055,0,0.0,1,244.34,1,420.18,23.0
EXP_WIN-BACK,C0120,Win-back,2026-08-01,1,control,0,0.3993,0.0634,1,504.06,1,692.96,1,866.96,0.0
EXP_BIRTHDAY,C0121,Birthday,2026-08-01,1,treatment,1,0.2597,0.0199,0,0.0,1,693.82,1,1112.17,20.25
EXP_DISCOUNT,C0121,Discount,2026-08-01,1,control,0,0.2597,0.0279,0,0.0,0,0.0,0,0.0,0.0
EXP_FESTIVAL,C0121,Festival,2026-08-01,1,control,0,0.2597,0.0359,0,0.0,0,0.0,1,538.31,0.0
EXP_LOYALTY,C0121,Loyalty,2026-08-01,1,treatment,1,0.2597,0.0438,0,0.0,0,0.0,1,1505.99,16.0
EXP_NEW_PRODUCT,C0121,New Product,2026-08-01,1,treatment,1,0.2597,0.0518,0,0.0,0,0.0,0,0.0,23.0
EXP_WIN-BACK,C0121,Win-back,2026-08-01,1,control,0,0.2597,0.0598,0,0.0,0,0.0,0,0.0,0.0
EXP_BIRTHDAY,C0122,Birthday,2026-08-01,1,control,0,0.4717,0.0218,0,0.0,0,0.0,0,0.0,0.0
EXP_DISCOUNT,C0122,Discount,2026-08-01,1,treatment,1,0.4717,0.0306,1,418.4,1,669.12,1,1073.68,23.25
EXP_FESTIVAL,C0122,Festival,2026-08-01,1,treatment,1,0.4717,0.0393,0,0.0,1,1190.72,1,1572.94,29.0
EXP_LOYALTY,C0122,Loyalty,2026-08-01,1,treatment,1,0.4717,0.0481,0,0.0,0,0.0,1,2574.41,16.0
EXP_NEW_PRODUCT,C0122,New Product,2026-08-01,1,control,0,0.4717,0.0568,0,0.0,0,0.0,0,0.0,0.0
EXP_WIN-BACK,C0122,Win-back,2026-08-01,1,control,0,0.4717,0.0655,0,0.0,1,1123.68,1,1702.25,0.0
EXP_BIRTHDAY,C0123,Birthday,2026-08-01,1,treatment,1,0.523,0.0223,1,799.36,1,1188.15,1,1934.54,20.25
EXP_DISCOUNT,C0123,Discount,2026-08-01,1,control,0,0.523,0.0313,0,0.0,1,779.22,1,1417.23,0.0
EXP_FESTIVAL,C0123,Festival,2026-08-01,1,treatment,1,0.523,0.0402,1,308.36,1,684.65,1,1034.82,29.0
EXP_LOYALTY,C0123,Loyalty,2026-08-01,1,treatment,1,0.523,0.0491,0,0.0,1,984.46,1,1827.38,16.0
EXP_NEW_PRODUCT,C0123,New Product,2026-08-01,1,treatment,1,0.523,0.0581,0,0.0,0,0.0,0,0.0,23.0
EXP_WIN-BACK,C0123,Win-back,2026-08-01,1,treatment,1,0.523,0.067,1,1386.01,1,1996.8,1,2864.59,31.0
EXP_BIRTHDAY,C0124,Birthday,2026-08-01,1,control,0,0.5732,0.0228,0,0.0,1,595.73,1,963.92,0.0
EXP_DISCOUNT,C0124,Discount,2026-08-01,1,treatment,1,0.5732,0.0319,0,0.0,0,0.0,0,0.0,23.25
EXP_FESTIVAL,C0124,Festival,2026-08-01,1,treatment,1,0.5732,0.041,0,0.0,0,0.0,0,0.0,29.0
EXP_LOYALTY,C0124,Loyalty,2026-08-01,1,treatment,1,0.5732,0.0502,0,0.0,0,0.0,0,0.0,16.0
EXP_NEW_PRODUCT,C0124,New Product,2026-08-01,1,control,0,0.5732,0.0593,0,0.0,0,0.0,1,942.65,0.0
EXP_WIN-BACK,C0124,Win-back,2026-08-01,1,treatment,1,0.5732,0.0684,0,0.0,1,770.57,1,1407.06,31.0
EXP_BIRTHDAY,C0125,Birthday,2026-08-01,1,control,0,0.4614,0.0217,0,0.0,0,0.0,1,1012.75,0.0
EXP_DISCOUNT,C0125,Discount,2026-08-01,1,treatment,1,0.4614,0.0304,0,0.0,0,0.0,0,0.0,23.25
EXP_FESTIVAL,C0125,Festival,2026-08-01,1,treatment,1,0.4614,0.0391,0,0.0,0,0.0,0,0.0,29.0
EXP_LOYALTY,C0125,Loyalty,2026-08-01,1,control,0,0.4614,0.0478,0,0.0,0,0.0,0,0.0,0.0
EXP_NEW_PRODUCT,C0125,New Product,2026-08-01,1,treatment,1,0.4614,0.0565,0,0.0,0,0.0,0,0.0,23.0
EXP_WIN-BACK,C0125,Win-back,2026-08-01,1,control,0,0.4614,0.0652,0,0.0,0,0.0,1,1346.67,0.0
EXP_BIRTHDAY,C0126,Birthday,2026-08-01,1,treatment,1,0.4613,0.0217,1,255.78,1,302.82,1,666.31,20.25
EXP_DISCOUNT,C0126,Discount,2026-08-01,1,treatment,1,0.4613,0.0304,0,0.0,0,0.0,0,0.0,23.25
EXP_FESTIVAL,C0126,Festival,2026-08-01,1,treatment,1,0.4613,0.0391,1,1497.99,1,1798.14,1,2337.25,29.0
EXP_LOYALTY,C0126,Loyalty,2026-08-01,1,control,0,0.4613,0.0478,0,0.0,1,859.15,1,1307.38,0.0
EXP_NEW_PRODUCT,C0126,New Product,2026-08-01,1,treatment,1,0.4613,0.0565,1,476.53,1,971.9,1,1159.9,23.0
EXP_WIN-BACK,C0126,Win-back,2026-08-01,1,control,0,0.4613,0.0652,0,0.0,1,825.49,1,1214.78,0.0
EXP_BIRTHDAY,C0127,Birthday,2026-08-01,1,treatment,1,0.514,0.0222,0,0.0,1,1072.34,1,1643.96,20.25
EXP_DISCOUNT,C0127,Discount,2026-08-01,1,control,0,0.514,0.0311,0,0.0,0,0.0,0,0.0,0.0
EXP_FESTIVAL,C0127,Festival,2026-08-01,1,control,0,0.514,0.04,0,0.0,0,0.0,0,0.0,0.0
EXP_LOYALTY,C0127,Loyalty,2026-08-01,1,control,0,0.514,0.0489,0,0.0,0,0.0,0,0.0,0.0
EXP_NEW_PRODUCT,C0127,New Product,2026-08-01,1,treatment,1,0.514,0.0578,0,0.0,1,294.67,1,621.29,23.0
EXP_WIN-BACK,C0127,Win-back,2026-08-01,1,control,0,0.514,0.0667,0,0.0,0,0.0,1,725.15,0.0
EXP_BIRTHDAY,C0128,Birthday,2026-08-01,1,treatment,1,0.405,0.0212,0,0.0,0,0.0,0,0.0,20.25
EXP_DISCOUNT,C0128,Discount,2026-08-01,1,control,0,0.405,0.0297,0,0.0,0,0.0,0,0.0,0.0
EXP_FESTIVAL,C0128,Festival,2026-08-01,1,control,0,0.405,0.0382,0,0.0,1,1456.67,1,2118.37,0.0
EXP_LOYALTY,C0128,Loyalty,2026-08-01,1,treatment,1,0.405,0.0466,0,0.0,0,0.0,0,0.0,16.0
EXP_NEW_PRODUCT,C0128,New Product,2026-08-01,1,treatment,1,0.405,0.0551,0,0.0,0,0.0,0,0.0,23.0
EXP_WIN-BACK,C0128,Win-back,2026-08-01,1,control,0,0.405,0.0636,1,608.46,1,755.17,1,1331.46,0.0
EXP_BIRTHDAY,C0129,Birthday,2026-08-01,1,control,0,0.607,0.0231,0,0.0,0,0.0,0,0.0,0.0
EXP_DISCOUNT,C0129,Discount,2026-08-01,1,treatment,1,0.607,0.0323,0,0.0,0,0.0,0,0.0,23.25
EXP_FESTIVAL,C0129,Festival,2026-08-01,1,control,0,0.607,0.0416,1,711.97,1,1112.98,1,1490.07,0.0
EXP_LOYALTY,C0129,Loyalty,2026-08-01,1,control,0,0.607,0.0508,1,1013.94,1,1467.42,1,1848.44,0.0
EXP_NEW_PRODUCT,C0129,New Product,2026-08-01,1,treatment,1,0.607,0.06,0,0.0,0,0.0,0,0.0,23.0
EXP_WIN-BACK,C0129,Win-back,2026-08-01,1,treatment,1,0.607,0.0693,1,1638.3,1,2350.11,1,3208.61,31.0
EXP_BIRTHDAY,C0130,Birthday,2026-08-01,1,treatment,1,0.5227,0.0223,0,0.0,1,588.61,1,778.7,20.25
EXP_DISCOUNT,C0130,Discount,2026-08-01,1,treatment,1,0.5227,0.0313,0,0.0,0,0.0,0,0.0,23.25
EXP_FESTIVAL,C0130,Festival,2026-08-01,1,control,0,0.5227,0.0402,0,0.0,0,0.0,1,2850.62,0.0
EXP_LOYALTY,C0130,Loyalty,2026-08-01,1,control,0,0.5227,0.0491,0,0.0,0,0.0,1,558.82,0.0
EXP_NEW_PRODUCT,C0130,New Product,2026-08-01,1,treatment,1,0.5227,0.0581,0,0.0,0,0.0,0,0.0,23.0
EXP_WIN-BACK,C0130,Win-back,2026-08-01,1,treatment,1,0.5227,0.067,1,648.11,1,1183.14,1,1887.71,31.0
EXP_BIRTHDAY,C0131,Birthday,2026-08-01,1,control,0,0.3045,0.0203,0,0.0,0,0.0,0,0.0,0.0
EXP_DISCOUNT,C0131,Discount,2026-08-01,1,treatment,1,0.3045,0.0284,0,0.0,0,0.0,0,0.0,23.25
EXP_FESTIVAL,C0131,Festival,2026-08-01,1,treatment,1,0.3045,0.0365,0,0.0,0,0.0,0,0.0,29.0
EXP_LOYALTY,C0131,Loyalty,2026-08-01,1,treatment,1,0.3045,0.0446,0,0.0,0,0.0,1,1643.92,16.0
EXP_NEW_PRODUCT,C0131,New Product,2026-08-01,1,control,0,0.3045,0.0528,0,0.0,0,0.0,0,0.0,0.0
EXP_WIN-BACK,C0131,Win-back,2026-08-01,1,treatment,1,0.3045,0.0609,0,0.0,0,0.0,0,0.0,31.0
EXP_BIRTHDAY,C0132,Birthday,2026-08-01,1,control,0,0.6005,0.023,1,1460.28,1,1915.45,1,2683.74,0.0
EXP_DISCOUNT,C0132,Discount,2026-08-01,1,control,0,0.6005,0.0323,1,382.0,1,467.2,1,698.64,0.0
EXP_FESTIVAL,C0132,Festival,2026-08-01,1,control,0,0.6005,0.0415,0,0.0,0,0.0,0,0.0,0.0
EXP_LOYALTY,C0132,Loyalty,2026-08-01,1,control,0,0.6005,0.0507,0,0.0,0,0.0,0,0.0,0.0
EXP_NEW_PRODUCT,C0132,New Product,2026-08-01,1,treatment,1,0.6005,0.0599,1,246.24,1,475.38,1,859.53,23.0
EXP_WIN-BACK,C0132,Win-back,2026-08-01,1,control,0,0.6005,0.0691,0,0.0,0,0.0,1,887.26,0.0
EXP_BIRTHDAY,C0133,Birthday,2026-08-01,1,control,0,0.6283,0.0233,0,0.0,1,872.69,1,1529.11,0.0
EXP_DISCOUNT,C0133,Discount,2026-08-01,1,treatment,1,0.6283,0.0326,0,0.0,0,0.0,0,0.0,23.25
EXP_FESTIVAL,C0133,Festival,2026-08-01,1,control,0,0.6283,0.0419,0,0.0,1,549.44,1,984.23,0.0
EXP_LOYALTY,C0133,Loyalty,2026-08-01,1,treatment,1,0.6283,0.0512,1,609.04,1,1157.51,1,1832.46,16.0
EXP_NEW_PRODUCT,C0133,New Product,2026-08-01,1,treatment,1,0.6283,0.0605,1,515.02,1,829.72,1,1002.59,23.0
EXP_WIN-BACK,C0133,Win-back,2026-08-01,1,control,0,0.6283,0.0698,1,1239.69,1,1574.76,1,2087.41,0.0
EXP_BIRTHDAY,C0134,Birthday,2026-08-01,1,treatment,1,0.4761,0.0219,0,0.0,0,0.0,0,0.0,20.25
EXP_DISCOUNT,C0134,Discount,2026-08-01,1,treatment,1,0.4761,0.0306,1,850.47,1,1089.22,1,2290.85,23.25
EXP_FESTIVAL,C0134,Festival,2026-08-01,1,control,0,0.4761,0.0394,0,0.0,0,0.0,0,0.0,0.0
EXP_LOYALTY,C0134,Loyalty,2026-08-01,1,control,0,0.4761,0.0481,0,0.0,0,0.0,0,0.0,0.0
EXP_NEW_PRODUCT,C0134,New Product,2026-08-01,1,treatment,1,0.4761,0.0569,0,0.0,1,756.25,1,1441.98,23.0
EXP_WIN-BACK,C0134,Win-back,2026-08-01,1,treatment,1,0.4761,0.0657,1,352.73,1,418.48,1,727.99,31.0
EXP_BIRTHDAY,C0135,Birthday,2026-08-01,1,control,0,0.5155,0.0223,0,0.0,0,0.0,1,619.88,0.0
EXP_DISCOUNT,C0135,Discount,2026-08-01,1,treatment,1,0.5155,0.0312,1,304.78,1,424.01,1,502.0,23.25
EXP_FESTIVAL,C0135,Festival,2026-08-01,1,control,0,0.5155,0.0401,0,0.0,0,0.0,0,0.0,0.0
EXP_LOYALTY,C0135,Loyalty,2026-08-01,1,control,0,0.5155,0.049,0,0.0,1,528.81,1,809.95,0.0
EXP_NEW_PRODUCT,C0135,New Product,2026-08-01,1,control,0,0.5155,0.0579,0,0.0,1,448.2,1,929.46,0.0
EXP_WIN-BACK,C0135,Win-back,2026-08-01,1,control,0,0.5155,0.0668,0,0.0,0,0.0,0,0.0,0.0
EXP_BIRTHDAY,C0136,Birthday,2026-08-01,1,treatment,1,0.7047,0.0239,1,625.32,1,856.64,1,1275.96,20.25
EXP_DISCOUNT,C0136,Discount,2026-08-01,1,control,0,0.7047,0.0334,0,0.0,1,1254.46,1,1524.77,0.0
EXP_FESTIVAL,C0136,Festival,2026-08-01,1,control,0,0.7047,0.0429,0,0.0,0,0.0,0,0.0,0.0
EXP_LOYALTY,C0136,Loyalty,2026-08-01,1,control,0,0.7047,0.0525,0,0.0,1,664.71,1,1399.31,0.0
EXP_NEW_PRODUCT,C0136,New Product,2026-08-01,1,treatment,1,0.7047,0.062,1,1160.94,1,1692.12,1,2208.28,23.0
EXP_WIN-BACK,C0136,Win-back,2026-08-01,1,treatment,1,0.7047,0.0716,1,403.96,1,693.8,1,1234.01,31.0
EXP_BIRTHDAY,C0137,Birthday,2026-08-01,1,treatment,1,0.4654,0.0218,0,0.0,0,0.0,0,0.0,20.25
EXP_DISCOUNT,C0137,Discount,2026-08-01,1,control,0,0.4654,0.0305,0,0.0,0,0.0,0,0.0,0.0
EXP_FESTIVAL,C0137,Festival,2026-08-01,1,treatment,1,0.4654,0.0392,0,0.0,0,0.0,0,0.0,29.0
EXP_LOYALTY,C0137,Loyalty,2026-08-01,1,control,0,0.4654,0.0479,0,0.0,0,0.0,1,1314.2,0.0
EXP_NEW_PRODUCT,C0137,New Product,2026-08-01,1,treatment,1,0.4654,0.0566,1,569.48,1,684.76,1,1361.3,23.0
EXP_WIN-BACK,C0137,Win-back,2026-08-01,1,treatment,1,0.4654,0.0653,1,1199.33,1,1466.78,1,2172.41,31.0
EXP_BIRTHDAY,C0138,Birthday,2026-08-01,1,treatment,1,0.7132,0.0239,0,0.0,1,2273.04,1,2835.03,20.25
EXP_DISCOUNT,C0138,Discount,2026-08-01,1,treatment,1,0.7132,0.0335,0,0.0,0,0.0,0,0.0,23.25
EXP_FESTIVAL,C0138,Festival,2026-08-01,1,control,0,0.7132,0.043,0,0.0,1,574.76,1,1171.61,0.0
EXP_LOYALTY,C0138,Loyalty,2026-08-01,1,treatment,1,0.7132,0.0526,1,344.2,1,719.02,1,987.06,16.0
EXP_NEW_PRODUCT,C0138,New Product,2026-08-01,1,treatment,1,0.7132,0.0622,1,791.83,1,953.3,1,1262.04,23.0
EXP_WIN-BACK,C0138,Win-back,2026-08-01,1,treatment,1,0.7132,0.0717,0,0.0,0,0.0,0,0.0,31.0
EXP_BIRTHDAY,C0139,Birthday,2026-08-01,1,control,0,0.5693,0.0228,0,0.0,0,0.0,0,0.0,0.0
EXP_DISCOUNT,C0139,Discount,2026-08-01,1,control,0,0.5693,0.0319,0,0.0,0,0.0,0,0.0,0.0
EXP_FESTIVAL,C0139,Festival,2026-08-01,1,control,0,0.5693,0.041,0,0.0,1,1114.65,1,1557.09,0.0
EXP_LOYALTY,C0139,Loyalty,2026-08-01,1,treatment,1,0.5693,0.0501,1,496.33,1,707.63,1,1003.03,16.0
EXP_NEW_PRODUCT,C0139,New Product,2026-08-01,1,treatment,1,0.5693,0.0592,0,0.0,1,483.78,1,709.76,23.0
EXP_WIN-BACK,C0139,Win-back,2026-08-01,1,treatment,1,0.5693,0.0683,0,0.0,0,0.0,1,607.81,31.0
EXP_BIRTHDAY,C0140,Birthday,2026-08-01,1,treatment,1,0.4937,0.0221,0,0.0,1,959.13,1,1128.7,20.25
EXP_DISCOUNT,C0140,Discount,2026-08-01,1,control,0,0.4937,0.0309,1,313.23,1,654.44,1,948.67,0.0
EXP_FESTIVAL,C0140,Festival,2026-08-01,1,control,0,0.4937,0.0397,0,0.0,0,0.0,0,0.0,0.0
EXP_LOYALTY,C0140,Loyalty,2026-08-01,1,control,0,0.4937,0.0485,0,0.0,0,0.0,0,0.0,0.0
EXP_NEW_PRODUCT,C0140,New Product,2026-08-01,1,treatment,1,0.4937,0.0573,0,0.0,1,454.44,1,791.04,23.0
EXP_WIN-BACK,C0140,Win-back,2026-08-01,1,treatment,1,0.4937,0.0662,0,0.0,0,0.0,1,632.46,31.0
EXP_BIRTHDAY,C0141,Birthday,2026-08-01,1,control,0,0.3447,0.0206,0,0.0,0,0.0,0,0.0,0.0
EXP_DISCOUNT,C0141,Discount,2026-08-01,1,control,0,0.3447,0.0289,0,0.0,0,0.0,0,0.0,0.0
EXP_FESTIVAL,C0141,Festival,2026-08-01,1,treatment,1,0.3447,0.0372,0,0.0,0,0.0,0,0.0,29.0
EXP_LOYALTY,C0141,Loyalty,2026-08-01,1,treatment,1,0.3447,0.0454,1,1609.16,1,2438.62,1,4129.47,16.0
EXP_NEW_PRODUCT,C0141,New Product,2026-08-01,1,control,0,0.3447,0.0537,0,0.0,1,810.67,1,1580.13,0.0
EXP_WIN-BACK,C0141,Win-back,2026-08-01,1,treatment,1,0.3447,0.0619,0,0.0,0,0.0,0,0.0,31.0
EXP_BIRTHDAY,C0142,Birthday,2026-08-01,1,control,0,0.4257,0.0214,0,0.0,0,0.0,0,0.0,0.0
EXP_DISCOUNT,C0142,Discount,2026-08-01,1,control,0,0.4257,0.03,0,0.0,0,0.0,0,0.0,0.0
EXP_FESTIVAL,C0142,Festival,2026-08-01,1,treatment,1,0.4257,0.0385,1,200.71,1,309.64,1,532.42,29.0
EXP_LOYALTY,C0142,Loyalty,2026-08-01,1,treatment,1,0.4257,0.0471,0,0.0,0,0.0,0,0.0,16.0
EXP_NEW_PRODUCT,C0142,New Product,2026-08-01,1,treatment,1,0.4257,0.0556,0,0.0,0,0.0,0,0.0,23.0
EXP_WIN-BACK,C0142,Win-back,2026-08-01,1,control,0,0.4257,0.0642,1,553.31,1,960.81,1,1395.37,0.0
EXP_BIRTHDAY,C0143,Birthday,2026-08-01,1,treatment,1,0.5406,0.0225,0,0.0,0,0.0,0,0.0,20.25
EXP_DISCOUNT,C0143,Discount,2026-08-01,1,control,0,0.5406,0.0315,0,0.0,0,0.0,1,581.81,0.0
EXP_FESTIVAL,C0143,Festival,2026-08-01,1,control,0,0.5406,0.0405,0,0.0,1,660.86,1,809.72,0.0
EXP_LOYALTY,C0143,Loyalty,2026-08-01,1,treatment,1,0.5406,0.0495,0,0.0,0,0.0,0,0.0,16.0
EXP_NEW_PRODUCT,C0143,New Product,2026-08-01,1,treatment,1,0.5406,0.0585,0,0.0,0,0.0,0,0.0,23.0
EXP_WIN-BACK,C0143,Win-back,2026-08-01,1,control,0,0.5406,0.0675,0,0.0,0,0.0,0,0.0,0.0
EXP_BIRTHDAY,C0144,Birthday,2026-08-01,1,treatment,1,0.5645,0.0227,0,0.0,0,0.0,0,0.0,20.25
EXP_DISCOUNT,C0144,Discount,2026-08-01,1,control,0,0.5645,0.0318,0,0.0,0,0.0,0,0.0,0.0
EXP_FESTIVAL,C0144,Festival,2026-08-01,1,treatment,1,0.5645,0.0409,1,1087.17,1,2356.57,1,2806.63,29.0
EXP_LOYALTY,C0144,Loyalty,2026-08-01,1,control,0,0.5645,0.05,0,0.0,0,0.0,0,0.0,0.0
EXP_NEW_PRODUCT,C0144,New Product,2026-08-01,1,treatment,1,0.5645,0.0591,0,0.0,0,0.0,1,2442.7,23.0
EXP_WIN-BACK,C0144,Win-back,2026-08-01,1,control,0,0.5645,0.0682,0,0.0,0,0.0,1,1270.48,0.0
EXP_BIRTHDAY,C0145,Birthday,2026-08-01,1,control,0,0.5595,0.0227,0,0.0,1,719.33,1,1428.41,0.0
EXP_DISCOUNT,C0145,Discount,2026-08-01,1,control,0,0.5595,0.0317,1,561.09,1,733.72,1,1051.16,0.0
EXP_FESTIVAL,C0145,Festival,2026-08-01,1,treatment,1,0.5595,0.0408,0,0.0,0,0.0,0,0.0,29.0
EXP_LOYALTY,C0145,Loyalty,2026-08-01,1,control,0,0.5595,0.0499,0,0.0,1,1223.9,1,1850.29,0.0
EXP_NEW_PRODUCT,C0145,New Product,2026-08-01,1,treatment,1,0.5595,0.0589,0,0.0,0,0.0,0,0.0,23.0
EXP_WIN-BACK,C0145,Win-back,2026-08-01,1,control,0,0.5595,0.068,0,0.0,0,0.0,0,0.0,0.0
EXP_BIRTHDAY,C0146,Birthday,2026-08-01,1,control,0,0.4355,0.0215,0,0.0,0,0.0,0,0.0,0.0
EXP_DISCOUNT,C0146,Discount,2026-08-01,1,control,0,0.4355,0.0301,1,271.17,1,468.4,1,805.49,0.0
EXP_FESTIVAL,C0146,Festival,2026-08-01,1,treatment,1,0.4355,0.0387,0,0.0,0,0.0,0,0.0,29.0
EXP_LOYALTY,C0146,Loyalty,2026-08-01,1,treatment,1,0.4355,0.0473,1,268.47,1,459.18,1,572.84,16.0
EXP_NEW_PRODUCT,C0146,New Product,2026-08-01,1,control,0,0.4355,0.0559,0,0.0,0,0.0,0,0.0,0.0
EXP_WIN-BACK,C0146,Win-back,2026-08-01,1,treatment,1,0.4355,0.0645,0,0.0,0,0.0,0,0.0,31.0
EXP_BIRTHDAY,C0147,Birthday,2026-08-01,1,control,0,0.6,0.023,1,600.06,1,786.54,1,929.34,0.0
EXP_DISCOUNT,C0147,Discount,2026-08-01,1,control,0,0.6,0.0322,0,0.0,0,0.0,0,0.0,0.0
EXP_FESTIVAL,C0147,Festival,2026-08-01,1,treatment,1,0.6,0.0415,0,0.0,0,0.0,0,0.0,29.0
EXP_LOYALTY,C0147,Loyalty,2026-08-01,1,treatment,1,0.6,0.0507,0,0.0,0,0.0,0,0.0,16.0
EXP_NEW_PRODUCT,C0147,New Product,2026-08-01,1,treatment,1,0.6,0.0599,0,0.0,0,0.0,1,608.51,23.0
EXP_WIN-BACK,C0147,Win-back,2026-08-01,1,treatment,1,0.6,0.0691,0,0.0,1,511.79,1,762.8,31.0
EXP_BIRTHDAY,C0148,Birthday,2026-08-01,1,treatment,1,0.3633,0.0208,0,0.0,0,0.0,0,0.0,20.25
EXP_DISCOUNT,C0148,Discount,2026-08-01,1,treatment,1,0.3633,0.0291,0,0.0,0,0.0,0,0.0,23.25
EXP_FESTIVAL,C0148,Festival,2026-08-01,1,control,0,0.3633,0.0375,0,0.0,0,0.0,0,0.0,0.0
EXP_LOYALTY,C0148,Loyalty,2026-08-01,1,control,0,0.3633,0.0458,0,0.0,0,0.0,0,0.0,0.0
EXP_NEW_PRODUCT,C0148,New Product,2026-08-01,1,control,0,0.3633,0.0541,0,0.0,0,0.0,0,0.0,0.0
EXP_WIN-BACK,C0148,Win-back,2026-08-01,1,control,0,0.3633,0.0624,0,0.0,0,0.0,0,0.0,0.0
EXP_BIRTHDAY,C0149,Birthday,2026-08-01,1,control,0,0.4834,0.022,0,0.0,0,0.0,0,0.0,0.0
EXP_DISCOUNT,C0149,Discount,2026-08-01,1,control,0,0.4834,0.0307,0,0.0,0,0.0,1,1253.03,0.0
EXP_FESTIVAL,C0149,Festival,2026-08-01,1,control,0,0.4834,0.0395,0,0.0,0,0.0,0,0.0,0.0
EXP_LOYALTY,C0149,Loyalty,2026-08-01,1,treatment,1,0.4834,0.0483,0,0.0,0,0.0,0,0.0,16.0
EXP_NEW_PRODUCT,C0149,New Product,2026-08-01,1,control,0,0.4834,0.0571,0,0.0,0,0.0,0,0.0,0.0
EXP_WIN-BACK,C0149,Win-back,2026-08-01,1,treatment,1,0.4834,0.0659,0,0.0,0,0.0,0,0.0,31.0
EXP_BIRTHDAY,C0150,Birthday,2026-08-01,1,treatment,1,0.2606,0.0199,0,0.0,0,0.0,0,0.0,20.25
EXP_DISCOUNT,C0150,Discount,2026-08-01,1,treatment,1,0.2606,0.0279,0,0.0,0,0.0,0,0.0,23.25
EXP_FESTIVAL,C0150,Festival,2026-08-01,1,control,0,0.2606,0.0359,0,0.0,0,0.0,0,0.0,0.0
EXP_LOYALTY,C0150,Loyalty,2026-08-01,1,treatment,1,0.2606,0.0439,0,0.0,0,0.0,0,0.0,16.0
EXP_NEW_PRODUCT,C0150,New Product,2026-08-01,1,control,0,0.2606,0.0518,0,0.0,0,0.0,0,0.0,0.0
EXP_WIN-BACK,C0150,Win-back,2026-08-01,1,control,0,0.2606,0.0598,0,0.0,0,0.0,0,0.0,0.0
EXP_BIRTHDAY,C0151,Birthday,2026-08-01,1,control,0,0.3143,0.0204,0,0.0,0,0.0,0,0.0,0.0
EXP_DISCOUNT,C0151,Discount,2026-08-01,1,control,0,0.3143,0.0285,0,0.0,0,0.0,0,0.0,0.0
EXP_FESTIVAL,C0151,Festival,2026-08-01,1,control,0,0.3143,0.0367,0,0.0,0,0.0,1,454.82,0.0
EXP_LOYALTY,C0151,Loyalty,2026-08-01,1,control,0,0.3143,0.0448,1,163.5,1,331.36,1,531.94,0.0
EXP_NEW_PRODUCT,C0151,New Product,2026-08-01,1,treatment,1,0.3143,0.053,0,0.0,0,0.0,0,0.0,23.0
EXP_WIN-BACK,C0151,Win-back,2026-08-01,1,treatment,1,0.3143,0.0611,1,95.79,1,130.85,1,253.7,31.0
EXP_BIRTHDAY,C0152,Birthday,2026-08-01,1,control,0,0.4588,0.0217,0,0.0,1,325.72,1,404.36,0.0
EXP_DISCOUNT,C0152,Discount,2026-08-01,1,control,0,0.4588,0.0304,0,0.0,0,0.0,0,0.0,0.0
EXP_FESTIVAL,C0152,Festival,2026-08-01,1,treatment,1,0.4588,0.0391,0,0.0,0,0.0,1,1564.76,29.0
EXP_LOYALTY,C0152,Loyalty,2026-08-01,1,treatment,1,0.4588,0.0478,0,0.0,0,0.0,0,0.0,16.0
EXP_NEW_PRODUCT,C0152,New Product,2026-08-01,1,control,0,0.4588,0.0565,0,0.0,0,0.0,0,0.0,0.0
EXP_WIN-BACK,C0152,Win-back,2026-08-01,1,treatment,1,0.4588,0.0652,1,421.81,1,514.19,1,791.9,31.0
EXP_BIRTHDAY,C0153,Birthday,2026-08-01,1,control,0,0.5211,0.0223,0,0.0,0,0.0,1,840.28,0.0
EXP_DISCOUNT,C0153,Discount,2026-08-01,1,treatment,1,0.5211,0.0312,0,0.0,0,0.0,0,0.0,23.25
EXP_FESTIVAL,C0153,Festival,2026-08-01,1,control,0,0.5211,0.0402,0,0.0,0,0.0,0,0.0,0.0
EXP_LOYALTY,C0153,Loyalty,2026-08-01,1,treatment,1,0.5211,0.0491,0,0.0,0,0.0,0,0.0,16.0
EXP_NEW_PRODUCT,C0153,New Product,2026-08-01,1,treatment,1,0.5211,0.058,0,0.0,0,0.0,0,0.0,23.0
EXP_WIN-BACK,C0153,Win-back,2026-08-01,1,treatment,1,0.5211,0.0669,0,0.0,1,912.26,1,1172.51,31.0
EXP_BIRTHDAY,C0154,Birthday,2026-08-01,1,treatment,1,0.5882,0.0229,0,0.0,0,0.0,0,0.0,20.25
EXP_DISCOUNT,C0154,Discount,2026-08-01,1,treatment,1,0.5882,0.0321,0,0.0,0,0.0,0,0.0,23.25
EXP_FESTIVAL,C0154,Festival,2026-08-01,1,control,0,0.5882,0.0413,0,0.0,0,0.0,1,947.83,0.0
EXP_LOYALTY,C0154,Loyalty,2026-08-01,1,treatment,1,0.5882,0.0504,0,0.0,1,1203.42,1,2070.48,16.0
EXP_NEW_PRODUCT,C0154,New Product,2026-08-01,1,control,0,0.5882,0.0596,1,1683.81,1,2096.54,1,2627.96,0.0
EXP_WIN-BACK,C0154,Win-back,2026-08-01,1,control,0,0.5882,0.0688,1,551.67,1,1025.37,1,1576.32,0.0
EXP_BIRTHDAY,C0155,Birthday,2026-08-01,1,control,0,0.4603,0.0217,1,123.74,1,229.02,1,432.45,0.0
EXP_DISCOUNT,C0155,Discount,2026-08-01,1,control,0,0.4603,0.0304,0,0.0,0,0.0,1,1782.07,0.0
EXP_FESTIVAL,C0155,Festival,2026-08-01,1,control,0,0.4603,0.0391,1,637.21,1,911.96,1,1091.23,0.0
EXP_LOYALTY,C0155,Loyalty,2026-08-01,1,treatment,1,0.4603,0.0478,0,0.0,0,0.0,1,1034.21,16.0
EXP_NEW_PRODUCT,C0155,New Product,2026-08-01,1,control,0,0.4603,0.0565,0,0.0,0,0.0,0,0.0,0.0
EXP_WIN-BACK,C0155,Win-back,2026-08-01,1,control,0,0.4603,0.0652,1,601.38,1,975.84,1,1415.2,0.0
EXP_BIRTHDAY,C0156,Birthday,2026-08-01,1,control,0,0.6769,0.0237,0,0.0,1,1698.94,1,2559.6,0.0
EXP_DISCOUNT,C0156,Discount,2026-08-01,1,treatment,1,0.6769,0.0331,0,0.0,1,1752.75,1,2329.7,23.25
EXP_FESTIVAL,C0156,Festival,2026-08-01,1,treatment,1,0.6769,0.0426,1,1089.83,1,2040.59,1,3586.7,29.0
EXP_LOYALTY,C0156,Loyalty,2026-08-01,1,treatment,1,0.6769,0.052,1,760.44,1,1232.84,1,2401.26,16.0
EXP_NEW_PRODUCT,C0156,New Product,2026-08-01,1,control,0,0.6769,0.0615,1,1143.29,1,1583.98,1,1965.22,0.0
EXP_WIN-BACK,C0156,Win-back,2026-08-01,1,treatment,1,0.6769,0.071,1,715.62,1,1051.87,1,1747.29,31.0
EXP_BIRTHDAY,C0157,Birthday,2026-08-01,1,treatment,1,0.5631,0.0227,0,0.0,0,0.0,0,0.0,20.25
EXP_DISCOUNT,C0157,Discount,2026-08-01,1,treatment,1,0.5631,0.0318,0,0.0,0,0.0,1,3094.91,23.25
EXP_FESTIVAL,C0157,Festival,2026-08-01,1,control,0,0.5631,0.0409,1,1666.32,1,2686.37,1,5182.03,0.0
EXP_LOYALTY,C0157,Loyalty,2026-08-01,1,treatment,1,0.5631,0.05,1,2897.71,1,4163.05,1,5010.2,16.0
EXP_NEW_PRODUCT,C0157,New Product,2026-08-01,1,treatment,1,0.5631,0.059,0,0.0,1,1805.35,1,2404.63,23.0
EXP_WIN-BACK,C0157,Win-back,2026-08-01,1,treatment,1,0.5631,0.0681,1,684.64,1,852.24,1,1370.14,31.0
EXP_BIRTHDAY,C0158,Birthday,2026-08-01,1,treatment,1,0.4649,0.0218,0,0.0,0,0.0,0,0.0,20.25
EXP_DISCOUNT,C0158,Discount,2026-08-01,1,control,0,0.4649,0.0305,1,359.48,1,574.6,1,800.24,0.0
EXP_FESTIVAL,C0158,Festival,2026-08-01,1,control,0,0.4649,0.0392,0,0.0,0,0.0,0,0.0,0.0
EXP_LOYALTY,C0158,Loyalty,2026-08-01,1,control,0,0.4649,0.0479,0,0.0,0,0.0,0,0.0,0.0
EXP_NEW_PRODUCT,C0158,New Product,2026-08-01,1,control,0,0.4649,0.0566,0,0.0,0,0.0,0,0.0,0.0
EXP_WIN-BACK,C0158,Win-back,2026-08-01,1,control,0,0.4649,0.0653,0,0.0,0,0.0,0,0.0,0.0
EXP_BIRTHDAY,C0159,Birthday,2026-08-01,1,control,0,0.4964,0.0221,0,0.0,0,0.0,0,0.0,0.0
EXP_DISCOUNT,C0159,Discount,2026-08-01,1,treatment,1,0.4964,0.0309,0,0.0,0,0.0,0,0.0,23.25
EXP_FESTIVAL,C0159,Festival,2026-08-01,1,control,0,0.4964,0.0397,0,0.0,0,0.0,0,0.0,0.0
EXP_LOYALTY,C0159,Loyalty,2026-08-01,1,treatment,1,0.4964,0.0486,0,0.0,0,0.0,0,0.0,16.0
EXP_NEW_PRODUCT,C0159,New Product,2026-08-01,1,control,0,0.4964,0.0574,0,0.0,0,0.0,0,0.0,0.0
EXP_WIN-BACK,C0159,Win-back,2026-08-01,1,treatment,1,0.4964,0.0662,0,0.0,0,0.0,0,0.0,31.0
EXP_BIRTHDAY,C0160,Birthday,2026-08-01,1,control,0,0.2439,0.0198,0,0.0,0,0.0,0,0.0,0.0
EXP_DISCOUNT,C0160,Discount,2026-08-01,1,control,0,0.2439,0.0277,0,0.0,0,0.0,0,0.0,0.0
EXP_FESTIVAL,C0160,Festival,2026-08-01,1,control,0,0.2439,0.0357,0,0.0,1,841.91,1,1095.78,0.0
EXP_LOYALTY,C0160,Loyalty,2026-08-01,1,treatment,1,0.2439,0.0436,1,214.19,1,440.68,1,673.51,16.0
EXP_NEW_PRODUCT,C0160,New Product,2026-08-01,1,control,0,0.2439,0.0515,0,0.0,0,0.0,0,0.0,0.0
EXP_WIN-BACK,C0160,Win-back,2026-08-01,1,control,0,0.2439,0.0594,0,0.0,0,0.0,0,0.0,0.0
EXP_BIRTHDAY,C0161,Birthday,2026-08-01,1,treatment,1,0.5561,0.0226,0,0.0,1,800.87,1,1259.54,20.25
EXP_DISCOUNT,C0161,Discount,2026-08-01,1,treatment,1,0.5561,0.0317,1,693.34,1,820.26,1,1589.56,23.25
EXP_FESTIVAL,C0161,Festival,2026-08-01,1,treatment,1,0.5561,0.0408,1,828.35,1,1264.62,1,1650.91,29.0
EXP_LOYALTY,C0161,Loyalty,2026-08-01,1,treatment,1,0.5561,0.0498,0,0.0,0,0.0,0,0.0,16.0
EXP_NEW_PRODUCT,C0161,New Product,2026-08-01,1,control,0,0.5561,0.0589,0,0.0,0,0.0,0,0.0,0.0
EXP_WIN-BACK,C0161,Win-back,2026-08-01,1,control,0,0.5561,0.0679,0,0.0,0,0.0,0,0.0,0.0
EXP_BIRTHDAY,C0162,Birthday,2026-08-01,1,control,0,0.5851,0.0229,0,0.0,0,0.0,0,0.0,0.0
EXP_DISCOUNT,C0162,Discount,2026-08-01,1,treatment,1,0.5851,0.0321,0,0.0,0,0.0,0,0.0,23.25
EXP_FESTIVAL,C0162,Festival,2026-08-01,1,treatment,1,0.5851,0.0412,0,0.0,0,0.0,0,0.0,29.0
EXP_LOYALTY,C0162,Loyalty,2026-08-01,1,control,0,0.5851,0.0504,0,0.0,0,0.0,1,1191.83,0.0
EXP_NEW_PRODUCT,C0162,New Product,2026-08-01,1,control,0,0.5851,0.0595,0,0.0,0,0.0,0,0.0,0.0
EXP_WIN-BACK,C0162,Win-back,2026-08-01,1,control,0,0.5851,0.0687,1,365.34,1,630.0,1,1169.64,0.0
EXP_BIRTHDAY,C0163,Birthday,2026-08-01,1,treatment,1,0.5254,0.0224,0,0.0,0,0.0,1,1080.27,20.25
EXP_DISCOUNT,C0163,Discount,2026-08-01,1,control,0,0.5254,0.0313,1,388.81,1,676.25,1,1269.6,0.0
EXP_FESTIVAL,C0163,Festival,2026-08-01,1,treatment,1,0.5254,0.0402,1,803.72,1,975.07,1,1389.32,29.0
EXP_LOYALTY,C0163,Loyalty,2026-08-01,1,control,0,0.5254,0.0492,0,0.0,0,0.0,0,0.0,0.0
EXP_NEW_PRODUCT,C0163,New Product,2026-08-01,1,treatment,1,0.5254,0.0581,1,612.67,1,986.38,1,1627.42,23.0
EXP_WIN-BACK,C0163,Win-back,2026-08-01,1,treatment,1,0.5254,0.0671,0,0.0,0,0.0,0,0.0,31.0
EXP_BIRTHDAY,C0164,Birthday,2026-08-01,1,control,0,0.5352,0.0224,0,0.0,0,0.0,0,0.0,0.0
EXP_DISCOUNT,C0164,Discount,2026-08-01,1,control,0,0.5352,0.0314,0,0.0,0,0.0,0,0.0,0.0
EXP_FESTIVAL,C0164,Festival,2026-08-01,1,treatment,1,0.5352,0.0404,0,0.0,0,0.0,0,0.0,29.0
EXP_LOYALTY,C0164,Loyalty,2026-08-01,1,control,0,0.5352,0.0494,1,447.24,1,698.42,1,998.1,0.0
EXP_NEW_PRODUCT,C0164,New Product,2026-08-01,1,control,0,0.5352,0.0584,0,0.0,1,732.91,1,1011.98,0.0
EXP_WIN-BACK,C0164,Win-back,2026-08-01,1,treatment,1,0.5352,0.0673,0,0.0,0,0.0,0,0.0,31.0
EXP_BIRTHDAY,C0165,Birthday,2026-08-01,1,treatment,1,0.6952,0.0238,0,0.0,0,0.0,1,1684.62,20.25
EXP_DISCOUNT,C0165,Discount,2026-08-01,1,control,0,0.6952,0.0333,0,0.0,0,0.0,0,0.0,0.0
EXP_FESTIVAL,C0165,Festival,2026-08-01,1,treatment,1,0.6952,0.0428,0,0.0,1,1457.05,1,2402.85,29.0
EXP_LOYALTY,C0165,Loyalty,2026-08-01,1,control,0,0.6952,0.0523,0,0.0,1,1246.19,1,2582.36,0.0
EXP_NEW_PRODUCT,C0165,New Product,2026-08-01,1,treatment,1,0.6952,0.0618,0,0.0,1,700.71,1,1208.85,23.0
EXP_WIN-BACK,C0165,Win-back,2026-08-01,1,control,0,0.6952,0.0714,0,0.0,1,425.42,1,800.45,0.0
EXP_BIRTHDAY,C0166,Birthday,2026-08-01,1,treatment,1,0.3785,0.021,0,0.0,1,833.59,1,1002.91,20.25
EXP_DISCOUNT,C0166,Discount,2026-08-01,1,treatment,1,0.3785,0.0293,0,0.0,0,0.0,0,0.0,23.25
EXP_FESTIVAL,C0166,Festival,2026-08-01,1,control,0,0.3785,0.0377,0,0.0,0,0.0,0,0.0,0.0
EXP_LOYALTY,C0166,Loyalty,2026-08-01,1,control,0,0.3785,0.0461,0,0.0,0,0.0,0,0.0,0.0
EXP_NEW_PRODUCT,C0166,New Product,2026-08-01,1,control,0,0.3785,0.0545,0,0.0,0,0.0,1,1435.3,0.0
EXP_WIN-BACK,C0166,Win-back,2026-08-01,1,treatment,1,0.3785,0.0629,0,0.0,0,0.0,1,1126.63,31.0
EXP_BIRTHDAY,C0167,Birthday,2026-08-01,1,control,0,0.5018,0.0221,0,0.0,0,0.0,0,0.0,0.0
EXP_DISCOUNT,C0167,Discount,2026-08-01,1,treatment,1,0.5018,0.031,1,424.17,1,547.94,1,1080.03,23.25
EXP_FESTIVAL,C0167,Festival,2026-08-01,1,control,0,0.5018,0.0398,0,0.0,0,0.0,0,0.0,0.0
EXP_LOYALTY,C0167,Loyalty,2026-08-01,1,treatment,1,0.5018,0.0487,0,0.0,0,0.0,0,0.0,16.0
EXP_NEW_PRODUCT,C0167,New Product,2026-08-01,1,control,0,0.5018,0.0575,0,0.0,0,0.0,0,0.0,0.0
EXP_WIN-BACK,C0167,Win-back,2026-08-01,1,control,0,0.5018,0.0664,0,0.0,0,0.0,0,0.0,0.0
EXP_BIRTHDAY,C0168,Birthday,2026-08-01,1,control,0,0.521,0.0223,0,0.0,1,569.02,1,994.86,0.0
EXP_DISCOUNT,C0168,Discount,2026-08-01,1,control,0,0.521,0.0312,0,0.0,0,0.0,0,0.0,0.0
EXP_FESTIVAL,C0168,Festival,2026-08-01,1,control,0,0.521,0.0402,1,341.12,1,416.42,1,707.72,0.0
EXP_LOYALTY,C0168,Loyalty,2026-08-01,1,treatment,1,0.521,0.0491,0,0.0,0,0.0,1,1027.93,16.0
EXP_NEW_PRODUCT,C0168,New Product,2026-08-01,1,control,0,0.521,0.058,0,0.0,0,0.0,0,0.0,0.0
EXP_WIN-BACK,C0168,Win-back,2026-08-01,1,control,0,0.521,0.0669,1,820.16,1,1397.03,1,2515.26,0.0
EXP_BIRTHDAY,C0169,Birthday,2026-08-01,1,control,0,0.2335,0.0197,0,0.0,0,0.0,0,0.0,0.0
EXP_DISCOUNT,C0169,Discount,2026-08-01,1,treatment,1,0.2335,0.0276,1,306.07,1,587.33,1,847.13,23.25
EXP_FESTIVAL,C0169,Festival,2026-08-01,1,control,0,0.2335,0.0355,1,418.74,1,675.2,1,1188.46,0.0
EXP_LOYALTY,C0169,Loyalty,2026-08-01,1,control,0,0.2335,0.0434,0,0.0,0,0.0,0,0.0,0.0
EXP_NEW_PRODUCT,C0169,New Product,2026-08-01,1,control,0,0.2335,0.0513,0,0.0,0,0.0,1,1427.36,0.0
EXP_WIN-BACK,C0169,Win-back,2026-08-01,1,treatment,1,0.2335,0.0592,0,0.0,0,0.0,0,0.0,31.0
EXP_BIRTHDAY,C0170,Birthday,2026-08-01,1,treatment,1,0.4785,0.0219,0,0.0,1,320.48,1,659.23,20.25
EXP_DISCOUNT,C0170,Discount,2026-08-01,1,treatment,1,0.4785,0.0307,0,0.0,1,321.61,1,633.09,23.25
EXP_FESTIVAL,C0170,Festival,2026-08-01,1,control,0,0.4785,0.0394,1,473.37,1,935.96,1,1983.34,0.0
EXP_LOYALTY,C0170,Loyalty,2026-08-01,1,treatment,1,0.4785,0.0482,0,0.0,0,0.0,0,0.0,16.0
EXP_NEW_PRODUCT,C0170,New Product,2026-08-01,1,treatment,1,0.4785,0.057,0,0.0,1,189.99,1,396.85,23.0
EXP_WIN-BACK,C0170,Win-back,2026-08-01,1,treatment,1,0.4785,0.0657,0,0.0,0,0.0,1,854.07,31.0
EXP_BIRTHDAY,C0171,Birthday,2026-08-01,1,treatment,1,0.5144,0.0223,1,172.99,1,354.41,1,777.82,20.25
EXP_DISCOUNT,C0171,Discount,2026-08-01,1,treatment,1,0.5144,0.0312,1,452.9,1,572.75,1,966.1,23.25
EXP_FESTIVAL,C0171,Festival,2026-08-01,1,treatment,1,0.5144,0.0401,1,148.3,1,288.16,1,563.92,29.0
EXP_LOYALTY,C0171,Loyalty,2026-08-01,1,control,0,0.5144,0.049,1,563.66,1,833.74,1,1784.55,0.0
EXP_NEW_PRODUCT,C0171,New Product,2026-08-01,1,control,0,0.5144,0.0579,0,0.0,1,438.39,1,813.82,0.0
EXP_WIN-BACK,C0171,Win-back,2026-08-01,1,treatment,1,0.5144,0.0668,0,0.0,0,0.0,1,2530.49,31.0
EXP_BIRTHDAY,C0172,Birthday,2026-08-01,1,control,0,0.4736,0.0219,0,0.0,0,0.0,0,0.0,0.0
EXP_DISCOUNT,C0172,Discount,2026-08-01,1,treatment,1,0.4736,0.0306,0,0.0,0,0.0,0,0.0,23.25
EXP_FESTIVAL,C0172,Festival,2026-08-01,1,control,0,0.4736,0.0394,0,0.0,0,0.0,1,620.77,0.0
EXP_LOYALTY,C0172,Loyalty,2026-08-01,1,treatment,1,0.4736,0.0481,0,0.0,0,0.0,0,0.0,16.0
EXP_NEW_PRODUCT,C0172,New Product,2026-08-01,1,treatment,1,0.4736,0.0568,0,0.0,0,0.0,0,0.0,23.0
EXP_WIN-BACK,C0172,Win-back,2026-08-01,1,treatment,1,0.4736,0.0656,0,0.0,0,0.0,0,0.0,31.0
EXP_BIRTHDAY,C0173,Birthday,2026-08-01,1,treatment,1,0.44,0.0215,0,0.0,0,0.0,0,0.0,20.25
EXP_DISCOUNT,C0173,Discount,2026-08-01,1,treatment,1,0.44,0.0302,1,431.19,1,519.61,1,705.02,23.25
EXP_FESTIVAL,C0173,Festival,2026-08-01,1,control,0,0.44,0.0388,0,0.0,0,0.0,0,0.0,0.0
EXP_LOYALTY,C0173,Loyalty,2026-08-01,1,treatment,1,0.44,0.0474,0,0.0,0,0.0,0,0.0,16.0
EXP_NEW_PRODUCT,C0173,New Product,2026-08-01,1,control,0,0.44,0.056,0,0.0,1,406.03,1,485.26,0.0
EXP_WIN-BACK,C0173,Win-back,2026-08-01,1,control,0,0.44,0.0646,0,0.0,1,432.66,1,769.14,0.0
EXP_BIRTHDAY,C0174,Birthday,2026-08-01,1,control,0,0.5972,0.023,0,0.0,0,0.0,0,0.0,0.0
EXP_DISCOUNT,C0174,Discount,2026-08-01,1,treatment,1,0.5972,0.0322,0,0.0,1,640.27,1,1386.97,23.25
EXP_FESTIVAL,C0174,Festival,2026-08-01,1,treatment,1,0.5972,0.0414,0,0.0,0,0.0,0,0.0,29.0
EXP_LOYALTY,C0174,Loyalty,2026-08-01,1,control,0,0.5972,0.0506,0,0.0,1,884.64,1,1192.71,0.0
EXP_NEW_PRODUCT,C0174,New Product,2026-08-01,1,treatment,1,0.5972,0.0598,0,0.0,0,0.0,1,717.21,23.0
EXP_WIN-BACK,C0174,Win-back,2026-08-01,1,treatment,1,0.5972,0.069,1,360.47,1,687.16,1,876.07,31.0
EXP_BIRTHDAY,C0175,Birthday,2026-08-01,1,treatment,1,0.4585,0.0217,0,0.0,0,0.0,1,1604.63,20.25
EXP_DISCOUNT,C0175,Discount,2026-08-01,1,control,0,0.4585,0.0304,0,0.0,0,0.0,1,1425.21,0.0
EXP_FESTIVAL,C0175,Festival,2026-08-01,1,control,0,0.4585,0.0391,0,0.0,0,0.0,1,910.66,0.0
EXP_LOYALTY,C0175,Loyalty,2026-08-01,1,control,0,0.4585,0.0478,0,0.0,0,0.0,1,845.2,0.0
EXP_NEW_PRODUCT,C0175,New Product,2026-08-01,1,control,0,0.4585,0.0565,0,0.0,0,0.0,1,565.62,0.0
EXP_WIN-BACK,C0175,Win-back,2026-08-01,1,treatment,1,0.4585,0.0651,0,0.0,0,0.0,0,0.0,31.0
EXP_BIRTHDAY,C0176,Birthday,2026-08-01,1,control,0,0.4119,0.0213,0,0.0,0,0.0,0,0.0,0.0
EXP_DISCOUNT,C0176,Discount,2026-08-01,1,treatment,1,0.4119,0.0298,0,0.0,0,0.0,0,0.0,23.25
EXP_FESTIVAL,C0176,Festival,2026-08-01,1,treatment,1,0.4119,0.0383,0,0.0,0,0.0,0,0.0,29.0
EXP_LOYALTY,C0176,Loyalty,2026-08-01,1,treatment,1,0.4119,0.0468,0,0.0,0,0.0,0,0.0,16.0
EXP_NEW_PRODUCT,C0176,New Product,2026-08-01,1,control,0,0.4119,0.0553,0,0.0,0,0.0,0,0.0,0.0
EXP_WIN-BACK,C0176,Win-back,2026-08-01,1,control,0,0.4119,0.0638,0,0.0,0,0.0,0,0.0,0.0
EXP_BIRTHDAY,C0177,Birthday,2026-08-01,1,control,0,0.4383,0.0215,0,0.0,0,0.0,0,0.0,0.0
EXP_DISCOUNT,C0177,Discount,2026-08-01,1,treatment,1,0.4383,0.0301,0,0.0,0,0.0,0,0.0,23.25
EXP_FESTIVAL,C0177,Festival,2026-08-01,1,control,0,0.4383,0.0387,0,0.0,0,0.0,0,0.0,0.0
EXP_LOYALTY,C0177,Loyalty,2026-08-01,1,control,0,0.4383,0.0473,0,0.0,1,835.68,1,1306.23,0.0
EXP_NEW_PRODUCT,C0177,New Product,2026-08-01,1,treatment,1,0.4383,0.056,0,0.0,1,827.73,1,1504.97,23.0
EXP_WIN-BACK,C0177,Win-back,2026-08-01,1,control,0,0.4383,0.0646,0,0.0,0,0.0,1,1215.8,0.0
EXP_BIRTHDAY,C0178,Birthday,2026-08-01,1,control,0,0.5498,0.0226,0,0.0,1,361.2,1,642.6,0.0
EXP_DISCOUNT,C0178,Discount,2026-08-01,1,control,0,0.5498,0.0316,0,0.0,1,328.16,1,536.5,0.0
EXP_FESTIVAL,C0178,Festival,2026-08-01,1,control,0,0.5498,0.0407,0,0.0,0,0.0,1,182.8,0.0
EXP_LOYALTY,C0178,Loyalty,2026-08-01,1,treatment,1,0.5498,0.0497,0,0.0,0,0.0,0,0.0,16.0
EXP_NEW_PRODUCT,C0178,New Product,2026-08-01,1,control,0,0.5498,0.0587,0,0.0,0,0.0,0,0.0,0.0
EXP_WIN-BACK,C0178,Win-back,2026-08-01,1,control,0,0.5498,0.0678,0,0.0,0,0.0,0,0.0,0.0
EXP_BIRTHDAY,C0179,Birthday,2026-08-01,1,control,0,0.4623,0.0218,0,0.0,0,0.0,0,0.0,0.0
EXP_DISCOUNT,C0179,Discount,2026-08-01,1,treatment,1,0.4623,0.0305,0,0.0,0,0.0,0,0.0,23.25
EXP_FESTIVAL,C0179,Festival,2026-08-01,1,treatment,1,0.4623,0.0392,0,0.0,0,0.0,0,0.0,29.0
EXP_LOYALTY,C0179,Loyalty,2026-08-01,1,control,0,0.4623,0.0479,1,320.39,1,664.28,1,1026.23,0.0
EXP_NEW_PRODUCT,C0179,New Product,2026-08-01,1,control,0,0.4623,0.0566,0,0.0,0,0.0,0,0.0,0.0
EXP_WIN-BACK,C0179,Win-back,2026-08-01,1,control,0,0.4623,0.0653,0,0.0,1,813.26,1,1563.96,0.0
EXP_BIRTHDAY,C0180,Birthday,2026-08-01,1,treatment,1,0.6335,0.0233,0,0.0,1,2597.56,1,3470.48,20.25
EXP_DISCOUNT,C0180,Discount,2026-08-01,1,control,0,0.6335,0.0326,1,566.95,1,776.95,1,1463.2,0.0
EXP_FESTIVAL,C0180,Festival,2026-08-01,1,treatment,1,0.6335,0.042,1,537.86,1,745.38,1,1421.92,29.0
EXP_LOYALTY,C0180,Loyalty,2026-08-01,1,treatment,1,0.6335,0.0513,0,0.0,0,0.0,0,0.0,16.0
EXP_NEW_PRODUCT,C0180,New Product,2026-08-01,1,control,0,0.6335,0.0606,1,845.52,1,1573.45,1,3078.4,0.0
EXP_WIN-BACK,C0180,Win-back,2026-08-01,1,control,0,0.6335,0.0699,1,1061.68,1,1263.18,1,2287.08,0.0
EXP_BIRTHDAY,C0181,Birthday,2026-08-01,1,treatment,1,0.5293,0.0224,0,0.0,0,0.0,0,0.0,20.25
EXP_DISCOUNT,C0181,Discount,2026-08-01,1,control,0,0.5293,0.0313,1,458.67,1,689.93,1,865.37,0.0
EXP_FESTIVAL,C0181,Festival,2026-08-01,1,control,0,0.5293,0.0403,0,0.0,0,0.0,0,0.0,0.0
EXP_LOYALTY,C0181,Loyalty,2026-08-01,1,control,0,0.5293,0.0493,0,0.0,0,0.0,1,877.1,0.0
EXP_NEW_PRODUCT,C0181,New Product,2026-08-01,1,control,0,0.5293,0.0582,1,327.15,1,641.55,1,1094.6,0.0
EXP_WIN-BACK,C0181,Win-back,2026-08-01,1,treatment,1,0.5293,0.0672,0,0.0,1,721.74,1,1134.69,31.0
EXP_BIRTHDAY,C0182,Birthday,2026-08-01,1,control,0,0.4356,0.0215,0,0.0,0,0.0,1,1228.05,0.0
EXP_DISCOUNT,C0182,Discount,2026-08-01,1,control,0,0.4356,0.0301,0,0.0,0,0.0,0,0.0,0.0
EXP_FESTIVAL,C0182,Festival,2026-08-01,1,control,0,0.4356,0.0387,0,0.0,0,0.0,1,1107.06,0.0
EXP_LOYALTY,C0182,Loyalty,2026-08-01,1,control,0,0.4356,0.0473,0,0.0,0,0.0,0,0.0,0.0
EXP_NEW_PRODUCT,C0182,New Product,2026-08-01,1,control,0,0.4356,0.0559,0,0.0,0,0.0,0,0.0,0.0
EXP_WIN-BACK,C0182,Win-back,2026-08-01,1,treatment,1,0.4356,0.0645,1,171.89,1,235.47,1,416.28,31.0
EXP_BIRTHDAY,C0183,Birthday,2026-08-01,1,treatment,1,0.4975,0.0221,0,0.0,1,918.95,1,1793.04,20.25
EXP_DISCOUNT,C0183,Discount,2026-08-01,1,control,0,0.4975,0.0309,0,0.0,0,0.0,1,2183.29,0.0
EXP_FESTIVAL,C0183,Festival,2026-08-01,1,treatment,1,0.4975,0.0398,0,0.0,0,0.0,1,1713.33,29.0
EXP_LOYALTY,C0183,Loyalty,2026-08-01,1,treatment,1,0.4975,0.0486,0,0.0,0,0.0,0,0.0,16.0
EXP_NEW_PRODUCT,C0183,New Product,2026-08-01,1,control,0,0.4975,0.0574,0,0.0,0,0.0,0,0.0,0.0
EXP_WIN-BACK,C0183,Win-back,2026-08-01,1,treatment,1,0.4975,0.0663,0,0.0,0,0.0,0,0.0,31.0
EXP_BIRTHDAY,C0184,Birthday,2026-08-01,1,control,0,0.5663,0.0227,1,416.52,1,708.72,1,1055.57,0.0
EXP_DISCOUNT,C0184,Discount,2026-08-01,1,control,0,0.5663,0.0318,0,0.0,0,0.0,0,0.0,0.0
EXP_FESTIVAL,C0184,Festival,2026-08-01,1,control,0,0.5663,0.0409,0,0.0,0,0.0,0,0.0,0.0
EXP_LOYALTY,C0184,Loyalty,2026-08-01,1,treatment,1,0.5663,0.05,0,0.0,0,0.0,0,0.0,16.0
EXP_NEW_PRODUCT,C0184,New Product,2026-08-01,1,treatment,1,0.5663,0.0591,0,0.0,0,0.0,1,2278.91,23.0
EXP_WIN-BACK,C0184,Win-back,2026-08-01,1,treatment,1,0.5663,0.0682,0,0.0,0,0.0,0,0.0,31.0
EXP_BIRTHDAY,C0185,Birthday,2026-08-01,1,control,0,0.5177,0.0223,0,0.0,0,0.0,0,0.0,0.0
EXP_DISCOUNT,C0185,Discount,2026-08-01,1,treatment,1,0.5177,0.0312,0,0.0,1,3027.26,1,3851.36,23.25
EXP_FESTIVAL,C0185,Festival,2026-08-01,1,control,0,0.5177,0.0401,0,0.0,1,2371.88,1,3017.27,0.0
EXP_LOYALTY,C0185,Loyalty,2026-08-01,1,treatment,1,0.5177,0.049,1,599.81,1,1197.3,1,1545.63,16.0
EXP_NEW_PRODUCT,C0185,New Product,2026-08-01,1,treatment,1,0.5177,0.0579,1,627.08,1,829.02,1,999.0,23.0
EXP_WIN-BACK,C0185,Win-back,2026-08-01,1,control,0,0.5177,0.0669,0,0.0,0,0.0,0,0.0,0.0
EXP_BIRTHDAY,C0186,Birthday,2026-08-01,1,control,0,0.3049,0.0203,1,375.57,1,465.4,1,988.58,0.0
EXP_DISCOUNT,C0186,Discount,2026-08-01,1,control,0,0.3049,0.0284,0,0.0,0,0.0,0,0.0,0.0
EXP_FESTIVAL,C0186,Festival,2026-08-01,1,treatment,1,0.3049,0.0365,0,0.0,0,0.0,0,0.0,29.0
EXP_LOYALTY,C0186,Loyalty,2026-08-01,1,control,0,0.3049,0.0446,0,0.0,0,0.0,1,1845.17,0.0
EXP_NEW_PRODUCT,C0186,New Product,2026-08-01,1,control,0,0.3049,0.0528,0,0.0,0,0.0,1,899.48,0.0
EXP_WIN-BACK,C0186,Win-back,2026-08-01,1,treatment,1,0.3049,0.0609,1,363.64,1,529.92,1,1026.47,31.0
EXP_BIRTHDAY,C0187,Birthday,2026-08-01,1,treatment,1,0.3893,0.0211,0,0.0,0,0.0,0,0.0,20.25
EXP_DISCOUNT,C0187,Discount,2026-08-01,1,treatment,1,0.3893,0.0295,0,0.0,0,0.0,0,0.0,23.25
EXP_FESTIVAL,C0187,Festival,2026-08-01,1,treatment,1,0.3893,0.0379,0,0.0,0,0.0,0,0.0,29.0
EXP_LOYALTY,C0187,Loyalty,2026-08-01,1,treatment,1,0.3893,0.0463,0,0.0,0,0.0,1,1926.62,16.0
EXP_NEW_PRODUCT,C0187,New Product,2026-08-01,1,treatment,1,0.3893,0.0547,0,0.0,0,0.0,1,990.74,23.0
EXP_WIN-BACK,C0187,Win-back,2026-08-01,1,control,0,0.3893,0.0632,0,0.0,0,0.0,0,0.0,0.0
EXP_BIRTHDAY,C0188,Birthday,2026-08-01,1,control,0,0.4214,0.0214,0,0.0,1,593.15,1,1156.68,0.0
EXP_DISCOUNT,C0188,Discount,2026-08-01,1,control,0,0.4214,0.0299,0,0.0,0,0.0,0,0.0,0.0
EXP_FESTIVAL,C0188,Festival,2026-08-01,1,control,0,0.4214,0.0384,1,1030.7,1,1260.51,1,1831.56,0.0
EXP_LOYALTY,C0188,Loyalty,2026-08-01,1,treatment,1,0.4214,0.047,0,0.0,0,0.0,0,0.0,16.0
EXP_NEW_PRODUCT,C0188,New Product,2026-08-01,1,treatment,1,0.4214,0.0555,1,108.2,1,195.73,1,383.58,23.0
EXP_WIN-BACK,C0188,Win-back,2026-08-01,1,control,0,0.4214,0.0641,0,0.0,0,0.0,0,0.0,0.0
EXP_BIRTHDAY,C0189,Birthday,2026-08-01,1,treatment,1,0.4818,0.0219,0,0.0,1,280.39,1,403.19,20.25
EXP_DISCOUNT,C0189,Discount,2026-08-01,1,treatment,1,0.4818,0.0307,0,0.0,0,0.0,0,0.0,23.25
EXP_FESTIVAL,C0189,Festival,2026-08-01,1,treatment,1,0.4818,0.0395,1,89.53,1,156.18,1,338.11,29.0
EXP_LOYALTY,C0189,Loyalty,2026-08-01,1,control,0,0.4818,0.0483,0,0.0,0,0.0,0,0.0,0.0
EXP_NEW_PRODUCT,C0189,New Product,2026-08-01,1,treatment,1,0.4818,0.057,0,0.0,0,0.0,0,0.0,23.0
EXP_WIN-BACK,C0189,Win-back,2026-08-01,1,control,0,0.4818,0.0658,0,0.0,0,0.0,0,0.0,0.0
EXP_BIRTHDAY,C0190,Birthday,2026-08-01,1,treatment,1,0.5364,0.0225,1,421.74,1,526.41,1,914.11,20.25
EXP_DISCOUNT,C0190,Discount,2026-08-01,1,control,0,0.5364,0.0314,0,0.0,1,461.24,1,686.48,0.0
EXP_FESTIVAL,C0190,Festival,2026-08-01,1,treatment,1,0.5364,0.0404,0,0.0,0,0.0,0,0.0,29.0
EXP_LOYALTY,C0190,Loyalty,2026-08-01,1,control,0,0.5364,0.0494,0,0.0,0,0.0,0,0.0,0.0
EXP_NEW_PRODUCT,C0190,New Product,2026-08-01,1,control,0,0.5364,0.0584,1,284.31,1,607.54,1,888.7,0.0
EXP_WIN-BACK,C0190,Win-back,2026-08-01,1,control,0,0.5364,0.0674,1,304.05,1,584.74,1,697.99,0.0
EXP_BIRTHDAY,C0191,Birthday,2026-08-01,1,treatment,1,0.3483,0.0207,0,0.0,0,0.0,1,1434.4,20.25
EXP_DISCOUNT,C0191,Discount,2026-08-01,1,control,0,0.3483,0.0289,0,0.0,1,328.0,1,460.79,0.0
EXP_FESTIVAL,C0191,Festival,2026-08-01,1,control,0,0.3483,0.0372,0,0.0,0,0.0,1,469.36,0.0
EXP_LOYALTY,C0191,Loyalty,2026-08-01,1,control,0,0.3483,0.0455,0,0.0,0,0.0,0,0.0,0.0
EXP_NEW_PRODUCT,C0191,New Product,2026-08-01,1,treatment,1,0.3483,0.0538,0,0.0,0,0.0,0,0.0,23.0
EXP_WIN-BACK,C0191,Win-back,2026-08-01,1,treatment,1,0.3483,0.062,0,0.0,0,0.0,0,0.0,31.0
EXP_BIRTHDAY,C0192,Birthday,2026-08-01,1,treatment,1,0.5227,0.0223,0,0.0,0,0.0,1,988.24,20.25
EXP_DISCOUNT,C0192,Discount,2026-08-01,1,control,0,0.5227,0.0313,1,555.03,1,857.11,1,1335.96,0.0
EXP_FESTIVAL,C0192,Festival,2026-08-01,1,control,0,0.5227,0.0402,0,0.0,0,0.0,0,0.0,0.0
EXP_LOYALTY,C0192,Loyalty,2026-08-01,1,treatment,1,0.5227,0.0491,0,0.0,1,447.29,1,734.48,16.0
EXP_NEW_PRODUCT,C0192,New Product,2026-08-01,1,treatment,1,0.5227,0.0581,0,0.0,1,387.56,1,590.53,23.0
EXP_WIN-BACK,C0192,Win-back,2026-08-01,1,control,0,0.5227,0.067,1,250.38,1,439.71,1,706.38,0.0
EXP_BIRTHDAY,C0193,Birthday,2026-08-01,1,control,0,0.4213,0.0214,1,679.53,1,859.92,1,1132.44,0.0
EXP_DISCOUNT,C0193,Discount,2026-08-01,1,control,0,0.4213,0.0299,0,0.0,0,0.0,0,0.0,0.0
EXP_FESTIVAL,C0193,Festival,2026-08-01,1,control,0,0.4213,0.0384,0,0.0,0,0.0,0,0.0,0.0
EXP_LOYALTY,C0193,Loyalty,2026-08-01,1,treatment,1,0.4213,0.047,0,0.0,0,0.0,0,0.0,16.0
EXP_NEW_PRODUCT,C0193,New Product,2026-08-01,1,control,0,0.4213,0.0555,0,0.0,0,0.0,1,961.09,0.0
EXP_WIN-BACK,C0193,Win-back,2026-08-01,1,treatment,1,0.4213,0.0641,0,0.0,0,0.0,0,0.0,31.0
EXP_BIRTHDAY,C0194,Birthday,2026-08-01,1,control,0,0.3626,0.0208,1,403.66,1,477.22,1,1033.27,0.0
EXP_DISCOUNT,C0194,Discount,2026-08-01,1,treatment,1,0.3626,0.0291,1,108.94,1,147.16,1,267.13,23.25
EXP_FESTIVAL,C0194,Festival,2026-08-01,1,treatment,1,0.3626,0.0374,0,0.0,1,728.9,1,1324.91,29.0
EXP_LOYALTY,C0194,Loyalty,2026-08-01,1,control,0,0.3626,0.0458,0,0.0,0,0.0,0,0.0,0.0
EXP_NEW_PRODUCT,C0194,New Product,2026-08-01,1,control,0,0.3626,0.0541,0,0.0,0,0.0,1,533.31,0.0
EXP_WIN-BACK,C0194,Win-back,2026-08-01,1,treatment,1,0.3626,0.0624,0,0.0,0,0.0,0,0.0,31.0
EXP_BIRTHDAY,C0195,Birthday,2026-08-01,1,treatment,1,0.4504,0.0216,0,0.0,0,0.0,0,0.0,20.25
EXP_DISCOUNT,C0195,Discount,2026-08-01,1,control,0,0.4504,0.0303,0,0.0,0,0.0,1,1284.14,0.0
EXP_FESTIVAL,C0195,Festival,2026-08-01,1,control,0,0.4504,0.0389,1,285.88,1,367.2,1,697.75,0.0
EXP_LOYALTY,C0195,Loyalty,2026-08-01,1,treatment,1,0.4504,0.0476,1,768.26,1,972.55,1,1269.25,16.0
EXP_NEW_PRODUCT,C0195,New Product,2026-08-01,1,control,0,0.4504,0.0563,0,0.0,0,0.0,0,0.0,0.0
EXP_WIN-BACK,C0195,Win-back,2026-08-01,1,control,0,0.4504,0.0649,0,0.0,0,0.0,0,0.0,0.0
EXP_BIRTHDAY,C0196,Birthday,2026-08-01,1,control,0,0.6189,0.0232,0,0.0,0,0.0,0,0.0,0.0
EXP_DISCOUNT,C0196,Discount,2026-08-01,1,control,0,0.6189,0.0325,0,0.0,0,0.0,1,1112.56,0.0
EXP_FESTIVAL,C0196,Festival,2026-08-01,1,treatment,1,0.6189,0.0417,0,0.0,0,0.0,0,0.0,29.0
EXP_LOYALTY,C0196,Loyalty,2026-08-01,1,treatment,1,0.6189,0.051,1,608.1,1,742.31,1,1061.61,16.0
EXP_NEW_PRODUCT,C0196,New Product,2026-08-01,1,control,0,0.6189,0.0603,0,0.0,0,0.0,0,0.0,0.0
EXP_WIN-BACK,C0196,Win-back,2026-08-01,1,control,0,0.6189,0.0696,0,0.0,1,1102.59,1,1313.7,0.0
EXP_BIRTHDAY,C0197,Birthday,2026-08-01,1,control,0,0.4429,0.0216,0,0.0,1,1102.64,1,1952.57,0.0
EXP_DISCOUNT,C0197,Discount,2026-08-01,1,treatment,1,0.4429,0.0302,0,0.0,0,0.0,0,0.0,23.25
EXP_FESTIVAL,C0197,Festival,2026-08-01,1,treatment,1,0.4429,0.0388,0,0.0,0,0.0,0,0.0,29.0
EXP_LOYALTY,C0197,Loyalty,2026-08-01,1,treatment,1,0.4429,0.0474,0,0.0,0,0.0,0,0.0,16.0
EXP_NEW_PRODUCT,C0197,New Product,2026-08-01,1,control,0,0.4429,0.0561,0,0.0,0,0.0,0,0.0,0.0
EXP_WIN-BACK,C0197,Win-back,2026-08-01,1,treatment,1,0.4429,0.0647,0,0.0,0,0.0,0,0.0,31.0
EXP_BIRTHDAY,C0198,Birthday,2026-08-01,1,control,0,0.5814,0.0229,1,424.49,1,675.0,1,1207.13,0.0
EXP_DISCOUNT,C0198,Discount,2026-08-01,1,treatment,1,0.5814,0.032,0,0.0,1,1775.56,1,2446.01,23.25
EXP_FESTIVAL,C0198,Festival,2026-08-01,1,treatment,1,0.5814,0.0412,1,381.1,1,818.54,1,1279.95,29.0
EXP_LOYALTY,C0198,Loyalty,2026-08-01,1,treatment,1,0.5814,0.0503,0,0.0,0,0.0,0,0.0,16.0
EXP_NEW_PRODUCT,C0198,New Product,2026-08-01,1,control,0,0.5814,0.0595,1,338.91,1,439.54,1,557.96,0.0
EXP_WIN-BACK,C0198,Win-back,2026-08-01,1,treatment,1,0.5814,0.0686,1,889.24,1,1803.92,1,2246.94,31.0
EXP_BIRTHDAY,C0199,Birthday,2026-08-01,1,control,0,0.4929,0.022,0,0.0,0,0.0,1,3238.97,0.0
EXP_DISCOUNT,C0199,Discount,2026-08-01,1,treatment,1,0.4929,0.0309,0,0.0,0,0.0,0,0.0,23.25
EXP_FESTIVAL,C0199,Festival,2026-08-01,1,treatment,1,0.4929,0.0397,0,0.0,0,0.0,0,0.0,29.0
EXP_LOYALTY,C0199,Loyalty,2026-08-01,1,treatment,1,0.4929,0.0485,0,0.0,0,0.0,0,0.0,16.0
EXP_NEW_PRODUCT,C0199,New Product,2026-08-01,1,treatment,1,0.4929,0.0573,1,673.63,1,943.4,1,1677.16,23.0
EXP_WIN-BACK,C0199,Win-back,2026-08-01,1,treatment,1,0.4929,0.0661,1,1284.37,1,1551.83,1,1940.14,31.0
EXP_BIRTHDAY,C0200,Birthday,2026-08-01,1,treatment,1,0.6865,0.0237,0,0.0,0,0.0,0,0.0,20.25
EXP_DISCOUNT,C0200,Discount,2026-08-01,1,control,0,0.6865,0.0332,0,0.0,0,0.0,0,0.0,0.0
EXP_FESTIVAL,C0200,Festival,2026-08-01,1,treatment,1,0.6865,0.0427,0,0.0,0,0.0,1,2123.74,29.0
EXP_LOYALTY,C0200,Loyalty,2026-08-01,1,treatment,1,0.6865,0.0522,0,0.0,0,0.0,1,1538.98,16.0
EXP_NEW_PRODUCT,C0200,New Product,2026-08-01,1,control,0,0.6865,0.0617,0,0.0,0,0.0,1,2226.52,0.0
EXP_WIN-BACK,C0200,Win-back,2026-08-01,1,control,0,0.6865,0.0712,1,404.54,1,834.82,1,1467.75,0.0
EXP_BIRTHDAY,C0201,Birthday,2026-08-01,1,treatment,1,0.4378,0.0215,1,702.05,1,1010.49,1,1842.72,20.25
EXP_DISCOUNT,C0201,Discount,2026-08-01,1,control,0,0.4378,0.0301,0,0.0,0,0.0,0,0.0,0.0
EXP_FESTIVAL,C0201,Festival,2026-08-01,1,treatment,1,0.4378,0.0387,0,0.0,0,0.0,1,1527.0,29.0
EXP_LOYALTY,C0201,Loyalty,2026-08-01,1,treatment,1,0.4378,0.0473,0,0.0,0,0.0,0,0.0,16.0
EXP_NEW_PRODUCT,C0201,New Product,2026-08-01,1,treatment,1,0.4378,0.0559,0,0.0,0,0.0,0,0.0,23.0
EXP_WIN-BACK,C0201,Win-back,2026-08-01,1,treatment,1,0.4378,0.0645,0,0.0,1,2353.35,1,3832.75,31.0
EXP_BIRTHDAY,C0202,Birthday,2026-08-01,1,treatment,1,0.4551,0.0217,0,0.0,0,0.0,0,0.0,20.25
EXP_DISCOUNT,C0202,Discount,2026-08-01,1,treatment,1,0.4551,0.0304,0,0.0,0,0.0,1,1247.99,23.25
EXP_FESTIVAL,C0202,Festival,2026-08-01,1,treatment,1,0.4551,0.039,0,0.0,1,1667.22,1,2188.94,29.0
EXP_LOYALTY,C0202,Loyalty,2026-08-01,1,treatment,1,0.4551,0.0477,1,333.95,1,418.72,1,600.88,16.0
EXP_NEW_PRODUCT,C0202,New Product,2026-08-01,1,treatment,1,0.4551,0.0564,0,0.0,1,190.54,1,232.47,23.0
EXP_WIN-BACK,C0202,Win-back,2026-08-01,1,control,0,0.4551,0.065,0,0.0,1,925.24,1,1421.99,0.0
EXP_BIRTHDAY,C0203,Birthday,2026-08-01,1,control,0,0.5414,0.0225,0,0.0,0,0.0,0,0.0,0.0
EXP_DISCOUNT,C0203,Discount,2026-08-01,1,control,0,0.5414,0.0315,1,605.95,1,1131.05,1,1668.57,0.0
EXP_FESTIVAL,C0203,Festival,2026-08-01,1,control,0,0.5414,0.0405,0,0.0,0,0.0,0,0.0,0.0
EXP_LOYALTY,C0203,Loyalty,2026-08-01,1,treatment,1,0.5414,0.0495,0,0.0,1,873.19,1,1403.3,16.0
EXP_NEW_PRODUCT,C0203,New Product,2026-08-01,1,treatment,1,0.5414,0.0585,0,0.0,1,4710.97,1,5769.57,23.0
EXP_WIN-BACK,C0203,Win-back,2026-08-01,1,control,0,0.5414,0.0675,0,0.0,0,0.0,0,0.0,0.0
EXP_BIRTHDAY,C0204,Birthday,2026-08-01,1,control,0,0.5817,0.0229,0,0.0,1,706.95,1,1093.62,0.0
EXP_DISCOUNT,C0204,Discount,2026-08-01,1,treatment,1,0.5817,0.032,0,0.0,1,1005.44,1,1915.08,23.25
EXP_FESTIVAL,C0204,Festival,2026-08-01,1,treatment,1,0.5817,0.0412,0,0.0,0,0.0,0,0.0,29.0
EXP_LOYALTY,C0204,Loyalty,2026-08-01,1,control,0,0.5817,0.0503,1,491.83,1,633.87,1,998.14,0.0
EXP_NEW_PRODUCT,C0204,New Product,2026-08-01,1,control,0,0.5817,0.0595,0,0.0,1,1002.07,1,1525.21,0.0
EXP_WIN-BACK,C0204,Win-back,2026-08-01,1,control,0,0.5817,0.0686,0,0.0,1,697.81,1,1281.45,0.0
EXP_BIRTHDAY,C0205,Birthday,2026-08-01,1,control,0,0.4477,0.0216,0,0.0,0,0.0,0,0.0,0.0
EXP_DISCOUNT,C0205,Discount,2026-08-01,1,control,0,0.4477,0.0303,0,0.0,0,0.0,0,0.0,0.0
EXP_FESTIVAL,C0205,Festival,2026-08-01,1,treatment,1,0.4477,0.0389,0,0.0,0,0.0,0,0.0,29.0
EXP_LOYALTY,C0205,Loyalty,2026-08-01,1,control,0,0.4477,0.0475,1,262.41,1,343.14,1,557.41,0.0
EXP_NEW_PRODUCT,C0205,New Product,2026-08-01,1,control,0,0.4477,0.0562,0,0.0,0,0.0,0,0.0,0.0
EXP_WIN-BACK,C0205,Win-back,2026-08-01,1,treatment,1,0.4477,0.0648,0,0.0,0,0.0,0,0.0,31.0
EXP_BIRTHDAY,C0206,Birthday,2026-08-01,1,control,0,0.6072,0.0231,0,0.0,1,722.95,1,1448.26,0.0
EXP_DISCOUNT,C0206,Discount,2026-08-01,1,treatment,1,0.6072,0.0323,0,0.0,0,0.0,0,0.0,23.25
EXP_FESTIVAL,C0206,Festival,2026-08-01,1,treatment,1,0.6072,0.0416,0,0.0,1,423.96,1,839.25,29.0
EXP_LOYALTY,C0206,Loyalty,2026-08-01,1,control,0,0.6072,0.0508,0,0.0,1,380.57,1,492.82,0.0
EXP_NEW_PRODUCT,C0206,New Product,2026-08-01,1,treatment,1,0.6072,0.06,0,0.0,1,607.24,1,1322.09,23.0
EXP_WIN-BACK,C0206,Win-back,2026-08-01,1,treatment,1,0.6072,0.0693,0,0.0,1,1081.85,1,1513.32,31.0
EXP_BIRTHDAY,C0207,Birthday,2026-08-01,1,treatment,1,0.5153,0.0223,1,1118.83,1,1794.81,1,2548.96,20.25
EXP_DISCOUNT,C0207,Discount,2026-08-01,1,treatment,1,0.5153,0.0312,0,0.0,0,0.0,0,0.0,23.25
EXP_FESTIVAL,C0207,Festival,2026-08-01,1,control,0,0.5153,0.0401,0,0.0,0,0.0,0,0.0,0.0
EXP_LOYALTY,C0207,Loyalty,2026-08-01,1,control,0,0.5153,0.049,0,0.0,1,3183.93,1,6244.3,0.0
EXP_NEW_PRODUCT,C0207,New Product,2026-08-01,1,control,0,0.5153,0.0579,0,0.0,0,0.0,0,0.0,0.0
EXP_WIN-BACK,C0207,Win-back,2026-08-01,1,treatment,1,0.5153,0.0668,0,0.0,0,0.0,0,0.0,31.0
EXP_BIRTHDAY,C0208,Birthday,2026-08-01,1,control,0,0.2571,0.0199,0,0.0,1,105.48,1,187.61,0.0
EXP_DISCOUNT,C0208,Discount,2026-08-01,1,treatment,1,0.2571,0.0279,0,0.0,0,0.0,1,343.53,23.25
EXP_FESTIVAL,C0208,Festival,2026-08-01,1,control,0,0.2571,0.0358,0,0.0,0,0.0,0,0.0,0.0
EXP_LOYALTY,C0208,Loyalty,2026-08-01,1,control,0,0.2571,0.0438,0,0.0,0,0.0,0,0.0,0.0
EXP_NEW_PRODUCT,C0208,New Product,2026-08-01,1,treatment,1,0.2571,0.0518,0,0.0,0,0.0,1,341.52,23.0
EXP_WIN-BACK,C0208,Win-back,2026-08-01,1,control,0,0.2571,0.0597,0,0.0,1,97.03,1,152.51,0.0
EXP_BIRTHDAY,C0209,Birthday,2026-08-01,1,treatment,1,0.6264,0.0233,0,0.0,0,0.0,0,0.0,20.25
EXP_DISCOUNT,C0209,Discount,2026-08-01,1,treatment,1,0.6264,0.0326,0,0.0,0,0.0,0,0.0,23.25
EXP_FESTIVAL,C0209,Festival,2026-08-01,1,control,0,0.6264,0.0419,0,0.0,0,0.0,0,0.0,0.0
EXP_LOYALTY,C0209,Loyalty,2026-08-01,1,control,0,0.6264,0.0512,1,669.57,1,834.97,1,1490.21,0.0
EXP_NEW_PRODUCT,C0209,New Product,2026-08-01,1,treatment,1,0.6264,0.0605,1,1255.49,1,2223.37,1,3018.15,23.0
EXP_WIN-BACK,C0209,Win-back,2026-08-01,1,control,0,0.6264,0.0698,0,0.0,0,0.0,0,0.0,0.0
EXP_BIRTHDAY,C0210,Birthday,2026-08-01,1,control,0,0.3179,0.0204,0,0.0,1,184.34,1,249.19,0.0
EXP_DISCOUNT,C0210,Discount,2026-08-01,1,control,0,0.3179,0.0286,0,0.0,1,448.71,1,531.94,0.0
EXP_FESTIVAL,C0210,Festival,2026-08-01,1,control,0,0.3179,0.0367,0,0.0,0,0.0,0,0.0,0.0
EXP_LOYALTY,C0210,Loyalty,2026-08-01,1,control,0,0.3179,0.0449,0,0.0,0,0.0,0,0.0,0.0
EXP_NEW_PRODUCT,C0210,New Product,2026-08-01,1,control,0,0.3179,0.0531,0,0.0,0,0.0,0,0.0,0.0
EXP_WIN-BACK,C0210,Win-back,2026-08-01,1,treatment,1,0.3179,0.0612,0,0.0,0,0.0,0,0.0,31.0
EXP_BIRTHDAY,C0211,Birthday,2026-08-01,1,treatment,1,0.4352,0.0215,0,0.0,0,0.0,0,0.0,20.25
EXP_DISCOUNT,C0211,Discount,2026-08-01,1,treatment,1,0.4352,0.0301,0,0.0,1,730.99,1,993.39,23.25
EXP_FESTIVAL,C0211,Festival,2026-08-01,1,treatment,1,0.4352,0.0387,0,0.0,1,426.78,1,940.67,29.0
EXP_LOYALTY,C0211,Loyalty,2026-08-01,1,treatment,1,0.4352,0.0473,1,377.71,1,789.65,1,1127.0,16.0
EXP_NEW_PRODUCT,C0211,New Product,2026-08-01,1,treatment,1,0.4352,0.0559,0,0.0,0,0.0,0,0.0,23.0
EXP_WIN-BACK,C0211,Win-back,2026-08-01,1,control,0,0.4352,0.0645,0,0.0,1,958.81,1,1175.59,0.0
EXP_BIRTHDAY,C0212,Birthday,2026-08-01,1,control,0,0.5193,0.0223,1,446.53,1,765.76,1,1336.68,0.0
EXP_DISCOUNT,C0212,Discount,2026-08-01,1,control,0,0.5193,0.0312,0,0.0,1,818.9,1,1033.99,0.0
EXP_FESTIVAL,C0212,Festival,2026-08-01,1,control,0,0.5193,0.0401,0,0.0,1,517.75,1,810.93,0.0
EXP_LOYALTY,C0212,Loyalty,2026-08-01,1,treatment,1,0.5193,0.0491,0,0.0,0,0.0,0,0.0,16.0
EXP_NEW_PRODUCT,C0212,New Product,2026-08-01,1,treatment,1,0.5193,0.058,0,0.0,0,0.0,0,0.0,23.0
EXP_WIN-BACK,C0212,Win-back,2026-08-01,1,control,0,0.5193,0.0669,1,651.8,1,917.62,1,1208.01,0.0
EXP_BIRTHDAY,C0213,Birthday,2026-08-01,1,control,0,0.3152,0.0204,0,0.0,0,0.0,0,0.0,0.0
EXP_DISCOUNT,C0213,Discount,2026-08-01,1,treatment,1,0.3152,0.0285,0,0.0,0,0.0,0,0.0,23.25
EXP_FESTIVAL,C0213,Festival,2026-08-01,1,treatment,1,0.3152,0.0367,0,0.0,0,0.0,0,0.0,29.0
EXP_LOYALTY,C0213,Loyalty,2026-08-01,1,treatment,1,0.3152,0.0448,0,0.0,0,0.0,1,1056.75,16.0
EXP_NEW_PRODUCT,C0213,New Product,2026-08-01,1,treatment,1,0.3152,0.053,0,0.0,0,0.0,0,0.0,23.0
EXP_WIN-BACK,C0213,Win-back,2026-08-01,1,control,0,0.3152,0.0611,0,0.0,0,0.0,0,0.0,0.0
EXP_BIRTHDAY,C0214,Birthday,2026-08-01,1,control,0,0.3456,0.0207,0,0.0,0,0.0,0,0.0,0.0
EXP_DISCOUNT,C0214,Discount,2026-08-01,1,control,0,0.3456,0.0289,0,0.0,0,0.0,0,0.0,0.0
EXP_FESTIVAL,C0214,Festival,2026-08-01,1,treatment,1,0.3456,0.0372,0,0.0,0,0.0,0,0.0,29.0
EXP_LOYALTY,C0214,Loyalty,2026-08-01,1,treatment,1,0.3456,0.0454,0,0.0,1,665.72,1,956.5,16.0
EXP_NEW_PRODUCT,C0214,New Product,2026-08-01,1,treatment,1,0.3456,0.0537,0,0.0,0,0.0,0,0.0,23.0
EXP_WIN-BACK,C0214,Win-back,2026-08-01,1,treatment,1,0.3456,0.062,0,0.0,0,0.0,0,0.0,31.0
EXP_BIRTHDAY,C0215,Birthday,2026-08-01,1,control,0,0.4865,0.022,1,497.06,1,906.53,1,1488.12,0.0
EXP_DISCOUNT,C0215,Discount,2026-08-01,1,control,0,0.4865,0.0308,0,0.0,1,1085.69,1,2009.75,0.0
EXP_FESTIVAL,C0215,Festival,2026-08-01,1,treatment,1,0.4865,0.0396,0,0.0,0,0.0,0,0.0,29.0
EXP_LOYALTY,C0215,Loyalty,2026-08-01,1,treatment,1,0.4865,0.0484,0,0.0,0,0.0,0,0.0,16.0
EXP_NEW_PRODUCT,C0215,New Product,2026-08-01,1,treatment,1,0.4865,0.0572,0,0.0,0,0.0,0,0.0,23.0
EXP_WIN-BACK,C0215,Win-back,2026-08-01,1,control,0,0.4865,0.066,0,0.0,0,0.0,0,0.0,0.0
EXP_BIRTHDAY,C0216,Birthday,2026-08-01,1,treatment,1,0.5008,0.0221,1,399.64,1,488.1,1,960.9,20.25
EXP_DISCOUNT,C0216,Discount,2026-08-01,1,control,0,0.5008,0.031,0,0.0,0,0.0,0,0.0,0.0
EXP_FESTIVAL,C0216,Festival,2026-08-01,1,treatment,1,0.5008,0.0398,0,0.0,1,1275.13,1,2020.48,29.0
EXP_LOYALTY,C0216,Loyalty,2026-08-01,1,control,0,0.5008,0.0487,0,0.0,0,0.0,0,0.0,0.0
EXP_NEW_PRODUCT,C0216,New Product,2026-08-01,1,treatment,1,0.5008,0.0575,1,178.88,1,344.15,1,467.01,23.0
EXP_WIN-BACK,C0216,Win-back,2026-08-01,1,control,0,0.5008,0.0664,1,458.42,1,600.36,1,975.5,0.0
EXP_BIRTHDAY,C0217,Birthday,2026-08-01,1,treatment,1,0.5258,0.0224,0,0.0,0,0.0,0,0.0,20.25
EXP_DISCOUNT,C0217,Discount,2026-08-01,1,treatment,1,0.5258,0.0313,0,0.0,1,2339.69,1,2759.3,23.25
EXP_FESTIVAL,C0217,Festival,2026-08-01,1,control,0,0.5258,0.0402,0,0.0,0,0.0,0,0.0,0.0
EXP_LOYALTY,C0217,Loyalty,2026-08-01,1,control,0,0.5258,0.0492,0,0.0,0,0.0,0,0.0,0.0
EXP_NEW_PRODUCT,C0217,New Product,2026-08-01,1,control,0,0.5258,0.0581,0,0.0,0,0.0,0,0.0,0.0
EXP_WIN-BACK,C0217,Win-back,2026-08-01,1,treatment,1,0.5258,0.0671,0,0.0,0,0.0,1,925.38,31.0
EXP_BIRTHDAY,C0218,Birthday,2026-08-01,1,treatment,1,0.7425,0.0241,0,0.0,0,0.0,1,1959.81,20.25
EXP_DISCOUNT,C0218,Discount,2026-08-01,1,control,0,0.7425,0.0337,0,0.0,0,0.0,0,0.0,0.0
EXP_FESTIVAL,C0218,Festival,2026-08-01,1,control,0,0.7425,0.0434,0,0.0,0,0.0,1,1157.33,0.0
EXP_LOYALTY,C0218,Loyalty,2026-08-01,1,treatment,1,0.7425,0.053,0,0.0,1,792.87,1,1180.36,16.0
EXP_NEW_PRODUCT,C0218,New Product,2026-08-01,1,control,0,0.7425,0.0627,0,0.0,1,1374.5,1,1635.08,0.0
EXP_WIN-BACK,C0218,Win-back,2026-08-01,1,treatment,1,0.7425,0.0723,1,372.04,1,572.35,1,715.62,31.0
EXP_BIRTHDAY,C0219,Birthday,2026-08-01,1,treatment,1,0.6111,0.0231,1,451.58,1,668.83,1,957.39,20.25
EXP_DISCOUNT,C0219,Discount,2026-08-01,1,treatment,1,0.6111,0.0324,0,0.0,0,0.0,0,0.0,23.25
EXP_FESTIVAL,C0219,Festival,2026-08-01,1,treatment,1,0.6111,0.0416,0,0.0,0,0.0,0,0.0,29.0
EXP_LOYALTY,C0219,Loyalty,2026-08-01,1,control,0,0.6111,0.0509,0,0.0,1,847.1,1,1745.94,0.0
EXP_NEW_PRODUCT,C0219,New Product,2026-08-01,1,treatment,1,0.6111,0.0601,1,467.85,1,682.18,1,1176.37,23.0
EXP_WIN-BACK,C0219,Win-back,2026-08-01,1,treatment,1,0.6111,0.0694,0,0.0,0,0.0,1,1207.61,31.0
EXP_BIRTHDAY,C0220,Birthday,2026-08-01,1,treatment,1,0.4946,0.0221,0,0.0,0,0.0,0,0.0,20.25
EXP_DISCOUNT,C0220,Discount,2026-08-01,1,control,0,0.4946,0.0309,0,0.0,1,309.14,1,419.7,0.0
EXP_FESTIVAL,C0220,Festival,2026-08-01,1,control,0,0.4946,0.0397,0,0.0,0,0.0,0,0.0,0.0
EXP_LOYALTY,C0220,Loyalty,2026-08-01,1,treatment,1,0.4946,0.0485,1,140.05,1,214.91,1,475.76,16.0
EXP_NEW_PRODUCT,C0220,New Product,2026-08-01,1,control,0,0.4946,0.0574,0,0.0,0,0.0,0,0.0,0.0
EXP_WIN-BACK,C0220,Win-back,2026-08-01,1,treatment,1,0.4946,0.0662,0,0.0,1,195.55,1,425.97,31.0
EXP_BIRTHDAY,C0221,Birthday,2026-08-01,1,control,0,0.3998,0.0212,0,0.0,0,0.0,0,0.0,0.0
EXP_DISCOUNT,C0221,Discount,2026-08-01,1,control,0,0.3998,0.0296,0,0.0,0,0.0,0,0.0,0.0
EXP_FESTIVAL,C0221,Festival,2026-08-01,1,control,0,0.3998,0.0381,0,0.0,0,0.0,1,1474.35,0.0
EXP_LOYALTY,C0221,Loyalty,2026-08-01,1,treatment,1,0.3998,0.0465,0,0.0,0,0.0,1,643.07,16.0
EXP_NEW_PRODUCT,C0221,New Product,2026-08-01,1,treatment,1,0.3998,0.055,0,0.0,1,306.86,1,651.73,23.0
EXP_WIN-BACK,C0221,Win-back,2026-08-01,1,control,0,0.3998,0.0635,1,204.97,1,245.45,1,447.86,0.0
EXP_BIRTHDAY,C0222,Birthday,2026-08-01,1,control,0,0.5762,0.0228,0,0.0,1,572.37,1,1009.22,0.0
EXP_DISCOUNT,C0222,Discount,2026-08-01,1,treatment,1,0.5762,0.032,0,0.0,1,347.21,1,540.65,23.25
EXP_FESTIVAL,C0222,Festival,2026-08-01,1,treatment,1,0.5762,0.0411,1,232.98,1,302.53,1,555.75,29.0
EXP_LOYALTY,C0222,Loyalty,2026-08-01,1,control,0,0.5762,0.0502,1,264.95,1,505.96,1,722.01,0.0
EXP_NEW_PRODUCT,C0222,New Product,2026-08-01,1,treatment,1,0.5762,0.0593,0,0.0,1,334.06,1,583.63,23.0
EXP_WIN-BACK,C0222,Win-back,2026-08-01,1,treatment,1,0.5762,0.0685,0,0.0,0,0.0,1,637.83,31.0
EXP_BIRTHDAY,C0223,Birthday,2026-08-01,1,treatment,1,0.5168,0.0223,0,0.0,0,0.0,0,0.0,20.25
EXP_DISCOUNT,C0223,Discount,2026-08-01,1,treatment,1,0.5168,0.0312,1,378.45,1,472.87,1,629.92,23.25
EXP_FESTIVAL,C0223,Festival,2026-08-01,1,control,0,0.5168,0.0401,0,0.0,1,808.28,1,1181.65,0.0
EXP_LOYALTY,C0223,Loyalty,2026-08-01,1,treatment,1,0.5168,0.049,0,0.0,0,0.0,0,0.0,16.0
EXP_NEW_PRODUCT,C0223,New Product,2026-08-01,1,treatment,1,0.5168,0.0579,1,237.73,1,367.92,1,450.45,23.0
EXP_WIN-BACK,C0223,Win-back,2026-08-01,1,control,0,0.5168,0.0668,0,0.0,0,0.0,0,0.0,0.0
EXP_BIRTHDAY,C0224,Birthday,2026-08-01,1,control,0,0.4004,0.0212,0,0.0,0,0.0,0,0.0,0.0
EXP_DISCOUNT,C0224,Discount,2026-08-01,1,treatment,1,0.4004,0.0296,0,0.0,0,0.0,0,0.0,23.25
EXP_FESTIVAL,C0224,Festival,2026-08-01,1,control,0,0.4004,0.0381,0,0.0,0,0.0,0,0.0,0.0
EXP_LOYALTY,C0224,Loyalty,2026-08-01,1,treatment,1,0.4004,0.0465,0,0.0,0,0.0,0,0.0,16.0
EXP_NEW_PRODUCT,C0224,New Product,2026-08-01,1,control,0,0.4004,0.055,0,0.0,1,157.84,1,318.93,0.0
EXP_WIN-BACK,C0224,Win-back,2026-08-01,1,control,0,0.4004,0.0635,0,0.0,0,0.0,0,0.0,0.0
EXP_BIRTHDAY,C0225,Birthday,2026-08-01,1,treatment,1,0.3695,0.0209,0,0.0,0,0.0,0,0.0,20.25
EXP_DISCOUNT,C0225,Discount,2026-08-01,1,treatment,1,0.3695,0.0292,0,0.0,0,0.0,0,0.0,23.25
EXP_FESTIVAL,C0225,Festival,2026-08-01,1,control,0,0.3695,0.0376,0,0.0,0,0.0,0,0.0,0.0
EXP_LOYALTY,C0225,Loyalty,2026-08-01,1,control,0,0.3695,0.0459,0,0.0,0,0.0,0,0.0,0.0
EXP_NEW_PRODUCT,C0225,New Product,2026-08-01,1,control,0,0.3695,0.0543,1,792.13,1,1139.19,1,1696.21,0.0
EXP_WIN-BACK,C0225,Win-back,2026-08-01,1,control,0,0.3695,0.0626,1,307.32,1,541.23,1,637.13,0.0
EXP_BIRTHDAY,C0226,Birthday,2026-08-01,1,treatment,1,0.425,0.0214,0,0.0,1,936.35,1,1327.62,20.25
EXP_DISCOUNT,C0226,Discount,2026-08-01,1,treatment,1,0.425,0.03,1,390.52,1,671.85,1,1096.44,23.25
EXP_FESTIVAL,C0226,Festival,2026-08-01,1,treatment,1,0.425,0.0385,0,0.0,0,0.0,0,0.0,29.0
EXP_LOYALTY,C0226,Loyalty,2026-08-01,1,control,0,0.425,0.0471,1,599.4,1,732.32,1,1059.93,0.0
EXP_NEW_PRODUCT,C0226,New Product,2026-08-01,1,treatment,1,0.425,0.0556,0,0.0,0,0.0,1,603.15,23.0
EXP_WIN-BACK,C0226,Win-back,2026-08-01,1,treatment,1,0.425,0.0642,0,0.0,0,0.0,1,738.9,31.0
EXP_BIRTHDAY,C0227,Birthday,2026-08-01,1,control,0,0.5077,0.0222,1,293.78,1,430.15,1,539.38,0.0
EXP_DISCOUNT,C0227,Discount,2026-08-01,1,treatment,1,0.5077,0.0311,0,0.0,0,0.0,1,915.14,23.25
EXP_FESTIVAL,C0227,Festival,2026-08-01,1,treatment,1,0.5077,0.0399,0,0.0,0,0.0,0,0.0,29.0
EXP_LOYALTY,C0227,Loyalty,2026-08-01,1,control,0,0.5077,0.0488,0,0.0,0,0.0,0,0.0,0.0
EXP_NEW_PRODUCT,C0227,New Product,2026-08-01,1,control,0,0.5077,0.0577,0,0.0,0,0.0,0,0.0,0.0
EXP_WIN-BACK,C0227,Win-back,2026-08-01,1,control,0,0.5077,0.0666,0,0.0,0,0.0,0,0.0,0.0
EXP_BIRTHDAY,C0228,Birthday,2026-08-01,1,treatment,1,0.2532,0.0199,0,0.0,0,0.0,0,0.0,20.25
EXP_DISCOUNT,C0228,Discount,2026-08-01,1,control,0,0.2532,0.0278,0,0.0,0,0.0,0,0.0,0.0
EXP_FESTIVAL,C0228,Festival,2026-08-01,1,treatment,1,0.2532,0.0358,0,0.0,0,0.0,1,804.23,29.0
EXP_LOYALTY,C0228,Loyalty,2026-08-01,1,treatment,1,0.2532,0.0437,0,0.0,0,0.0,0,0.0,16.0
EXP_NEW_PRODUCT,C0228,New Product,2026-08-01,1,control,0,0.2532,0.0517,0,0.0,0,0.0,0,0.0,0.0
EXP_WIN-BACK,C0228,Win-back,2026-08-01,1,treatment,1,0.2532,0.0596,0,0.0,0,0.0,0,0.0,31.0
EXP_BIRTHDAY,C0229,Birthday,2026-08-01,1,treatment,1,0.5452,0.0225,0,0.0,0,0.0,0,0.0,20.25
EXP_DISCOUNT,C0229,Discount,2026-08-01,1,control,0,0.5452,0.0316,0,0.0,0,0.0,0,0.0,0.0
EXP_FESTIVAL,C0229,Festival,2026-08-01,1,treatment,1,0.5452,0.0406,0,0.0,0,0.0,0,0.0,29.0
EXP_LOYALTY,C0229,Loyalty,2026-08-01,1,treatment,1,0.5452,0.0496,0,0.0,0,0.0,0,0.0,16.0
EXP_NEW_PRODUCT,C0229,New Product,2026-08-01,1,treatment,1,0.5452,0.0586,0,0.0,0,0.0,0,0.0,23.0
EXP_WIN-BACK,C0229,Win-back,2026-08-01,1,control,0,0.5452,0.0676,1,306.63,1,582.61,1,1202.74,0.0
EXP_BIRTHDAY,C0230,Birthday,2026-08-01,1,treatment,1,0.5316,0.0224,0,0.0,0,0.0,0,0.0,20.25
EXP_DISCOUNT,C0230,Discount,2026-08-01,1,control,0,0.5316,0.0314,0,0.0,1,1231.56,1,2003.65,0.0
EXP_FESTIVAL,C0230,Festival,2026-08-01,1,treatment,1,0.5316,0.0403,0,0.0,1,565.63,1,1066.26,29.0
EXP_LOYALTY,C0230,Loyalty,2026-08-01,1,treatment,1,0.5316,0.0493,0,0.0,0,0.0,1,722.56,16.0
EXP_NEW_PRODUCT,C0230,New Product,2026-08-01,1,treatment,1,0.5316,0.0583,0,0.0,1,991.96,1,1702.99,23.0
EXP_WIN-BACK,C0230,Win-back,2026-08-01,1,treatment,1,0.5316,0.0672,0,0.0,0,0.0,0,0.0,31.0
EXP_BIRTHDAY,C0231,Birthday,2026-08-01,1,treatment,1,0.5772,0.0228,0,0.0,1,2769.07,1,4585.17,20.25
EXP_DISCOUNT,C0231,Discount,2026-08-01,1,treatment,1,0.5772,0.032,0,0.0,0,0.0,0,0.0,23.25
EXP_FESTIVAL,C0231,Festival,2026-08-01,1,treatment,1,0.5772,0.0411,0,0.0,0,0.0,0,0.0,29.0
EXP_LOYALTY,C0231,Loyalty,2026-08-01,1,control,0,0.5772,0.0502,0,0.0,0,0.0,0,0.0,0.0
EXP_NEW_PRODUCT,C0231,New Product,2026-08-01,1,control,0,0.5772,0.0594,0,0.0,0,0.0,0,0.0,0.0
EXP_WIN-BACK,C0231,Win-back,2026-08-01,1,control,0,0.5772,0.0685,0,0.0,0,0.0,1,1337.0,0.0
EXP_BIRTHDAY,C0232,Birthday,2026-08-01,1,control,0,0.4753,0.0219,0,0.0,1,1144.85,1,2235.08,0.0
EXP_DISCOUNT,C0232,Discount,2026-08-01,1,treatment,1,0.4753,0.0306,0,0.0,0,0.0,0,0.0,23.25
EXP_FESTIVAL,C0232,Festival,2026-08-01,1,control,0,0.4753,0.0394,0,0.0,0,0.0,0,0.0,0.0
EXP_LOYALTY,C0232,Loyalty,2026-08-01,1,control,0,0.4753,0.0481,0,0.0,1,838.09,1,1334.03,0.0
EXP_NEW_PRODUCT,C0232,New Product,2026-08-01,1,treatment,1,0.4753,0.0569,0,0.0,0,0.0,0,0.0,23.0
EXP_WIN-BACK,C0232,Win-back,2026-08-01,1,control,0,0.4753,0.0656,0,0.0,0,0.0,1,2132.59,0.0
EXP_BIRTHDAY,C0233,Birthday,2026-08-01,1,control,0,0.5946,0.023,1,876.7,1,1780.14,1,3601.5,0.0
EXP_DISCOUNT,C0233,Discount,2026-08-01,1,control,0,0.5946,0.0322,0,0.0,0,0.0,1,2399.95,0.0
EXP_FESTIVAL,C0233,Festival,2026-08-01,1,control,0,0.5946,0.0414,0,0.0,1,685.42,1,1285.74,0.0
EXP_LOYALTY,C0233,Loyalty,2026-08-01,1,control,0,0.5946,0.0506,1,1445.82,1,1701.88,1,2505.57,0.0
EXP_NEW_PRODUCT,C0233,New Product,2026-08-01,1,treatment,1,0.5946,0.0598,1,600.96,1,737.35,1,917.63,23.0
EXP_WIN-BACK,C0233,Win-back,2026-08-01,1,control,0,0.5946,0.069,1,2143.64,1,2996.86,1,5211.52,0.0
EXP_BIRTHDAY,C0234,Birthday,2026-08-01,1,treatment,1,0.4876,0.022,0,0.0,1,1482.01,1,2588.64,20.25
EXP_DISCOUNT,C0234,Discount,2026-08-01,1,treatment,1,0.4876,0.0308,1,416.57,1,594.74,1,1201.28,23.25
EXP_FESTIVAL,C0234,Festival,2026-08-01,1,control,0,0.4876,0.0396,1,544.3,1,792.75,1,1037.1,0.0
EXP_LOYALTY,C0234,Loyalty,2026-08-01,1,treatment,1,0.4876,0.0484,0,0.0,0,0.0,0,0.0,16.0
EXP_NEW_PRODUCT,C0234,New Product,2026-08-01,1,treatment,1,0.4876,0.0572,1,181.31,1,343.98,1,660.96,23.0
EXP_WIN-BACK,C0234,Win-back,2026-08-01,1,treatment,1,0.4876,0.066,0,0.0,0,0.0,0,0.0,31.0
EXP_BIRTHDAY,C0235,Birthday,2026-08-01,1,treatment,1,0.628,0.0233,0,0.0,0,0.0,1,2616.68,20.25
EXP_DISCOUNT,C0235,Discount,2026-08-01,1,control,0,0.628,0.0326,1,1360.21,1,2316.22,1,2991.66,0.0
EXP_FESTIVAL,C0235,Festival,2026-08-01,1,control,0,0.628,0.0419,1,541.69,1,951.75,1,1267.54,0.0
EXP_LOYALTY,C0235,Loyalty,2026-08-01,1,control,0,0.628,0.0512,1,651.55,1,945.13,1,1410.95,0.0
EXP_NEW_PRODUCT,C0235,New Product,2026-08-01,1,control,0,0.628,0.0605,1,2129.04,1,2963.71,1,4241.95,0.0
EXP_WIN-BACK,C0235,Win-back,2026-08-01,1,treatment,1,0.628,0.0698,1,1307.56,1,1829.17,1,3514.67,31.0
EXP_BIRTHDAY,C0236,Birthday,2026-08-01,1,control,0,0.5115,0.0222,1,424.39,1,516.43,1,1013.18,0.0
EXP_DISCOUNT,C0236,Discount,2026-08-01,1,treatment,1,0.5115,0.0311,1,331.77,1,464.07,1,845.54,23.25
EXP_FESTIVAL,C0236,Festival,2026-08-01,1,treatment,1,0.5115,0.04,0,0.0,1,1114.94,1,1713.99,29.0
EXP_LOYALTY,C0236,Loyalty,2026-08-01,1,control,0,0.5115,0.0489,1,1324.49,1,1675.98,1,2325.51,0.0
EXP_NEW_PRODUCT,C0236,New Product,2026-08-01,1,control,0,0.5115,0.0578,0,0.0,0,0.0,0,0.0,0.0
EXP_WIN-BACK,C0236,Win-back,2026-08-01,1,treatment,1,0.5115,0.0667,0,0.0,0,0.0,1,867.48,31.0
EXP_BIRTHDAY,C0237,Birthday,2026-08-01,1,control,0,0.3199,0.0204,0,0.0,0,0.0,1,963.18,0.0
EXP_DISCOUNT,C0237,Discount,2026-08-01,1,control,0,0.3199,0.0286,0,0.0,0,0.0,0,0.0,0.0
EXP_FESTIVAL,C0237,Festival,2026-08-01,1,treatment,1,0.3199,0.0368,0,0.0,0,0.0,0,0.0,29.0
EXP_LOYALTY,C0237,Loyalty,2026-08-01,1,control,0,0.3199,0.0449,0,0.0,0,0.0,0,0.0,0.0
EXP_NEW_PRODUCT,C0237,New Product,2026-08-01,1,treatment,1,0.3199,0.0531,0,0.0,0,0.0,0,0.0,23.0
EXP_WIN-BACK,C0237,Win-back,2026-08-01,1,treatment,1,0.3199,0.0613,0,0.0,0,0.0,0,0.0,31.0
EXP_BIRTHDAY,C0238,Birthday,2026-08-01,1,treatment,1,0.6867,0.0237,0,0.0,0,0.0,0,0.0,20.25
EXP_DISCOUNT,C0238,Discount,2026-08-01,1,control,0,0.6867,0.0332,0,0.0,1,849.87,1,1367.09,0.0
EXP_FESTIVAL,C0238,Festival,2026-08-01,1,control,0,0.6867,0.0427,0,0.0,1,1215.34,1,1734.1,0.0
EXP_LOYALTY,C0238,Loyalty,2026-08-01,1,treatment,1,0.6867,0.0522,0,0.0,0,0.0,1,1605.56,16.0
EXP_NEW_PRODUCT,C0238,New Product,2026-08-01,1,treatment,1,0.6867,0.0617,0,0.0,0,0.0,1,2007.47,23.0
EXP_WIN-BACK,C0238,Win-back,2026-08-01,1,control,0,0.6867,0.0712,0,0.0,0,0.0,0,0.0,0.0
EXP_BIRTHDAY,C0239,Birthday,2026-08-01,1,control,0,0.4255,0.0214,1,462.48,1,747.99,1,1433.19,0.0
EXP_DISCOUNT,C0239,Discount,2026-08-01,1,treatment,1,0.4255,0.03,0,0.0,1,317.39,1,676.39,23.25
EXP_FESTIVAL,C0239,Festival,2026-08-01,1,control,0,0.4255,0.0385,0,0.0,0,0.0,1,1040.81,0.0
EXP_LOYALTY,C0239,Loyalty,2026-08-01,1,control,0,0.4255,0.0471,0,0.0,1,450.74,1,861.69,0.0
EXP_NEW_PRODUCT,C0239,New Product,2026-08-01,1,control,0,0.4255,0.0556,0,0.0,0,0.0,0,0.0,0.0
EXP_WIN-BACK,C0239,Win-back,2026-08-01,1,control,0,0.4255,0.0642,1,865.93,1,1124.9,1,1380.67,0.0
EXP_BIRTHDAY,C0240,Birthday,2026-08-01,1,treatment,1,0.2551,0.0199,0,0.0,0,0.0,0,0.0,20.25
EXP_DISCOUNT,C0240,Discount,2026-08-01,1,treatment,1,0.2551,0.0279,0,0.0,1,466.53,1,640.47,23.25
EXP_FESTIVAL,C0240,Festival,2026-08-01,1,treatment,1,0.2551,0.0358,0,0.0,0,0.0,0,0.0,29.0
EXP_LOYALTY,C0240,Loyalty,2026-08-01,1,control,0,0.2551,0.0438,0,0.0,0,0.0,0,0.0,0.0
EXP_NEW_PRODUCT,C0240,New Product,2026-08-01,1,control,0,0.2551,0.0517,0,0.0,0,0.0,0,0.0,0.0
EXP_WIN-BACK,C0240,Win-back,2026-08-01,1,treatment,1,0.2551,0.0597,0,0.0,0,0.0,0,0.0,31.0
EXP_BIRTHDAY,C0241,Birthday,2026-08-01,1,control,0,0.6994,0.0238,0,0.0,0,0.0,0,0.0,0.0
EXP_DISCOUNT,C0241,Discount,2026-08-01,1,treatment,1,0.6994,0.0333,0,0.0,1,1569.54,1,2619.36,23.25
EXP_FESTIVAL,C0241,Festival,2026-08-01,1,treatment,1,0.6994,0.0429,0,0.0,1,823.06,1,1558.5,29.0
EXP_LOYALTY,C0241,Loyalty,2026-08-01,1,control,0,0.6994,0.0524,0,0.0,0,0.0,0,0.0,0.0
EXP_NEW_PRODUCT,C0241,New Product,2026-08-01,1,control,0,0.6994,0.0619,0,0.0,0,0.0,1,2515.93,0.0
EXP_WIN-BACK,C0241,Win-back,2026-08-01,1,treatment,1,0.6994,0.0714,0,0.0,0,0.0,0,0.0,31.0
EXP_BIRTHDAY,C0242,Birthday,2026-08-01,1,control,0,0.5096,0.0222,0,0.0,1,550.53,1,730.69,0.0
EXP_DISCOUNT,C0242,Discount,2026-08-01,1,control,0,0.5096,0.0311,0,0.0,0,0.0,1,1667.91,0.0
EXP_FESTIVAL,C0242,Festival,2026-08-01,1,control,0,0.5096,0.04,0,0.0,0,0.0,0,0.0,0.0
EXP_LOYALTY,C0242,Loyalty,2026-08-01,1,control,0,0.5096,0.0489,0,0.0,0,0.0,0,0.0,0.0
EXP_NEW_PRODUCT,C0242,New Product,2026-08-01,1,control,0,0.5096,0.0577,1,653.08,1,1334.63,1,1572.55,0.0
EXP_WIN-BACK,C0242,Win-back,2026-08-01,1,treatment,1,0.5096,0.0666,0,0.0,0,0.0,0,0.0,31.0
EXP_BIRTHDAY,C0243,Birthday,2026-08-01,1,treatment,1,0.538,0.0225,0,0.0,0,0.0,1,1132.72,20.25
EXP_DISCOUNT,C0243,Discount,2026-08-01,1,control,0,0.538,0.0315,0,0.0,1,1021.94,1,1270.18,0.0
EXP_FESTIVAL,C0243,Festival,2026-08-01,1,control,0,0.538,0.0405,0,0.0,0,0.0,0,0.0,0.0
EXP_LOYALTY,C0243,Loyalty,2026-08-01,1,treatment,1,0.538,0.0494,0,0.0,0,0.0,0,0.0,16.0
EXP_NEW_PRODUCT,C0243,New Product,2026-08-01,1,control,0,0.538,0.0584,0,0.0,0,0.0,0,0.0,0.0
EXP_WIN-BACK,C0243,Win-back,2026-08-01,1,control,0,0.538,0.0674,0,0.0,0,0.0,1,1151.03,0.0
EXP_BIRTHDAY,C0244,Birthday,2026-08-01,1,control,0,0.6961,0.0238,1,809.67,1,966.82,1,1162.62,0.0
EXP_DISCOUNT,C0244,Discount,2026-08-01,1,control,0,0.6961,0.0333,1,551.49,1,1138.58,1,1515.78,0.0
EXP_FESTIVAL,C0244,Festival,2026-08-01,1,control,0,0.6961,0.0428,0,0.0,1,615.17,1,1276.27,0.0
EXP_LOYALTY,C0244,Loyalty,2026-08-01,1,control,0,0.6961,0.0523,0,0.0,0,0.0,0,0.0,0.0
EXP_NEW_PRODUCT,C0244,New Product,2026-08-01,1,control,0,0.6961,0.0619,1,1548.2,1,2621.29,1,3763.4,0.0
EXP_WIN-BACK,C0244,Win-back,2026-08-01,1,control,0,0.6961,0.0714,0,0.0,0,0.0,0,0.0,0.0
EXP_BIRTHDAY,C0245,Birthday,2026-08-01,1,control,0,0.3762,0.0209,0,0.0,1,925.6,1,1262.53,0.0
EXP_DISCOUNT,C0245,Discount,2026-08-01,1,control,0,0.3762,0.0293,0,0.0,0,0.0,0,0.0,0.0
EXP_FESTIVAL,C0245,Festival,2026-08-01,1,treatment,1,0.3762,0.0377,0,0.0,0,0.0,0,0.0,29.0
EXP_LOYALTY,C0245,Loyalty,2026-08-01,1,control,0,0.3762,0.046,0,0.0,0,0.0,0,0.0,0.0
EXP_NEW_PRODUCT,C0245,New Product,2026-08-01,1,control,0,0.3762,0.0544,0,0.0,0,0.0,1,1279.42,0.0
EXP_WIN-BACK,C0245,Win-back,2026-08-01,1,control,0,0.3762,0.0628,0,0.0,0,0.0,0,0.0,0.0
EXP_BIRTHDAY,C0246,Birthday,2026-08-01,1,control,0,0.4251,0.0214,0,0.0,0,0.0,0,0.0,0.0
EXP_DISCOUNT,C0246,Discount,2026-08-01,1,treatment,1,0.4251,0.03,0,0.0,0,0.0,1,1904.51,23.25
EXP_FESTIVAL,C0246,Festival,2026-08-01,1,control,0,0.4251,0.0385,0,0.0,0,0.0,0,0.0,0.0
EXP_LOYALTY,C0246,Loyalty,2026-08-01,1,treatment,1,0.4251,0.0471,0,0.0,0,0.0,1,2036.45,16.0
EXP_NEW_PRODUCT,C0246,New Product,2026-08-01,1,control,0,0.4251,0.0556,0,0.0,0,0.0,0,0.0,0.0
EXP_WIN-BACK,C0246,Win-back,2026-08-01,1,control,0,0.4251,0.0642,0,0.0,0,0.0,0,0.0,0.0
EXP_BIRTHDAY,C0247,Birthday,2026-08-01,1,treatment,1,0.5731,0.0228,0,0.0,0,0.0,0,0.0,20.25
EXP_DISCOUNT,C0247,Discount,2026-08-01,1,control,0,0.5731,0.0319,0,0.0,0,0.0,1,1212.64,0.0
EXP_FESTIVAL,C0247,Festival,2026-08-01,1,control,0,0.5731,0.041,1,1071.17,1,1470.63,1,2395.08,0.0
EXP_LOYALTY,C0247,Loyalty,2026-08-01,1,control,0,0.5731,0.0501,0,0.0,0,0.0,0,0.0,0.0
EXP_NEW_PRODUCT,C0247,New Product,2026-08-01,1,treatment,1,0.5731,0.0593,1,247.29,1,374.6,1,681.99,23.0
EXP_WIN-BACK,C0247,Win-back,2026-08-01,1,control,0,0.5731,0.0684,0,0.0,0,0.0,0,0.0,0.0
EXP_BIRTHDAY,C0248,Birthday,2026-08-01,1,treatment,1,0.3893,0.0211,0,0.0,0,0.0,1,559.44,20.25
EXP_DISCOUNT,C0248,Discount,2026-08-01,1,control,0,0.3893,0.0295,0,0.0,0,0.0,0,0.0,0.0
EXP_FESTIVAL,C0248,Festival,2026-08-01,1,treatment,1,0.3893,0.0379,1,177.95,1,262.87,1,470.84,29.0
EXP_LOYALTY,C0248,Loyalty,2026-08-01,1,treatment,1,0.3893,0.0463,0,0.0,0,0.0,0,0.0,16.0
EXP_NEW_PRODUCT,C0248,New Product,2026-08-01,1,control,0,0.3893,0.0547,1,590.35,1,742.17,1,875.26,0.0
EXP_WIN-BACK,C0248,Win-back,2026-08-01,1,treatment,1,0.3893,0.0632,1,525.49,1,801.68,1,1174.52,31.0
EXP_BIRTHDAY,C0249,Birthday,2026-08-01,1,control,0,0.6177,0.0232,0,0.0,1,1461.63,1,1965.16,0.0
EXP_DISCOUNT,C0249,Discount,2026-08-01,1,control,0,0.6177,0.0325,0,0.0,0,0.0,1,1826.2,0.0
EXP_FESTIVAL,C0249,Festival,2026-08-01,1,treatment,1,0.6177,0.0417,1,206.13,1,399.28,1,779.87,29.0
EXP_LOYALTY,C0249,Loyalty,2026-08-01,1,treatment,1,0.6177,0.051,1,968.18,1,1684.9,1,2995.88,16.0
EXP_NEW_PRODUCT,C0249,New Product,2026-08-01,1,treatment,1,0.6177,0.0603,0,0.0,0,0.0,0,0.0,23.0
EXP_WIN-BACK,C0249,Win-back,2026-08-01,1,control,0,0.6177,0.0695,1,685.8,1,871.29,1,1697.7,0.0
EXP_BIRTHDAY,C0250,Birthday,2026-08-01,1,treatment,1,0.2482,0.0198,0,0.0,0,0.0,0,0.0,20.25
EXP_DISCOUNT,C0250,Discount,2026-08-01,1,control,0,0.2482,0.0278,0,0.0,0,0.0,0,0.0,0.0
EXP_FESTIVAL,C0250,Festival,2026-08-01,1,control,0,0.2482,0.0357,0,0.0,1,1828.22,1,2763.04,0.0
EXP_LOYALTY,C0250,Loyalty,2026-08-01,1,treatment,1,0.2482,0.0437,0,0.0,0,0.0,0,0.0,16.0
EXP_NEW_PRODUCT,C0250,New Product,2026-08-01,1,treatment,1,0.2482,0.0516,0,0.0,1,627.06,1,890.5,23.0
EXP_WIN-BACK,C0250,Win-back,2026-08-01,1,control,0,0.2482,0.0595,0,0.0,0,0.0,0,0.0,0.0
EXP_BIRTHDAY,C0251,Birthday,2026-08-01,1,treatment,1,0.3782,0.0209,0,0.0,0,0.0,0,0.0,20.25
EXP_DISCOUNT,C0251,Discount,2026-08-01,1,treatment,1,0.3782,0.0293,0,0.0,0,0.0,0,0.0,23.25
EXP_FESTIVAL,C0251,Festival,2026-08-01,1,treatment,1,0.3782,0.0377,0,0.0,0,0.0,1,879.64,29.0
EXP_LOYALTY,C0251,Loyalty,2026-08-01,1,control,0,0.3782,0.0461,0,0.0,1,1261.9,1,2210.22,0.0
EXP_NEW_PRODUCT,C0251,New Product,2026-08-01,1,control,0,0.3782,0.0545,0,0.0,0,0.0,1,1009.72,0.0
EXP_WIN-BACK,C0251,Win-back,2026-08-01,1,treatment,1,0.3782,0.0628,0,0.0,0,0.0,0,0.0,31.0
EXP_BIRTHDAY,C0252,Birthday,2026-08-01,1,treatment,1,0.4648,0.0218,1,263.45,1,482.58,1,719.13,20.25
EXP_DISCOUNT,C0252,Discount,2026-08-01,1,treatment,1,0.4648,0.0305,0,0.0,0,0.0,0,0.0,23.25
EXP_FESTIVAL,C0252,Festival,2026-08-01,1,control,0,0.4648,0.0392,0,0.0,0,0.0,0,0.0,0.0
EXP_LOYALTY,C0252,Loyalty,2026-08-01,1,control,0,0.4648,0.0479,0,0.0,1,355.55,1,751.97,0.0
EXP_NEW_PRODUCT,C0252,New Product,2026-08-01,1,control,0,0.4648,0.0566,0,0.0,1,758.02,1,1197.15,0.0
EXP_WIN-BACK,C0252,Win-back,2026-08-01,1,treatment,1,0.4648,0.0653,0,0.0,0,0.0,1,938.17,31.0
EXP_BIRTHDAY,C0253,Birthday,2026-08-01,1,control,0,0.5493,0.0226,1,576.41,1,1003.91,1,1546.8,0.0
EXP_DISCOUNT,C0253,Discount,2026-08-01,1,control,0,0.5493,0.0316,0,0.0,1,792.23,1,1029.29,0.0
EXP_FESTIVAL,C0253,Festival,2026-08-01,1,treatment,1,0.5493,0.0406,0,0.0,0,0.0,1,2572.76,29.0
EXP_LOYALTY,C0253,Loyalty,2026-08-01,1,treatment,1,0.5493,0.0497,0,0.0,0,0.0,0,0.0,16.0
EXP_NEW_PRODUCT,C0253,New Product,2026-08-01,1,treatment,1,0.5493,0.0587,0,0.0,0,0.0,1,2104.31,23.0
EXP_WIN-BACK,C0253,Win-back,2026-08-01,1,control,0,0.5493,0.0677,0,0.0,1,1317.4,1,2191.26,0.0
EXP_BIRTHDAY,C0254,Birthday,2026-08-01,1,control,0,0.5189,0.0223,1,339.01,1,416.89,1,499.06,0.0
EXP_DISCOUNT,C0254,Discount,2026-08-01,1,control,0,0.5189,0.0312,0,0.0,0,0.0,1,1647.38,0.0
EXP_FESTIVAL,C0254,Festival,2026-08-01,1,control,0,0.5189,0.0401,1,189.23,1,398.9,1,778.23,0.0
EXP_LOYALTY,C0254,Loyalty,2026-08-01,1,treatment,1,0.5189,0.049,0,0.0,0,0.0,0,0.0,16.0
EXP_NEW_PRODUCT,C0254,New Product,2026-08-01,1,control,0,0.5189,0.058,0,0.0,0,0.0,0,0.0,0.0
EXP_WIN-BACK,C0254,Win-back,2026-08-01,1,control,0,0.5189,0.0669,0,0.0,0,0.0,0,0.0,0.0
EXP_BIRTHDAY,C0255,Birthday,2026-08-01,1,control,0,0.3438,0.0206,0,0.0,1,600.02,1,1170.63,0.0
EXP_DISCOUNT,C0255,Discount,2026-08-01,1,control,0,0.3438,0.0289,0,0.0,0,0.0,0,0.0,0.0
EXP_FESTIVAL,C0255,Festival,2026-08-01,1,control,0,0.3438,0.0371,0,0.0,0,0.0,0,0.0,0.0
EXP_LOYALTY,C0255,Loyalty,2026-08-01,1,control,0,0.3438,0.0454,0,0.0,0,0.0,1,1428.89,0.0
EXP_NEW_PRODUCT,C0255,New Product,2026-08-01,1,treatment,1,0.3438,0.0536,0,0.0,1,652.12,1,1031.19,23.0
EXP_WIN-BACK,C0255,Win-back,2026-08-01,1,treatment,1,0.3438,0.0619,0,0.0,0,0.0,1,644.22,31.0
EXP_BIRTHDAY,C0256,Birthday,2026-08-01,1,treatment,1,0.5039,0.0222,0,0.0,1,601.12,1,789.18,20.25
EXP_DISCOUNT,C0256,Discount,2026-08-01,1,control,0,0.5039,0.031,0,0.0,0,0.0,0,0.0,0.0
EXP_FESTIVAL,C0256,Festival,2026-08-01,1,treatment,1,0.5039,0.0399,1,280.59,1,450.57,1,692.28,29.0
EXP_LOYALTY,C0256,Loyalty,2026-08-01,1,control,0,0.5039,0.0487,0,0.0,0,0.0,0,0.0,0.0
EXP_NEW_PRODUCT,C0256,New Product,2026-08-01,1,treatment,1,0.5039,0.0576,1,377.4,1,488.06,1,719.65,23.0
EXP_WIN-BACK,C0256,Win-back,2026-08-01,1,control,0,0.5039,0.0665,0,0.0,0,0.0,0,0.0,0.0
EXP_BIRTHDAY,C0257,Birthday,2026-08-01,1,treatment,1,0.7721,0.0243,1,1845.54,1,2862.69,1,3587.29,20.25
EXP_DISCOUNT,C0257,Discount,2026-08-01,1,treatment,1,0.7721,0.034,1,532.75,1,1170.53,1,2489.75,23.25
EXP_FESTIVAL,C0257,Festival,2026-08-01,1,treatment,1,0.7721,0.0437,0,0.0,0,0.0,1,815.61,29.0
EXP_LOYALTY,C0257,Loyalty,2026-08-01,1,treatment,1,0.7721,0.0534,0,0.0,0,0.0,0,0.0,16.0
EXP_NEW_PRODUCT,C0257,New Product,2026-08-01,1,treatment,1,0.7721,0.0631,0,0.0,1,657.25,1,853.4,23.0
EXP_WIN-BACK,C0257,Win-back,2026-08-01,1,treatment,1,0.7721,0.0728,1,575.45,1,1158.8,1,2431.69,31.0
EXP_BIRTHDAY,C0258,Birthday,2026-08-01,1,control,0,0.511,0.0222,0,0.0,0,0.0,0,0.0,0.0
EXP_DISCOUNT,C0258,Discount,2026-08-01,1,control,0,0.511,0.0311,1,379.11,1,749.46,1,1062.56,0.0
EXP_FESTIVAL,C0258,Festival,2026-08-01,1,control,0,0.511,0.04,0,0.0,0,0.0,1,729.41,0.0
EXP_LOYALTY,C0258,Loyalty,2026-08-01,1,control,0,0.511,0.0489,0,0.0,0,0.0,0,0.0,0.0
EXP_NEW_PRODUCT,C0258,New Product,2026-08-01,1,treatment,1,0.511,0.0578,0,0.0,1,467.97,1,844.0,23.0
EXP_WIN-BACK,C0258,Win-back,2026-08-01,1,control,0,0.511,0.0667,0,0.0,1,681.68,1,857.18,0.0
EXP_BIRTHDAY,C0259,Birthday,2026-08-01,1,treatment,1,0.4603,0.0217,1,289.57,1,607.66,1,1035.75,20.25
EXP_DISCOUNT,C0259,Discount,2026-08-01,1,treatment,1,0.4603,0.0304,1,511.97,1,906.15,1,1824.5,23.25
EXP_FESTIVAL,C0259,Festival,2026-08-01,1,control,0,0.4603,0.0391,0,0.0,0,0.0,0,0.0,0.0
EXP_LOYALTY,C0259,Loyalty,2026-08-01,1,treatment,1,0.4603,0.0478,1,554.12,1,1058.95,1,2012.41,16.0
EXP_NEW_PRODUCT,C0259,New Product,2026-08-01,1,treatment,1,0.4603,0.0565,1,1347.48,1,1939.29,1,2746.61,23.0
EXP_WIN-BACK,C0259,Win-back,2026-08-01,1,control,0,0.4603,0.0652,0,0.0,0,0.0,0,0.0,0.0
EXP_BIRTHDAY,C0260,Birthday,2026-08-01,1,treatment,1,0.4931,0.022,0,0.0,0,0.0,0,0.0,20.25
EXP_DISCOUNT,C0260,Discount,2026-08-01,1,control,0,0.4931,0.0309,0,0.0,0,0.0,0,0.0,0.0
EXP_FESTIVAL,C0260,Festival,2026-08-01,1,control,0,0.4931,0.0397,1,273.4,1,433.62,1,887.09,0.0
EXP_LOYALTY,C0260,Loyalty,2026-08-01,1,treatment,1,0.4931,0.0485,0,0.0,0,0.0,1,1169.91,16.0
EXP_NEW_PRODUCT,C0260,New Product,2026-08-01,1,treatment,1,0.4931,0.0573,0,0.0,0,0.0,0,0.0,23.0
EXP_WIN-BACK,C0260,Win-back,2026-08-01,1,control,0,0.4931,0.0661,0,0.0,0,0.0,0,0.0,0.0
EXP_BIRTHDAY,C0261,Birthday,2026-08-01,1,control,0,0.5203,0.0223,1,1312.29,1,2116.93,1,2513.0,0.0
EXP_DISCOUNT,C0261,Discount,2026-08-01,1,treatment,1,0.5203,0.0312,0,0.0,0,0.0,1,2228.59,23.25
EXP_FESTIVAL,C0261,Festival,2026-08-01,1,treatment,1,0.5203,0.0402,0,0.0,1,1109.36,1,1432.26,29.0
EXP_LOYALTY,C0261,Loyalty,2026-08-01,1,control,0,0.5203,0.0491,0,0.0,0,0.0,1,1854.31,0.0
EXP_NEW_PRODUCT,C0261,New Product,2026-08-01,1,control,0,0.5203,0.058,0,0.0,0,0.0,0,0.0,0.0
EXP_WIN-BACK,C0261,Win-back,2026-08-01,1,control,0,0.5203,0.0669,1,432.18,1,701.32,1,1499.64,0.0
EXP_BIRTHDAY,C0262,Birthday,2026-08-01,1,control,0,0.4332,0.0215,0,0.0,0,0.0,1,1203.66,0.0
EXP_DISCOUNT,C0262,Discount,2026-08-01,1,treatment,1,0.4332,0.0301,0,0.0,0,0.0,0,0.0,23.25
EXP_FESTIVAL,C0262,Festival,2026-08-01,1,treatment,1,0.4332,0.0386,0,0.0,1,954.36,1,2063.23,29.0
EXP_LOYALTY,C0262,Loyalty,2026-08-01,1,control,0,0.4332,0.0472,0,0.0,1,863.96,1,1573.49,0.0
EXP_NEW_PRODUCT,C0262,New Product,2026-08-01,1,treatment,1,0.4332,0.0558,0,0.0,0,0.0,0,0.0,23.0
EXP_WIN-BACK,C0262,Win-back,2026-08-01,1,control,0,0.4332,0.0644,0,0.0,1,466.61,1,690.23,0.0
EXP_BIRTHDAY,C0263,Birthday,2026-08-01,1,treatment,1,0.4515,0.0216,0,0.0,0,0.0,0,0.0,20.25
EXP_DISCOUNT,C0263,Discount,2026-08-01,1,treatment,1,0.4515,0.0303,0,0.0,0,0.0,0,0.0,23.25
EXP_FESTIVAL,C0263,Festival,2026-08-01,1,treatment,1,0.4515,0.039,0,0.0,0,0.0,1,587.56,29.0
EXP_LOYALTY,C0263,Loyalty,2026-08-01,1,control,0,0.4515,0.0476,1,378.74,1,527.87,1,853.75,0.0
EXP_NEW_PRODUCT,C0263,New Product,2026-08-01,1,control,0,0.4515,0.0563,0,0.0,0,0.0,0,0.0,0.0
EXP_WIN-BACK,C0263,Win-back,2026-08-01,1,control,0,0.4515,0.0649,1,315.17,1,647.88,1,1253.61,0.0
EXP_BIRTHDAY,C0264,Birthday,2026-08-01,1,control,0,0.6132,0.0231,0,0.0,0,0.0,0,0.0,0.0
EXP_DISCOUNT,C0264,Discount,2026-08-01,1,control,0,0.6132,0.0324,0,0.0,1,417.13,1,703.65,0.0
EXP_FESTIVAL,C0264,Festival,2026-08-01,1,control,0,0.6132,0.0417,0,0.0,0,0.0,0,0.0,0.0
EXP_LOYALTY,C0264,Loyalty,2026-08-01,1,control,0,0.6132,0.0509,0,0.0,1,404.5,1,800.41,0.0
EXP_NEW_PRODUCT,C0264,New Product,2026-08-01,1,treatment,1,0.6132,0.0602,0,0.0,0,0.0,0,0.0,23.0
EXP_WIN-BACK,C0264,Win-back,2026-08-01,1,treatment,1,0.6132,0.0694,0,0.0,0,0.0,0,0.0,31.0
EXP_BIRTHDAY,C0265,Birthday,2026-08-01,1,treatment,1,0.3724,0.0209,0,0.0,0,0.0,0,0.0,20.25
EXP_DISCOUNT,C0265,Discount,2026-08-01,1,treatment,1,0.3724,0.0293,0,0.0,1,665.18,1,1445.02,23.25
EXP_FESTIVAL,C0265,Festival,2026-08-01,1,treatment,1,0.3724,0.0376,0,0.0,0,0.0,0,0.0,29.0
EXP_LOYALTY,C0265,Loyalty,2026-08-01,1,treatment,1,0.3724,0.046,0,0.0,0,0.0,0,0.0,16.0
EXP_NEW_PRODUCT,C0265,New Product,2026-08-01,1,control,0,0.3724,0.0543,0,0.0,1,494.3,1,1019.9,0.0
EXP_WIN-BACK,C0265,Win-back,2026-08-01,1,control,0,0.3724,0.0627,0,0.0,0,0.0,0,0.0,0.0
EXP_BIRTHDAY,C0266,Birthday,2026-08-01,1,control,0,0.3725,0.0209,0,0.0,0,0.0,0,0.0,0.0
EXP_DISCOUNT,C0266,Discount,2026-08-01,1,treatment,1,0.3725,0.0293,0,0.0,0,0.0,0,0.0,23.25
EXP_FESTIVAL,C0266,Festival,2026-08-01,1,control,0,0.3725,0.0376,0,0.0,0,0.0,0,0.0,0.0
EXP_LOYALTY,C0266,Loyalty,2026-08-01,1,control,0,0.3725,0.046,0,0.0,0,0.0,0,0.0,0.0
EXP_NEW_PRODUCT,C0266,New Product,2026-08-01,1,treatment,1,0.3725,0.0543,0,0.0,0,0.0,0,0.0,23.0
EXP_WIN-BACK,C0266,Win-back,2026-08-01,1,control,0,0.3725,0.0627,0,0.0,0,0.0,0,0.0,0.0
EXP_BIRTHDAY,C0267,Birthday,2026-08-01,1,treatment,1,0.5081,0.0222,0,0.0,0,0.0,0,0.0,20.25
EXP_DISCOUNT,C0267,Discount,2026-08-01,1,treatment,1,0.5081,0.0311,0,0.0,1,414.84,1,854.37,23.25
EXP_FESTIVAL,C0267,Festival,2026-08-01,1,control,0,0.5081,0.0399,0,0.0,0,0.0,0,0.0,0.0
EXP_LOYALTY,C0267,Loyalty,2026-08-01,1,treatment,1,0.5081,0.0488,0,0.0,0,0.0,0,0.0,16.0
EXP_NEW_PRODUCT,C0267,New Product,2026-08-01,1,treatment,1,0.5081,0.0577,0,0.0,0,0.0,0,0.0,23.0
EXP_WIN-BACK,C0267,Win-back,2026-08-01,1,control,0,0.5081,0.0666,0,0.0,0,0.0,1,988.48,0.0
EXP_BIRTHDAY,C0268,Birthday,2026-08-01,1,control,0,0.5029,0.0221,0,0.0,1,714.18,1,897.1,0.0
EXP_DISCOUNT,C0268,Discount,2026-08-01,1,treatment,1,0.5029,0.031,0,0.0,0,0.0,0,0.0,23.25
EXP_FESTIVAL,C0268,Festival,2026-08-01,1,treatment,1,0.5029,0.0399,0,0.0,0,0.0,0,0.0,29.0
EXP_LOYALTY,C0268,Loyalty,2026-08-01,1,control,0,0.5029,0.0487,1,586.72,1,897.56,1,1077.44,0.0
EXP_NEW_PRODUCT,C0268,New Product,2026-08-01,1,treatment,1,0.5029,0.0576,0,0.0,0,0.0,0,0.0,23.0
EXP_WIN-BACK,C0268,Win-back,2026-08-01,1,treatment,1,0.5029,0.0664,1,457.79,1,572.8,1,778.76,31.0
EXP_BIRTHDAY,C0269,Birthday,2026-08-01,1,control,0,0.6349,0.0233,0,0.0,0,0.0,0,0.0,0.0
EXP_DISCOUNT,C0269,Discount,2026-08-01,1,treatment,1,0.6349,0.0327,0,0.0,0,0.0,1,1019.47,23.25
EXP_FESTIVAL,C0269,Festival,2026-08-01,1,treatment,1,0.6349,0.042,0,0.0,0,0.0,0,0.0,29.0
EXP_LOYALTY,C0269,Loyalty,2026-08-01,1,control,0,0.6349,0.0513,0,0.0,0,0.0,0,0.0,0.0
EXP_NEW_PRODUCT,C0269,New Product,2026-08-01,1,control,0,0.6349,0.0606,1,551.67,1,863.58,1,1322.11,0.0
EXP_WIN-BACK,C0269,Win-back,2026-08-01,1,treatment,1,0.6349,0.07,0,0.0,1,527.71,1,889.0,31.0
EXP_BIRTHDAY,C0270,Birthday,2026-08-01,1,treatment,1,0.2586,0.0199,0,0.0,0,0.0,1,702.44,20.25
EXP_DISCOUNT,C0270,Discount,2026-08-01,1,treatment,1,0.2586,0.0279,0,0.0,0,0.0,0,0.0,23.25
EXP_FESTIVAL,C0270,Festival,2026-08-01,1,control,0,0.2586,0.0359,0,0.0,0,0.0,0,0.0,0.0
EXP_LOYALTY,C0270,Loyalty,2026-08-01,1,treatment,1,0.2586,0.0438,0,0.0,1,816.3,1,1114.71,16.0
EXP_NEW_PRODUCT,C0270,New Product,2026-08-01,1,control,0,0.2586,0.0518,0,0.0,0,0.0,0,0.0,0.0
EXP_WIN-BACK,C0270,Win-back,2026-08-01,1,control,0,0.2586,0.0598,0,0.0,1,615.38,1,732.16,0.0
EXP_BIRTHDAY,C0271,Birthday,2026-08-01,1,treatment,1,0.4563,0.0217,0,0.0,1,741.16,1,1073.45,20.25
EXP_DISCOUNT,C0271,Discount,2026-08-01,1,control,0,0.4563,0.0304,0,0.0,0,0.0,0,0.0,0.0
EXP_FESTIVAL,C0271,Festival,2026-08-01,1,treatment,1,0.4563,0.039,0,0.0,0,0.0,0,0.0,29.0
EXP_LOYALTY,C0271,Loyalty,2026-08-01,1,control,0,0.4563,0.0477,1,385.29,1,729.9,1,1106.16,0.0
EXP_NEW_PRODUCT,C0271,New Product,2026-08-01,1,control,0,0.4563,0.0564,0,0.0,0,0.0,0,0.0,0.0
EXP_WIN-BACK,C0271,Win-back,2026-08-01,1,treatment,1,0.4563,0.0651,0,0.0,0,0.0,0,0.0,31.0
EXP_BIRTHDAY,C0272,Birthday,2026-08-01,1,treatment,1,0.357,0.0208,0,0.0,1,912.15,1,1374.31,20.25
EXP_DISCOUNT,C0272,Discount,2026-08-01,1,treatment,1,0.357,0.0291,0,0.0,0,0.0,0,0.0,23.25
EXP_FESTIVAL,C0272,Festival,2026-08-01,1,treatment,1,0.357,0.0374,0,0.0,0,0.0,0,0.0,29.0
EXP_LOYALTY,C0272,Loyalty,2026-08-01,1,control,0,0.357,0.0457,0,0.0,0,0.0,1,755.6,0.0
EXP_NEW_PRODUCT,C0272,New Product,2026-08-01,1,treatment,1,0.357,0.054,1,340.32,1,674.45,1,1059.32,23.0
EXP_WIN-BACK,C0272,Win-back,2026-08-01,1,treatment,1,0.357,0.0623,0,0.0,0,0.0,0,0.0,31.0
EXP_BIRTHDAY,C0273,Birthday,2026-08-01,1,treatment,1,0.5332,0.0224,0,0.0,0,0.0,0,0.0,20.25
EXP_DISCOUNT,C0273,Discount,2026-08-01,1,control,0,0.5332,0.0314,0,0.0,1,1413.59,1,2078.79,0.0
EXP_FESTIVAL,C0273,Festival,2026-08-01,1,treatment,1,0.5332,0.0404,0,0.0,0,0.0,0,0.0,29.0
EXP_LOYALTY,C0273,Loyalty,2026-08-01,1,control,0,0.5332,0.0493,0,0.0,0,0.0,0,0.0,0.0
EXP_NEW_PRODUCT,C0273,New Product,2026-08-01,1,treatment,1,0.5332,0.0583,0,0.0,1,486.36,1,644.83,23.0
EXP_WIN-BACK,C0273,Win-back,2026-08-01,1,treatment,1,0.5332,0.0673,0,0.0,1,577.13,1,770.85,31.0
EXP_BIRTHDAY,C0274,Birthday,2026-08-01,1,treatment,1,0.3928,0.0211,0,0.0,0,0.0,0,0.0,20.25
EXP_DISCOUNT,C0274,Discount,2026-08-01,1,control,0,0.3928,0.0295,0,0.0,0,0.0,0,0.0,0.0
EXP_FESTIVAL,C0274,Festival,2026-08-01,1,treatment,1,0.3928,0.038,0,0.0,0,0.0,0,0.0,29.0
EXP_LOYALTY,C0274,Loyalty,2026-08-01,1,control,0,0.3928,0.0464,0,0.0,0,0.0,1,1584.8,0.0
EXP_NEW_PRODUCT,C0274,New Product,2026-08-01,1,control,0,0.3928,0.0548,0,0.0,0,0.0,0,0.0,0.0
EXP_WIN-BACK,C0274,Win-back,2026-08-01,1,control,0,0.3928,0.0633,0,0.0,0,0.0,0,0.0,0.0
EXP_BIRTHDAY,C0275,Birthday,2026-08-01,1,control,0,0.4912,0.022,1,543.56,1,990.58,1,1599.12,0.0
EXP_DISCOUNT,C0275,Discount,2026-08-01,1,treatment,1,0.4912,0.0308,0,0.0,0,0.0,0,0.0,23.25
EXP_FESTIVAL,C0275,Festival,2026-08-01,1,treatment,1,0.4912,0.0397,0,0.0,0,0.0,0,0.0,29.0
EXP_LOYALTY,C0275,Loyalty,2026-08-01,1,control,0,0.4912,0.0485,0,0.0,0,0.0,0,0.0,0.0
EXP_NEW_PRODUCT,C0275,New Product,2026-08-01,1,control,0,0.4912,0.0573,0,0.0,1,2460.24,1,4437.65,0.0
EXP_WIN-BACK,C0275,Win-back,2026-08-01,1,control,0,0.4912,0.0661,0,0.0,0,0.0,0,0.0,0.0
EXP_BIRTHDAY,C0276,Birthday,2026-08-01,1,treatment,1,0.5139,0.0222,0,0.0,0,0.0,0,0.0,20.25
EXP_DISCOUNT,C0276,Discount,2026-08-01,1,treatment,1,0.5139,0.0311,0,0.0,1,376.47,1,461.39,23.25
EXP_FESTIVAL,C0276,Festival,2026-08-01,1,treatment,1,0.5139,0.04,0,0.0,0,0.0,0,0.0,29.0
EXP_LOYALTY,C0276,Loyalty,2026-08-01,1,control,0,0.5139,0.0489,0,0.0,0,0.0,0,0.0,0.0
EXP_NEW_PRODUCT,C0276,New Product,2026-08-01,1,treatment,1,0.5139,0.0578,0,0.0,0,0.0,0,0.0,23.0
EXP_WIN-BACK,C0276,Win-back,2026-08-01,1,treatment,1,0.5139,0.0667,0,0.0,0,0.0,0,0.0,31.0
EXP_BIRTHDAY,C0277,Birthday,2026-08-01,1,control,0,0.3278,0.0205,0,0.0,0,0.0,0,0.0,0.0
EXP_DISCOUNT,C0277,Discount,2026-08-01,1,treatment,1,0.3278,0.0287,0,0.0,1,708.76,1,954.36,23.25
EXP_FESTIVAL,C0277,Festival,2026-08-01,1,control,0,0.3278,0.0369,1,583.58,1,1247.55,1,1981.91,0.0
EXP_LOYALTY,C0277,Loyalty,2026-08-01,1,treatment,1,0.3278,0.0451,0,0.0,1,803.8,1,1226.86,16.0
EXP_NEW_PRODUCT,C0277,New Product,2026-08-01,1,treatment,1,0.3278,0.0533,0,0.0,0,0.0,1,902.05,23.0
EXP_WIN-BACK,C0277,Win-back,2026-08-01,1,treatment,1,0.3278,0.0615,1,548.47,1,734.08,1,1125.43,31.0
EXP_BIRTHDAY,C0278,Birthday,2026-08-01,1,control,0,0.3174,0.0204,0,0.0,0,0.0,1,1115.4,0.0
EXP_DISCOUNT,C0278,Discount,2026-08-01,1,control,0,0.3174,0.0286,0,0.0,0,0.0,1,1441.19,0.0
EXP_FESTIVAL,C0278,Festival,2026-08-01,1,control,0,0.3174,0.0367,0,0.0,1,833.54,1,1383.71,0.0
EXP_LOYALTY,C0278,Loyalty,2026-08-01,1,control,0,0.3174,0.0449,0,0.0,1,603.74,1,1021.39,0.0
EXP_NEW_PRODUCT,C0278,New Product,2026-08-01,1,treatment,1,0.3174,0.053,0,0.0,0,0.0,0,0.0,23.0
EXP_WIN-BACK,C0278,Win-back,2026-08-01,1,treatment,1,0.3174,0.0612,0,0.0,0,0.0,0,0.0,31.0
EXP_BIRTHDAY,C0279,Birthday,2026-08-01,1,control,0,0.2678,0.02,0,0.0,0,0.0,0,0.0,0.0
EXP_DISCOUNT,C0279,Discount,2026-08-01,1,control,0,0.2678,0.028,0,0.0,0,0.0,0,0.0,0.0
EXP_FESTIVAL,C0279,Festival,2026-08-01,1,control,0,0.2678,0.036,0,0.0,0,0.0,0,0.0,0.0
EXP_LOYALTY,C0279,Loyalty,2026-08-01,1,control,0,0.2678,0.044,0,0.0,0,0.0,0,0.0,0.0
EXP_NEW_PRODUCT,C0279,New Product,2026-08-01,1,treatment,1,0.2678,0.052,0,0.0,0,0.0,0,0.0,23.0
EXP_WIN-BACK,C0279,Win-back,2026-08-01,1,treatment,1,0.2678,0.06,0,0.0,0,0.0,0,0.0,31.0
EXP_BIRTHDAY,C0280,Birthday,2026-08-01,1,control,0,0.4624,0.0218,0,0.0,0,0.0,0,0.0,0.0
EXP_DISCOUNT,C0280,Discount,2026-08-01,1,control,0,0.4624,0.0305,0,0.0,0,0.0,0,0.0,0.0
EXP_FESTIVAL,C0280,Festival,2026-08-01,1,control,0,0.4624,0.0392,0,0.0,1,815.85,1,975.09,0.0
EXP_LOYALTY,C0280,Loyalty,2026-08-01,1,control,0,0.4624,0.0479,0,0.0,0,0.0,0,0.0,0.0
EXP_NEW_PRODUCT,C0280,New Product,2026-08-01,1,treatment,1,0.4624,0.0566,0,0.0,0,0.0,0,0.0,23.0
EXP_WIN-BACK,C0280,Win-back,2026-08-01,1,treatment,1,0.4624,0.0653,0,0.0,0,0.0,0,0.0,31.0
EXP_BIRTHDAY,C0281,Birthday,2026-08-01,1,control,0,0.3361,0.0206,0,0.0,0,0.0,0,0.0,0.0
EXP_DISCOUNT,C0281,Discount,2026-08-01,1,treatment,1,0.3361,0.0288,1,209.18,1,421.93,1,923.33,23.25
EXP_FESTIVAL,C0281,Festival,2026-08-01,1,treatment,1,0.3361,0.037,0,0.0,1,647.32,1,1202.21,29.0
EXP_LOYALTY,C0281,Loyalty,2026-08-01,1,treatment,1,0.3361,0.0452,0,0.0,1,424.26,1,857.7,16.0
EXP_NEW_PRODUCT,C0281,New Product,2026-08-01,1,control,0,0.3361,0.0535,1,497.99,1,894.4,1,1632.26,0.0
EXP_WIN-BACK,C0281,Win-back,2026-08-01,1,control,0,0.3361,0.0617,1,232.06,1,285.12,1,626.62,0.0
EXP_BIRTHDAY,C0282,Birthday,2026-08-01,1,control,0,0.5608,0.0227,0,0.0,0,0.0,0,0.0,0.0
EXP_DISCOUNT,C0282,Discount,2026-08-01,1,treatment,1,0.5608,0.0318,0,0.0,0,0.0,0,0.0,23.25
EXP_FESTIVAL,C0282,Festival,2026-08-01,1,control,0,0.5608,0.0408,0,0.0,0,0.0,1,1527.87,0.0
EXP_LOYALTY,C0282,Loyalty,2026-08-01,1,treatment,1,0.5608,0.0499,0,0.0,0,0.0,1,1262.73,16.0
EXP_NEW_PRODUCT,C0282,New Product,2026-08-01,1,treatment,1,0.5608,0.059,0,0.0,0,0.0,0,0.0,23.0
EXP_WIN-BACK,C0282,Win-back,2026-08-01,1,treatment,1,0.5608,0.0681,0,0.0,1,406.69,1,883.56,31.0
EXP_BIRTHDAY,C0283,Birthday,2026-08-01,1,control,0,0.4371,0.0215,0,0.0,0,0.0,1,1183.73,0.0
EXP_DISCOUNT,C0283,Discount,2026-08-01,1,control,0,0.4371,0.0301,0,0.0,0,0.0,0,0.0,0.0
EXP_FESTIVAL,C0283,Festival,2026-08-01,1,treatment,1,0.4371,0.0387,0,0.0,0,0.0,0,0.0,29.0
EXP_LOYALTY,C0283,Loyalty,2026-08-01,1,control,0,0.4371,0.0473,0,0.0,0,0.0,0,0.0,0.0
EXP_NEW_PRODUCT,C0283,New Product,2026-08-01,1,treatment,1,0.4371,0.0559,0,0.0,1,199.65,1,361.67,23.0
EXP_WIN-BACK,C0283,Win-back,2026-08-01,1,control,0,0.4371,0.0645,0,0.0,0,0.0,0,0.0,0.0
EXP_BIRTHDAY,C0284,Birthday,2026-08-01,1,treatment,1,0.3601,0.0208,0,0.0,1,2661.6,1,4069.68,20.25
EXP_DISCOUNT,C0284,Discount,2026-08-01,1,treatment,1,0.3601,0.0291,0,0.0,0,0.0,0,0.0,23.25
EXP_FESTIVAL,C0284,Festival,2026-08-01,1,treatment,1,0.3601,0.0374,0,0.0,0,0.0,0,0.0,29.0
EXP_LOYALTY,C0284,Loyalty,2026-08-01,1,control,0,0.3601,0.0457,0,0.0,0,0.0,1,2719.43,0.0
EXP_NEW_PRODUCT,C0284,New Product,2026-08-01,1,control,0,0.3601,0.054,0,0.0,0,0.0,0,0.0,0.0
EXP_WIN-BACK,C0284,Win-back,2026-08-01,1,treatment,1,0.3601,0.0623,0,0.0,0,0.0,1,4672.85,31.0
EXP_BIRTHDAY,C0285,Birthday,2026-08-01,1,treatment,1,0.5443,0.0225,1,772.11,1,1220.73,1,1570.56,20.25
EXP_DISCOUNT,C0285,Discount,2026-08-01,1,treatment,1,0.5443,0.0315,1,458.59,1,843.55,1,1254.04,23.25
EXP_FESTIVAL,C0285,Festival,2026-08-01,1,control,0,0.5443,0.0406,0,0.0,0,0.0,0,0.0,0.0
EXP_LOYALTY,C0285,Loyalty,2026-08-01,1,treatment,1,0.5443,0.0496,0,0.0,1,857.51,1,1238.48,16.0
EXP_NEW_PRODUCT,C0285,New Product,2026-08-01,1,treatment,1,0.5443,0.0586,0,0.0,1,983.73,1,1403.91,23.0
EXP_WIN-BACK,C0285,Win-back,2026-08-01,1,control,0,0.5443,0.0676,0,0.0,0,0.0,0,0.0,0.0
EXP_BIRTHDAY,C0286,Birthday,2026-08-01,1,control,0,0.5008,0.0221,0,0.0,0,0.0,0,0.0,0.0
EXP_DISCOUNT,C0286,Discount,2026-08-01,1,treatment,1,0.5008,0.031,1,180.41,1,291.18,1,580.36,23.25
EXP_FESTIVAL,C0286,Festival,2026-08-01,1,treatment,1,0.5008,0.0398,1,409.18,1,529.71,1,777.64,29.0
EXP_LOYALTY,C0286,Loyalty,2026-08-01,1,control,0,0.5008,0.0487,0,0.0,0,0.0,0,0.0,0.0
EXP_NEW_PRODUCT,C0286,New Product,2026-08-01,1,control,0,0.5008,0.0575,0,0.0,1,342.15,1,446.08,0.0
EXP_WIN-BACK,C0286,Win-back,2026-08-01,1,treatment,1,0.5008,0.0664,0,0.0,0,0.0,0,0.0,31.0
EXP_BIRTHDAY,C0287,Birthday,2026-08-01,1,treatment,1,0.5248,0.0224,1,446.54,1,643.1,1,1314.15,20.25
EXP_DISCOUNT,C0287,Discount,2026-08-01,1,control,0,0.5248,0.0313,0,0.0,1,926.39,1,1217.4,0.0
EXP_FESTIVAL,C0287,Festival,2026-08-01,1,control,0,0.5248,0.0402,1,373.46,1,606.8,1,754.66,0.0
EXP_LOYALTY,C0287,Loyalty,2026-08-01,1,treatment,1,0.5248,0.0492,0,0.0,0,0.0,1,797.55,16.0
EXP_NEW_PRODUCT,C0287,New Product,2026-08-01,1,treatment,1,0.5248,0.0581,0,0.0,0,0.0,0,0.0,23.0
EXP_WIN-BACK,C0287,Win-back,2026-08-01,1,control,0,0.5248,0.0671,0,0.0,1,920.78,1,1347.75,0.0
EXP_BIRTHDAY,C0288,Birthday,2026-08-01,1,treatment,1,0.2134,0.0196,0,0.0,0,0.0,0,0.0,20.25
EXP_DISCOUNT,C0288,Discount,2026-08-01,1,control,0,0.2134,0.0274,0,0.0,0,0.0,0,0.0,0.0
EXP_FESTIVAL,C0288,Festival,2026-08-01,1,treatment,1,0.2134,0.0353,0,0.0,0,0.0,0,0.0,29.0
EXP_LOYALTY,C0288,Loyalty,2026-08-01,1,treatment,1,0.2134,0.0431,0,0.0,0,0.0,0,0.0,16.0
EXP_NEW_PRODUCT,C0288,New Product,2026-08-01,1,treatment,1,0.2134,0.051,0,0.0,0,0.0,0,0.0,23.0
EXP_WIN-BACK,C0288,Win-back,2026-08-01,1,control,0,0.2134,0.0588,0,0.0,0,0.0,1,1381.54,0.0
EXP_BIRTHDAY,C0289,Birthday,2026-08-01,1,control,0,0.2805,0.0201,0,0.0,0,0.0,0,0.0,0.0
EXP_DISCOUNT,C0289,Discount,2026-08-01,1,control,0,0.2805,0.0281,0,0.0,0,0.0,0,0.0,0.0
EXP_FESTIVAL,C0289,Festival,2026-08-01,1,treatment,1,0.2805,0.0362,0,0.0,0,0.0,0,0.0,29.0
EXP_LOYALTY,C0289,Loyalty,2026-08-01,1,control,0,0.2805,0.0442,0,0.0,0,0.0,0,0.0,0.0
EXP_NEW_PRODUCT,C0289,New Product,2026-08-01,1,control,0,0.2805,0.0522,0,0.0,0,0.0,0,0.0,0.0
EXP_WIN-BACK,C0289,Win-back,2026-08-01,1,treatment,1,0.2805,0.0603,0,0.0,0,0.0,0,0.0,31.0
EXP_BIRTHDAY,C0290,Birthday,2026-08-01,1,treatment,1,0.6179,0.0232,0,0.0,0,0.0,1,1798.71,20.25
EXP_DISCOUNT,C0290,Discount,2026-08-01,1,control,0,0.6179,0.0325,0,0.0,0,0.0,0,0.0,0.0
EXP_FESTIVAL,C0290,Festival,2026-08-01,1,control,0,0.6179,0.0417,0,0.0,0,0.0,0,0.0,0.0
EXP_LOYALTY,C0290,Loyalty,2026-08-01,1,treatment,1,0.6179,0.051,0,0.0,0,0.0,0,0.0,16.0
EXP_NEW_PRODUCT,C0290,New Product,2026-08-01,1,treatment,1,0.6179,0.0603,1,456.03,1,865.49,1,1330.04,23.0
EXP_WIN-BACK,C0290,Win-back,2026-08-01,1,control,0,0.6179,0.0696,1,1477.16,1,1791.41,1,2511.45,0.0
EXP_BIRTHDAY,C0291,Birthday,2026-08-01,1,treatment,1,0.4905,0.022,0,0.0,0,0.0,1,1365.84,20.25
EXP_DISCOUNT,C0291,Discount,2026-08-01,1,control,0,0.4905,0.0308,0,0.0,0,0.0,0,0.0,0.0
EXP_FESTIVAL,C0291,Festival,2026-08-01,1,control,0,0.4905,0.0396,0,0.0,0,0.0,0,0.0,0.0
EXP_LOYALTY,C0291,Loyalty,2026-08-01,1,control,0,0.4905,0.0485,0,0.0,1,588.9,1,1246.7,0.0
EXP_NEW_PRODUCT,C0291,New Product,2026-08-01,1,control,0,0.4905,0.0573,0,0.0,0,0.0,0,0.0,0.0
EXP_WIN-BACK,C0291,Win-back,2026-08-01,1,control,0,0.4905,0.0661,0,0.0,0,0.0,0,0.0,0.0
EXP_BIRTHDAY,C0292,Birthday,2026-08-01,1,control,0,0.6778,0.0237,0,0.0,0,0.0,0,0.0,0.0
EXP_DISCOUNT,C0292,Discount,2026-08-01,1,treatment,1,0.6778,0.0331,1,1167.24,1,2199.32,1,3564.45,23.25
EXP_FESTIVAL,C0292,Festival,2026-08-01,1,control,0,0.6778,0.0426,0,0.0,0,0.0,0,0.0,0.0
EXP_LOYALTY,C0292,Loyalty,2026-08-01,1,treatment,1,0.6778,0.052,1,335.58,1,617.62,1,1056.18,16.0
EXP_NEW_PRODUCT,C0292,New Product,2026-08-01,1,treatment,1,0.6778,0.0615,1,419.07,1,865.69,1,1065.72,23.0
EXP_WIN-BACK,C0292,Win-back,2026-08-01,1,treatment,1,0.6778,0.071,1,346.88,1,488.96,1,1046.2,31.0
EXP_BIRTHDAY,C0293,Birthday,2026-08-01,1,control,0,0.5506,0.0226,0,0.0,0,0.0,0,0.0,0.0
EXP_DISCOUNT,C0293,Discount,2026-08-01,1,control,0,0.5506,0.0316,1,297.57,1,646.29,1,994.25,0.0
EXP_FESTIVAL,C0293,Festival,2026-08-01,1,treatment,1,0.5506,0.0407,0,0.0,0,0.0,0,0.0,29.0
EXP_LOYALTY,C0293,Loyalty,2026-08-01,1,treatment,1,0.5506,0.0497,0,0.0,1,911.43,1,1104.87,16.0
EXP_NEW_PRODUCT,C0293,New Product,2026-08-01,1,control,0,0.5506,0.0587,1,325.73,1,466.03,1,664.55,0.0
EXP_WIN-BACK,C0293,Win-back,2026-08-01,1,treatment,1,0.5506,0.0678,1,791.94,1,965.18,1,1932.06,31.0
EXP_BIRTHDAY,C0294,Birthday,2026-08-01,1,treatment,1,0.3095,0.0203,0,0.0,0,0.0,0,0.0,20.25
EXP_DISCOUNT,C0294,Discount,2026-08-01,1,control,0,0.3095,0.0285,0,0.0,0,0.0,0,0.0,0.0
EXP_FESTIVAL,C0294,Festival,2026-08-01,1,control,0,0.3095,0.0366,0,0.0,0,0.0,0,0.0,0.0
EXP_LOYALTY,C0294,Loyalty,2026-08-01,1,treatment,1,0.3095,0.0447,0,0.0,0,0.0,0,0.0,16.0
EXP_NEW_PRODUCT,C0294,New Product,2026-08-01,1,control,0,0.3095,0.0529,0,0.0,0,0.0,0,0.0,0.0
EXP_WIN-BACK,C0294,Win-back,2026-08-01,1,control,0,0.3095,0.061,0,0.0,0,0.0,0,0.0,0.0
EXP_BIRTHDAY,C0295,Birthday,2026-08-01,1,treatment,1,0.4284,0.0214,0,0.0,0,0.0,0,0.0,20.25
EXP_DISCOUNT,C0295,Discount,2026-08-01,1,control,0,0.4284,0.03,0,0.0,0,0.0,0,0.0,0.0
EXP_FESTIVAL,C0295,Festival,2026-08-01,1,control,0,0.4284,0.0386,0,0.0,0,0.0,0,0.0,0.0
EXP_LOYALTY,C0295,Loyalty,2026-08-01,1,control,0,0.4284,0.0471,0,0.0,1,657.04,1,875.51,0.0
EXP_NEW_PRODUCT,C0295,New Product,2026-08-01,1,control,0,0.4284,0.0557,0,0.0,1,472.11,1,851.87,0.0
EXP_WIN-BACK,C0295,Win-back,2026-08-01,1,control,0,0.4284,0.0643,0,0.0,1,886.41,1,1304.38,0.0
EXP_BIRTHDAY,C0296,Birthday,2026-08-01,1,control,0,0.5843,0.0229,0,0.0,0,0.0,0,0.0,0.0
EXP_DISCOUNT,C0296,Discount,2026-08-01,1,control,0,0.5843,0.0321,0,0.0,0,0.0,0,0.0,0.0
EXP_FESTIVAL,C0296,Festival,2026-08-01,1,control,0,0.5843,0.0412,1,1363.57,1,2036.94,1,3145.23,0.0
EXP_LOYALTY,C0296,Loyalty,2026-08-01,1,control,0,0.5843,0.0504,0,0.0,0,0.0,1,2309.77,0.0
EXP_NEW_PRODUCT,C0296,New Product,2026-08-01,1,control,0,0.5843,0.0595,0,0.0,0,0.0,0,0.0,0.0
EXP_WIN-BACK,C0296,Win-back,2026-08-01,1,control,0,0.5843,0.0687,0,0.0,0,0.0,0,0.0,0.0
EXP_BIRTHDAY,C0297,Birthday,2026-08-01,1,treatment,1,0.6127,0.0231,0,0.0,1,831.86,1,1241.55,20.25
EXP_DISCOUNT,C0297,Discount,2026-08-01,1,treatment,1,0.6127,0.0324,0,0.0,0,0.0,0,0.0,23.25
EXP_FESTIVAL,C0297,Festival,2026-08-01,1,treatment,1,0.6127,0.0417,0,0.0,1,1161.18,1,1717.88,29.0
EXP_LOYALTY,C0297,Loyalty,2026-08-01,1,control,0,0.6127,0.0509,0,0.0,0,0.0,1,1740.24,0.0
EXP_NEW_PRODUCT,C0297,New Product,2026-08-01,1,treatment,1,0.6127,0.0602,0,0.0,0,0.0,1,1384.86,23.0
EXP_WIN-BACK,C0297,Win-back,2026-08-01,1,control,0,0.6127,0.0694,0,0.0,0,0.0,1,1040.28,0.0
EXP_BIRTHDAY,C0298,Birthday,2026-08-01,1,control,0,0.2556,0.0199,0,0.0,0,0.0,0,0.0,0.0
EXP_DISCOUNT,C0298,Discount,2026-08-01,1,control,0,0.2556,0.0279,0,0.0,0,0.0,0,0.0,0.0
EXP_FESTIVAL,C0298,Festival,2026-08-01,1,control,0,0.2556,0.0358,0,0.0,0,0.0,0,0.0,0.0
EXP_LOYALTY,C0298,Loyalty,2026-08-01,1,treatment,1,0.2556,0.0438,1,192.22,1,236.5,1,427.62,16.0
EXP_NEW_PRODUCT,C0298,New Product,2026-08-01,1,control,0,0.2556,0.0517,0,0.0,0,0.0,0,0.0,0.0
EXP_WIN-BACK,C0298,Win-back,2026-08-01,1,control,0,0.2556,0.0597,0,0.0,0,0.0,0,0.0,0.0
EXP_BIRTHDAY,C0299,Birthday,2026-08-01,1,treatment,1,0.3843,0.021,0,0.0,0,0.0,0,0.0,20.25
EXP_DISCOUNT,C0299,Discount,2026-08-01,1,control,0,0.3843,0.0294,0,0.0,0,0.0,0,0.0,0.0
EXP_FESTIVAL,C0299,Festival,2026-08-01,1,control,0,0.3843,0.0378,0,0.0,0,0.0,0,0.0,0.0
EXP_LOYALTY,C0299,Loyalty,2026-08-01,1,control,0,0.3843,0.0462,0,0.0,0,0.0,0,0.0,0.0
EXP_NEW_PRODUCT,C0299,New Product,2026-08-01,1,treatment,1,0.3843,0.0546,0,0.0,0,0.0,0,0.0,23.0
EXP_WIN-BACK,C0299,Win-back,2026-08-01,1,treatment,1,0.3843,0.063,0,0.0,1,641.72,1,1419.1,31.0
EXP_BIRTHDAY,C0300,Birthday,2026-08-01,1,control,0,0.2506,0.0199,0,0.0,1,259.19,1,562.52,0.0
EXP_DISCOUNT,C0300,Discount,2026-08-01,1,control,0,0.2506,0.0278,0,0.0,0,0.0,0,0.0,0.0
EXP_FESTIVAL,C0300,Festival,2026-08-01,1,control,0,0.2506,0.0357,0,0.0,0,0.0,0,0.0,0.0
EXP_LOYALTY,C0300,Loyalty,2026-08-01,1,treatment,1,0.2506,0.0437,0,0.0,0,0.0,1,646.79,16.0
EXP_NEW_PRODUCT,C0300,New Product,2026-08-01,1,control,0,0.2506,0.0516,0,0.0,0,0.0,0,0.0,0.0
EXP_WIN-BACK,C0300,Win-back,2026-08-01,1,treatment,1,0.2506,0.0596,1,645.96,1,922.32,1,1785.92,31.0
EXP_BIRTHDAY,C0301,Birthday,2026-08-01,1,treatment,1,0.4489,0.0216,0,0.0,0,0.0,0,0.0,20.25
EXP_DISCOUNT,C0301,Discount,2026-08-01,1,control,0,0.4489,0.0303,0,0.0,0,0.0,0,0.0,0.0
EXP_FESTIVAL,C0301,Festival,2026-08-01,1,control,0,0.4489,0.0389,1,1266.39,1,1516.75,1,1816.94,0.0
EXP_LOYALTY,C0301,Loyalty,2026-08-01,1,treatment,1,0.4489,0.0476,0,0.0,1,423.0,1,785.53,16.0
EXP_NEW_PRODUCT,C0301,New Product,2026-08-01,1,treatment,1,0.4489,0.0562,1,574.33,1,1134.72,1,1431.47,23.0
EXP_WIN-BACK,C0301,Win-back,2026-08-01,1,control,0,0.4489,0.0649,1,387.21,1,815.65,1,1458.24,0.0
EXP_BIRTHDAY,C0302,Birthday,2026-08-01,1,treatment,1,0.4947,0.0221,0,0.0,0,0.0,0,0.0,20.25
EXP_DISCOUNT,C0302,Discount,2026-08-01,1,control,0,0.4947,0.0309,0,0.0,0,0.0,0,0.0,0.0
EXP_FESTIVAL,C0302,Festival,2026-08-01,1,treatment,1,0.4947,0.0397,0,0.0,0,0.0,0,0.0,29.0
EXP_LOYALTY,C0302,Loyalty,2026-08-01,1,control,0,0.4947,0.0485,1,435.14,1,685.56,1,891.89,0.0
EXP_NEW_PRODUCT,C0302,New Product,2026-08-01,1,treatment,1,0.4947,0.0574,0,0.0,0,0.0,0,0.0,23.0
EXP_WIN-BACK,C0302,Win-back,2026-08-01,1,treatment,1,0.4947,0.0662,0,0.0,0,0.0,0,0.0,31.0
EXP_BIRTHDAY,C0303,Birthday,2026-08-01,1,control,0,0.4541,0.0217,0,0.0,0,0.0,0,0.0,0.0
EXP_DISCOUNT,C0303,Discount,2026-08-01,1,control,0,0.4541,0.0303,0,0.0,0,0.0,1,3144.22,0.0
EXP_FESTIVAL,C0303,Festival,2026-08-01,1,treatment,1,0.4541,0.039,1,1539.57,1,1961.78,1,2887.04,29.0
EXP_LOYALTY,C0303,Loyalty,2026-08-01,1,control,0,0.4541,0.0477,0,0.0,0,0.0,0,0.0,0.0
EXP_NEW_PRODUCT,C0303,New Product,2026-08-01,1,treatment,1,0.4541,0.0564,1,154.68,1,264.06,1,581.51,23.0
EXP_WIN-BACK,C0303,Win-back,2026-08-01,1,treatment,1,0.4541,0.065,0,0.0,0,0.0,0,0.0,31.0
EXP_BIRTHDAY,C0304,Birthday,2026-08-01,1,treatment,1,0.2865,0.0201,1,345.46,1,590.54,1,871.93,20.25
EXP_DISCOUNT,C0304,Discount,2026-08-01,1,treatment,1,0.2865,0.0282,0,0.0,0,0.0,0,0.0,23.25
EXP_FESTIVAL,C0304,Festival,2026-08-01,1,control,0,0.2865,0.0363,0,0.0,0,0.0,0,0.0,0.0
EXP_LOYALTY,C0304,Loyalty,2026-08-01,1,control,0,0.2865,0.0443,0,0.0,0,0.0,0,0.0,0.0
EXP_NEW_PRODUCT,C0304,New Product,2026-08-01,1,control,0,0.2865,0.0524,0,0.0,0,0.0,0,0.0,0.0
EXP_WIN-BACK,C0304,Win-back,2026-08-01,1,control,0,0.2865,0.0604,0,0.0,1,703.45,1,845.28,0.0
EXP_BIRTHDAY,C0305,Birthday,2026-08-01,1,control,0,0.3993,0.0211,0,0.0,1,1452.26,1,1837.13,0.0
EXP_DISCOUNT,C0305,Discount,2026-08-01,1,treatment,1,0.3993,0.0296,0,0.0,0,0.0,0,0.0,23.25
EXP_FESTIVAL,C0305,Festival,2026-08-01,1,control,0,0.3993,0.0381,0,0.0,1,310.43,1,615.45,0.0
EXP_LOYALTY,C0305,Loyalty,2026-08-01,1,treatment,1,0.3993,0.0465,0,0.0,0,0.0,0,0.0,16.0
EXP_NEW_PRODUCT,C0305,New Product,2026-08-01,1,treatment,1,0.3993,0.055,0,0.0,0,0.0,1,1630.2,23.0
EXP_WIN-BACK,C0305,Win-back,2026-08-01,1,control,0,0.3993,0.0634,0,0.0,0,0.0,0,0.0,0.0
EXP_BIRTHDAY,C0306,Birthday,2026-08-01,1,treatment,1,0.4612,0.0217,0,0.0,0,0.0,0,0.0,20.25
EXP_DISCOUNT,C0306,Discount,2026-08-01,1,control,0,0.4612,0.0304,0,0.0,0,0.0,0,0.0,0.0
EXP_FESTIVAL,C0306,Festival,2026-08-01,1,control,0,0.4612,0.0391,0,0.0,0,0.0,0,0.0,0.0
EXP_LOYALTY,C0306,Loyalty,2026-08-01,1,control,0,0.4612,0.0478,0,0.0,0,0.0,0,0.0,0.0
EXP_NEW_PRODUCT,C0306,New Product,2026-08-01,1,control,0,0.4612,0.0565,0,0.0,0,0.0,0,0.0,0.0
EXP_WIN-BACK,C0306,Win-back,2026-08-01,1,control,0,0.4612,0.0652,0,0.0,0,0.0,0,0.0,0.0
EXP_BIRTHDAY,C0307,Birthday,2026-08-01,1,treatment,1,0.3067,0.0203,0,0.0,1,490.83,1,638.09,20.25
EXP_DISCOUNT,C0307,Discount,2026-08-01,1,control,0,0.3067,0.0284,0,0.0,0,0.0,0,0.0,0.0
EXP_FESTIVAL,C0307,Festival,2026-08-01,1,control,0,0.3067,0.0366,0,0.0,1,361.05,1,540.39,0.0
EXP_LOYALTY,C0307,Loyalty,2026-08-01,1,control,0,0.3067,0.0447,0,0.0,0,0.0,0,0.0,0.0
EXP_NEW_PRODUCT,C0307,New Product,2026-08-01,1,treatment,1,0.3067,0.0528,1,131.0,1,225.84,1,275.77,23.0
EXP_WIN-BACK,C0307,Win-back,2026-08-01,1,treatment,1,0.3067,0.0609,0,0.0,0,0.0,0,0.0,31.0
EXP_BIRTHDAY,C0308,Birthday,2026-08-01,1,control,0,0.5835,0.0229,1,410.17,1,707.23,1,1276.04,0.0
EXP_DISCOUNT,C0308,Discount,2026-08-01,1,treatment,1,0.5835,0.032,0,0.0,0,0.0,0,0.0,23.25
EXP_FESTIVAL,C0308,Festival,2026-08-01,1,control,0,0.5835,0.0412,0,0.0,0,0.0,1,1847.26,0.0
EXP_LOYALTY,C0308,Loyalty,2026-08-01,1,control,0,0.5835,0.0504,0,0.0,0,0.0,1,1131.84,0.0
EXP_NEW_PRODUCT,C0308,New Product,2026-08-01,1,treatment,1,0.5835,0.0595,1,1227.7,1,2009.56,1,2901.47,23.0
EXP_WIN-BACK,C0308,Win-back,2026-08-01,1,control,0,0.5835,0.0687,1,1584.08,1,2071.15,1,3158.67,0.0
EXP_BIRTHDAY,C0309,Birthday,2026-08-01,1,control,0,0.2121,0.0196,0,0.0,0,0.0,0,0.0,0.0
EXP_DISCOUNT,C0309,Discount,2026-08-01,1,control,0,0.2121,0.0274,0,0.0,0,0.0,1,555.52,0.0
EXP_FESTIVAL,C0309,Festival,2026-08-01,1,treatment,1,0.2121,0.0353,1,155.92,1,218.46,1,433.23,29.0
EXP_LOYALTY,C0309,Loyalty,2026-08-01,1,treatment,1,0.2121,0.0431,1,320.01,1,560.24,1,662.64,16.0
EXP_NEW_PRODUCT,C0309,New Product,2026-08-01,1,treatment,1,0.2121,0.0509,1,772.06,1,1295.77,1,1698.75,23.0
EXP_WIN-BACK,C0309,Win-back,2026-08-01,1,control,0,0.2121,0.0588,0,0.0,0,0.0,0,0.0,0.0
EXP_BIRTHDAY,C0310,Birthday,2026-08-01,1,control,0,0.2365,0.0198,0,0.0,0,0.0,0,0.0,0.0
EXP_DISCOUNT,C0310,Discount,2026-08-01,1,treatment,1,0.2365,0.0277,0,0.0,0,0.0,0,0.0,23.25
EXP_FESTIVAL,C0310,Festival,2026-08-01,1,control,0,0.2365,0.0356,0,0.0,0,0.0,0,0.0,0.0
EXP_LOYALTY,C0310,Loyalty,2026-08-01,1,control,0,0.2365,0.0435,0,0.0,0,0.0,0,0.0,0.0
EXP_NEW_PRODUCT,C0310,New Product,2026-08-01,1,treatment,1,0.2365,0.0514,0,0.0,0,0.0,0,0.0,23.0
EXP_WIN-BACK,C0310,Win-back,2026-08-01,1,control,0,0.2365,0.0593,0,0.0,0,0.0,0,0.0,0.0
EXP_BIRTHDAY,C0311,Birthday,2026-08-01,1,control,0,0.6253,0.0232,0,0.0,0,0.0,0,0.0,0.0
EXP_DISCOUNT,C0311,Discount,2026-08-01,1,control,0,0.6253,0.0325,1,540.28,1,735.38,1,904.29,0.0
EXP_FESTIVAL,C0311,Festival,2026-08-01,1,treatment,1,0.6253,0.0418,0,0.0,0,0.0,0,0.0,29.0
EXP_LOYALTY,C0311,Loyalty,2026-08-01,1,control,0,0.6253,0.0511,1,272.26,1,470.92,1,998.06,0.0
EXP_NEW_PRODUCT,C0311,New Product,2026-08-01,1,control,0,0.6253,0.0604,0,0.0,0,0.0,0,0.0,0.0
EXP_WIN-BACK,C0311,Win-back,2026-08-01,1,treatment,1,0.6253,0.0697,0,0.0,0,0.0,0,0.0,31.0
EXP_BIRTHDAY,C0312,Birthday,2026-08-01,1,control,0,0.4113,0.0213,1,493.91,1,813.74,1,1081.04,0.0
EXP_DISCOUNT,C0312,Discount,2026-08-01,1,control,0,0.4113,0.0298,0,0.0,0,0.0,0,0.0,0.0
EXP_FESTIVAL,C0312,Festival,2026-08-01,1,control,0,0.4113,0.0383,0,0.0,0,0.0,0,0.0,0.0
EXP_LOYALTY,C0312,Loyalty,2026-08-01,1,treatment,1,0.4113,0.0468,1,1474.74,1,1917.82,1,2351.95,16.0
EXP_NEW_PRODUCT,C0312,New Product,2026-08-01,1,treatment,1,0.4113,0.0553,0,0.0,0,0.0,0,0.0,23.0
EXP_WIN-BACK,C0312,Win-back,2026-08-01,1,treatment,1,0.4113,0.0638,1,357.8,1,505.03,1,994.59,31.0
EXP_BIRTHDAY,C0313,Birthday,2026-08-01,1,control,0,0.5615,0.0227,0,0.0,0,0.0,0,0.0,0.0
EXP_DISCOUNT,C0313,Discount,2026-08-01,1,treatment,1,0.5615,0.0318,0,0.0,0,0.0,0,0.0,23.25
EXP_FESTIVAL,C0313,Festival,2026-08-01,1,control,0,0.5615,0.0408,0,0.0,0,0.0,1,1815.65,0.0
EXP_LOYALTY,C0313,Loyalty,2026-08-01,1,control,0,0.5615,0.0499,1,343.7,1,565.45,1,1129.62,0.0
EXP_NEW_PRODUCT,C0313,New Product,2026-08-01,1,treatment,1,0.5615,0.059,1,1326.49,1,2555.83,1,4448.36,23.0
EXP_WIN-BACK,C0313,Win-back,2026-08-01,1,control,0,0.5615,0.0681,0,0.0,0,0.0,0,0.0,0.0
EXP_BIRTHDAY,C0314,Birthday,2026-08-01,1,treatment,1,0.4978,0.0221,1,954.05,1,1160.51,1,1911.39,20.25
EXP_DISCOUNT,C0314,Discount,2026-08-01,1,control,0,0.4978,0.0309,0,0.0,1,645.07,1,1039.52,0.0
EXP_FESTIVAL,C0314,Festival,2026-08-01,1,treatment,1,0.4978,0.0398,0,0.0,0,0.0,0,0.0,29.0
EXP_LOYALTY,C0314,Loyalty,2026-08-01,1,treatment,1,0.4978,0.0486,0,0.0,0,0.0,0,0.0,16.0
EXP_NEW_PRODUCT,C0314,New Product,2026-08-01,1,treatment,1,0.4978,0.0574,0,0.0,0,0.0,0,0.0,23.0
EXP_WIN-BACK,C0314,Win-back,2026-08-01,1,control,0,0.4978,0.0663,1,529.01,1,937.92,1,1402.55,0.0
EXP_BIRTHDAY,C0315,Birthday,2026-08-01,1,control,0,0.2399,0.0198,1,310.17,1,484.12,1,826.25,0.0
EXP_DISCOUNT,C0315,Discount,2026-08-01,1,treatment,1,0.2399,0.0277,1,347.78,1,511.32,1,615.17,23.25
EXP_FESTIVAL,C0315,Festival,2026-08-01,1,treatment,1,0.2399,0.0356,0,0.0,0,0.0,0,0.0,29.0
EXP_LOYALTY,C0315,Loyalty,2026-08-01,1,control,0,0.2399,0.0435,1,434.01,1,572.54,1,892.32,0.0
EXP_NEW_PRODUCT,C0315,New Product,2026-08-01,1,control,0,0.2399,0.0514,0,0.0,0,0.0,0,0.0,0.0
EXP_WIN-BACK,C0315,Win-back,2026-08-01,1,treatment,1,0.2399,0.0593,1,396.19,1,483.05,1,592.31,31.0
EXP_BIRTHDAY,C0316,Birthday,2026-08-01,1,treatment,1,0.5021,0.0221,0,0.0,0,0.0,0,0.0,20.25
EXP_DISCOUNT,C0316,Discount,2026-08-01,1,control,0,0.5021,0.031,0,0.0,0,0.0,0,0.0,0.0
EXP_FESTIVAL,C0316,Festival,2026-08-01,1,control,0,0.5021,0.0398,1,943.52,1,1598.62,1,2577.08,0.0
EXP_LOYALTY,C0316,Loyalty,2026-08-01,1,treatment,1,0.5021,0.0487,0,0.0,1,2424.27,1,3165.42,16.0
EXP_NEW_PRODUCT,C0316,New Product,2026-08-01,1,control,0,0.5021,0.0576,1,269.33,1,591.04,1,1066.23,0.0
EXP_WIN-BACK,C0316,Win-back,2026-08-01,1,treatment,1,0.5021,0.0664,0,0.0,0,0.0,0,0.0,31.0
EXP_BIRTHDAY,C0317,Birthday,2026-08-01,1,control,0,0.5005,0.0221,0,0.0,0,0.0,0,0.0,0.0
EXP_DISCOUNT,C0317,Discount,2026-08-01,1,treatment,1,0.5005,0.031,0,0.0,0,0.0,1,1401.98,23.25
EXP_FESTIVAL,C0317,Festival,2026-08-01,1,treatment,1,0.5005,0.0398,0,0.0,0,0.0,1,1101.21,29.0
EXP_LOYALTY,C0317,Loyalty,2026-08-01,1,control,0,0.5005,0.0487,0,0.0,0,0.0,0,0.0,0.0
EXP_NEW_PRODUCT,C0317,New Product,2026-08-01,1,control,0,0.5005,0.0575,0,0.0,0,0.0,1,631.2,0.0
EXP_WIN-BACK,C0317,Win-back,2026-08-01,1,control,0,0.5005,0.0664,0,0.0,0,0.0,0,0.0,0.0
EXP_BIRTHDAY,C0318,Birthday,2026-08-01,1,control,0,0.3997,0.0212,0,0.0,1,503.0,1,1021.85,0.0
EXP_DISCOUNT,C0318,Discount,2026-08-01,1,treatment,1,0.3997,0.0296,0,0.0,0,0.0,1,1436.15,23.25
EXP_FESTIVAL,C0318,Festival,2026-08-01,1,control,0,0.3997,0.0381,0,0.0,0,0.0,1,752.72,0.0
EXP_LOYALTY,C0318,Loyalty,2026-08-01,1,control,0,0.3997,0.0465,0,0.0,0,0.0,0,0.0,0.0
EXP_NEW_PRODUCT,C0318,New Product,2026-08-01,1,treatment,1,0.3997,0.055,0,0.0,1,454.35,1,842.17,23.0
EXP_WIN-BACK,C0318,Win-back,2026-08-01,1,control,0,0.3997,0.0635,0,0.0,0,0.0,0,0.0,0.0
EXP_BIRTHDAY,C0319,Birthday,2026-08-01,1,control,0,0.5369,0.0225,0,0.0,0,0.0,0,0.0,0.0
EXP_DISCOUNT,C0319,Discount,2026-08-01,1,treatment,1,0.5369,0.0314,0,0.0,0,0.0,1,1682.58,23.25
EXP_FESTIVAL,C0319,Festival,2026-08-01,1,treatment,1,0.5369,0.0404,1,955.73,1,1436.33,1,1725.68,29.0
EXP_LOYALTY,C0319,Loyalty,2026-08-01,1,control,0,0.5369,0.0494,0,0.0,0,0.0,0,0.0,0.0
EXP_NEW_PRODUCT,C0319,New Product,2026-08-01,1,treatment,1,0.5369,0.0584,0,0.0,0,0.0,0,0.0,23.0
EXP_WIN-BACK,C0319,Win-back,2026-08-01,1,treatment,1,0.5369,0.0674,1,391.18,1,866.6,1,1042.7,31.0
EXP_BIRTHDAY,C0320,Birthday,2026-08-01,1,treatment,1,0.7209,0.024,0,0.0,0,0.0,1,1257.16,20.25
EXP_DISCOUNT,C0320,Discount,2026-08-01,1,control,0,0.7209,0.0335,0,0.0,1,1262.95,1,1967.03,0.0
EXP_FESTIVAL,C0320,Festival,2026-08-01,1,treatment,1,0.7209,0.0431,0,0.0,0,0.0,1,1705.25,29.0
EXP_LOYALTY,C0320,Loyalty,2026-08-01,1,control,0,0.7209,0.0527,0,0.0,1,832.38,1,1618.5,0.0
EXP_NEW_PRODUCT,C0320,New Product,2026-08-01,1,treatment,1,0.7209,0.0623,0,0.0,0,0.0,0,0.0,23.0
EXP_WIN-BACK,C0320,Win-back,2026-08-01,1,control,0,0.7209,0.0719,0,0.0,0,0.0,0,0.0,0.0
EXP_BIRTHDAY,C0321,Birthday,2026-08-01,1,treatment,1,0.4666,0.0218,0,0.0,0,0.0,0,0.0,20.25
EXP_DISCOUNT,C0321,Discount,2026-08-01,1,control,0,0.4666,0.0305,0,0.0,0,0.0,1,933.05,0.0
EXP_FESTIVAL,C0321,Festival,2026-08-01,1,control,0,0.4666,0.0392,0,0.0,0,0.0,0,0.0,0.0
EXP_LOYALTY,C0321,Loyalty,2026-08-01,1,treatment,1,0.4666,0.0479,0,0.0,0,0.0,1,698.07,16.0
EXP_NEW_PRODUCT,C0321,New Product,2026-08-01,1,control,0,0.4666,0.0567,0,0.0,0,0.0,0,0.0,0.0
EXP_WIN-BACK,C0321,Win-back,2026-08-01,1,control,0,0.4666,0.0654,0,0.0,0,0.0,0,0.0,0.0
EXP_BIRTHDAY,C0322,Birthday,2026-08-01,1,control,0,0.7287,0.024,0,0.0,0,0.0,1,1434.43,0.0
EXP_DISCOUNT,C0322,Discount,2026-08-01,1,control,0,0.7287,0.0336,1,363.3,1,615.02,1,1298.43,0.0
EXP_FESTIVAL,C0322,Festival,2026-08-01,1,treatment,1,0.7287,0.0432,1,463.16,1,610.61,1,801.11,29.0
EXP_LOYALTY,C0322,Loyalty,2026-08-01,1,treatment,1,0.7287,0.0528,1,706.03,1,1507.92,1,2486.21,16.0
EXP_NEW_PRODUCT,C0322,New Product,2026-08-01,1,treatment,1,0.7287,0.0624,0,0.0,0,0.0,0,0.0,23.0
EXP_WIN-BACK,C0322,Win-back,2026-08-01,1,control,0,0.7287,0.072,0,0.0,0,0.0,0,0.0,0.0
EXP_BIRTHDAY,C0323,Birthday,2026-08-01,1,treatment,1,0.6183,0.0232,0,0.0,1,831.24,1,989.04,20.25
EXP_DISCOUNT,C0323,Discount,2026-08-01,1,control,0,0.6183,0.0325,0,0.0,1,918.74,1,2028.71,0.0
EXP_FESTIVAL,C0323,Festival,2026-08-01,1,control,0,0.6183,0.0417,0,0.0,0,0.0,0,0.0,0.0
EXP_LOYALTY,C0323,Loyalty,2026-08-01,1,treatment,1,0.6183,0.051,0,0.0,0,0.0,1,1528.42,16.0
EXP_NEW_PRODUCT,C0323,New Product,2026-08-01,1,treatment,1,0.6183,0.0603,0,0.0,0,0.0,0,0.0,23.0
EXP_WIN-BACK,C0323,Win-back,2026-08-01,1,control,0,0.6183,0.0696,0,0.0,0,0.0,0,0.0,0.0
EXP_BIRTHDAY,C0324,Birthday,2026-08-01,1,treatment,1,0.5025,0.0221,0,0.0,1,493.82,1,1062.78,20.25
EXP_DISCOUNT,C0324,Discount,2026-08-01,1,control,0,0.5025,0.031,0,0.0,0,0.0,0,0.0,0.0
EXP_FESTIVAL,C0324,Festival,2026-08-01,1,control,0,0.5025,0.0398,0,0.0,0,0.0,0,0.0,0.0
EXP_LOYALTY,C0324,Loyalty,2026-08-01,1,control,0,0.5025,0.0487,1,719.32,1,886.85,1,1052.67,0.0
EXP_NEW_PRODUCT,C0324,New Product,2026-08-01,1,treatment,1,0.5025,0.0576,1,434.9,1,567.56,1,1103.79,23.0
EXP_WIN-BACK,C0324,Win-back,2026-08-01,1,control,0,0.5025,0.0664,1,959.68,1,1533.64,1,2199.73,0.0
EXP_BIRTHDAY,C0325,Birthday,2026-08-01,1,treatment,1,0.4476,0.0216,0,0.0,0,0.0,0,0.0,20.25
EXP_DISCOUNT,C0325,Discount,2026-08-01,1,control,0,0.4476,0.0303,0,0.0,0,0.0,0,0.0,0.0
EXP_FESTIVAL,C0325,Festival,2026-08-01,1,control,0,0.4476,0.0389,0,0.0,0,0.0,0,0.0,0.0
EXP_LOYALTY,C0325,Loyalty,2026-08-01,1,treatment,1,0.4476,0.0475,0,0.0,0,0.0,0,0.0,16.0
EXP_NEW_PRODUCT,C0325,New Product,2026-08-01,1,treatment,1,0.4476,0.0562,0,0.0,0,0.0,0,0.0,23.0
EXP_WIN-BACK,C0325,Win-back,2026-08-01,1,control,0,0.4476,0.0648,0,0.0,0,0.0,0,0.0,0.0
EXP_BIRTHDAY,C0326,Birthday,2026-08-01,1,control,0,0.5516,0.0226,0,0.0,0,0.0,0,0.0,0.0
EXP_DISCOUNT,C0326,Discount,2026-08-01,1,control,0,0.5516,0.0316,0,0.0,0,0.0,0,0.0,0.0
EXP_FESTIVAL,C0326,Festival,2026-08-01,1,control,0,0.5516,0.0407,1,836.45,1,1119.9,1,1478.73,0.0
EXP_LOYALTY,C0326,Loyalty,2026-08-01,1,control,0,0.5516,0.0497,1,889.74,1,1229.03,1,2165.65,0.0
EXP_NEW_PRODUCT,C0326,New Product,2026-08-01,1,control,0,0.5516,0.0588,0,0.0,0,0.0,0,0.0,0.0
EXP_WIN-BACK,C0326,Win-back,2026-08-01,1,treatment,1,0.5516,0.0678,0,0.0,0,0.0,0,0.0,31.0
EXP_BIRTHDAY,C0327,Birthday,2026-08-01,1,treatment,1,0.4538,0.0217,1,1298.82,1,1601.98,1,1932.24,20.25
EXP_DISCOUNT,C0327,Discount,2026-08-01,1,treatment,1,0.4538,0.0303,0,0.0,0,0.0,0,0.0,23.25
EXP_FESTIVAL,C0327,Festival,2026-08-01,1,control,0,0.4538,0.039,0,0.0,0,0.0,0,0.0,0.0
EXP_LOYALTY,C0327,Loyalty,2026-08-01,1,control,0,0.4538,0.0477,0,0.0,0,0.0,0,0.0,0.0
EXP_NEW_PRODUCT,C0327,New Product,2026-08-01,1,treatment,1,0.4538,0.0563,0,0.0,0,0.0,1,1606.53,23.0
EXP_WIN-BACK,C0327,Win-back,2026-08-01,1,treatment,1,0.4538,0.065,0,0.0,1,640.15,1,879.69,31.0
EXP_BIRTHDAY,C0328,Birthday,2026-08-01,1,treatment,1,0.5882,0.0229,1,842.97,1,1083.63,1,1484.22,20.25
EXP_DISCOUNT,C0328,Discount,2026-08-01,1,treatment,1,0.5882,0.0321,1,782.2,1,1019.34,1,1350.65,23.25
EXP_FESTIVAL,C0328,Festival,2026-08-01,1,control,0,0.5882,0.0413,0,0.0,1,1142.82,1,1605.92,0.0
EXP_LOYALTY,C0328,Loyalty,2026-08-01,1,control,0,0.5882,0.0504,0,0.0,0,0.0,1,1426.44,0.0
EXP_NEW_PRODUCT,C0328,New Product,2026-08-01,1,control,0,0.5882,0.0596,0,0.0,1,658.15,1,1077.82,0.0
EXP_WIN-BACK,C0328,Win-back,2026-08-01,1,treatment,1,0.5882,0.0688,1,347.44,1,414.03,1,508.27,31.0
EXP_BIRTHDAY,C0329,Birthday,2026-08-01,1,control,0,0.5536,0.0226,0,0.0,0,0.0,0,0.0,0.0
EXP_DISCOUNT,C0329,Discount,2026-08-01,1,treatment,1,0.5536,0.0317,0,0.0,0,0.0,0,0.0,23.25
EXP_FESTIVAL,C0329,Festival,2026-08-01,1,treatment,1,0.5536,0.0407,0,0.0,0,0.0,0,0.0,29.0
EXP_LOYALTY,C0329,Loyalty,2026-08-01,1,treatment,1,0.5536,0.0498,0,0.0,0,0.0,0,0.0,16.0
EXP_NEW_PRODUCT,C0329,New Product,2026-08-01,1,treatment,1,0.5536,0.0588,1,459.38,1,850.83,1,1387.2,23.0
EXP_WIN-BACK,C0329,Win-back,2026-08-01,1,treatment,1,0.5536,0.0679,1,434.15,1,637.47,1,1288.97,31.0
EXP_BIRTHDAY,C0330,Birthday,2026-08-01,1,treatment,1,0.6421,0.0234,0,0.0,0,0.0,1,2954.97,20.25
EXP_DISCOUNT,C0330,Discount,2026-08-01,1,control,0,0.6421,0.0327,0,0.0,1,1530.59,1,2453.15,0.0
EXP_FESTIVAL,C0330,Festival,2026-08-01,1,control,0,0.6421,0.0421,1,524.65,1,787.8,1,1682.93,0.0
EXP_LOYALTY,C0330,Loyalty,2026-08-01,1,control,0,0.6421,0.0514,0,0.0,0,0.0,0,0.0,0.0
EXP_NEW_PRODUCT,C0330,New Product,2026-08-01,1,treatment,1,0.6421,0.0608,0,0.0,1,2011.7,1,2537.95,23.0
EXP_WIN-BACK,C0330,Win-back,2026-08-01,1,treatment,1,0.6421,0.0701,1,485.47,1,681.87,1,1334.86,31.0
EXP_BIRTHDAY,C0331,Birthday,2026-08-01,1,treatment,1,0.3595,0.0208,1,568.36,1,762.5,1,1252.73,20.25
EXP_DISCOUNT,C0331,Discount,2026-08-01,1,treatment,1,0.3595,0.0291,0,0.0,0,0.0,1,1480.59,23.25
EXP_FESTIVAL,C0331,Festival,2026-08-01,1,control,0,0.3595,0.0374,0,0.0,0,0.0,0,0.0,0.0
EXP_LOYALTY,C0331,Loyalty,2026-08-01,1,control,0,0.3595,0.0457,0,0.0,0,0.0,0,0.0,0.0
EXP_NEW_PRODUCT,C0331,New Product,2026-08-01,1,control,0,0.3595,0.054,0,0.0,0,0.0,0,0.0,0.0
EXP_WIN-BACK,C0331,Win-back,2026-08-01,1,treatment,1,0.3595,0.0623,0,0.0,0,0.0,0,0.0,31.0
EXP_BIRTHDAY,C0332,Birthday,2026-08-01,1,control,0,0.4911,0.022,0,0.0,0,0.0,1,610.66,0.0
EXP_DISCOUNT,C0332,Discount,2026-08-01,1,control,0,0.4911,0.0308,1,101.49,1,171.85,1,254.15,0.0
EXP_FESTIVAL,C0332,Festival,2026-08-01,1,control,0,0.4911,0.0397,1,261.62,1,353.05,1,781.88,0.0
EXP_LOYALTY,C0332,Loyalty,2026-08-01,1,treatment,1,0.4911,0.0485,0,0.0,0,0.0,0,0.0,16.0
EXP_NEW_PRODUCT,C0332,New Product,2026-08-01,1,control,0,0.4911,0.0573,1,813.74,1,1124.54,1,1353.16,0.0
EXP_WIN-BACK,C0332,Win-back,2026-08-01,1,treatment,1,0.4911,0.0661,0,0.0,1,1035.73,1,1371.23,31.0
EXP_BIRTHDAY,C0333,Birthday,2026-08-01,1,treatment,1,0.4434,0.0216,0,0.0,0,0.0,0,0.0,20.25
EXP_DISCOUNT,C0333,Discount,2026-08-01,1,treatment,1,0.4434,0.0302,0,0.0,0,0.0,1,1162.72,23.25
EXP_FESTIVAL,C0333,Festival,2026-08-01,1,control,0,0.4434,0.0388,0,0.0,0,0.0,1,600.73,0.0
EXP_LOYALTY,C0333,Loyalty,2026-08-01,1,treatment,1,0.4434,0.0475,0,0.0,0,0.0,0,0.0,16.0
EXP_NEW_PRODUCT,C0333,New Product,2026-08-01,1,control,0,0.4434,0.0561,0,0.0,1,337.4,1,638.96,0.0
EXP_WIN-BACK,C0333,Win-back,2026-08-01,1,control,0,0.4434,0.0647,0,0.0,1,850.08,1,1114.98,0.0
EXP_BIRTHDAY,C0334,Birthday,2026-08-01,1,treatment,1,0.7889,0.0244,0,0.0,0,0.0,0,0.0,20.25
EXP_DISCOUNT,C0334,Discount,2026-08-01,1,treatment,1,0.7889,0.0341,0,0.0,0,0.0,1,1755.29,23.25
EXP_FESTIVAL,C0334,Festival,2026-08-01,1,control,0,0.7889,0.0439,0,0.0,0,0.0,1,2782.19,0.0
EXP_LOYALTY,C0334,Loyalty,2026-08-01,1,treatment,1,0.7889,0.0536,0,0.0,1,1451.75,1,1717.75,16.0
EXP_NEW_PRODUCT,C0334,New Product,2026-08-01,1,treatment,1,0.7889,0.0634,1,655.39,1,783.15,1,1493.73,23.0
EXP_WIN-BACK,C0334,Win-back,2026-08-01,1,control,0,0.7889,0.0731,0,0.0,0,0.0,1,3251.51,0.0
EXP_BIRTHDAY,C0335,Birthday,2026-08-01,1,treatment,1,0.3253,0.0205,0,0.0,0,0.0,0,0.0,20.25
EXP_DISCOUNT,C0335,Discount,2026-08-01,1,control,0,0.3253,0.0287,0,0.0,0,0.0,0,0.0,0.0
EXP_FESTIVAL,C0335,Festival,2026-08-01,1,control,0,0.3253,0.0368,1,155.66,1,277.64,1,563.37,0.0
EXP_LOYALTY,C0335,Loyalty,2026-08-01,1,control,0,0.3253,0.045,1,568.88,1,723.86,1,1082.32,0.0
EXP_NEW_PRODUCT,C0335,New Product,2026-08-01,1,control,0,0.3253,0.0532,0,0.0,0,0.0,0,0.0,0.0
EXP_WIN-BACK,C0335,Win-back,2026-08-01,1,treatment,1,0.3253,0.0614,0,0.0,0,0.0,0,0.0,31.0
EXP_BIRTHDAY,C0336,Birthday,2026-08-01,1,treatment,1,0.7586,0.0242,0,0.0,0,0.0,1,2285.62,20.25
EXP_DISCOUNT,C0336,Discount,2026-08-01,1,treatment,1,0.7586,0.0339,0,0.0,0,0.0,1,805.14,23.25
EXP_FESTIVAL,C0336,Festival,2026-08-01,1,treatment,1,0.7586,0.0436,0,0.0,0,0.0,1,1260.12,29.0
EXP_LOYALTY,C0336,Loyalty,2026-08-01,1,treatment,1,0.7586,0.0532,1,363.12,1,511.95,1,1024.96,16.0
EXP_NEW_PRODUCT,C0336,New Product,2026-08-01,1,control,0,0.7586,0.0629,0,0.0,0,0.0,0,0.0,0.0
EXP_WIN-BACK,C0336,Win-back,2026-08-01,1,control,0,0.7586,0.0726,1,298.62,1,630.1,1,859.16,0.0
EXP_BIRTHDAY,C0337,Birthday,2026-08-01,1,treatment,1,0.5336,0.0224,1,428.83,1,645.63,1,904.7,20.25
EXP_DISCOUNT,C0337,Discount,2026-08-01,1,control,0,0.5336,0.0314,1,573.17,1,838.42,1,1176.97,0.0
EXP_FESTIVAL,C0337,Festival,2026-08-01,1,treatment,1,0.5336,0.0404,0,0.0,0,0.0,0,0.0,29.0
EXP_LOYALTY,C0337,Loyalty,2026-08-01,1,treatment,1,0.5336,0.0494,0,0.0,0,0.0,1,824.15,16.0
EXP_NEW_PRODUCT,C0337,New Product,2026-08-01,1,control,0,0.5336,0.0583,0,0.0,0,0.0,1,1077.09,0.0
EXP_WIN-BACK,C0337,Win-back,2026-08-01,1,treatment,1,0.5336,0.0673,0,0.0,0,0.0,0,0.0,31.0
EXP_BIRTHDAY,C0338,Birthday,2026-08-01,1,treatment,1,0.448,0.0216,0,0.0,0,0.0,1,2319.79,20.25
EXP_DISCOUNT,C0338,Discount,2026-08-01,1,control,0,0.448,0.0303,0,0.0,1,596.6,1,981.71,0.0
EXP_FESTIVAL,C0338,Festival,2026-08-01,1,control,0,0.448,0.0389,0,0.0,0,0.0,0,0.0,0.0
EXP_LOYALTY,C0338,Loyalty,2026-08-01,1,control,0,0.448,0.0476,1,302.37,1,415.83,1,920.19,0.0
EXP_NEW_PRODUCT,C0338,New Product,2026-08-01,1,treatment,1,0.448,0.0562,0,0.0,0,0.0,0,0.0,23.0
EXP_WIN-BACK,C0338,Win-back,2026-08-01,1,treatment,1,0.448,0.0648,0,0.0,1,890.76,1,1644.86,31.0
EXP_BIRTHDAY,C0339,Birthday,2026-08-01,1,treatment,1,0.2952,0.0202,0,0.0,0,0.0,0,0.0,20.25
EXP_DISCOUNT,C0339,Discount,2026-08-01,1,treatment,1,0.2952,0.0283,0,0.0,0,0.0,0,0.0,23.25
EXP_FESTIVAL,C0339,Festival,2026-08-01,1,control,0,0.2952,0.0364,0,0.0,0,0.0,0,0.0,0.0
EXP_LOYALTY,C0339,Loyalty,2026-08-01,1,control,0,0.2952,0.0445,0,0.0,1,1007.7,1,1241.42,0.0
EXP_NEW_PRODUCT,C0339,New Product,2026-08-01,1,control,0,0.2952,0.0526,0,0.0,0,0.0,0,0.0,0.0
EXP_WIN-BACK,C0339,Win-back,2026-08-01,1,control,0,0.2952,0.0606,0,0.0,0,0.0,1,1854.58,0.0
EXP_BIRTHDAY,C0340,Birthday,2026-08-01,1,treatment,1,0.3825,0.021,0,0.0,1,690.3,1,950.24,20.25
EXP_DISCOUNT,C0340,Discount,2026-08-01,1,control,0,0.3825,0.0294,0,0.0,0,0.0,1,592.71,0.0
EXP_FESTIVAL,C0340,Festival,2026-08-01,1,treatment,1,0.3825,0.0378,0,0.0,1,501.73,1,1101.14,29.0
EXP_LOYALTY,C0340,Loyalty,2026-08-01,1,control,0,0.3825,0.0462,0,0.0,0,0.0,0,0.0,0.0
EXP_NEW_PRODUCT,C0340,New Product,2026-08-01,1,control,0,0.3825,0.0546,0,0.0,0,0.0,0,0.0,0.0
EXP_WIN-BACK,C0340,Win-back,2026-08-01,1,control,0,0.3825,0.063,0,0.0,0,0.0,0,0.0,0.0
EXP_BIRTHDAY,C0341,Birthday,2026-08-01,1,treatment,1,0.4703,0.0218,0,0.0,0,0.0,0,0.0,20.25
EXP_DISCOUNT,C0341,Discount,2026-08-01,1,control,0,0.4703,0.0306,0,0.0,0,0.0,0,0.0,0.0
EXP_FESTIVAL,C0341,Festival,2026-08-01,1,control,0,0.4703,0.0393,0,0.0,0,0.0,1,1497.18,0.0
EXP_LOYALTY,C0341,Loyalty,2026-08-01,1,control,0,0.4703,0.048,0,0.0,0,0.0,0,0.0,0.0
EXP_NEW_PRODUCT,C0341,New Product,2026-08-01,1,control,0,0.4703,0.0568,0,0.0,1,1514.3,1,3003.78,0.0
EXP_WIN-BACK,C0341,Win-back,2026-08-01,1,treatment,1,0.4703,0.0655,0,0.0,0,0.0,1,2315.7,31.0
EXP_BIRTHDAY,C0342,Birthday,2026-08-01,1,treatment,1,0.2355,0.0198,0,0.0,0,0.0,1,664.98,20.25
EXP_DISCOUNT,C0342,Discount,2026-08-01,1,control,0,0.2355,0.0277,0,0.0,0,0.0,0,0.0,0.0
EXP_FESTIVAL,C0342,Festival,2026-08-01,1,control,0,0.2355,0.0356,0,0.0,0,0.0,0,0.0,0.0
EXP_LOYALTY,C0342,Loyalty,2026-08-01,1,control,0,0.2355,0.0435,0,0.0,0,0.0,0,0.0,0.0
EXP_NEW_PRODUCT,C0342,New Product,2026-08-01,1,treatment,1,0.2355,0.0514,1,472.51,1,811.3,1,1105.39,23.0
EXP_WIN-BACK,C0342,Win-back,2026-08-01,1,control,0,0.2355,0.0593,1,584.1,1,1065.88,1,1732.37,0.0
EXP_BIRTHDAY,C0343,Birthday,2026-08-01,1,treatment,1,0.5189,0.0223,0,0.0,0,0.0,1,937.81,20.25
EXP_DISCOUNT,C0343,Discount,2026-08-01,1,control,0,0.5189,0.0312,0,0.0,1,1280.74,1,1608.08,0.0
EXP_FESTIVAL,C0343,Festival,2026-08-01,1,treatment,1,0.5189,0.0401,1,796.86,1,1297.29,1,2503.77,29.0
EXP_LOYALTY,C0343,Loyalty,2026-08-01,1,control,0,0.5189,0.049,0,0.0,1,3491.39,1,4150.49,0.0
EXP_NEW_PRODUCT,C0343,New Product,2026-08-01,1,control,0,0.5189,0.058,0,0.0,0,0.0,0,0.0,0.0
EXP_WIN-BACK,C0343,Win-back,2026-08-01,1,treatment,1,0.5189,0.0669,0,0.0,0,0.0,0,0.0,31.0
EXP_BIRTHDAY,C0344,Birthday,2026-08-01,1,control,0,0.3753,0.0209,0,0.0,0,0.0,0,0.0,0.0
EXP_DISCOUNT,C0344,Discount,2026-08-01,1,control,0,0.3753,0.0293,0,0.0,0,0.0,0,0.0,0.0
EXP_FESTIVAL,C0344,Festival,2026-08-01,1,control,0,0.3753,0.0377,0,0.0,0,0.0,1,774.86,0.0
EXP_LOYALTY,C0344,Loyalty,2026-08-01,1,treatment,1,0.3753,0.046,0,0.0,0,0.0,0,0.0,16.0
EXP_NEW_PRODUCT,C0344,New Product,2026-08-01,1,control,0,0.3753,0.0544,0,0.0,0,0.0,0,0.0,0.0
EXP_WIN-BACK,C0344,Win-back,2026-08-01,1,treatment,1,0.3753,0.0628,1,434.3,1,700.8,1,832.13,31.0
EXP_BIRTHDAY,C0345,Birthday,2026-08-01,1,control,0,0.742,0.0241,0,0.0,0,0.0,1,2538.26,0.0
EXP_DISCOUNT,C0345,Discount,2026-08-01,1,treatment,1,0.742,0.0337,0,0.0,0,0.0,1,1311.18,23.25
EXP_FESTIVAL,C0345,Festival,2026-08-01,1,control,0,0.742,0.0434,0,0.0,1,1151.42,1,1394.26,0.0
EXP_LOYALTY,C0345,Loyalty,2026-08-01,1,treatment,1,0.742,0.053,1,252.51,1,454.3,1,954.34,16.0
EXP_NEW_PRODUCT,C0345,New Product,2026-08-01,1,control,0,0.742,0.0627,0,0.0,1,863.23,1,1368.37,0.0
EXP_WIN-BACK,C0345,Win-back,2026-08-01,1,control,0,0.742,0.0723,1,562.45,1,770.82,1,1041.25,0.0
EXP_BIRTHDAY,C0346,Birthday,2026-08-01,1,treatment,1,0.5277,0.0224,0,0.0,0,0.0,1,518.94,20.25
EXP_DISCOUNT,C0346,Discount,2026-08-01,1,treatment,1,0.5277,0.0313,0,0.0,0,0.0,1,637.69,23.25
EXP_FESTIVAL,C0346,Festival,2026-08-01,1,control,0,0.5277,0.0403,0,0.0,0,0.0,0,0.0,0.0
EXP_LOYALTY,C0346,Loyalty,2026-08-01,1,treatment,1,0.5277,0.0492,0,0.0,1,332.51,1,452.89,16.0
EXP_NEW_PRODUCT,C0346,New Product,2026-08-01,1,treatment,1,0.5277,0.0582,0,0.0,0,0.0,0,0.0,23.0
EXP_WIN-BACK,C0346,Win-back,2026-08-01,1,treatment,1,0.5277,0.0671,0,0.0,0,0.0,1,462.59,31.0
EXP_BIRTHDAY,C0347,Birthday,2026-08-01,1,control,0,0.311,0.0203,0,0.0,0,0.0,0,0.0,0.0
EXP_DISCOUNT,C0347,Discount,2026-08-01,1,control,0,0.311,0.0285,0,0.0,0,0.0,0,0.0,0.0
EXP_FESTIVAL,C0347,Festival,2026-08-01,1,treatment,1,0.311,0.0366,0,0.0,0,0.0,0,0.0,29.0
EXP_LOYALTY,C0347,Loyalty,2026-08-01,1,control,0,0.311,0.0448,0,0.0,1,388.68,1,701.94,0.0
EXP_NEW_PRODUCT,C0347,New Product,2026-08-01,1,treatment,1,0.311,0.0529,0,0.0,0,0.0,1,530.7,23.0
EXP_WIN-BACK,C0347,Win-back,2026-08-01,1,treatment,1,0.311,0.061,0,0.0,0,0.0,0,0.0,31.0
EXP_BIRTHDAY,C0348,Birthday,2026-08-01,1,treatment,1,0.6964,0.0238,0,0.0,0,0.0,1,2165.08,20.25
EXP_DISCOUNT,C0348,Discount,2026-08-01,1,control,0,0.6964,0.0333,0,0.0,0,0.0,0,0.0,0.0
EXP_FESTIVAL,C0348,Festival,2026-08-01,1,control,0,0.6964,0.0428,1,632.97,1,943.04,1,1554.62,0.0
EXP_LOYALTY,C0348,Loyalty,2026-08-01,1,treatment,1,0.6964,0.0523,1,1775.17,1,2112.18,1,2912.34,16.0
EXP_NEW_PRODUCT,C0348,New Product,2026-08-01,1,treatment,1,0.6964,0.0619,0,0.0,0,0.0,1,3338.15,23.0
EXP_WIN-BACK,C0348,Win-back,2026-08-01,1,control,0,0.6964,0.0714,0,0.0,0,0.0,1,1612.26,0.0
EXP_BIRTHDAY,C0349,Birthday,2026-08-01,1,control,0,0.3364,0.0206,0,0.0,0,0.0,0,0.0,0.0
EXP_DISCOUNT,C0349,Discount,2026-08-01,1,treatment,1,0.3364,0.0288,0,0.0,0,0.0,0,0.0,23.25
EXP_FESTIVAL,C0349,Festival,2026-08-01,1,control,0,0.3364,0.037,1,263.28,1,427.9,1,713.7,0.0
EXP_LOYALTY,C0349,Loyalty,2026-08-01,1,control,0,0.3364,0.0452,0,0.0,0,0.0,0,0.0,0.0
EXP_NEW_PRODUCT,C0349,New Product,2026-08-01,1,control,0,0.3364,0.0535,0,0.0,0,0.0,0,0.0,0.0
EXP_WIN-BACK,C0349,Win-back,2026-08-01,1,treatment,1,0.3364,0.0617,0,0.0,0,0.0,0,0.0,31.0
EXP_BIRTHDAY,C0350,Birthday,2026-08-01,1,control,0,0.6166,0.0232,0,0.0,1,1336.22,1,2516.03,0.0
EXP_DISCOUNT,C0350,Discount,2026-08-01,1,treatment,1,0.6166,0.0324,0,0.0,0,0.0,0,0.0,23.25
EXP_FESTIVAL,C0350,Festival,2026-08-01,1,treatment,1,0.6166,0.0417,1,242.57,1,415.35,1,681.91,29.0
EXP_LOYALTY,C0350,Loyalty,2026-08-01,1,control,0,0.6166,0.051,0,0.0,0,0.0,0,0.0,0.0
EXP_NEW_PRODUCT,C0350,New Product,2026-08-01,1,treatment,1,0.6166,0.0603,0,0.0,0,0.0,0,0.0,23.0
EXP_WIN-BACK,C0350,Win-back,2026-08-01,1,control,0,0.6166,0.0695,1,552.54,1,813.05,1,1028.17,0.0
EXP_BIRTHDAY,C0351,Birthday,2026-08-01,1,treatment,1,0.6435,0.0234,0,0.0,0,0.0,0,0.0,20.25
EXP_DISCOUNT,C0351,Discount,2026-08-01,1,treatment,1,0.6435,0.0328,0,0.0,0,0.0,0,0.0,23.25
EXP_FESTIVAL,C0351,Festival,2026-08-01,1,treatment,1,0.6435,0.0421,0,0.0,0,0.0,0,0.0,29.0
EXP_LOYALTY,C0351,Loyalty,2026-08-01,1,treatment,1,0.6435,0.0515,0,0.0,1,1881.95,1,2642.37,16.0
EXP_NEW_PRODUCT,C0351,New Product,2026-08-01,1,treatment,1,0.6435,0.0608,0,0.0,0,0.0,1,2345.7,23.0
EXP_WIN-BACK,C0351,Win-back,2026-08-01,1,treatment,1,0.6435,0.0702,0,0.0,0,0.0,0,0.0,31.0
EXP_BIRTHDAY,C0352,Birthday,2026-08-01,1,control,0,0.3406,0.0206,0,0.0,0,0.0,0,0.0,0.0
EXP_DISCOUNT,C0352,Discount,2026-08-01,1,treatment,1,0.3406,0.0288,0,0.0,0,0.0,1,469.48,23.25
EXP_FESTIVAL,C0352,Festival,2026-08-01,1,control,0,0.3406,0.0371,1,309.54,1,657.3,1,1083.75,0.0
EXP_LOYALTY,C0352,Loyalty,2026-08-01,1,treatment,1,0.3406,0.0453,0,0.0,0,0.0,1,1445.04,16.0
EXP_NEW_PRODUCT,C0352,New Product,2026-08-01,1,treatment,1,0.3406,0.0536,0,0.0,0,0.0,0,0.0,23.0
EXP_WIN-BACK,C0352,Win-back,2026-08-01,1,treatment,1,0.3406,0.0618,0,0.0,0,0.0,0,0.0,31.0
EXP_BIRTHDAY,C0353,Birthday,2026-08-01,1,control,0,0.3384,0.0206,0,0.0,0,0.0,0,0.0,0.0
EXP_DISCOUNT,C0353,Discount,2026-08-01,1,treatment,1,0.3384,0.0288,0,0.0,0,0.0,0,0.0,23.25
EXP_FESTIVAL,C0353,Festival,2026-08-01,1,control,0,0.3384,0.0371,0,0.0,0,0.0,0,0.0,0.0
EXP_LOYALTY,C0353,Loyalty,2026-08-01,1,control,0,0.3384,0.0453,0,0.0,0,0.0,0,0.0,0.0
EXP_NEW_PRODUCT,C0353,New Product,2026-08-01,1,treatment,1,0.3384,0.0535,0,0.0,0,0.0,0,0.0,23.0
EXP_WIN-BACK,C0353,Win-back,2026-08-01,1,treatment,1,0.3384,0.0618,0,0.0,0,0.0,0,0.0,31.0
EXP_BIRTHDAY,C0354,Birthday,2026-08-01,1,treatment,1,0.3016,0.0203,0,0.0,0,0.0,0,0.0,20.25
EXP_DISCOUNT,C0354,Discount,2026-08-01,1,control,0,0.3016,0.0284,1,1111.17,1,1354.62,1,1808.54,0.0
EXP_FESTIVAL,C0354,Festival,2026-08-01,1,treatment,1,0.3016,0.0365,0,0.0,0,0.0,0,0.0,29.0
EXP_LOYALTY,C0354,Loyalty,2026-08-01,1,control,0,0.3016,0.0446,0,0.0,0,0.0,0,0.0,0.0
EXP_NEW_PRODUCT,C0354,New Product,2026-08-01,1,control,0,0.3016,0.0527,1,809.81,1,1373.16,1,1682.85,0.0
EXP_WIN-BACK,C0354,Win-back,2026-08-01,1,treatment,1,0.3016,0.0608,0,0.0,0,0.0,0,0.0,31.0
EXP_BIRTHDAY,C0355,Birthday,2026-08-01,1,control,0,0.4448,0.0216,0,0.0,0,0.0,0,0.0,0.0
EXP_DISCOUNT,C0355,Discount,2026-08-01,1,treatment,1,0.4448,0.0302,0,0.0,0,0.0,0,0.0,23.25
EXP_FESTIVAL,C0355,Festival,2026-08-01,1,treatment,1,0.4448,0.0389,0,0.0,0,0.0,0,0.0,29.0
EXP_LOYALTY,C0355,Loyalty,2026-08-01,1,treatment,1,0.4448,0.0475,1,808.47,1,1503.65,1,2476.18,16.0
EXP_NEW_PRODUCT,C0355,New Product,2026-08-01,1,treatment,1,0.4448,0.0561,0,0.0,0,0.0,0,0.0,23.0
EXP_WIN-BACK,C0355,Win-back,2026-08-01,1,treatment,1,0.4448,0.0648,0,0.0,0,0.0,0,0.0,31.0
EXP_BIRTHDAY,C0356,Birthday,2026-08-01,1,control,0,0.5404,0.0225,0,0.0,0,0.0,1,1430.71,0.0
EXP_DISCOUNT,C0356,Discount,2026-08-01,1,treatment,1,0.5404,0.0315,1,543.3,1,680.71,1,832.68,23.25
EXP_FESTIVAL,C0356,Festival,2026-08-01,1,treatment,1,0.5404,0.0405,1,610.92,1,740.11,1,1556.98,29.0
EXP_LOYALTY,C0356,Loyalty,2026-08-01,1,control,0,0.5404,0.0495,0,0.0,0,0.0,1,1513.89,0.0
EXP_NEW_PRODUCT,C0356,New Product,2026-08-01,1,treatment,1,0.5404,0.0585,0,0.0,1,356.85,1,666.9,23.0
EXP_WIN-BACK,C0356,Win-back,2026-08-01,1,control,0,0.5404,0.0675,0,0.0,0,0.0,0,0.0,0.0
EXP_BIRTHDAY,C0357,Birthday,2026-08-01,1,treatment,1,0.5212,0.0223,0,0.0,1,1556.06,1,2165.0,20.25
EXP_DISCOUNT,C0357,Discount,2026-08-01,1,treatment,1,0.5212,0.0312,0,0.0,0,0.0,0,0.0,23.25
EXP_FESTIVAL,C0357,Festival,2026-08-01,1,control,0,0.5212,0.0402,0,0.0,0,0.0,0,0.0,0.0
EXP_LOYALTY,C0357,Loyalty,2026-08-01,1,treatment,1,0.5212,0.0491,1,995.83,1,1288.2,1,1604.12,16.0
EXP_NEW_PRODUCT,C0357,New Product,2026-08-01,1,treatment,1,0.5212,0.058,0,0.0,0,0.0,1,613.59,23.0
EXP_WIN-BACK,C0357,Win-back,2026-08-01,1,control,0,0.5212,0.0669,1,400.52,1,668.48,1,1038.26,0.0
EXP_BIRTHDAY,C0358,Birthday,2026-08-01,1,control,0,0.5505,0.0226,0,0.0,0,0.0,0,0.0,0.0
EXP_DISCOUNT,C0358,Discount,2026-08-01,1,treatment,1,0.5505,0.0316,0,0.0,0,0.0,0,0.0,23.25
EXP_FESTIVAL,C0358,Festival,2026-08-01,1,treatment,1,0.5505,0.0407,0,0.0,0,0.0,1,690.22,29.0
EXP_LOYALTY,C0358,Loyalty,2026-08-01,1,treatment,1,0.5505,0.0497,0,0.0,0,0.0,0,0.0,16.0
EXP_NEW_PRODUCT,C0358,New Product,2026-08-01,1,control,0,0.5505,0.0587,0,0.0,0,0.0,0,0.0,0.0
EXP_WIN-BACK,C0358,Win-back,2026-08-01,1,control,0,0.5505,0.0678,0,0.0,0,0.0,1,1059.25,0.0
EXP_BIRTHDAY,C0359,Birthday,2026-08-01,1,treatment,1,0.5488,0.0226,1,788.27,1,1153.97,1,1374.85,20.25
EXP_DISCOUNT,C0359,Discount,2026-08-01,1,treatment,1,0.5488,0.0316,0,0.0,1,2290.56,1,3135.35,23.25
EXP_FESTIVAL,C0359,Festival,2026-08-01,1,treatment,1,0.5488,0.0406,0,0.0,0,0.0,1,812.83,29.0
EXP_LOYALTY,C0359,Loyalty,2026-08-01,1,control,0,0.5488,0.0497,1,436.06,1,529.87,1,676.1,0.0
EXP_NEW_PRODUCT,C0359,New Product,2026-08-01,1,control,0,0.5488,0.0587,0,0.0,0,0.0,1,963.05,0.0
EXP_WIN-BACK,C0359,Win-back,2026-08-01,1,control,0,0.5488,0.0677,0,0.0,1,722.79,1,925.36,0.0
EXP_BIRTHDAY,C0360,Birthday,2026-08-01,1,control,0,0.576,0.0228,0,0.0,0,0.0,0,0.0,0.0
EXP_DISCOUNT,C0360,Discount,2026-08-01,1,treatment,1,0.576,0.032,1,518.96,1,620.26,1,870.75,23.25
EXP_FESTIVAL,C0360,Festival,2026-08-01,1,treatment,1,0.576,0.0411,0,0.0,1,571.25,1,831.56,29.0
EXP_LOYALTY,C0360,Loyalty,2026-08-01,1,treatment,1,0.576,0.0502,0,0.0,0,0.0,1,1585.78,16.0
EXP_NEW_PRODUCT,C0360,New Product,2026-08-01,1,control,0,0.576,0.0593,0,0.0,0,0.0,1,1841.71,0.0
EXP_WIN-BACK,C0360,Win-back,2026-08-01,1,control,0,0.576,0.0685,1,668.6,1,1457.21,1,1831.84,0.0
EXP_BIRTHDAY,C0361,Birthday,2026-08-01,1,treatment,1,0.6283,0.0233,0,0.0,0,0.0,0,0.0,20.25
EXP_DISCOUNT,C0361,Discount,2026-08-01,1,treatment,1,0.6283,0.0326,0,0.0,0,0.0,0,0.0,23.25
EXP_FESTIVAL,C0361,Festival,2026-08-01,1,control,0,0.6283,0.0419,1,335.0,1,695.64,1,1314.65,0.0
EXP_LOYALTY,C0361,Loyalty,2026-08-01,1,control,0,0.6283,0.0512,0,0.0,0,0.0,0,0.0,0.0
EXP_NEW_PRODUCT,C0361,New Product,2026-08-01,1,control,0,0.6283,0.0605,0,0.0,0,0.0,1,2010.38,0.0
EXP_WIN-BACK,C0361,Win-back,2026-08-01,1,control,0,0.6283,0.0698,0,0.0,0,0.0,0,0.0,0.0
EXP_BIRTHDAY,C0362,Birthday,2026-08-01,1,control,0,0.5296,0.0224,0,0.0,0,0.0,1,1887.06,0.0
EXP_DISCOUNT,C0362,Discount,2026-08-01,1,treatment,1,0.5296,0.0314,0,0.0,0,0.0,0,0.0,23.25
EXP_FESTIVAL,C0362,Festival,2026-08-01,1,treatment,1,0.5296,0.0403,1,1724.85,1,2739.08,1,3569.15,29.0
EXP_LOYALTY,C0362,Loyalty,2026-08-01,1,treatment,1,0.5296,0.0493,0,0.0,0,0.0,0,0.0,16.0
EXP_NEW_PRODUCT,C0362,New Product,2026-08-01,1,treatment,1,0.5296,0.0582,0,0.0,0,0.0,1,938.72,23.0
EXP_WIN-BACK,C0362,Win-back,2026-08-01,1,control,0,0.5296,0.0672,0,0.0,0,0.0,0,0.0,0.0
EXP_BIRTHDAY,C0363,Birthday,2026-08-01,1,treatment,1,0.3879,0.021,0,0.0,0,0.0,0,0.0,20.25
EXP_DISCOUNT,C0363,Discount,2026-08-01,1,control,0,0.3879,0.0295,0,0.0,1,583.49,1,843.14,0.0
EXP_FESTIVAL,C0363,Festival,2026-08-01,1,control,0,0.3879,0.0379,0,0.0,0,0.0,1,889.56,0.0
EXP_LOYALTY,C0363,Loyalty,2026-08-01,1,treatment,1,0.3879,0.0463,0,0.0,0,0.0,0,0.0,16.0
EXP_NEW_PRODUCT,C0363,New Product,2026-08-01,1,treatment,1,0.3879,0.0547,0,0.0,0,0.0,0,0.0,23.0
EXP_WIN-BACK,C0363,Win-back,2026-08-01,1,control,0,0.3879,0.0631,0,0.0,1,922.01,1,1161.12,0.0
EXP_BIRTHDAY,C0364,Birthday,2026-08-01,1,treatment,1,0.2437,0.0198,0,0.0,0,0.0,0,0.0,20.25
EXP_DISCOUNT,C0364,Discount,2026-08-01,1,control,0,0.2437,0.0277,0,0.0,0,0.0,0,0.0,0.0
EXP_FESTIVAL,C0364,Festival,2026-08-01,1,treatment,1,0.2437,0.0357,0,0.0,0,0.0,0,0.0,29.0
EXP_LOYALTY,C0364,Loyalty,2026-08-01,1,control,0,0.2437,0.0436,0,0.0,1,121.17,1,203.21,0.0
EXP_NEW_PRODUCT,C0364,New Product,2026-08-01,1,control,0,0.2437,0.0515,0,0.0,0,0.0,0,0.0,0.0
EXP_WIN-BACK,C0364,Win-back,2026-08-01,1,treatment,1,0.2437,0.0594,0,0.0,0,0.0,0,0.0,31.0
EXP_BIRTHDAY,C0365,Birthday,2026-08-01,1,control,0,0.7546,0.0242,0,0.0,1,1185.35,1,2547.99,0.0
EXP_DISCOUNT,C0365,Discount,2026-08-01,1,treatment,1,0.7546,0.0338,0,0.0,0,0.0,0,0.0,23.25
EXP_FESTIVAL,C0365,Festival,2026-08-01,1,control,0,0.7546,0.0435,1,1603.71,1,2900.92,1,5861.93,0.0
EXP_LOYALTY,C0365,Loyalty,2026-08-01,1,treatment,1,0.7546,0.0532,1,2114.73,1,3244.84,1,5530.09,16.0
EXP_NEW_PRODUCT,C0365,New Product,2026-08-01,1,control,0,0.7546,0.0629,0,0.0,0,0.0,1,1366.53,0.0
EXP_WIN-BACK,C0365,Win-back,2026-08-01,1,control,0,0.7546,0.0725,0,0.0,0,0.0,0,0.0,0.0
EXP_BIRTHDAY,C0366,Birthday,2026-08-01,1,control,0,0.659,0.0235,0,0.0,0,0.0,0,0.0,0.0
EXP_DISCOUNT,C0366,Discount,2026-08-01,1,treatment,1,0.659,0.0329,0,0.0,1,409.54,1,747.98,23.25
EXP_FESTIVAL,C0366,Festival,2026-08-01,1,control,0,0.659,0.0423,1,773.32,1,1223.43,1,1511.85,0.0
EXP_LOYALTY,C0366,Loyalty,2026-08-01,1,control,0,0.659,0.0517,0,0.0,0,0.0,0,0.0,0.0
EXP_NEW_PRODUCT,C0366,New Product,2026-08-01,1,control,0,0.659,0.0611,0,0.0,0,0.0,0,0.0,0.0
EXP_WIN-BACK,C0366,Win-back,2026-08-01,1,control,0,0.659,0.0706,0,0.0,0,0.0,1,1771.53,0.0
EXP_BIRTHDAY,C0367,Birthday,2026-08-01,1,treatment,1,0.591,0.023,0,0.0,0,0.0,0,0.0,20.25
EXP_DISCOUNT,C0367,Discount,2026-08-01,1,treatment,1,0.591,0.0321,1,538.44,1,682.11,1,1513.28,23.25
EXP_FESTIVAL,C0367,Festival,2026-08-01,1,treatment,1,0.591,0.0413,0,0.0,0,0.0,1,1699.22,29.0
EXP_LOYALTY,C0367,Loyalty,2026-08-01,1,control,0,0.591,0.0505,0,0.0,1,2580.19,1,3398.87,0.0
EXP_NEW_PRODUCT,C0367,New Product,2026-08-01,1,control,0,0.591,0.0597,0,0.0,0,0.0,0,0.0,0.0
EXP_WIN-BACK,C0367,Win-back,2026-08-01,1,treatment,1,0.591,0.0689,0,0.0,1,1978.05,1,2340.45,31.0
EXP_BIRTHDAY,C0368,Birthday,2026-08-01,1,control,0,0.4552,0.0217,1,193.47,1,378.02,1,734.1,0.0
EXP_DISCOUNT,C0368,Discount,2026-08-01,1,control,0,0.4552,0.0304,0,0.0,0,0.0,0,0.0,0.0
EXP_FESTIVAL,C0368,Festival,2026-08-01,1,treatment,1,0.4552,0.039,0,0.0,0,0.0,1,1195.11,29.0
EXP_LOYALTY,C0368,Loyalty,2026-08-01,1,treatment,1,0.4552,0.0477,0,0.0,0,0.0,0,0.0,16.0
EXP_NEW_PRODUCT,C0368,New Product,2026-08-01,1,control,0,0.4552,0.0564,0,0.0,0,0.0,0,0.0,0.0
EXP_WIN-BACK,C0368,Win-back,2026-08-01,1,treatment,1,0.4552,0.0651,0,0.0,0,0.0,0,0.0,31.0
EXP_BIRTHDAY,C0369,Birthday,2026-08-01,1,treatment,1,0.4039,0.0212,1,498.98,1,626.96,1,1020.35,20.25
EXP_DISCOUNT,C0369,Discount,2026-08-01,1,control,0,0.4039,0.0297,0,0.0,0,0.0,0,0.0,0.0
EXP_FESTIVAL,C0369,Festival,2026-08-01,1,treatment,1,0.4039,0.0381,0,0.0,0,0.0,0,0.0,29.0
EXP_LOYALTY,C0369,Loyalty,2026-08-01,1,treatment,1,0.4039,0.0466,0,0.0,0,0.0,0,0.0,16.0
EXP_NEW_PRODUCT,C0369,New Product,2026-08-01,1,treatment,1,0.4039,0.0551,0,0.0,1,1173.81,1,1387.74,23.0
EXP_WIN-BACK,C0369,Win-back,2026-08-01,1,treatment,1,0.4039,0.0636,1,461.13,1,839.8,1,1160.09,31.0
EXP_BIRTHDAY,C0370,Birthday,2026-08-01,1,treatment,1,0.2407,0.0198,0,0.0,0,0.0,0,0.0,20.25
EXP_DISCOUNT,C0370,Discount,2026-08-01,1,treatment,1,0.2407,0.0277,0,0.0,0,0.0,0,0.0,23.25
EXP_FESTIVAL,C0370,Festival,2026-08-01,1,control,0,0.2407,0.0356,1,447.63,1,692.51,1,1319.79,0.0
EXP_LOYALTY,C0370,Loyalty,2026-08-01,1,control,0,0.2407,0.0435,0,0.0,0,0.0,0,0.0,0.0
EXP_NEW_PRODUCT,C0370,New Product,2026-08-01,1,treatment,1,0.2407,0.0514,0,0.0,0,0.0,1,323.3,23.0
EXP_WIN-BACK,C0370,Win-back,2026-08-01,1,control,0,0.2407,0.0594,0,0.0,0,0.0,0,0.0,0.0
EXP_BIRTHDAY,C0371,Birthday,2026-08-01,1,control,0,0.5678,0.0227,0,0.0,0,0.0,0,0.0,0.0
EXP_DISCOUNT,C0371,Discount,2026-08-01,1,control,0,0.5678,0.0318,1,196.33,1,391.92,1,749.49,0.0
EXP_FESTIVAL,C0371,Festival,2026-08-01,1,control,0,0.5678,0.0409,0,0.0,0,0.0,0,0.0,0.0
EXP_LOYALTY,C0371,Loyalty,2026-08-01,1,control,0,0.5678,0.05,0,0.0,0,0.0,0,0.0,0.0
EXP_NEW_PRODUCT,C0371,New Product,2026-08-01,1,control,0,0.5678,0.0591,0,0.0,0,0.0,1,2680.98,0.0
EXP_WIN-BACK,C0371,Win-back,2026-08-01,1,treatment,1,0.5678,0.0682,0,0.0,1,909.8,1,1166.28,31.0
EXP_BIRTHDAY,C0372,Birthday,2026-08-01,1,control,0,0.7129,0.0239,1,731.2,1,1132.09,1,1475.9,0.0
EXP_DISCOUNT,C0372,Discount,2026-08-01,1,treatment,1,0.7129,0.0335,1,883.56,1,1319.14,1,2353.41,23.25
EXP_FESTIVAL,C0372,Festival,2026-08-01,1,treatment,1,0.7129,0.043,0,0.0,1,817.18,1,1755.31,29.0
EXP_LOYALTY,C0372,Loyalty,2026-08-01,1,treatment,1,0.7129,0.0526,0,0.0,1,1115.46,1,1515.02,16.0
EXP_NEW_PRODUCT,C0372,New Product,2026-08-01,1,treatment,1,0.7129,0.0622,1,451.44,1,969.06,1,1462.65,23.0
EXP_WIN-BACK,C0372,Win-back,2026-08-01,1,control,0,0.7129,0.0717,0,0.0,0,0.0,1,1804.14,0.0
EXP_BIRTHDAY,C0373,Birthday,2026-08-01,1,control,0,0.4785,0.0219,0,0.0,0,0.0,0,0.0,0.0
EXP_DISCOUNT,C0373,Discount,2026-08-01,1,treatment,1,0.4785,0.0307,1,1396.31,1,2321.94,1,3505.33,23.25
EXP_FESTIVAL,C0373,Festival,2026-08-01,1,treatment,1,0.4785,0.0394,0,0.0,0,0.0,0,0.0,29.0
EXP_LOYALTY,C0373,Loyalty,2026-08-01,1,treatment,1,0.4785,0.0482,0,0.0,0,0.0,0,0.0,16.0
EXP_NEW_PRODUCT,C0373,New Product,2026-08-01,1,treatment,1,0.4785,0.057,0,0.0,0,0.0,0,0.0,23.0
EXP_WIN-BACK,C0373,Win-back,2026-08-01,1,control,0,0.4785,0.0657,0,0.0,1,2941.78,1,4345.73,0.0
EXP_BIRTHDAY,C0374,Birthday,2026-08-01,1,treatment,1,0.545,0.0225,0,0.0,0,0.0,0,0.0,20.25
EXP_DISCOUNT,C0374,Discount,2026-08-01,1,control,0,0.545,0.0316,0,0.0,0,0.0,0,0.0,0.0
EXP_FESTIVAL,C0374,Festival,2026-08-01,1,control,0,0.545,0.0406,0,0.0,0,0.0,0,0.0,0.0
EXP_LOYALTY,C0374,Loyalty,2026-08-01,1,treatment,1,0.545,0.0496,0,0.0,0,0.0,0,0.0,16.0
EXP_NEW_PRODUCT,C0374,New Product,2026-08-01,1,control,0,0.545,0.0586,1,534.17,1,879.99,1,1703.97,0.0
EXP_WIN-BACK,C0374,Win-back,2026-08-01,1,treatment,1,0.545,0.0676,1,578.24,1,948.84,1,1324.81,31.0
EXP_BIRTHDAY,C0375,Birthday,2026-08-01,1,treatment,1,0.1762,0.0194,0,0.0,0,0.0,0,0.0,20.25
EXP_DISCOUNT,C0375,Discount,2026-08-01,1,control,0,0.1762,0.0271,0,0.0,0,0.0,0,0.0,0.0
EXP_FESTIVAL,C0375,Festival,2026-08-01,1,treatment,1,0.1762,0.0349,0,0.0,0,0.0,1,766.86,29.0
EXP_LOYALTY,C0375,Loyalty,2026-08-01,1,control,0,0.1762,0.0426,0,0.0,0,0.0,0,0.0,0.0
EXP_NEW_PRODUCT,C0375,New Product,2026-08-01,1,treatment,1,0.1762,0.0503,0,0.0,0,0.0,0,0.0,23.0
EXP_WIN-BACK,C0375,Win-back,2026-08-01,1,control,0,0.1762,0.0581,0,0.0,0,0.0,0,0.0,0.0
EXP_BIRTHDAY,C0376,Birthday,2026-08-01,1,control,0,0.5658,0.0227,0,0.0,1,925.27,1,1705.73,0.0
EXP_DISCOUNT,C0376,Discount,2026-08-01,1,control,0,0.5658,0.0318,0,0.0,0,0.0,0,0.0,0.0
EXP_FESTIVAL,C0376,Festival,2026-08-01,1,treatment,1,0.5658,0.0409,0,0.0,0,0.0,0,0.0,29.0
EXP_LOYALTY,C0376,Loyalty,2026-08-01,1,control,0,0.5658,0.05,0,0.0,0,0.0,0,0.0,0.0
EXP_NEW_PRODUCT,C0376,New Product,2026-08-01,1,treatment,1,0.5658,0.0591,0,0.0,0,0.0,0,0.0,23.0
EXP_WIN-BACK,C0376,Win-back,2026-08-01,1,control,0,0.5658,0.0682,0,0.0,0,0.0,0,0.0,0.0
EXP_BIRTHDAY,C0377,Birthday,2026-08-01,1,treatment,1,0.4602,0.0217,0,0.0,0,0.0,0,0.0,20.25
EXP_DISCOUNT,C0377,Discount,2026-08-01,1,treatment,1,0.4602,0.0304,1,186.29,1,348.21,1,694.86,23.25
EXP_FESTIVAL,C0377,Festival,2026-08-01,1,control,0,0.4602,0.0391,0,0.0,0,0.0,0,0.0,0.0
EXP_LOYALTY,C0377,Loyalty,2026-08-01,1,treatment,1,0.4602,0.0478,0,0.0,0,0.0,0,0.0,16.0
EXP_NEW_PRODUCT,C0377,New Product,2026-08-01,1,control,0,0.4602,0.0565,0,0.0,0,0.0,0,0.0,0.0
EXP_WIN-BACK,C0377,Win-back,2026-08-01,1,control,0,0.4602,0.0652,0,0.0,0,0.0,0,0.0,0.0
EXP_BIRTHDAY,C0378,Birthday,2026-08-01,1,control,0,0.3934,0.0211,0,0.0,0,0.0,0,0.0,0.0
EXP_DISCOUNT,C0378,Discount,2026-08-01,1,control,0,0.3934,0.0295,0,0.0,0,0.0,1,408.89,0.0
EXP_FESTIVAL,C0378,Festival,2026-08-01,1,control,0,0.3934,0.038,1,288.31,1,359.54,1,482.52,0.0
EXP_LOYALTY,C0378,Loyalty,2026-08-01,1,control,0,0.3934,0.0464,0,0.0,0,0.0,0,0.0,0.0
EXP_NEW_PRODUCT,C0378,New Product,2026-08-01,1,control,0,0.3934,0.0548,0,0.0,1,351.68,1,723.51,0.0
EXP_WIN-BACK,C0378,Win-back,2026-08-01,1,control,0,0.3934,0.0633,1,214.42,1,412.61,1,555.72,0.0
EXP_BIRTHDAY,C0379,Birthday,2026-08-01,1,control,0,0.4026,0.0212,1,477.19,1,626.63,1,908.65,0.0
EXP_DISCOUNT,C0379,Discount,2026-08-01,1,control,0,0.4026,0.0296,0,0.0,0,0.0,0,0.0,0.0
EXP_FESTIVAL,C0379,Festival,2026-08-01,1,control,0,0.4026,0.0381,0,0.0,0,0.0,0,0.0,0.0
EXP_LOYALTY,C0379,Loyalty,2026-08-01,1,control,0,0.4026,0.0466,1,358.06,1,535.35,1,777.01,0.0
EXP_NEW_PRODUCT,C0379,New Product,2026-08-01,1,treatment,1,0.4026,0.0551,0,0.0,0,0.0,0,0.0,23.0
EXP_WIN-BACK,C0379,Win-back,2026-08-01,1,control,0,0.4026,0.0635,1,230.36,1,291.12,1,481.21,0.0
EXP_BIRTHDAY,C0380,Birthday,2026-08-01,1,control,0,0.5592,0.0227,0,0.0,1,685.93,1,1121.88,0.0
EXP_DISCOUNT,C0380,Discount,2026-08-01,1,control,0,0.5592,0.0317,0,0.0,1,404.98,1,882.18,0.0
EXP_FESTIVAL,C0380,Festival,2026-08-01,1,treatment,1,0.5592,0.0408,0,0.0,0,0.0,0,0.0,29.0
EXP_LOYALTY,C0380,Loyalty,2026-08-01,1,control,0,0.5592,0.0499,0,0.0,0,0.0,1,1632.33,0.0
EXP_NEW_PRODUCT,C0380,New Product,2026-08-01,1,control,0,0.5592,0.0589,0,0.0,1,585.09,1,848.69,0.0
EXP_WIN-BACK,C0380,Win-back,2026-08-01,1,control,0,0.5592,0.068,0,0.0,0,0.0,1,971.46,0.0
EXP_BIRTHDAY,C0381,Birthday,2026-08-01,1,treatment,1,0.6034,0.0231,1,272.21,1,471.14,1,824.94,20.25
EXP_DISCOUNT,C0381,Discount,2026-08-01,1,treatment,1,0.6034,0.0323,0,0.0,0,0.0,1,1530.55,23.25
EXP_FESTIVAL,C0381,Festival,2026-08-01,1,control,0,0.6034,0.0415,1,622.5,1,1144.61,1,1825.09,0.0
EXP_LOYALTY,C0381,Loyalty,2026-08-01,1,treatment,1,0.6034,0.0507,0,0.0,1,476.27,1,857.26,16.0
EXP_NEW_PRODUCT,C0381,New Product,2026-08-01,1,control,0,0.6034,0.06,0,0.0,0,0.0,1,821.37,0.0
EXP_WIN-BACK,C0381,Win-back,2026-08-01,1,control,0,0.6034,0.0692,1,885.91,1,1182.01,1,1852.91,0.0
EXP_BIRTHDAY,C0382,Birthday,2026-08-01,1,control,0,0.4875,0.022,1,1222.76,1,2413.95,1,4291.46,0.0
EXP_DISCOUNT,C0382,Discount,2026-08-01,1,control,0,0.4875,0.0308,0,0.0,0,0.0,0,0.0,0.0
EXP_FESTIVAL,C0382,Festival,2026-08-01,1,control,0,0.4875,0.0396,1,373.78,1,739.67,1,898.27,0.0
EXP_LOYALTY,C0382,Loyalty,2026-08-01,1,treatment,1,0.4875,0.0484,0,0.0,0,0.0,1,1036.29,16.0
EXP_NEW_PRODUCT,C0382,New Product,2026-08-01,1,treatment,1,0.4875,0.0572,0,0.0,0,0.0,0,0.0,23.0
EXP_WIN-BACK,C0382,Win-back,2026-08-01,1,treatment,1,0.4875,0.066,1,749.48,1,894.47,1,1537.25,31.0
EXP_BIRTHDAY,C0383,Birthday,2026-08-01,1,treatment,1,0.5283,0.0224,0,0.0,0,0.0,1,1119.29,20.25
EXP_DISCOUNT,C0383,Discount,2026-08-01,1,control,0,0.5283,0.0313,1,1107.12,1,1853.03,1,2753.58,0.0
EXP_FESTIVAL,C0383,Festival,2026-08-01,1,treatment,1,0.5283,0.0403,1,513.22,1,644.44,1,970.93,29.0
EXP_LOYALTY,C0383,Loyalty,2026-08-01,1,treatment,1,0.5283,0.0492,0,0.0,0,0.0,0,0.0,16.0
EXP_NEW_PRODUCT,C0383,New Product,2026-08-01,1,treatment,1,0.5283,0.0582,1,831.0,1,1127.93,1,1379.66,23.0
EXP_WIN-BACK,C0383,Win-back,2026-08-01,1,control,0,0.5283,0.0671,0,0.0,0,0.0,0,0.0,0.0
EXP_BIRTHDAY,C0384,Birthday,2026-08-01,1,control,0,0.5371,0.0225,0,0.0,0,0.0,0,0.0,0.0
EXP_DISCOUNT,C0384,Discount,2026-08-01,1,control,0,0.5371,0.0315,0,0.0,0,0.0,0,0.0,0.0
EXP_FESTIVAL,C0384,Festival,2026-08-01,1,control,0,0.5371,0.0404,0,0.0,1,1199.65,1,1494.3,0.0
EXP_LOYALTY,C0384,Loyalty,2026-08-01,1,treatment,1,0.5371,0.0494,1,784.61,1,1000.21,1,1214.79,16.0
EXP_NEW_PRODUCT,C0384,New Product,2026-08-01,1,treatment,1,0.5371,0.0584,0,0.0,0,0.0,0,0.0,23.0
EXP_WIN-BACK,C0384,Win-back,2026-08-01,1,control,0,0.5371,0.0674,0,0.0,0,0.0,0,0.0,0.0
EXP_BIRTHDAY,C0385,Birthday,2026-08-01,1,treatment,1,0.3185,0.0204,0,0.0,0,0.0,0,0.0,20.25
EXP_DISCOUNT,C0385,Discount,2026-08-01,1,treatment,1,0.3185,0.0286,0,0.0,1,2330.79,1,3199.86,23.25
EXP_FESTIVAL,C0385,Festival,2026-08-01,1,treatment,1,0.3185,0.0367,0,0.0,0,0.0,0,0.0,29.0
EXP_LOYALTY,C0385,Loyalty,2026-08-01,1,control,0,0.3185,0.0449,0,0.0,0,0.0,0,0.0,0.0
EXP_NEW_PRODUCT,C0385,New Product,2026-08-01,1,treatment,1,0.3185,0.0531,0,0.0,0,0.0,0,0.0,23.0
EXP_WIN-BACK,C0385,Win-back,2026-08-01,1,control,0,0.3185,0.0612,0,0.0,0,0.0,0,0.0,0.0
EXP_BIRTHDAY,C0386,Birthday,2026-08-01,1,treatment,1,0.4513,0.0216,0,0.0,0,0.0,0,0.0,20.25
EXP_DISCOUNT,C0386,Discount,2026-08-01,1,control,0,0.4513,0.0303,0,0.0,0,0.0,1,1486.47,0.0
EXP_FESTIVAL,C0386,Festival,2026-08-01,1,control,0,0.4513,0.039,0,0.0,0,0.0,0,0.0,0.0
EXP_LOYALTY,C0386,Loyalty,2026-08-01,1,control,0,0.4513,0.0476,0,0.0,0,0.0,0,0.0,0.0
EXP_NEW_PRODUCT,C0386,New Product,2026-08-01,1,treatment,1,0.4513,0.0563,1,693.46,1,861.44,1,1413.8,23.0
EXP_WIN-BACK,C0386,Win-back,2026-08-01,1,treatment,1,0.4513,0.0649,0,0.0,0,0.0,1,524.8,31.0
EXP_BIRTHDAY,C0387,Birthday,2026-08-01,1,treatment,1,0.4342,0.0215,1,448.97,1,783.49,1,1130.69,20.25
EXP_DISCOUNT,C0387,Discount,2026-08-01,1,treatment,1,0.4342,0.0301,1,285.98,1,588.83,1,969.75,23.25
EXP_FESTIVAL,C0387,Festival,2026-08-01,1,control,0,0.4342,0.0387,0,0.0,0,0.0,0,0.0,0.0
EXP_LOYALTY,C0387,Loyalty,2026-08-01,1,control,0,0.4342,0.0473,0,0.0,0,0.0,0,0.0,0.0
EXP_NEW_PRODUCT,C0387,New Product,2026-08-01,1,control,0,0.4342,0.0559,0,0.0,0,0.0,0,0.0,0.0
EXP_WIN-BACK,C0387,Win-back,2026-08-01,1,control,0,0.4342,0.0644,0,0.0,0,0.0,1,2350.62,0.0
EXP_BIRTHDAY,C0388,Birthday,2026-08-01,1,treatment,1,0.5712,0.0228,0,0.0,0,0.0,0,0.0,20.25
EXP_DISCOUNT,C0388,Discount,2026-08-01,1,treatment,1,0.5712,0.0319,0,0.0,0,0.0,0,0.0,23.25
EXP_FESTIVAL,C0388,Festival,2026-08-01,1,treatment,1,0.5712,0.041,0,0.0,1,1006.32,1,1739.01,29.0
EXP_LOYALTY,C0388,Loyalty,2026-08-01,1,control,0,0.5712,0.0501,0,0.0,0,0.0,0,0.0,0.0
EXP_NEW_PRODUCT,C0388,New Product,2026-08-01,1,control,0,0.5712,0.0592,0,0.0,0,0.0,1,691.65,0.0
EXP_WIN-BACK,C0388,Win-back,2026-08-01,1,treatment,1,0.5712,0.0683,1,92.08,1,200.24,1,375.73,31.0
EXP_BIRTHDAY,C0389,Birthday,2026-08-01,1,treatment,1,0.4014,0.0212,0,0.0,0,0.0,1,519.77,20.25
EXP_DISCOUNT,C0389,Discount,2026-08-01,1,control,0,0.4014,0.0296,0,0.0,0,0.0,0,0.0,0.0
EXP_FESTIVAL,C0389,Festival,2026-08-01,1,treatment,1,0.4014,0.0381,1,356.93,1,589.93,1,929.53,29.0
EXP_LOYALTY,C0389,Loyalty,2026-08-01,1,control,0,0.4014,0.0466,0,0.0,0,0.0,0,0.0,0.0
EXP_NEW_PRODUCT,C0389,New Product,2026-08-01,1,treatment,1,0.4014,0.055,0,0.0,0,0.0,0,0.0,23.0
EXP_WIN-BACK,C0389,Win-back,2026-08-01,1,treatment,1,0.4014,0.0635,0,0.0,0,0.0,0,0.0,31.0
EXP_BIRTHDAY,C0390,Birthday,2026-08-01,1,control,0,0.572,0.0228,0,0.0,0,0.0,0,0.0,0.0
EXP_DISCOUNT,C0390,Discount,2026-08-01,1,treatment,1,0.572,0.0319,0,0.0,1,368.29,1,618.03,23.25
EXP_FESTIVAL,C0390,Festival,2026-08-01,1,treatment,1,0.572,0.041,0,0.0,0,0.0,1,992.32,29.0
EXP_LOYALTY,C0390,Loyalty,2026-08-01,1,control,0,0.572,0.0501,0,0.0,0,0.0,0,0.0,0.0
EXP_NEW_PRODUCT,C0390,New Product,2026-08-01,1,control,0,0.572,0.0592,0,0.0,0,0.0,0,0.0,0.0
EXP_WIN-BACK,C0390,Win-back,2026-08-01,1,control,0,0.572,0.0684,0,0.0,0,0.0,0,0.0,0.0
EXP_BIRTHDAY,C0391,Birthday,2026-08-01,1,treatment,1,0.631,0.0233,0,0.0,0,0.0,0,0.0,20.25
EXP_DISCOUNT,C0391,Discount,2026-08-01,1,control,0,0.631,0.0326,0,0.0,1,578.84,1,1187.46,0.0
EXP_FESTIVAL,C0391,Festival,2026-08-01,1,control,0,0.631,0.0419,0,0.0,1,501.42,1,773.32,0.0
EXP_LOYALTY,C0391,Loyalty,2026-08-01,1,control,0,0.631,0.0512,1,429.47,1,793.67,1,959.01,0.0
EXP_NEW_PRODUCT,C0391,New Product,2026-08-01,1,control,0,0.631,0.0606,0,0.0,1,373.33,1,625.24,0.0
EXP_WIN-BACK,C0391,Win-back,2026-08-01,1,treatment,1,0.631,0.0699,1,677.9,1,1062.53,1,1266.51,31.0
EXP_BIRTHDAY,C0392,Birthday,2026-08-01,1,control,0,0.2257,0.0197,0,0.0,0,0.0,0,0.0,0.0
EXP_DISCOUNT,C0392,Discount,2026-08-01,1,treatment,1,0.2257,0.0276,1,882.38,1,1223.05,1,1535.85,23.25
EXP_FESTIVAL,C0392,Festival,2026-08-01,1,control,0,0.2257,0.0354,0,0.0,0,0.0,0,0.0,0.0
EXP_LOYALTY,C0392,Loyalty,2026-08-01,1,treatment,1,0.2257,0.0433,0,0.0,0,0.0,0,0.0,16.0
EXP_NEW_PRODUCT,C0392,New Product,2026-08-01,1,treatment,1,0.2257,0.0512,1,279.55,1,607.83,1,843.23,23.0
EXP_WIN-BACK,C0392,Win-back,2026-08-01,1,treatment,1,0.2257,0.059,0,0.0,0,0.0,0,0.0,31.0
EXP_BIRTHDAY,C0393,Birthday,2026-08-01,1,control,0,0.5754,0.0228,0,0.0,0,0.0,1,922.6,0.0
EXP_DISCOUNT,C0393,Discount,2026-08-01,1,treatment,1,0.5754,0.0319,1,367.17,1,435.03,1,578.92,23.25
EXP_FESTIVAL,C0393,Festival,2026-08-01,1,control,0,0.5754,0.0411,0,0.0,0,0.0,0,0.0,0.0
EXP_LOYALTY,C0393,Loyalty,2026-08-01,1,control,0,0.5754,0.0502,0,0.0,0,0.0,0,0.0,0.0
EXP_NEW_PRODUCT,C0393,New Product,2026-08-01,1,treatment,1,0.5754,0.0593,0,0.0,1,203.22,1,399.69,23.0
EXP_WIN-BACK,C0393,Win-back,2026-08-01,1,control,0,0.5754,0.0684,1,165.2,1,197.85,1,384.16,0.0
EXP_BIRTHDAY,C0394,Birthday,2026-08-01,1,treatment,1,0.5999,0.023,1,1557.49,1,2526.08,1,3606.97,20.25
EXP_DISCOUNT,C0394,Discount,2026-08-01,1,treatment,1,0.5999,0.0322,0,0.0,0,0.0,0,0.0,23.25
EXP_FESTIVAL,C0394,Festival,2026-08-01,1,control,0,0.5999,0.0415,1,388.41,1,519.56,1,1148.08,0.0
EXP_LOYALTY,C0394,Loyalty,2026-08-01,1,control,0,0.5999,0.0507,0,0.0,0,0.0,0,0.0,0.0
EXP_NEW_PRODUCT,C0394,New Product,2026-08-01,1,control,0,0.5999,0.0599,0,0.0,1,2771.19,1,3822.67,0.0
EXP_WIN-BACK,C0394,Win-back,2026-08-01,1,treatment,1,0.5999,0.0691,0,0.0,0,0.0,0,0.0,31.0
EXP_BIRTHDAY,C0395,Birthday,2026-08-01,1,control,0,0.6341,0.0233,0,0.0,0,0.0,0,0.0,0.0
EXP_DISCOUNT,C0395,Discount,2026-08-01,1,control,0,0.6341,0.0326,1,685.01,1,841.81,1,1222.03,0.0
EXP_FESTIVAL,C0395,Festival,2026-08-01,1,treatment,1,0.6341,0.042,1,623.68,1,747.45,1,976.93,29.0
EXP_LOYALTY,C0395,Loyalty,2026-08-01,1,treatment,1,0.6341,0.0513,1,662.81,1,964.06,1,1607.83,16.0
EXP_NEW_PRODUCT,C0395,New Product,2026-08-01,1,treatment,1,0.6341,0.0606,0,0.0,0,0.0,1,2931.06,23.0
EXP_WIN-BACK,C0395,Win-back,2026-08-01,1,treatment,1,0.6341,0.07,0,0.0,0,0.0,0,0.0,31.0
EXP_BIRTHDAY,C0396,Birthday,2026-08-01,1,control,0,0.3447,0.0206,0,0.0,0,0.0,0,0.0,0.0
EXP_DISCOUNT,C0396,Discount,2026-08-01,1,treatment,1,0.3447,0.0289,0,0.0,0,0.0,0,0.0,23.25
EXP_FESTIVAL,C0396,Festival,2026-08-01,1,control,0,0.3447,0.0372,0,0.0,0,0.0,0,0.0,0.0
EXP_LOYALTY,C0396,Loyalty,2026-08-01,1,treatment,1,0.3447,0.0454,0,0.0,0,0.0,0,0.0,16.0
EXP_NEW_PRODUCT,C0396,New Product,2026-08-01,1,treatment,1,0.3447,0.0537,0,0.0,0,0.0,0,0.0,23.0
EXP_WIN-BACK,C0396,Win-back,2026-08-01,1,control,0,0.3447,0.0619,0,0.0,1,1530.88,1,1883.05,0.0
EXP_BIRTHDAY,C0397,Birthday,2026-08-01,1,control,0,0.6067,0.0231,0,0.0,0,0.0,1,923.67,0.0
EXP_DISCOUNT,C0397,Discount,2026-08-01,1,control,0,0.6067,0.0323,0,0.0,1,766.65,1,934.55,0.0
EXP_FESTIVAL,C0397,Festival,2026-08-01,1,control,0,0.6067,0.0416,0,0.0,0,0.0,0,0.0,0.0
EXP_LOYALTY,C0397,Loyalty,2026-08-01,1,treatment,1,0.6067,0.0508,0,0.0,1,671.59,1,996.1,16.0
EXP_NEW_PRODUCT,C0397,New Product,2026-08-01,1,treatment,1,0.6067,0.06,1,174.98,1,362.29,1,495.36,23.0
EXP_WIN-BACK,C0397,Win-back,2026-08-01,1,treatment,1,0.6067,0.0693,1,179.61,1,368.1,1,517.78,31.0
EXP_BIRTHDAY,C0398,Birthday,2026-08-01,1,control,0,0.5037,0.0222,1,205.82,1,323.53,1,710.51,0.0
EXP_DISCOUNT,C0398,Discount,2026-08-01,1,control,0,0.5037,0.031,0,0.0,0,0.0,0,0.0,0.0
EXP_FESTIVAL,C0398,Festival,2026-08-01,1,treatment,1,0.5037,0.0399,0,0.0,0,0.0,0,0.0,29.0
EXP_LOYALTY,C0398,Loyalty,2026-08-01,1,treatment,1,0.5037,0.0487,0,0.0,0,0.0,0,0.0,16.0
EXP_NEW_PRODUCT,C0398,New Product,2026-08-01,1,treatment,1,0.5037,0.0576,0,0.0,0,0.0,0,0.0,23.0
EXP_WIN-BACK,C0398,Win-back,2026-08-01,1,treatment,1,0.5037,0.0665,0,0.0,0,0.0,0,0.0,31.0
EXP_BIRTHDAY,C0399,Birthday,2026-08-01,1,control,0,0.5514,0.0226,0,0.0,1,354.38,1,629.46,0.0
EXP_DISCOUNT,C0399,Discount,2026-08-01,1,treatment,1,0.5514,0.0316,0,0.0,0,0.0,0,0.0,23.25
EXP_FESTIVAL,C0399,Festival,2026-08-01,1,treatment,1,0.5514,0.0407,0,0.0,1,542.85,1,786.2,29.0
EXP_LOYALTY,C0399,Loyalty,2026-08-01,1,control,0,0.5514,0.0497,1,448.03,1,573.44,1,804.64,0.0
EXP_NEW_PRODUCT,C0399,New Product,2026-08-01,1,treatment,1,0.5514,0.0588,0,0.0,1,409.39,1,906.35,23.0
EXP_WIN-BACK,C0399,Win-back,2026-08-01,1,control,0,0.5514,0.0678,0,0.0,0,0.0,1,947.64,0.0
EXP_BIRTHDAY,C0400,Birthday,2026-08-01,1,control,0,0.3065,0.0203,0,0.0,0,0.0,0,0.0,0.0
EXP_DISCOUNT,C0400,Discount,2026-08-01,1,treatment,1,0.3065,0.0284,0,0.0,0,0.0,0,0.0,23.25
EXP_FESTIVAL,C0400,Festival,2026-08-01,1,control,0,0.3065,0.0366,0,0.0,0,0.0,0,0.0,0.0
EXP_LOYALTY,C0400,Loyalty,2026-08-01,1,control,0,0.3065,0.0447,0,0.0,0,0.0,0,0.0,0.0
EXP_NEW_PRODUCT,C0400,New Product,2026-08-01,1,treatment,1,0.3065,0.0528,0,0.0,0,0.0,0,0.0,23.0
EXP_WIN-BACK,C0400,Win-back,2026-08-01,1,control,0,0.3065,0.0609,0,0.0,0,0.0,0,0.0,0.0
EXP_BIRTHDAY,C0401,Birthday,2026-08-01,1,treatment,1,0.55,0.0226,0,0.0,0,0.0,1,1064.5,20.25
EXP_DISCOUNT,C0401,Discount,2026-08-01,1,control,0,0.55,0.0316,0,0.0,0,0.0,1,1176.9,0.0
EXP_FESTIVAL,C0401,Festival,2026-08-01,1,control,0,0.55,0.0407,0,0.0,0,0.0,0,0.0,0.0
EXP_LOYALTY,C0401,Loyalty,2026-08-01,1,treatment,1,0.55,0.0497,0,0.0,0,0.0,0,0.0,16.0
EXP_NEW_PRODUCT,C0401,New Product,2026-08-01,1,control,0,0.55,0.0587,0,0.0,0,0.0,0,0.0,0.0
EXP_WIN-BACK,C0401,Win-back,2026-08-01,1,treatment,1,0.55,0.0678,0,0.0,0,0.0,0,0.0,31.0
EXP_BIRTHDAY,C0402,Birthday,2026-08-01,1,treatment,1,0.4693,0.0218,1,261.29,1,404.17,1,654.48,20.25
EXP_DISCOUNT,C0402,Discount,2026-08-01,1,control,0,0.4693,0.0305,0,0.0,0,0.0,0,0.0,0.0
EXP_FESTIVAL,C0402,Festival,2026-08-01,1,control,0,0.4693,0.0393,0,0.0,0,0.0,0,0.0,0.0
EXP_LOYALTY,C0402,Loyalty,2026-08-01,1,control,0,0.4693,0.048,1,499.54,1,744.32,1,944.64,0.0
EXP_NEW_PRODUCT,C0402,New Product,2026-08-01,1,treatment,1,0.4693,0.0567,0,0.0,0,0.0,0,0.0,23.0
EXP_WIN-BACK,C0402,Win-back,2026-08-01,1,control,0,0.4693,0.0655,0,0.0,0,0.0,0,0.0,0.0
EXP_BIRTHDAY,C0403,Birthday,2026-08-01,1,control,0,0.5242,0.0223,0,0.0,0,0.0,0,0.0,0.0
EXP_DISCOUNT,C0403,Discount,2026-08-01,1,control,0,0.5242,0.0313,0,0.0,0,0.0,0,0.0,0.0
EXP_FESTIVAL,C0403,Festival,2026-08-01,1,control,0,0.5242,0.0402,0,0.0,0,0.0,0,0.0,0.0
EXP_LOYALTY,C0403,Loyalty,2026-08-01,1,treatment,1,0.5242,0.0492,0,0.0,0,0.0,0,0.0,16.0
EXP_NEW_PRODUCT,C0403,New Product,2026-08-01,1,control,0,0.5242,0.0581,1,123.15,1,209.84,1,296.22,0.0
EXP_WIN-BACK,C0403,Win-back,2026-08-01,1,treatment,1,0.5242,0.067,0,0.0,0,0.0,1,425.58,31.0
EXP_BIRTHDAY,C0404,Birthday,2026-08-01,1,treatment,1,0.4132,0.0213,0,0.0,0,0.0,0,0.0,20.25
EXP_DISCOUNT,C0404,Discount,2026-08-01,1,control,0,0.4132,0.0298,0,0.0,0,0.0,0,0.0,0.0
EXP_FESTIVAL,C0404,Festival,2026-08-01,1,treatment,1,0.4132,0.0383,0,0.0,1,173.03,1,226.9,29.0
EXP_LOYALTY,C0404,Loyalty,2026-08-01,1,treatment,1,0.4132,0.0468,0,0.0,0,0.0,1,521.93,16.0
EXP_NEW_PRODUCT,C0404,New Product,2026-08-01,1,treatment,1,0.4132,0.0553,0,0.0,0,0.0,0,0.0,23.0
EXP_WIN-BACK,C0404,Win-back,2026-08-01,1,treatment,1,0.4132,0.0638,0,0.0,0,0.0,0,0.0,31.0
EXP_BIRTHDAY,C0405,Birthday,2026-08-01,1,control,0,0.2267,0.0197,0,0.0,0,0.0,0,0.0,0.0
EXP_DISCOUNT,C0405,Discount,2026-08-01,1,control,0,0.2267,0.0276,0,0.0,0,0.0,0,0.0,0.0
EXP_FESTIVAL,C0405,Festival,2026-08-01,1,treatment,1,0.2267,0.0354,0,0.0,0,0.0,0,0.0,29.0
EXP_LOYALTY,C0405,Loyalty,2026-08-01,1,control,0,0.2267,0.0433,0,0.0,0,0.0,0,0.0,0.0
EXP_NEW_PRODUCT,C0405,New Product,2026-08-01,1,treatment,1,0.2267,0.0512,0,0.0,0,0.0,0,0.0,23.0
EXP_WIN-BACK,C0405,Win-back,2026-08-01,1,treatment,1,0.2267,0.0591,0,0.0,0,0.0,0,0.0,31.0
EXP_BIRTHDAY,C0406,Birthday,2026-08-01,1,control,0,0.4605,0.0217,1,613.56,1,796.4,1,1447.37,0.0
EXP_DISCOUNT,C0406,Discount,2026-08-01,1,control,0,0.4605,0.0304,0,0.0,0,0.0,0,0.0,0.0
EXP_FESTIVAL,C0406,Festival,2026-08-01,1,treatment,1,0.4605,0.0391,1,338.21,1,422.29,1,503.11,29.0
EXP_LOYALTY,C0406,Loyalty,2026-08-01,1,treatment,1,0.4605,0.0478,1,606.58,1,1143.36,1,2100.83,16.0
EXP_NEW_PRODUCT,C0406,New Product,2026-08-01,1,control,0,0.4605,0.0565,0,0.0,0,0.0,0,0.0,0.0
EXP_WIN-BACK,C0406,Win-back,2026-08-01,1,treatment,1,0.4605,0.0652,0,0.0,0,0.0,0,0.0,31.0
EXP_BIRTHDAY,C0407,Birthday,2026-08-01,1,treatment,1,0.3308,0.0205,1,302.16,1,451.73,1,537.77,20.25
EXP_DISCOUNT,C0407,Discount,2026-08-01,1,control,0,0.3308,0.0287,0,0.0,0,0.0,1,555.94,0.0
EXP_FESTIVAL,C0407,Festival,2026-08-01,1,control,0,0.3308,0.0369,0,0.0,0,0.0,0,0.0,0.0
EXP_LOYALTY,C0407,Loyalty,2026-08-01,1,control,0,0.3308,0.0451,0,0.0,0,0.0,1,760.26,0.0
EXP_NEW_PRODUCT,C0407,New Product,2026-08-01,1,control,0,0.3308,0.0533,0,0.0,0,0.0,0,0.0,0.0
EXP_WIN-BACK,C0407,Win-back,2026-08-01,1,control,0,0.3308,0.0616,0,0.0,0,0.0,0,0.0,0.0
EXP_BIRTHDAY,C0408,Birthday,2026-08-01,1,control,0,0.5183,0.0223,1,240.16,1,285.64,1,579.15,0.0
EXP_DISCOUNT,C0408,Discount,2026-08-01,1,treatment,1,0.5183,0.0312,0,0.0,0,0.0,0,0.0,23.25
EXP_FESTIVAL,C0408,Festival,2026-08-01,1,control,0,0.5183,0.0401,0,0.0,0,0.0,0,0.0,0.0
EXP_LOYALTY,C0408,Loyalty,2026-08-01,1,treatment,1,0.5183,0.049,0,0.0,0,0.0,0,0.0,16.0
EXP_NEW_PRODUCT,C0408,New Product,2026-08-01,1,control,0,0.5183,0.058,0,0.0,0,0.0,0,0.0,0.0
EXP_WIN-BACK,C0408,Win-back,2026-08-01,1,treatment,1,0.5183,0.0669,0,0.0,0,0.0,0,0.0,31.0
EXP_BIRTHDAY,C0409,Birthday,2026-08-01,1,treatment,1,0.2623,0.0199,0,0.0,0,0.0,0,0.0,20.25
EXP_DISCOUNT,C0409,Discount,2026-08-01,1,treatment,1,0.2623,0.0279,0,0.0,1,594.37,1,739.43,23.25
EXP_FESTIVAL,C0409,Festival,2026-08-01,1,treatment,1,0.2623,0.0359,0,0.0,0,0.0,0,0.0,29.0
EXP_LOYALTY,C0409,Loyalty,2026-08-01,1,treatment,1,0.2623,0.0439,0,0.0,0,0.0,0,0.0,16.0
EXP_NEW_PRODUCT,C0409,New Product,2026-08-01,1,control,0,0.2623,0.0519,0,0.0,1,207.43,1,317.37,0.0
EXP_WIN-BACK,C0409,Win-back,2026-08-01,1,treatment,1,0.2623,0.0598,0,0.0,0,0.0,0,0.0,31.0
EXP_BIRTHDAY,C0410,Birthday,2026-08-01,1,treatment,1,0.5856,0.0229,0,0.0,0,0.0,1,1340.29,20.25
EXP_DISCOUNT,C0410,Discount,2026-08-01,1,control,0,0.5856,0.0321,0,0.0,1,445.02,1,916.73,0.0
EXP_FESTIVAL,C0410,Festival,2026-08-01,1,control,0,0.5856,0.0412,0,0.0,0,0.0,0,0.0,0.0
EXP_LOYALTY,C0410,Loyalty,2026-08-01,1,treatment,1,0.5856,0.0504,0,0.0,1,987.42,1,1353.7,16.0
EXP_NEW_PRODUCT,C0410,New Product,2026-08-01,1,control,0,0.5856,0.0596,0,0.0,1,880.66,1,1792.75,0.0
EXP_WIN-BACK,C0410,Win-back,2026-08-01,1,treatment,1,0.5856,0.0687,1,884.73,1,1229.11,1,1866.19,31.0
EXP_BIRTHDAY,C0411,Birthday,2026-08-01,1,control,0,0.4257,0.0214,1,484.93,1,720.89,1,1013.49,0.0
EXP_DISCOUNT,C0411,Discount,2026-08-01,1,treatment,1,0.4257,0.03,0,0.0,0,0.0,0,0.0,23.25
EXP_FESTIVAL,C0411,Festival,2026-08-01,1,treatment,1,0.4257,0.0385,0,0.0,0,0.0,0,0.0,29.0
EXP_LOYALTY,C0411,Loyalty,2026-08-01,1,treatment,1,0.4257,0.0471,0,0.0,0,0.0,0,0.0,16.0
EXP_NEW_PRODUCT,C0411,New Product,2026-08-01,1,treatment,1,0.4257,0.0556,0,0.0,0,0.0,0,0.0,23.0
EXP_WIN-BACK,C0411,Win-back,2026-08-01,1,treatment,1,0.4257,0.0642,0,0.0,0,0.0,0,0.0,31.0
EXP_BIRTHDAY,C0412,Birthday,2026-08-01,1,treatment,1,0.3685,0.0209,0,0.0,0,0.0,0,0.0,20.25
EXP_DISCOUNT,C0412,Discount,2026-08-01,1,treatment,1,0.3685,0.0292,0,0.0,1,1553.09,1,1991.41,23.25
EXP_FESTIVAL,C0412,Festival,2026-08-01,1,control,0,0.3685,0.0375,0,0.0,0,0.0,0,0.0,0.0
EXP_LOYALTY,C0412,Loyalty,2026-08-01,1,treatment,1,0.3685,0.0459,0,0.0,0,0.0,0,0.0,16.0
EXP_NEW_PRODUCT,C0412,New Product,2026-08-01,1,control,0,0.3685,0.0542,0,0.0,1,735.6,1,1043.51,0.0
EXP_WIN-BACK,C0412,Win-back,2026-08-01,1,treatment,1,0.3685,0.0626,0,0.0,0,0.0,0,0.0,31.0
EXP_BIRTHDAY,C0413,Birthday,2026-08-01,1,treatment,1,0.3866,0.021,0,0.0,0,0.0,1,1343.21,20.25
EXP_DISCOUNT,C0413,Discount,2026-08-01,1,treatment,1,0.3866,0.0294,0,0.0,0,0.0,0,0.0,23.25
EXP_FESTIVAL,C0413,Festival,2026-08-01,1,treatment,1,0.3866,0.0378,0,0.0,0,0.0,1,1113.41,29.0
EXP_LOYALTY,C0413,Loyalty,2026-08-01,1,control,0,0.3866,0.0463,0,0.0,0,0.0,1,1356.87,0.0
EXP_NEW_PRODUCT,C0413,New Product,2026-08-01,1,treatment,1,0.3866,0.0547,0,0.0,1,1827.01,1,2655.03,23.0
EXP_WIN-BACK,C0413,Win-back,2026-08-01,1,control,0,0.3866,0.0631,0,0.0,0,0.0,1,567.27,0.0
EXP_BIRTHDAY,C0414,Birthday,2026-08-01,1,control,0,0.4988,0.0221,0,0.0,0,0.0,0,0.0,0.0
EXP_DISCOUNT,C0414,Discount,2026-08-01,1,treatment,1,0.4988,0.0309,0,0.0,0,0.0,1,1192.63,23.25
EXP_FESTIVAL,C0414,Festival,2026-08-01,1,control,0,0.4988,0.0398,1,443.41,1,653.52,1,1421.49,0.0
EXP_LOYALTY,C0414,Loyalty,2026-08-01,1,control,0,0.4988,0.0486,0,0.0,0,0.0,0,0.0,0.0
EXP_NEW_PRODUCT,C0414,New Product,2026-08-01,1,treatment,1,0.4988,0.0575,0,0.0,0,0.0,0,0.0,23.0
EXP_WIN-BACK,C0414,Win-back,2026-08-01,1,treatment,1,0.4988,0.0663,0,0.0,0,0.0,0,0.0,31.0
EXP_BIRTHDAY,C0415,Birthday,2026-08-01,1,treatment,1,0.5829,0.0229,0,0.0,0,0.0,0,0.0,20.25
EXP_DISCOUNT,C0415,Discount,2026-08-01,1,treatment,1,0.5829,0.032,0,0.0,1,528.77,1,669.42,23.25
EXP_FESTIVAL,C0415,Festival,2026-08-01,1,control,0,0.5829,0.0412,0,0.0,0,0.0,1,772.82,0.0
EXP_LOYALTY,C0415,Loyalty,2026-08-01,1,treatment,1,0.5829,0.0503,0,0.0,1,1414.8,1,1876.88,16.0
EXP_NEW_PRODUCT,C0415,New Product,2026-08-01,1,treatment,1,0.5829,0.0595,0,0.0,0,0.0,0,0.0,23.0
EXP_WIN-BACK,C0415,Win-back,2026-08-01,1,treatment,1,0.5829,0.0686,0,0.0,0,0.0,0,0.0,31.0
EXP_BIRTHDAY,C0416,Birthday,2026-08-01,1,control,0,0.2973,0.0202,0,0.0,0,0.0,0,0.0,0.0
EXP_DISCOUNT,C0416,Discount,2026-08-01,1,control,0,0.2973,0.0283,0,0.0,0,0.0,0,0.0,0.0
EXP_FESTIVAL,C0416,Festival,2026-08-01,1,treatment,1,0.2973,0.0364,0,0.0,0,0.0,0,0.0,29.0
EXP_LOYALTY,C0416,Loyalty,2026-08-01,1,control,0,0.2973,0.0445,0,0.0,0,0.0,0,0.0,0.0
EXP_NEW_PRODUCT,C0416,New Product,2026-08-01,1,treatment,1,0.2973,0.0526,0,0.0,0,0.0,1,594.77,23.0
EXP_WIN-BACK,C0416,Win-back,2026-08-01,1,treatment,1,0.2973,0.0607,0,0.0,0,0.0,0,0.0,31.0
EXP_BIRTHDAY,C0417,Birthday,2026-08-01,1,treatment,1,0.4754,0.0219,0,0.0,0,0.0,0,0.0,20.25
EXP_DISCOUNT,C0417,Discount,2026-08-01,1,treatment,1,0.4754,0.0306,1,895.18,1,1833.92,1,2306.0,23.25
EXP_FESTIVAL,C0417,Festival,2026-08-01,1,treatment,1,0.4754,0.0394,1,158.92,1,237.24,1,501.34,29.0
EXP_LOYALTY,C0417,Loyalty,2026-08-01,1,treatment,1,0.4754,0.0481,0,0.0,1,278.98,1,586.19,16.0
EXP_NEW_PRODUCT,C0417,New Product,2026-08-01,1,treatment,1,0.4754,0.0569,0,0.0,0,0.0,0,0.0,23.0
EXP_WIN-BACK,C0417,Win-back,2026-08-01,1,treatment,1,0.4754,0.0656,1,701.41,1,915.8,1,1117.3,31.0
EXP_BIRTHDAY,C0418,Birthday,2026-08-01,1,control,0,0.2968,0.0202,0,0.0,0,0.0,0,0.0,0.0
EXP_DISCOUNT,C0418,Discount,2026-08-01,1,treatment,1,0.2968,0.0283,0,0.0,0,0.0,0,0.0,23.25
EXP_FESTIVAL,C0418,Festival,2026-08-01,1,control,0,0.2968,0.0364,0,0.0,1,376.77,1,477.85,0.0
EXP_LOYALTY,C0418,Loyalty,2026-08-01,1,treatment,1,0.2968,0.0445,0,0.0,0,0.0,0,0.0,16.0
EXP_NEW_PRODUCT,C0418,New Product,2026-08-01,1,control,0,0.2968,0.0526,0,0.0,0,0.0,0,0.0,0.0
EXP_WIN-BACK,C0418,Win-back,2026-08-01,1,treatment,1,0.2968,0.0607,0,0.0,0,0.0,0,0.0,31.0
EXP_BIRTHDAY,C0419,Birthday,2026-08-01,1,control,0,0.6105,0.0231,1,808.83,1,1420.56,1,1719.91,0.0
EXP_DISCOUNT,C0419,Discount,2026-08-01,1,treatment,1,0.6105,0.0324,0,0.0,0,0.0,0,0.0,23.25
EXP_FESTIVAL,C0419,Festival,2026-08-01,1,treatment,1,0.6105,0.0416,0,0.0,1,643.38,1,920.58,29.0
EXP_LOYALTY,C0419,Loyalty,2026-08-01,1,control,0,0.6105,0.0509,1,514.36,1,666.8,1,942.67,0.0
EXP_NEW_PRODUCT,C0419,New Product,2026-08-01,1,control,0,0.6105,0.0601,0,0.0,0,0.0,0,0.0,0.0
EXP_WIN-BACK,C0419,Win-back,2026-08-01,1,control,0,0.6105,0.0694,0,0.0,0,0.0,0,0.0,0.0
EXP_BIRTHDAY,C0420,Birthday,2026-08-01,1,treatment,1,0.5362,0.0225,0,0.0,0,0.0,0,0.0,20.25
EXP_DISCOUNT,C0420,Discount,2026-08-01,1,control,0,0.5362,0.0314,1,253.49,1,338.06,1,540.58,0.0
EXP_FESTIVAL,C0420,Festival,2026-08-01,1,control,0,0.5362,0.0404,1,355.51,1,477.41,1,1026.53,0.0
EXP_LOYALTY,C0420,Loyalty,2026-08-01,1,treatment,1,0.5362,0.0494,0,0.0,1,592.0,1,813.89,16.0
EXP_NEW_PRODUCT,C0420,New Product,2026-08-01,1,treatment,1,0.5362,0.0584,0,0.0,0,0.0,1,878.16,23.0
EXP_WIN-BACK,C0420,Win-back,2026-08-01,1,control,0,0.5362,0.0674,1,495.15,1,638.24,1,877.5,0.0
EXP_BIRTHDAY,C0421,Birthday,2026-08-01,1,treatment,1,0.4695,0.0218,0,0.0,0,0.0,0,0.0,20.25
EXP_DISCOUNT,C0421,Discount,2026-08-01,1,control,0,0.4695,0.0306,0,0.0,0,0.0,1,3410.81,0.0
EXP_FESTIVAL,C0421,Festival,2026-08-01,1,treatment,1,0.4695,0.0393,0,0.0,1,518.01,1,1116.26,29.0
EXP_LOYALTY,C0421,Loyalty,2026-08-01,1,treatment,1,0.4695,0.048,0,0.0,1,735.52,1,1554.13,16.0
EXP_NEW_PRODUCT,C0421,New Product,2026-08-01,1,treatment,1,0.4695,0.0567,0,0.0,0,0.0,1,3510.24,23.0
EXP_WIN-BACK,C0421,Win-back,2026-08-01,1,treatment,1,0.4695,0.0655,0,0.0,0,0.0,0,0.0,31.0
EXP_BIRTHDAY,C0422,Birthday,2026-08-01,1,control,0,0.684,0.0237,0,0.0,0,0.0,1,3202.08,0.0
EXP_DISCOUNT,C0422,Discount,2026-08-01,1,treatment,1,0.684,0.0332,1,351.3,1,762.58,1,1467.08,23.25
EXP_FESTIVAL,C0422,Festival,2026-08-01,1,treatment,1,0.684,0.0427,0,0.0,0,0.0,1,1619.49,29.0
EXP_LOYALTY,C0422,Loyalty,2026-08-01,1,control,0,0.684,0.0522,1,1401.99,1,2162.0,1,2656.65,0.0
EXP_NEW_PRODUCT,C0422,New Product,2026-08-01,1,treatment,1,0.684,0.0616,0,0.0,1,2395.2,1,3261.85,23.0
EXP_WIN-BACK,C0422,Win-back,2026-08-01,1,control,0,0.684,0.0711,1,1760.54,1,2105.79,1,2664.83,0.0
EXP_BIRTHDAY,C0423,Birthday,2026-08-01,1,control,0,0.5125,0.0222,1,481.22,1,716.91,1,1342.46,0.0
EXP_DISCOUNT,C0423,Discount,2026-08-01,1,control,0,0.5125,0.0311,1,602.45,1,826.09,1,1497.53,0.0
EXP_FESTIVAL,C0423,Festival,2026-08-01,1,treatment,1,0.5125,0.04,1,1393.66,1,2005.12,1,2809.65,29.0
EXP_LOYALTY,C0423,Loyalty,2026-08-01,1,control,0,0.5125,0.0489,1,470.23,1,573.21,1,1209.37,0.0
EXP_NEW_PRODUCT,C0423,New Product,2026-08-01,1,treatment,1,0.5125,0.0578,1,436.12,1,531.88,1,1029.85,23.0
EXP_WIN-BACK,C0423,Win-back,2026-08-01,1,treatment,1,0.5125,0.0667,0,0.0,0,0.0,0,0.0,31.0
EXP_BIRTHDAY,C0424,Birthday,2026-08-01,1,control,0,0.4947,0.0221,1,439.74,1,553.28,1,708.1,0.0
EXP_DISCOUNT,C0424,Discount,2026-08-01,1,treatment,1,0.4947,0.0309,1,757.89,1,951.64,1,1761.79,23.25
EXP_FESTIVAL,C0424,Festival,2026-08-01,1,control,0,0.4947,0.0397,0,0.0,0,0.0,0,0.0,0.0
EXP_LOYALTY,C0424,Loyalty,2026-08-01,1,treatment,1,0.4947,0.0485,0,0.0,0,0.0,0,0.0,16.0
EXP_NEW_PRODUCT,C0424,New Product,2026-08-01,1,control,0,0.4947,0.0574,0,0.0,0,0.0,0,0.0,0.0
EXP_WIN-BACK,C0424,Win-back,2026-08-01,1,treatment,1,0.4947,0.0662,0,0.0,0,0.0,0,0.0,31.0
EXP_BIRTHDAY,C0425,Birthday,2026-08-01,1,control,0,0.2348,0.0197,0,0.0,0,0.0,0,0.0,0.0
EXP_DISCOUNT,C0425,Discount,2026-08-01,1,control,0,0.2348,0.0276,0,0.0,0,0.0,0,0.0,0.0
EXP_FESTIVAL,C0425,Festival,2026-08-01,1,control,0,0.2348,0.0355,0,0.0,0,0.0,0,0.0,0.0
EXP_LOYALTY,C0425,Loyalty,2026-08-01,1,treatment,1,0.2348,0.0434,0,0.0,0,0.0,1,2510.4,16.0
EXP_NEW_PRODUCT,C0425,New Product,2026-08-01,1,control,0,0.2348,0.0513,0,0.0,0,0.0,0,0.0,0.0
EXP_WIN-BACK,C0425,Win-back,2026-08-01,1,control,0,0.2348,0.0592,0,0.0,0,0.0,0,0.0,0.0
EXP_BIRTHDAY,C0426,Birthday,2026-08-01,1,control,0,0.5302,0.0224,0,0.0,0,0.0,1,1249.47,0.0
EXP_DISCOUNT,C0426,Discount,2026-08-01,1,treatment,1,0.5302,0.0314,0,0.0,1,397.46,1,492.81,23.25
EXP_FESTIVAL,C0426,Festival,2026-08-01,1,treatment,1,0.5302,0.0403,0,0.0,1,3067.1,1,3657.07,29.0
EXP_LOYALTY,C0426,Loyalty,2026-08-01,1,control,0,0.5302,0.0493,0,0.0,0,0.0,1,2679.13,0.0
EXP_NEW_PRODUCT,C0426,New Product,2026-08-01,1,control,0,0.5302,0.0582,1,389.15,1,690.2,1,1218.24,0.0
EXP_WIN-BACK,C0426,Win-back,2026-08-01,1,treatment,1,0.5302,0.0672,0,0.0,0,0.0,0,0.0,31.0
EXP_BIRTHDAY,C0427,Birthday,2026-08-01,1,control,0,0.4773,0.0219,0,0.0,0,0.0,0,0.0,0.0
EXP_DISCOUNT,C0427,Discount,2026-08-01,1,treatment,1,0.4773,0.0307,0,0.0,0,0.0,0,0.0,23.25
EXP_FESTIVAL,C0427,Festival,2026-08-01,1,control,0,0.4773,0.0394,1,984.35,1,1400.81,1,2563.57,0.0
EXP_LOYALTY,C0427,Loyalty,2026-08-01,1,control,0,0.4773,0.0482,0,0.0,0,0.0,1,698.8,0.0
EXP_NEW_PRODUCT,C0427,New Product,2026-08-01,1,control,0,0.4773,0.0569,0,0.0,1,1785.93,1,3056.97,0.0
EXP_WIN-BACK,C0427,Win-back,2026-08-01,1,treatment,1,0.4773,0.0657,1,210.27,1,463.12,1,1015.18,31.0
EXP_BIRTHDAY,C0428,Birthday,2026-08-01,1,treatment,1,0.77,0.0243,1,505.22,1,1036.08,1,1401.79,20.25
EXP_DISCOUNT,C0428,Discount,2026-08-01,1,control,0,0.77,0.034,0,0.0,1,2065.69,1,2627.49,0.0
EXP_FESTIVAL,C0428,Festival,2026-08-01,1,treatment,1,0.77,0.0437,1,906.4,1,1314.86,1,1557.12,29.0
EXP_LOYALTY,C0428,Loyalty,2026-08-01,1,control,0,0.77,0.0534,0,0.0,0,0.0,0,0.0,0.0
EXP_NEW_PRODUCT,C0428,New Product,2026-08-01,1,control,0,0.77,0.0631,0,0.0,0,0.0,0,0.0,0.0
EXP_WIN-BACK,C0428,Win-back,2026-08-01,1,treatment,1,0.77,0.0728,1,842.79,1,1665.58,1,2786.17,31.0
EXP_BIRTHDAY,C0429,Birthday,2026-08-01,1,treatment,1,0.6766,0.0237,1,528.37,1,822.54,1,1372.36,20.25
EXP_DISCOUNT,C0429,Discount,2026-08-01,1,control,0,0.6766,0.0331,0,0.0,0,0.0,0,0.0,0.0
EXP_FESTIVAL,C0429,Festival,2026-08-01,1,treatment,1,0.6766,0.0426,1,727.35,1,864.11,1,1420.5,29.0
EXP_LOYALTY,C0429,Loyalty,2026-08-01,1,treatment,1,0.6766,0.052,0,0.0,0,0.0,1,1424.25,16.0
EXP_NEW_PRODUCT,C0429,New Product,2026-08-01,1,treatment,1,0.6766,0.0615,0,0.0,0,0.0,0,0.0,23.0
EXP_WIN-BACK,C0429,Win-back,2026-08-01,1,treatment,1,0.6766,0.071,0,0.0,1,1273.99,1,2459.64,31.0
EXP_BIRTHDAY,C0430,Birthday,2026-08-01,1,treatment,1,0.2797,0.0201,0,0.0,0,0.0,0,0.0,20.25
EXP_DISCOUNT,C0430,Discount,2026-08-01,1,control,0,0.2797,0.0281,1,298.79,1,372.69,1,723.99,0.0
EXP_FESTIVAL,C0430,Festival,2026-08-01,1,control,0,0.2797,0.0362,0,0.0,0,0.0,0,0.0,0.0
EXP_LOYALTY,C0430,Loyalty,2026-08-01,1,control,0,0.2797,0.0442,0,0.0,0,0.0,0,0.0,0.0
EXP_NEW_PRODUCT,C0430,New Product,2026-08-01,1,treatment,1,0.2797,0.0522,0,0.0,0,0.0,0,0.0,23.0
EXP_WIN-BACK,C0430,Win-back,2026-08-01,1,control,0,0.2797,0.0603,0,0.0,0,0.0,0,0.0,0.0
EXP_BIRTHDAY,C0431,Birthday,2026-08-01,1,control,0,0.4718,0.0218,0,0.0,0,0.0,0,0.0,0.0
EXP_DISCOUNT,C0431,Discount,2026-08-01,1,control,0,0.4718,0.0306,0,0.0,0,0.0,1,627.77,0.0
EXP_FESTIVAL,C0431,Festival,2026-08-01,1,treatment,1,0.4718,0.0393,0,0.0,1,758.46,1,1035.9,29.0
EXP_LOYALTY,C0431,Loyalty,2026-08-01,1,treatment,1,0.4718,0.0481,0,0.0,1,243.39,1,468.78,16.0
EXP_NEW_PRODUCT,C0431,New Product,2026-08-01,1,treatment,1,0.4718,0.0568,0,0.0,0,0.0,1,803.08,23.0
EXP_WIN-BACK,C0431,Win-back,2026-08-01,1,treatment,1,0.4718,0.0655,0,0.0,0,0.0,0,0.0,31.0
EXP_BIRTHDAY,C0432,Birthday,2026-08-01,1,treatment,1,0.7265,0.024,0,0.0,1,493.34,1,916.52,20.25
EXP_DISCOUNT,C0432,Discount,2026-08-01,1,treatment,1,0.7265,0.0336,0,0.0,1,518.14,1,1000.9,23.25
EXP_FESTIVAL,C0432,Festival,2026-08-01,1,control,0,0.7265,0.0432,1,751.37,1,1145.07,1,1556.86,0.0
EXP_LOYALTY,C0432,Loyalty,2026-08-01,1,treatment,1,0.7265,0.0528,0,0.0,0,0.0,1,862.99,16.0
EXP_NEW_PRODUCT,C0432,New Product,2026-08-01,1,control,0,0.7265,0.0624,0,0.0,0,0.0,0,0.0,0.0
EXP_WIN-BACK,C0432,Win-back,2026-08-01,1,treatment,1,0.7265,0.072,0,0.0,1,861.89,1,1224.98,31.0
EXP_BIRTHDAY,C0433,Birthday,2026-08-01,1,control,0,0.5355,0.0225,0,0.0,0,0.0,0,0.0,0.0
EXP_DISCOUNT,C0433,Discount,2026-08-01,1,treatment,1,0.5355,0.0314,0,0.0,0,0.0,0,0.0,23.25
EXP_FESTIVAL,C0433,Festival,2026-08-01,1,treatment,1,0.5355,0.0404,0,0.0,0,0.0,1,859.86,29.0
EXP_LOYALTY,C0433,Loyalty,2026-08-01,1,control,0,0.5355,0.0494,0,0.0,0,0.0,0,0.0,0.0
EXP_NEW_PRODUCT,C0433,New Product,2026-08-01,1,treatment,1,0.5355,0.0584,0,0.0,0,0.0,1,924.41,23.0
EXP_WIN-BACK,C0433,Win-back,2026-08-01,1,treatment,1,0.5355,0.0674,1,1057.99,1,1694.36,1,3730.41,31.0
EXP_BIRTHDAY,C0434,Birthday,2026-08-01,1,control,0,0.3311,0.0205,0,0.0,0,0.0,0,0.0,0.0
EXP_DISCOUNT,C0434,Discount,2026-08-01,1,treatment,1,0.3311,0.0287,1,62.71,1,125.25,1,257.62,23.25
EXP_FESTIVAL,C0434,Festival,2026-08-01,1,treatment,1,0.3311,0.0369,1,163.39,1,270.84,1,542.19,29.0
EXP_LOYALTY,C0434,Loyalty,2026-08-01,1,control,0,0.3311,0.0451,0,0.0,0,0.0,1,461.58,0.0
EXP_NEW_PRODUCT,C0434,New Product,2026-08-01,1,treatment,1,0.3311,0.0534,0,0.0,0,0.0,0,0.0,23.0
EXP_WIN-BACK,C0434,Win-back,2026-08-01,1,control,0,0.3311,0.0616,0,0.0,0,0.0,0,0.0,0.0
EXP_BIRTHDAY,C0435,Birthday,2026-08-01,1,treatment,1,0.4827,0.0219,0,0.0,1,476.47,1,724.76,20.25
EXP_DISCOUNT,C0435,Discount,2026-08-01,1,control,0,0.4827,0.0307,1,453.59,1,708.24,1,983.14,0.0
EXP_FESTIVAL,C0435,Festival,2026-08-01,1,control,0,0.4827,0.0395,1,714.27,1,1107.27,1,1889.38,0.0
EXP_LOYALTY,C0435,Loyalty,2026-08-01,1,control,0,0.4827,0.0483,0,0.0,1,863.36,1,1438.85,0.0
EXP_NEW_PRODUCT,C0435,New Product,2026-08-01,1,control,0,0.4827,0.0571,0,0.0,0,0.0,1,997.38,0.0
EXP_WIN-BACK,C0435,Win-back,2026-08-01,1,control,0,0.4827,0.0658,0,0.0,1,389.01,1,739.87,0.0
EXP_BIRTHDAY,C0436,Birthday,2026-08-01,1,treatment,1,0.4359,0.0215,0,0.0,0,0.0,0,0.0,20.25
EXP_DISCOUNT,C0436,Discount,2026-08-01,1,treatment,1,0.4359,0.0301,0,0.0,0,0.0,0,0.0,23.25
EXP_FESTIVAL,C0436,Festival,2026-08-01,1,treatment,1,0.4359,0.0387,0,0.0,0,0.0,0,0.0,29.0
EXP_LOYALTY,C0436,Loyalty,2026-08-01,1,control,0,0.4359,0.0473,0,0.0,0,0.0,0,0.0,0.0
EXP_NEW_PRODUCT,C0436,New Product,2026-08-01,1,treatment,1,0.4359,0.0559,1,912.34,1,1548.21,1,2270.35,23.0
EXP_WIN-BACK,C0436,Win-back,2026-08-01,1,treatment,1,0.4359,0.0645,0,0.0,1,637.66,1,998.54,31.0
EXP_BIRTHDAY,C0437,Birthday,2026-08-01,1,treatment,1,0.2361,0.0198,0,0.0,0,0.0,0,0.0,20.25
EXP_DISCOUNT,C0437,Discount,2026-08-01,1,treatment,1,0.2361,0.0277,0,0.0,0,0.0,0,0.0,23.25
EXP_FESTIVAL,C0437,Festival,2026-08-01,1,control,0,0.2361,0.0356,0,0.0,0,0.0,0,0.0,0.0
EXP_LOYALTY,C0437,Loyalty,2026-08-01,1,control,0,0.2361,0.0435,0,0.0,0,0.0,0,0.0,0.0
EXP_NEW_PRODUCT,C0437,New Product,2026-08-01,1,treatment,1,0.2361,0.0514,0,0.0,0,0.0,0,0.0,23.0
EXP_WIN-BACK,C0437,Win-back,2026-08-01,1,control,0,0.2361,0.0593,0,0.0,0,0.0,0,0.0,0.0
EXP_BIRTHDAY,C0438,Birthday,2026-08-01,1,control,0,0.3643,0.0208,1,463.3,1,750.95,1,1655.11,0.0
EXP_DISCOUNT,C0438,Discount,2026-08-01,1,treatment,1,0.3643,0.0291,0,0.0,0,0.0,0,0.0,23.25
EXP_FESTIVAL,C0438,Festival,2026-08-01,1,control,0,0.3643,0.0375,0,0.0,0,0.0,0,0.0,0.0
EXP_LOYALTY,C0438,Loyalty,2026-08-01,1,control,0,0.3643,0.0458,1,1996.66,1,2708.88,1,3512.73,0.0
EXP_NEW_PRODUCT,C0438,New Product,2026-08-01,1,control,0,0.3643,0.0541,0,0.0,0,0.0,0,0.0,0.0
EXP_WIN-BACK,C0438,Win-back,2026-08-01,1,control,0,0.3643,0.0625,0,0.0,0,0.0,0,0.0,0.0
EXP_BIRTHDAY,C0439,Birthday,2026-08-01,1,control,0,0.3454,0.0206,1,696.15,1,921.99,1,1394.76,0.0
EXP_DISCOUNT,C0439,Discount,2026-08-01,1,treatment,1,0.3454,0.0289,0,0.0,1,221.9,1,426.03,23.25
EXP_FESTIVAL,C0439,Festival,2026-08-01,1,treatment,1,0.3454,0.0372,0,0.0,0,0.0,0,0.0,29.0
EXP_LOYALTY,C0439,Loyalty,2026-08-01,1,treatment,1,0.3454,0.0454,1,145.58,1,190.5,1,331.05,16.0
EXP_NEW_PRODUCT,C0439,New Product,2026-08-01,1,treatment,1,0.3454,0.0537,1,607.5,1,720.76,1,940.84,23.0
EXP_WIN-BACK,C0439,Win-back,2026-08-01,1,control,0,0.3454,0.0619,0,0.0,1,370.28,1,602.76,0.0
EXP_BIRTHDAY,C0440,Birthday,2026-08-01,1,treatment,1,0.4257,0.0214,0,0.0,0,0.0,0,0.0,20.25
EXP_DISCOUNT,C0440,Discount,2026-08-01,1,control,0,0.4257,0.03,0,0.0,0,0.0,0,0.0,0.0
EXP_FESTIVAL,C0440,Festival,2026-08-01,1,treatment,1,0.4257,0.0385,1,308.45,1,544.39,1,851.61,29.0
EXP_LOYALTY,C0440,Loyalty,2026-08-01,1,control,0,0.4257,0.0471,0,0.0,0,0.0,1,420.79,0.0
EXP_NEW_PRODUCT,C0440,New Product,2026-08-01,1,treatment,1,0.4257,0.0556,1,354.41,1,756.44,1,1186.29,23.0
EXP_WIN-BACK,C0440,Win-back,2026-08-01,1,control,0,0.4257,0.0642,0,0.0,0,0.0,0,0.0,0.0
EXP_BIRTHDAY,C0441,Birthday,2026-08-01,1,control,0,0.7051,0.0239,0,0.0,1,1572.97,1,1951.25,0.0
EXP_DISCOUNT,C0441,Discount,2026-08-01,1,control,0,0.7051,0.0334,1,1437.41,1,1823.21,1,2425.57,0.0
EXP_FESTIVAL,C0441,Festival,2026-08-01,1,treatment,1,0.7051,0.0429,0,0.0,0,0.0,1,1944.62,29.0
EXP_LOYALTY,C0441,Loyalty,2026-08-01,1,control,0,0.7051,0.0525,0,0.0,0,0.0,0,0.0,0.0
EXP_NEW_PRODUCT,C0441,New Product,2026-08-01,1,treatment,1,0.7051,0.062,0,0.0,0,0.0,1,1098.75,23.0
EXP_WIN-BACK,C0441,Win-back,2026-08-01,1,control,0,0.7051,0.0716,1,500.99,1,1087.63,1,2162.97,0.0
EXP_BIRTHDAY,C0442,Birthday,2026-08-01,1,treatment,1,0.4846,0.022,0,0.0,0,0.0,0,0.0,20.25
EXP_DISCOUNT,C0442,Discount,2026-08-01,1,control,0,0.4846,0.0308,0,0.0,0,0.0,0,0.0,0.0
EXP_FESTIVAL,C0442,Festival,2026-08-01,1,control,0,0.4846,0.0395,0,0.0,0,0.0,1,882.96,0.0
EXP_LOYALTY,C0442,Loyalty,2026-08-01,1,control,0,0.4846,0.0483,0,0.0,0,0.0,0,0.0,0.0
EXP_NEW_PRODUCT,C0442,New Product,2026-08-01,1,treatment,1,0.4846,0.0571,0,0.0,0,0.0,0,0.0,23.0
EXP_WIN-BACK,C0442,Win-back,2026-08-01,1,treatment,1,0.4846,0.0659,1,309.87,1,384.72,1,642.94,31.0
EXP_BIRTHDAY,C0443,Birthday,2026-08-01,1,treatment,1,0.3217,0.0204,0,0.0,0,0.0,0,0.0,20.25
EXP_DISCOUNT,C0443,Discount,2026-08-01,1,control,0,0.3217,0.0286,1,522.03,1,635.21,1,918.37,0.0
EXP_FESTIVAL,C0443,Festival,2026-08-01,1,treatment,1,0.3217,0.0368,0,0.0,0,0.0,0,0.0,29.0
EXP_LOYALTY,C0443,Loyalty,2026-08-01,1,control,0,0.3217,0.045,0,0.0,0,0.0,0,0.0,0.0
EXP_NEW_PRODUCT,C0443,New Product,2026-08-01,1,treatment,1,0.3217,0.0531,0,0.0,0,0.0,0,0.0,23.0
EXP_WIN-BACK,C0443,Win-back,2026-08-01,1,treatment,1,0.3217,0.0613,0,0.0,0,0.0,0,0.0,31.0
EXP_BIRTHDAY,C0444,Birthday,2026-08-01,1,control,0,0.6212,0.0232,1,431.25,1,666.64,1,1199.84,0.0
EXP_DISCOUNT,C0444,Discount,2026-08-01,1,control,0,0.6212,0.0325,0,0.0,0,0.0,0,0.0,0.0
EXP_FESTIVAL,C0444,Festival,2026-08-01,1,treatment,1,0.6212,0.0418,0,0.0,0,0.0,0,0.0,29.0
EXP_LOYALTY,C0444,Loyalty,2026-08-01,1,treatment,1,0.6212,0.0511,0,0.0,0,0.0,1,3096.04,16.0
EXP_NEW_PRODUCT,C0444,New Product,2026-08-01,1,control,0,0.6212,0.0604,0,0.0,1,817.43,1,1065.94,0.0
EXP_WIN-BACK,C0444,Win-back,2026-08-01,1,treatment,1,0.6212,0.0696,0,0.0,1,928.56,1,1877.58,31.0
EXP_BIRTHDAY,C0445,Birthday,2026-08-01,1,treatment,1,0.6986,0.0238,0,0.0,0,0.0,0,0.0,20.25
EXP_DISCOUNT,C0445,Discount,2026-08-01,1,control,0,0.6986,0.0333,1,286.2,1,396.01,1,868.48,0.0
EXP_FESTIVAL,C0445,Festival,2026-08-01,1,control,0,0.6986,0.0429,0,0.0,0,0.0,1,629.3,0.0
EXP_LOYALTY,C0445,Loyalty,2026-08-01,1,control,0,0.6986,0.0524,1,600.21,1,728.92,1,1007.79,0.0
EXP_NEW_PRODUCT,C0445,New Product,2026-08-01,1,control,0,0.6986,0.0619,0,0.0,1,887.65,1,1458.5,0.0
EXP_WIN-BACK,C0445,Win-back,2026-08-01,1,control,0,0.6986,0.0714,0,0.0,0,0.0,0,0.0,0.0
EXP_BIRTHDAY,C0446,Birthday,2026-08-01,1,control,0,0.2199,0.0196,0,0.0,0,0.0,1,555.48,0.0
EXP_DISCOUNT,C0446,Discount,2026-08-01,1,treatment,1,0.2199,0.0275,0,0.0,0,0.0,0,0.0,23.25
EXP_FESTIVAL,C0446,Festival,2026-08-01,1,control,0,0.2199,0.0354,0,0.0,0,0.0,0,0.0,0.0
EXP_LOYALTY,C0446,Loyalty,2026-08-01,1,treatment,1,0.2199,0.0432,0,0.0,0,0.0,0,0.0,16.0
EXP_NEW_PRODUCT,C0446,New Product,2026-08-01,1,treatment,1,0.2199,0.0511,0,0.0,1,172.61,1,270.29,23.0
EXP_WIN-BACK,C0446,Win-back,2026-08-01,1,treatment,1,0.2199,0.0589,0,0.0,1,123.25,1,198.94,31.0
EXP_BIRTHDAY,C0447,Birthday,2026-08-01,1,treatment,1,0.5017,0.0221,0,0.0,0,0.0,0,0.0,20.25
EXP_DISCOUNT,C0447,Discount,2026-08-01,1,treatment,1,0.5017,0.031,0,0.0,1,287.27,1,636.15,23.25
EXP_FESTIVAL,C0447,Festival,2026-08-01,1,control,0,0.5017,0.0398,0,0.0,1,1089.84,1,1336.99,0.0
EXP_LOYALTY,C0447,Loyalty,2026-08-01,1,control,0,0.5017,0.0487,1,628.53,1,901.1,1,1065.46,0.0
EXP_NEW_PRODUCT,C0447,New Product,2026-08-01,1,control,0,0.5017,0.0575,0,0.0,1,426.21,1,761.16,0.0
EXP_WIN-BACK,C0447,Win-back,2026-08-01,1,treatment,1,0.5017,0.0664,0,0.0,0,0.0,0,0.0,31.0
EXP_BIRTHDAY,C0448,Birthday,2026-08-01,1,control,0,0.5374,0.0225,1,309.67,1,595.76,1,901.53,0.0
EXP_DISCOUNT,C0448,Discount,2026-08-01,1,treatment,1,0.5374,0.0315,0,0.0,0,0.0,0,0.0,23.25
EXP_FESTIVAL,C0448,Festival,2026-08-01,1,control,0,0.5374,0.0404,0,0.0,0,0.0,0,0.0,0.0
EXP_LOYALTY,C0448,Loyalty,2026-08-01,1,treatment,1,0.5374,0.0494,0,0.0,0,0.0,0,0.0,16.0
EXP_NEW_PRODUCT,C0448,New Product,2026-08-01,1,treatment,1,0.5374,0.0584,0,0.0,0,0.0,0,0.0,23.0
EXP_WIN-BACK,C0448,Win-back,2026-08-01,1,treatment,1,0.5374,0.0674,0,0.0,1,374.39,1,551.14,31.0
EXP_BIRTHDAY,C0449,Birthday,2026-08-01,1,control,0,0.4777,0.0219,0,0.0,0,0.0,0,0.0,0.0
EXP_DISCOUNT,C0449,Discount,2026-08-01,1,treatment,1,0.4777,0.0307,0,0.0,1,461.55,1,570.9,23.25
EXP_FESTIVAL,C0449,Festival,2026-08-01,1,control,0,0.4777,0.0394,0,0.0,0,0.0,1,751.95,0.0
EXP_LOYALTY,C0449,Loyalty,2026-08-01,1,control,0,0.4777,0.0482,1,111.25,1,201.8,1,286.43,0.0
EXP_NEW_PRODUCT,C0449,New Product,2026-08-01,1,treatment,1,0.4777,0.0569,0,0.0,0,0.0,0,0.0,23.0
EXP_WIN-BACK,C0449,Win-back,2026-08-01,1,treatment,1,0.4777,0.0657,0,0.0,0,0.0,0,0.0,31.0
EXP_BIRTHDAY,C0450,Birthday,2026-08-01,1,control,0,0.3719,0.0209,0,0.0,0,0.0,1,687.76,0.0
EXP_DISCOUNT,C0450,Discount,2026-08-01,1,treatment,1,0.3719,0.0292,1,225.58,1,299.8,1,394.45,23.25
EXP_FESTIVAL,C0450,Festival,2026-08-01,1,control,0,0.3719,0.0376,1,480.64,1,629.86,1,940.44,0.0
EXP_LOYALTY,C0450,Loyalty,2026-08-01,1,treatment,1,0.3719,0.046,0,0.0,1,876.51,1,1232.11,16.0
EXP_NEW_PRODUCT,C0450,New Product,2026-08-01,1,control,0,0.3719,0.0543,0,0.0,0,0.0,0,0.0,0.0
EXP_WIN-BACK,C0450,Win-back,2026-08-01,1,control,0,0.3719,0.0627,0,0.0,0,0.0,0,0.0,0.0
EXP_BIRTHDAY,C0451,Birthday,2026-08-01,1,treatment,1,0.2895,0.0202,0,0.0,0,0.0,0,0.0,20.25
EXP_DISCOUNT,C0451,Discount,2026-08-01,1,control,0,0.2895,0.0282,0,0.0,0,0.0,0,0.0,0.0
EXP_FESTIVAL,C0451,Festival,2026-08-01,1,control,0,0.2895,0.0363,0,0.0,0,0.0,0,0.0,0.0
EXP_LOYALTY,C0451,Loyalty,2026-08-01,1,treatment,1,0.2895,0.0444,0,0.0,0,0.0,0,0.0,16.0
EXP_NEW_PRODUCT,C0451,New Product,2026-08-01,1,control,0,0.2895,0.0524,1,151.2,1,256.56,1,500.28,0.0
EXP_WIN-BACK,C0451,Win-back,2026-08-01,1,control,0,0.2895,0.0605,0,0.0,0,0.0,0,0.0,0.0
EXP_BIRTHDAY,C0452,Birthday,2026-08-01,1,control,0,0.5609,0.0227,0,0.0,0,0.0,0,0.0,0.0
EXP_DISCOUNT,C0452,Discount,2026-08-01,1,control,0,0.5609,0.0318,1,498.29,1,633.05,1,1156.78,0.0
EXP_FESTIVAL,C0452,Festival,2026-08-01,1,control,0,0.5609,0.0408,0,0.0,0,0.0,1,1016.59,0.0
EXP_LOYALTY,C0452,Loyalty,2026-08-01,1,treatment,1,0.5609,0.0499,0,0.0,0,0.0,0,0.0,16.0
EXP_NEW_PRODUCT,C0452,New Product,2026-08-01,1,treatment,1,0.5609,0.059,0,0.0,0,0.0,0,0.0,23.0
EXP_WIN-BACK,C0452,Win-back,2026-08-01,1,control,0,0.5609,0.0681,1,377.41,1,645.69,1,820.29,0.0
EXP_BIRTHDAY,C0453,Birthday,2026-08-01,1,control,0,0.4923,0.022,0,0.0,0,0.0,0,0.0,0.0
EXP_DISCOUNT,C0453,Discount,2026-08-01,1,treatment,1,0.4923,0.0309,0,0.0,0,0.0,0,0.0,23.25
EXP_FESTIVAL,C0453,Festival,2026-08-01,1,treatment,1,0.4923,0.0397,0,0.0,1,655.51,1,967.44,29.0
EXP_LOYALTY,C0453,Loyalty,2026-08-01,1,control,0,0.4923,0.0485,1,1312.75,1,1728.49,1,2397.35,0.0
EXP_NEW_PRODUCT,C0453,New Product,2026-08-01,1,treatment,1,0.4923,0.0573,1,483.02,1,738.91,1,1199.31,23.0
EXP_WIN-BACK,C0453,Win-back,2026-08-01,1,treatment,1,0.4923,0.0661,0,0.0,0,0.0,1,877.23,31.0
EXP_BIRTHDAY,C0454,Birthday,2026-08-01,1,treatment,1,0.6741,0.0236,1,589.35,1,948.5,1,1361.76,20.25
EXP_DISCOUNT,C0454,Discount,2026-08-01,1,control,0,0.6741,0.0331,1,515.41,1,636.98,1,1331.66,0.0
EXP_FESTIVAL,C0454,Festival,2026-08-01,1,control,0,0.6741,0.0425,0,0.0,0,0.0,0,0.0,0.0
EXP_LOYALTY,C0454,Loyalty,2026-08-01,1,control,0,0.6741,0.052,0,0.0,0,0.0,0,0.0,0.0
EXP_NEW_PRODUCT,C0454,New Product,2026-08-01,1,treatment,1,0.6741,0.0614,1,742.48,1,980.63,1,1182.0,23.0
EXP_WIN-BACK,C0454,Win-back,2026-08-01,1,treatment,1,0.6741,0.0709,0,0.0,1,2087.35,1,3471.39,31.0
EXP_BIRTHDAY,C0455,Birthday,2026-08-01,1,treatment,1,0.3854,0.021,0,0.0,0,0.0,0,0.0,20.25
EXP_DISCOUNT,C0455,Discount,2026-08-01,1,control,0,0.3854,0.0294,0,0.0,0,0.0,0,0.0,0.0
EXP_FESTIVAL,C0455,Festival,2026-08-01,1,treatment,1,0.3854,0.0378,0,0.0,0,0.0,0,0.0,29.0
EXP_LOYALTY,C0455,Loyalty,2026-08-01,1,control,0,0.3854,0.0462,0,0.0,0,0.0,0,0.0,0.0
EXP_NEW_PRODUCT,C0455,New Product,2026-08-01,1,treatment,1,0.3854,0.0546,0,0.0,0,0.0,0,0.0,23.0
EXP_WIN-BACK,C0455,Win-back,2026-08-01,1,treatment,1,0.3854,0.063,0,0.0,0,0.0,1,954.95,31.0
EXP_BIRTHDAY,C0456,Birthday,2026-08-01,1,treatment,1,0.4462,0.0216,0,0.0,0,0.0,0,0.0,20.25
EXP_DISCOUNT,C0456,Discount,2026-08-01,1,control,0,0.4462,0.0302,0,0.0,0,0.0,0,0.0,0.0
EXP_FESTIVAL,C0456,Festival,2026-08-01,1,treatment,1,0.4462,0.0389,0,0.0,0,0.0,0,0.0,29.0
EXP_LOYALTY,C0456,Loyalty,2026-08-01,1,control,0,0.4462,0.0475,0,0.0,0,0.0,0,0.0,0.0
EXP_NEW_PRODUCT,C0456,New Product,2026-08-01,1,treatment,1,0.4462,0.0562,0,0.0,0,0.0,0,0.0,23.0
EXP_WIN-BACK,C0456,Win-back,2026-08-01,1,control,0,0.4462,0.0648,0,0.0,0,0.0,0,0.0,0.0
EXP_BIRTHDAY,C0457,Birthday,2026-08-01,1,control,0,0.2422,0.0198,0,0.0,0,0.0,0,0.0,0.0
EXP_DISCOUNT,C0457,Discount,2026-08-01,1,treatment,1,0.2422,0.0277,0,0.0,0,0.0,0,0.0,23.25
EXP_FESTIVAL,C0457,Festival,2026-08-01,1,control,0,0.2422,0.0356,0,0.0,0,0.0,0,0.0,0.0
EXP_LOYALTY,C0457,Loyalty,2026-08-01,1,treatment,1,0.2422,0.0436,0,0.0,0,0.0,0,0.0,16.0
EXP_NEW_PRODUCT,C0457,New Product,2026-08-01,1,treatment,1,0.2422,0.0515,0,0.0,0,0.0,0,0.0,23.0
EXP_WIN-BACK,C0457,Win-back,2026-08-01,1,treatment,1,0.2422,0.0594,0,0.0,0,0.0,0,0.0,31.0
EXP_BIRTHDAY,C0458,Birthday,2026-08-01,1,treatment,1,0.5842,0.0229,0,0.0,0,0.0,0,0.0,20.25
EXP_DISCOUNT,C0458,Discount,2026-08-01,1,control,0,0.5842,0.0321,0,0.0,1,394.66,1,465.99,0.0
EXP_FESTIVAL,C0458,Festival,2026-08-01,1,control,0,0.5842,0.0412,0,0.0,1,383.48,1,734.73,0.0
EXP_LOYALTY,C0458,Loyalty,2026-08-01,1,treatment,1,0.5842,0.0504,0,0.0,1,854.07,1,1029.56,16.0
EXP_NEW_PRODUCT,C0458,New Product,2026-08-01,1,control,0,0.5842,0.0595,0,0.0,1,469.7,1,723.14,0.0
EXP_WIN-BACK,C0458,Win-back,2026-08-01,1,control,0,0.5842,0.0687,0,0.0,0,0.0,0,0.0,0.0
EXP_BIRTHDAY,C0459,Birthday,2026-08-01,1,control,0,0.4504,0.0216,0,0.0,0,0.0,0,0.0,0.0
EXP_DISCOUNT,C0459,Discount,2026-08-01,1,control,0,0.4504,0.0303,0,0.0,0,0.0,0,0.0,0.0
EXP_FESTIVAL,C0459,Festival,2026-08-01,1,control,0,0.4504,0.0389,0,0.0,0,0.0,0,0.0,0.0
EXP_LOYALTY,C0459,Loyalty,2026-08-01,1,control,0,0.4504,0.0476,0,0.0,0,0.0,0,0.0,0.0
EXP_NEW_PRODUCT,C0459,New Product,2026-08-01,1,control,0,0.4504,0.0563,1,206.34,1,323.46,1,654.17,0.0
EXP_WIN-BACK,C0459,Win-back,2026-08-01,1,control,0,0.4504,0.0649,0,0.0,0,0.0,0,0.0,0.0
EXP_BIRTHDAY,C0460,Birthday,2026-08-01,1,control,0,0.4771,0.0219,0,0.0,0,0.0,0,0.0,0.0
EXP_DISCOUNT,C0460,Discount,2026-08-01,1,treatment,1,0.4771,0.0307,0,0.0,1,1129.28,1,1340.76,23.25
EXP_FESTIVAL,C0460,Festival,2026-08-01,1,control,0,0.4771,0.0394,0,0.0,0,0.0,0,0.0,0.0
EXP_LOYALTY,C0460,Loyalty,2026-08-01,1,control,0,0.4771,0.0482,0,0.0,0,0.0,0,0.0,0.0
EXP_NEW_PRODUCT,C0460,New Product,2026-08-01,1,treatment,1,0.4771,0.0569,1,608.69,1,932.07,1,1640.09,23.0
EXP_WIN-BACK,C0460,Win-back,2026-08-01,1,control,0,0.4771,0.0657,0,0.0,1,638.69,1,1376.82,0.0
EXP_BIRTHDAY,C0461,Birthday,2026-08-01,1,treatment,1,0.4734,0.0219,0,0.0,0,0.0,0,0.0,20.25
EXP_DISCOUNT,C0461,Discount,2026-08-01,1,control,0,0.4734,0.0306,0,0.0,0,0.0,0,0.0,0.0
EXP_FESTIVAL,C0461,Festival,2026-08-01,1,control,0,0.4734,0.0393,0,0.0,0,0.0,0,0.0,0.0
EXP_LOYALTY,C0461,Loyalty,2026-08-01,1,control,0,0.4734,0.0481,0,0.0,0,0.0,0,0.0,0.0
EXP_NEW_PRODUCT,C0461,New Product,2026-08-01,1,treatment,1,0.4734,0.0568,0,0.0,0,0.0,0,0.0,23.0
EXP_WIN-BACK,C0461,Win-back,2026-08-01,1,control,0,0.4734,0.0656,0,0.0,1,505.25,1,684.1,0.0
EXP_BIRTHDAY,C0462,Birthday,2026-08-01,1,treatment,1,0.4615,0.0217,0,0.0,0,0.0,0,0.0,20.25
EXP_DISCOUNT,C0462,Discount,2026-08-01,1,control,0,0.4615,0.0304,0,0.0,0,0.0,1,1543.92,0.0
EXP_FESTIVAL,C0462,Festival,2026-08-01,1,treatment,1,0.4615,0.0391,0,0.0,0,0.0,0,0.0,29.0
EXP_LOYALTY,C0462,Loyalty,2026-08-01,1,treatment,1,0.4615,0.0478,1,554.99,1,1064.12,1,1472.99,16.0
EXP_NEW_PRODUCT,C0462,New Product,2026-08-01,1,control,0,0.4615,0.0565,0,0.0,0,0.0,0,0.0,0.0
EXP_WIN-BACK,C0462,Win-back,2026-08-01,1,control,0,0.4615,0.0652,0,0.0,0,0.0,0,0.0,0.0
EXP_BIRTHDAY,C0463,Birthday,2026-08-01,1,control,0,0.6377,0.0233,0,0.0,0,0.0,0,0.0,0.0
EXP_DISCOUNT,C0463,Discount,2026-08-01,1,treatment,1,0.6377,0.0327,0,0.0,0,0.0,0,0.0,23.25
EXP_FESTIVAL,C0463,Festival,2026-08-01,1,treatment,1,0.6377,0.042,0,0.0,0,0.0,0,0.0,29.0
EXP_LOYALTY,C0463,Loyalty,2026-08-01,1,control,0,0.6377,0.0514,1,1236.28,1,1608.77,1,2088.53,0.0
EXP_NEW_PRODUCT,C0463,New Product,2026-08-01,1,treatment,1,0.6377,0.0607,0,0.0,0,0.0,1,1019.5,23.0
EXP_WIN-BACK,C0463,Win-back,2026-08-01,1,treatment,1,0.6377,0.07,0,0.0,0,0.0,0,0.0,31.0
EXP_BIRTHDAY,C0464,Birthday,2026-08-01,1,treatment,1,0.7953,0.0244,0,0.0,1,452.76,1,817.63,20.25
EXP_DISCOUNT,C0464,Discount,2026-08-01,1,treatment,1,0.7953,0.0342,0,0.0,0,0.0,0,0.0,23.25
EXP_FESTIVAL,C0464,Festival,2026-08-01,1,control,0,0.7953,0.0439,1,761.32,1,922.71,1,1773.87,0.0
EXP_LOYALTY,C0464,Loyalty,2026-08-01,1,control,0,0.7953,0.0537,0,0.0,1,709.51,1,1355.86,0.0
EXP_NEW_PRODUCT,C0464,New Product,2026-08-01,1,treatment,1,0.7953,0.0634,0,0.0,0,0.0,0,0.0,23.0
EXP_WIN-BACK,C0464,Win-back,2026-08-01,1,control,0,0.7953,0.0732,1,372.3,1,555.64,1,1170.91,0.0
EXP_BIRTHDAY,C0465,Birthday,2026-08-01,1,control,0,0.4416,0.0216,1,837.46,1,1382.98,1,1677.82,0.0
EXP_DISCOUNT,C0465,Discount,2026-08-01,1,control,0,0.4416,0.0302,0,0.0,1,1196.98,1,1600.86,0.0
EXP_FESTIVAL,C0465,Festival,2026-08-01,1,control,0,0.4416,0.0388,1,168.71,1,322.42,1,655.69,0.0
EXP_LOYALTY,C0465,Loyalty,2026-08-01,1,treatment,1,0.4416,0.0474,0,0.0,0,0.0,1,904.13,16.0
EXP_NEW_PRODUCT,C0465,New Product,2026-08-01,1,control,0,0.4416,0.056,0,0.0,1,1043.04,1,1441.12,0.0
EXP_WIN-BACK,C0465,Win-back,2026-08-01,1,treatment,1,0.4416,0.0647,1,555.39,1,750.67,1,1504.98,31.0
EXP_BIRTHDAY,C0466,Birthday,2026-08-01,1,control,0,0.6105,0.0231,0,0.0,0,0.0,0,0.0,0.0
EXP_DISCOUNT,C0466,Discount,2026-08-01,1,treatment,1,0.6105,0.0324,0,0.0,0,0.0,0,0.0,23.25
EXP_FESTIVAL,C0466,Festival,2026-08-01,1,treatment,1,0.6105,0.0416,0,0.0,0,0.0,0,0.0,29.0
EXP_LOYALTY,C0466,Loyalty,2026-08-01,1,control,0,0.6105,0.0509,0,0.0,0,0.0,1,1125.4,0.0
EXP_NEW_PRODUCT,C0466,New Product,2026-08-01,1,treatment,1,0.6105,0.0601,0,0.0,0,0.0,1,782.87,23.0
EXP_WIN-BACK,C0466,Win-back,2026-08-01,1,control,0,0.6105,0.0694,0,0.0,0,0.0,0,0.0,0.0
EXP_BIRTHDAY,C0467,Birthday,2026-08-01,1,control,0,0.518,0.0223,1,475.57,1,891.89,1,1564.7,0.0
EXP_DISCOUNT,C0467,Discount,2026-08-01,1,control,0,0.518,0.0312,1,1363.52,1,1624.67,1,2231.67,0.0
EXP_FESTIVAL,C0467,Festival,2026-08-01,1,treatment,1,0.518,0.0401,0,0.0,1,1810.16,1,2680.51,29.0
EXP_LOYALTY,C0467,Loyalty,2026-08-01,1,treatment,1,0.518,0.049,1,599.17,1,755.76,1,1535.08,16.0
EXP_NEW_PRODUCT,C0467,New Product,2026-08-01,1,control,0,0.518,0.0579,0,0.0,0,0.0,0,0.0,0.0
EXP_WIN-BACK,C0467,Win-back,2026-08-01,1,control,0,0.518,0.0669,0,0.0,0,0.0,1,1656.36,0.0
EXP_BIRTHDAY,C0468,Birthday,2026-08-01,1,treatment,1,0.4004,0.0212,1,622.82,1,860.94,1,1354.67,20.25
EXP_DISCOUNT,C0468,Discount,2026-08-01,1,control,0,0.4004,0.0296,0,0.0,1,886.99,1,1723.17,0.0
EXP_FESTIVAL,C0468,Festival,2026-08-01,1,treatment,1,0.4004,0.0381,0,0.0,1,969.54,1,1344.7,29.0
EXP_LOYALTY,C0468,Loyalty,2026-08-01,1,treatment,1,0.4004,0.0465,0,0.0,0,0.0,0,0.0,16.0
EXP_NEW_PRODUCT,C0468,New Product,2026-08-01,1,control,0,0.4004,0.055,0,0.0,0,0.0,0,0.0,0.0
EXP_WIN-BACK,C0468,Win-back,2026-08-01,1,control,0,0.4004,0.0635,0,0.0,0,0.0,0,0.0,0.0
EXP_BIRTHDAY,C0469,Birthday,2026-08-01,1,control,0,0.6972,0.0238,0,0.0,0,0.0,0,0.0,0.0
EXP_DISCOUNT,C0469,Discount,2026-08-01,1,control,0,0.6972,0.0333,0,0.0,0,0.0,1,1498.48,0.0
EXP_FESTIVAL,C0469,Festival,2026-08-01,1,control,0,0.6972,0.0428,0,0.0,1,569.53,1,1089.27,0.0
EXP_LOYALTY,C0469,Loyalty,2026-08-01,1,control,0,0.6972,0.0524,0,0.0,0,0.0,0,0.0,0.0
EXP_NEW_PRODUCT,C0469,New Product,2026-08-01,1,control,0,0.6972,0.0619,1,872.02,1,1337.17,1,1807.01,0.0
EXP_WIN-BACK,C0469,Win-back,2026-08-01,1,treatment,1,0.6972,0.0714,0,0.0,0,0.0,1,1487.5,31.0
EXP_BIRTHDAY,C0470,Birthday,2026-08-01,1,control,0,0.5994,0.023,0,0.0,0,0.0,0,0.0,0.0
EXP_DISCOUNT,C0470,Discount,2026-08-01,1,control,0,0.5994,0.0322,0,0.0,0,0.0,1,739.29,0.0
EXP_FESTIVAL,C0470,Festival,2026-08-01,1,control,0,0.5994,0.0414,0,0.0,0,0.0,0,0.0,0.0
EXP_LOYALTY,C0470,Loyalty,2026-08-01,1,treatment,1,0.5994,0.0507,1,680.3,1,903.83,1,1517.96,16.0
EXP_NEW_PRODUCT,C0470,New Product,2026-08-01,1,control,0,0.5994,0.0599,0,0.0,0,0.0,0,0.0,0.0
EXP_WIN-BACK,C0470,Win-back,2026-08-01,1,control,0,0.5994,0.0691,0,0.0,0,0.0,1,1613.47,0.0
EXP_BIRTHDAY,C0471,Birthday,2026-08-01,1,treatment,1,0.4685,0.0218,0,0.0,0,0.0,0,0.0,20.25
EXP_DISCOUNT,C0471,Discount,2026-08-01,1,control,0,0.4685,0.0305,0,0.0,0,0.0,0,0.0,0.0
EXP_FESTIVAL,C0471,Festival,2026-08-01,1,treatment,1,0.4685,0.0393,0,0.0,0,0.0,0,0.0,29.0
EXP_LOYALTY,C0471,Loyalty,2026-08-01,1,control,0,0.4685,0.048,0,0.0,0,0.0,0,0.0,0.0
EXP_NEW_PRODUCT,C0471,New Product,2026-08-01,1,treatment,1,0.4685,0.0567,0,0.0,0,0.0,0,0.0,23.0
EXP_WIN-BACK,C0471,Win-back,2026-08-01,1,control,0,0.4685,0.0654,0,0.0,0,0.0,0,0.0,0.0
EXP_BIRTHDAY,C0472,Birthday,2026-08-01,1,treatment,1,0.371,0.0209,0,0.0,0,0.0,0,0.0,20.25
EXP_DISCOUNT,C0472,Discount,2026-08-01,1,treatment,1,0.371,0.0292,0,0.0,0,0.0,0,0.0,23.25
EXP_FESTIVAL,C0472,Festival,2026-08-01,1,treatment,1,0.371,0.0376,0,0.0,0,0.0,0,0.0,29.0
EXP_LOYALTY,C0472,Loyalty,2026-08-01,1,control,0,0.371,0.0459,1,247.5,1,336.92,1,666.09,0.0
EXP_NEW_PRODUCT,C0472,New Product,2026-08-01,1,treatment,1,0.371,0.0543,0,0.0,1,399.85,1,576.43,23.0
EXP_WIN-BACK,C0472,Win-back,2026-08-01,1,control,0,0.371,0.0626,0,0.0,0,0.0,0,0.0,0.0
EXP_BIRTHDAY,C0473,Birthday,2026-08-01,1,treatment,1,0.5682,0.0228,0,0.0,0,0.0,0,0.0,20.25
EXP_DISCOUNT,C0473,Discount,2026-08-01,1,control,0,0.5682,0.0319,0,0.0,0,0.0,1,2183.89,0.0
EXP_FESTIVAL,C0473,Festival,2026-08-01,1,control,0,0.5682,0.041,0,0.0,0,0.0,1,1064.35,0.0
EXP_LOYALTY,C0473,Loyalty,2026-08-01,1,treatment,1,0.5682,0.0501,0,0.0,0,0.0,0,0.0,16.0
EXP_NEW_PRODUCT,C0473,New Product,2026-08-01,1,control,0,0.5682,0.0592,0,0.0,0,0.0,1,4114.68,0.0
EXP_WIN-BACK,C0473,Win-back,2026-08-01,1,control,0,0.5682,0.0683,0,0.0,0,0.0,1,2017.0,0.0
EXP_BIRTHDAY,C0474,Birthday,2026-08-01,1,treatment,1,0.2669,0.02,0,0.0,1,659.75,1,789.14,20.25
EXP_DISCOUNT,C0474,Discount,2026-08-01,1,control,0,0.2669,0.028,0,0.0,1,531.59,1,821.06,0.0
EXP_FESTIVAL,C0474,Festival,2026-08-01,1,control,0,0.2669,0.036,0,0.0,0,0.0,0,0.0,0.0
EXP_LOYALTY,C0474,Loyalty,2026-08-01,1,treatment,1,0.2669,0.044,0,0.0,0,0.0,0,0.0,16.0
EXP_NEW_PRODUCT,C0474,New Product,2026-08-01,1,control,0,0.2669,0.052,0,0.0,0,0.0,0,0.0,0.0
EXP_WIN-BACK,C0474,Win-back,2026-08-01,1,control,0,0.2669,0.06,0,0.0,0,0.0,0,0.0,0.0
EXP_BIRTHDAY,C0475,Birthday,2026-08-01,1,treatment,1,0.5699,0.0228,0,0.0,0,0.0,1,1503.03,20.25
EXP_DISCOUNT,C0475,Discount,2026-08-01,1,control,0,0.5699,0.0319,0,0.0,0,0.0,1,987.98,0.0
EXP_FESTIVAL,C0475,Festival,2026-08-01,1,treatment,1,0.5699,0.041,1,464.92,1,582.03,1,976.61,29.0
EXP_LOYALTY,C0475,Loyalty,2026-08-01,1,treatment,1,0.5699,0.0501,0,0.0,1,791.59,1,960.24,16.0
EXP_NEW_PRODUCT,C0475,New Product,2026-08-01,1,treatment,1,0.5699,0.0592,0,0.0,1,454.97,1,844.51,23.0
EXP_WIN-BACK,C0475,Win-back,2026-08-01,1,treatment,1,0.5699,0.0683,0,0.0,0,0.0,0,0.0,31.0
EXP_BIRTHDAY,C0476,Birthday,2026-08-01,1,treatment,1,0.4799,0.0219,1,973.83,1,1219.19,1,2453.5,20.25
EXP_DISCOUNT,C0476,Discount,2026-08-01,1,treatment,1,0.4799,0.0307,0,0.0,0,0.0,0,0.0,23.25
EXP_FESTIVAL,C0476,Festival,2026-08-01,1,treatment,1,0.4799,0.0395,0,0.0,1,659.05,1,924.43,29.0
EXP_LOYALTY,C0476,Loyalty,2026-08-01,1,control,0,0.4799,0.0482,0,0.0,1,1260.65,1,1697.37,0.0
EXP_NEW_PRODUCT,C0476,New Product,2026-08-01,1,control,0,0.4799,0.057,0,0.0,0,0.0,0,0.0,0.0
EXP_WIN-BACK,C0476,Win-back,2026-08-01,1,control,0,0.4799,0.0658,0,0.0,0,0.0,0,0.0,0.0
EXP_BIRTHDAY,C0477,Birthday,2026-08-01,1,treatment,1,0.382,0.021,0,0.0,0,0.0,0,0.0,20.25
EXP_DISCOUNT,C0477,Discount,2026-08-01,1,treatment,1,0.382,0.0294,0,0.0,1,368.23,1,718.24,23.25
EXP_FESTIVAL,C0477,Festival,2026-08-01,1,treatment,1,0.382,0.0378,0,0.0,0,0.0,0,0.0,29.0
EXP_LOYALTY,C0477,Loyalty,2026-08-01,1,treatment,1,0.382,0.0462,0,0.0,0,0.0,0,0.0,16.0
EXP_NEW_PRODUCT,C0477,New Product,2026-08-01,1,control,0,0.382,0.0546,0,0.0,0,0.0,0,0.0,0.0
EXP_WIN-BACK,C0477,Win-back,2026-08-01,1,treatment,1,0.382,0.063,0,0.0,0,0.0,0,0.0,31.0
EXP_BIRTHDAY,C0478,Birthday,2026-08-01,1,treatment,1,0.5993,0.023,1,334.12,1,678.12,1,1030.6,20.25
EXP_DISCOUNT,C0478,Discount,2026-08-01,1,treatment,1,0.5993,0.0322,0,0.0,0,0.0,0,0.0,23.25
EXP_FESTIVAL,C0478,Festival,2026-08-01,1,treatment,1,0.5993,0.0414,1,725.68,1,895.56,1,1248.08,29.0
EXP_LOYALTY,C0478,Loyalty,2026-08-01,1,control,0,0.5993,0.0507,0,0.0,0,0.0,0,0.0,0.0
EXP_NEW_PRODUCT,C0478,New Product,2026-08-01,1,treatment,1,0.5993,0.0599,0,0.0,0,0.0,0,0.0,23.0
EXP_WIN-BACK,C0478,Win-back,2026-08-01,1,treatment,1,0.5993,0.0691,1,192.15,1,351.79,1,459.24,31.0
EXP_BIRTHDAY,C0479,Birthday,2026-08-01,1,treatment,1,0.554,0.0226,0,0.0,0,0.0,1,1240.2,20.25
EXP_DISCOUNT,C0479,Discount,2026-08-01,1,control,0,0.554,0.0317,0,0.0,0,0.0,0,0.0,0.0
EXP_FESTIVAL,C0479,Festival,2026-08-01,1,treatment,1,0.554,0.0407,1,730.85,1,1587.87,1,2154.93,29.0
EXP_LOYALTY,C0479,Loyalty,2026-08-01,1,treatment,1,0.554,0.0498,0,0.0,0,0.0,0,0.0,16.0
EXP_NEW_PRODUCT,C0479,New Product,2026-08-01,1,treatment,1,0.554,0.0588,1,338.5,1,665.66,1,1316.24,23.0
EXP_WIN-BACK,C0479,Win-back,2026-08-01,1,treatment,1,0.554,0.0679,0,0.0,0,0.0,0,0.0,31.0
EXP_BIRTHDAY,C0480,Birthday,2026-08-01,1,treatment,1,0.4014,0.0212,0,0.0,0,0.0,1,625.89,20.25
EXP_DISCOUNT,C0480,Discount,2026-08-01,1,treatment,1,0.4014,0.0296,0,0.0,1,952.75,1,1219.82,23.25
EXP_FESTIVAL,C0480,Festival,2026-08-01,1,control,0,0.4014,0.0381,0,0.0,0,0.0,1,749.5,0.0
EXP_LOYALTY,C0480,Loyalty,2026-08-01,1,treatment,1,0.4014,0.0466,0,0.0,0,0.0,0,0.0,16.0
EXP_NEW_PRODUCT,C0480,New Product,2026-08-01,1,control,0,0.4014,0.055,0,0.0,0,0.0,0,0.0,0.0
EXP_WIN-BACK,C0480,Win-back,2026-08-01,1,control,0,0.4014,0.0635,0,0.0,0,0.0,0,0.0,0.0
EXP_BIRTHDAY,C0481,Birthday,2026-08-01,1,treatment,1,0.5523,0.0226,0,0.0,0,0.0,0,0.0,20.25
EXP_DISCOUNT,C0481,Discount,2026-08-01,1,control,0,0.5523,0.0316,0,0.0,0,0.0,0,0.0,0.0
EXP_FESTIVAL,C0481,Festival,2026-08-01,1,treatment,1,0.5523,0.0407,0,0.0,0,0.0,1,1609.77,29.0
EXP_LOYALTY,C0481,Loyalty,2026-08-01,1,treatment,1,0.5523,0.0497,0,0.0,0,0.0,0,0.0,16.0
EXP_NEW_PRODUCT,C0481,New Product,2026-08-01,1,control,0,0.5523,0.0588,1,514.75,1,720.62,1,1450.19,0.0
EXP_WIN-BACK,C0481,Win-back,2026-08-01,1,control,0,0.5523,0.0678,0,0.0,0,0.0,0,0.0,0.0
EXP_BIRTHDAY,C0482,Birthday,2026-08-01,1,control,0,0.5214,0.0223,1,489.83,1,658.21,1,1345.53,0.0
EXP_DISCOUNT,C0482,Discount,2026-08-01,1,treatment,1,0.5214,0.0312,0,0.0,0,0.0,0,0.0,23.25
EXP_FESTIVAL,C0482,Festival,2026-08-01,1,treatment,1,0.5214,0.0402,1,602.86,1,778.12,1,1098.74,29.0
EXP_LOYALTY,C0482,Loyalty,2026-08-01,1,treatment,1,0.5214,0.0491,0,0.0,0,0.0,0,0.0,16.0
EXP_NEW_PRODUCT,C0482,New Product,2026-08-01,1,control,0,0.5214,0.058,1,316.54,1,393.27,1,808.16,0.0
EXP_WIN-BACK,C0482,Win-back,2026-08-01,1,treatment,1,0.5214,0.067,0,0.0,1,476.86,1,992.06,31.0
EXP_BIRTHDAY,C0483,Birthday,2026-08-01,1,treatment,1,0.2805,0.0201,1,239.67,1,333.04,1,451.87,20.25
EXP_DISCOUNT,C0483,Discount,2026-08-01,1,control,0,0.2805,0.0281,0,0.0,1,737.34,1,988.25,0.0
EXP_FESTIVAL,C0483,Festival,2026-08-01,1,control,0,0.2805,0.0362,0,0.0,0,0.0,0,0.0,0.0
EXP_LOYALTY,C0483,Loyalty,2026-08-01,1,control,0,0.2805,0.0442,0,0.0,0,0.0,0,0.0,0.0
EXP_NEW_PRODUCT,C0483,New Product,2026-08-01,1,treatment,1,0.2805,0.0522,0,0.0,0,0.0,0,0.0,23.0
EXP_WIN-BACK,C0483,Win-back,2026-08-01,1,treatment,1,0.2805,0.0603,0,0.0,0,0.0,0,0.0,31.0
EXP_BIRTHDAY,C0484,Birthday,2026-08-01,1,control,0,0.5159,0.0223,0,0.0,0,0.0,0,0.0,0.0
EXP_DISCOUNT,C0484,Discount,2026-08-01,1,treatment,1,0.5159,0.0312,0,0.0,1,779.94,1,1228.24,23.25
EXP_FESTIVAL,C0484,Festival,2026-08-01,1,control,0,0.5159,0.0401,1,339.62,1,626.91,1,1333.28,0.0
EXP_LOYALTY,C0484,Loyalty,2026-08-01,1,treatment,1,0.5159,0.049,1,783.61,1,1173.96,1,1464.95,16.0
EXP_NEW_PRODUCT,C0484,New Product,2026-08-01,1,treatment,1,0.5159,0.0579,1,247.43,1,526.6,1,727.87,23.0
EXP_WIN-BACK,C0484,Win-back,2026-08-01,1,treatment,1,0.5159,0.0668,1,424.53,1,893.73,1,1681.49,31.0
EXP_BIRTHDAY,C0485,Birthday,2026-08-01,1,treatment,1,0.4919,0.022,1,348.77,1,716.61,1,1251.59,20.25
EXP_DISCOUNT,C0485,Discount,2026-08-01,1,control,0,0.4919,0.0309,0,0.0,0,0.0,0,0.0,0.0
EXP_FESTIVAL,C0485,Festival,2026-08-01,1,treatment,1,0.4919,0.0397,0,0.0,0,0.0,0,0.0,29.0
EXP_LOYALTY,C0485,Loyalty,2026-08-01,1,treatment,1,0.4919,0.0485,0,0.0,0,0.0,0,0.0,16.0
EXP_NEW_PRODUCT,C0485,New Product,2026-08-01,1,control,0,0.4919,0.0573,1,807.07,1,1565.85,1,2633.83,0.0
EXP_WIN-BACK,C0485,Win-back,2026-08-01,1,control,0,0.4919,0.0661,0,0.0,0,0.0,1,1364.81,0.0
EXP_BIRTHDAY,C0486,Birthday,2026-08-01,1,control,0,0.5052,0.0222,0,0.0,0,0.0,0,0.0,0.0
EXP_DISCOUNT,C0486,Discount,2026-08-01,1,control,0,0.5052,0.031,0,0.0,0,0.0,0,0.0,0.0
EXP_FESTIVAL,C0486,Festival,2026-08-01,1,control,0,0.5052,0.0399,0,0.0,0,0.0,0,0.0,0.0
EXP_LOYALTY,C0486,Loyalty,2026-08-01,1,control,0,0.5052,0.0488,0,0.0,0,0.0,0,0.0,0.0
EXP_NEW_PRODUCT,C0486,New Product,2026-08-01,1,treatment,1,0.5052,0.0576,0,0.0,0,0.0,0,0.0,23.0
EXP_WIN-BACK,C0486,Win-back,2026-08-01,1,treatment,1,0.5052,0.0665,1,243.01,1,467.03,1,692.56,31.0
EXP_BIRTHDAY,C0487,Birthday,2026-08-01,1,treatment,1,0.537,0.0225,1,545.85,1,994.09,1,1367.42,20.25
EXP_DISCOUNT,C0487,Discount,2026-08-01,1,treatment,1,0.537,0.0315,0,0.0,0,0.0,1,1478.09,23.25
EXP_FESTIVAL,C0487,Festival,2026-08-01,1,treatment,1,0.537,0.0404,0,0.0,0,0.0,0,0.0,29.0
EXP_LOYALTY,C0487,Loyalty,2026-08-01,1,treatment,1,0.537,0.0494,0,0.0,0,0.0,0,0.0,16.0
EXP_NEW_PRODUCT,C0487,New Product,2026-08-01,1,control,0,0.537,0.0584,0,0.0,0,0.0,0,0.0,0.0
EXP_WIN-BACK,C0487,Win-back,2026-08-01,1,control,0,0.537,0.0674,1,656.35,1,1198.15,1,2581.23,0.0
EXP_BIRTHDAY,C0488,Birthday,2026-08-01,1,treatment,1,0.5435,0.0225,1,494.72,1,852.26,1,1631.18,20.25
EXP_DISCOUNT,C0488,Discount,2026-08-01,1,treatment,1,0.5435,0.0315,0,0.0,0,0.0,0,0.0,23.25
EXP_FESTIVAL,C0488,Festival,2026-08-01,1,control,0,0.5435,0.0405,0,0.0,0,0.0,0,0.0,0.0
EXP_LOYALTY,C0488,Loyalty,2026-08-01,1,treatment,1,0.5435,0.0496,0,0.0,1,387.63,1,831.55,16.0
EXP_NEW_PRODUCT,C0488,New Product,2026-08-01,1,treatment,1,0.5435,0.0586,1,481.82,1,908.82,1,1109.55,23.0
EXP_WIN-BACK,C0488,Win-back,2026-08-01,1,treatment,1,0.5435,0.0676,0,0.0,0,0.0,0,0.0,31.0
EXP_BIRTHDAY,C0489,Birthday,2026-08-01,1,treatment,1,0.4762,0.0219,0,0.0,0,0.0,0,0.0,20.25
EXP_DISCOUNT,C0489,Discount,2026-08-01,1,treatment,1,0.4762,0.0306,0,0.0,0,0.0,0,0.0,23.25
EXP_FESTIVAL,C0489,Festival,2026-08-01,1,control,0,0.4762,0.0394,0,0.0,0,0.0,1,1343.28,0.0
EXP_LOYALTY,C0489,Loyalty,2026-08-01,1,treatment,1,0.4762,0.0482,1,146.55,1,307.75,1,647.78,16.0
EXP_NEW_PRODUCT,C0489,New Product,2026-08-01,1,control,0,0.4762,0.0569,0,0.0,1,554.29,1,1051.8,0.0
EXP_WIN-BACK,C0489,Win-back,2026-08-01,1,treatment,1,0.4762,0.0657,1,357.92,1,488.66,1,965.57,31.0
EXP_BIRTHDAY,C0490,Birthday,2026-08-01,1,treatment,1,0.525,0.0224,1,256.13,1,412.33,1,564.04,20.25
EXP_DISCOUNT,C0490,Discount,2026-08-01,1,control,0,0.525,0.0313,0,0.0,0,0.0,0,0.0,0.0
EXP_FESTIVAL,C0490,Festival,2026-08-01,1,control,0,0.525,0.0402,0,0.0,0,0.0,0,0.0,0.0
EXP_LOYALTY,C0490,Loyalty,2026-08-01,1,treatment,1,0.525,0.0492,0,0.0,0,0.0,0,0.0,16.0
EXP_NEW_PRODUCT,C0490,New Product,2026-08-01,1,control,0,0.525,0.0581,0,0.0,0,0.0,0,0.0,0.0
EXP_WIN-BACK,C0490,Win-back,2026-08-01,1,treatment,1,0.525,0.0671,0,0.0,1,506.56,1,845.72,31.0
EXP_BIRTHDAY,C0491,Birthday,2026-08-01,1,control,0,0.4529,0.0217,1,475.05,1,706.76,1,908.6,0.0
EXP_DISCOUNT,C0491,Discount,2026-08-01,1,control,0,0.4529,0.0303,0,0.0,0,0.0,0,0.0,0.0
EXP_FESTIVAL,C0491,Festival,2026-08-01,1,control,0,0.4529,0.039,0,0.0,0,0.0,0,0.0,0.0
EXP_LOYALTY,C0491,Loyalty,2026-08-01,1,control,0,0.4529,0.0477,0,0.0,0,0.0,0,0.0,0.0
EXP_NEW_PRODUCT,C0491,New Product,2026-08-01,1,control,0,0.4529,0.0563,0,0.0,1,658.77,1,905.95,0.0
EXP_WIN-BACK,C0491,Win-back,2026-08-01,1,control,0,0.4529,0.065,1,358.31,1,772.16,1,1535.46,0.0
EXP_BIRTHDAY,C0492,Birthday,2026-08-01,1,control,0,0.5244,0.0223,0,0.0,0,0.0,0,0.0,0.0
EXP_DISCOUNT,C0492,Discount,2026-08-01,1,control,0,0.5244,0.0313,0,0.0,0,0.0,0,0.0,0.0
EXP_FESTIVAL,C0492,Festival,2026-08-01,1,treatment,1,0.5244,0.0402,0,0.0,0,0.0,1,3324.56,29.0
EXP_LOYALTY,C0492,Loyalty,2026-08-01,1,treatment,1,0.5244,0.0492,1,716.7,1,936.42,1,2034.55,16.0
EXP_NEW_PRODUCT,C0492,New Product,2026-08-01,1,treatment,1,0.5244,0.0581,0,0.0,0,0.0,0,0.0,23.0
EXP_WIN-BACK,C0492,Win-back,2026-08-01,1,control,0,0.5244,0.067,0,0.0,0,0.0,0,0.0,0.0
EXP_BIRTHDAY,C0493,Birthday,2026-08-01,1,control,0,0.5471,0.0226,1,210.56,1,446.76,1,828.59,0.0
EXP_DISCOUNT,C0493,Discount,2026-08-01,1,control,0,0.5471,0.0316,0,0.0,1,822.36,1,1453.19,0.0
EXP_FESTIVAL,C0493,Festival,2026-08-01,1,control,0,0.5471,0.0406,0,0.0,0,0.0,0,0.0,0.0
EXP_LOYALTY,C0493,Loyalty,2026-08-01,1,treatment,1,0.5471,0.0496,0,0.0,0,0.0,1,1596.85,16.0
EXP_NEW_PRODUCT,C0493,New Product,2026-08-01,1,treatment,1,0.5471,0.0587,1,506.89,1,991.67,1,2156.9,23.0
EXP_WIN-BACK,C0493,Win-back,2026-08-01,1,control,0,0.5471,0.0677,0,0.0,0,0.0,0,0.0,0.0
EXP_BIRTHDAY,C0494,Birthday,2026-08-01,1,control,0,0.5965,0.023,0,0.0,0,0.0,0,0.0,0.0
EXP_DISCOUNT,C0494,Discount,2026-08-01,1,control,0,0.5965,0.0322,0,0.0,1,1159.06,1,1393.29,0.0
EXP_FESTIVAL,C0494,Festival,2026-08-01,1,control,0,0.5965,0.0414,0,0.0,1,912.27,1,1977.73,0.0
EXP_LOYALTY,C0494,Loyalty,2026-08-01,1,treatment,1,0.5965,0.0506,0,0.0,0,0.0,0,0.0,16.0
EXP_NEW_PRODUCT,C0494,New Product,2026-08-01,1,treatment,1,0.5965,0.0598,0,0.0,0,0.0,1,1368.33,23.0
EXP_WIN-BACK,C0494,Win-back,2026-08-01,1,control,0,0.5965,0.069,0,0.0,0,0.0,1,1720.47,0.0
EXP_BIRTHDAY,C0495,Birthday,2026-08-01,1,treatment,1,0.274,0.02,0,0.0,0,0.0,0,0.0,20.25
EXP_DISCOUNT,C0495,Discount,2026-08-01,1,treatment,1,0.274,0.0281,0,0.0,0,0.0,0,0.0,23.25
EXP_FESTIVAL,C0495,Festival,2026-08-01,1,treatment,1,0.274,0.0361,0,0.0,0,0.0,1,561.4,29.0
EXP_LOYALTY,C0495,Loyalty,2026-08-01,1,treatment,1,0.274,0.0441,0,0.0,0,0.0,0,0.0,16.0
EXP_NEW_PRODUCT,C0495,New Product,2026-08-01,1,control,0,0.274,0.0521,0,0.0,0,0.0,0,0.0,0.0
EXP_WIN-BACK,C0495,Win-back,2026-08-01,1,treatment,1,0.274,0.0601,0,0.0,0,0.0,0,0.0,31.0
EXP_BIRTHDAY,C0496,Birthday,2026-08-01,1,treatment,1,0.4396,0.0215,0,0.0,1,419.85,1,547.57,20.25
EXP_DISCOUNT,C0496,Discount,2026-08-01,1,treatment,1,0.4396,0.0301,0,0.0,0,0.0,0,0.0,23.25
EXP_FESTIVAL,C0496,Festival,2026-08-01,1,control,0,0.4396,0.0388,0,0.0,0,0.0,0,0.0,0.0
EXP_LOYALTY,C0496,Loyalty,2026-08-01,1,control,0,0.4396,0.0474,1,75.71,1,138.48,1,281.33,0.0
EXP_NEW_PRODUCT,C0496,New Product,2026-08-01,1,treatment,1,0.4396,0.056,0,0.0,0,0.0,1,446.7,23.0
EXP_WIN-BACK,C0496,Win-back,2026-08-01,1,treatment,1,0.4396,0.0646,0,0.0,1,593.84,1,866.03,31.0
EXP_BIRTHDAY,C0497,Birthday,2026-08-01,1,treatment,1,0.5359,0.0225,0,0.0,1,352.37,1,517.75,20.25
EXP_DISCOUNT,C0497,Discount,2026-08-01,1,treatment,1,0.5359,0.0314,0,0.0,0,0.0,0,0.0,23.25
EXP_FESTIVAL,C0497,Festival,2026-08-01,1,treatment,1,0.5359,0.0404,0,0.0,0,0.0,1,396.35,29.0
EXP_LOYALTY,C0497,Loyalty,2026-08-01,1,control,0,0.5359,0.0494,0,0.0,0,0.0,0,0.0,0.0
EXP_NEW_PRODUCT,C0497,New Product,2026-08-01,1,treatment,1,0.5359,0.0584,1,264.64,1,356.02,1,562.97,23.0
EXP_WIN-BACK,C0497,Win-back,2026-08-01,1,treatment,1,0.5359,0.0674,0,0.0,0,0.0,1,459.37,31.0
EXP_BIRTHDAY,C0498,Birthday,2026-08-01,1,control,0,0.5596,0.0227,0,0.0,0,0.0,0,0.0,0.0
EXP_DISCOUNT,C0498,Discount,2026-08-01,1,treatment,1,0.5596,0.0317,1,677.79,1,1046.07,1,1556.38,23.25
EXP_FESTIVAL,C0498,Festival,2026-08-01,1,control,0,0.5596,0.0408,1,259.27,1,340.9,1,406.37,0.0
EXP_LOYALTY,C0498,Loyalty,2026-08-01,1,treatment,1,0.5596,0.0499,1,616.85,1,761.15,1,1397.42,16.0
EXP_NEW_PRODUCT,C0498,New Product,2026-08-01,1,control,0,0.5596,0.0589,1,619.57,1,842.34,1,1315.3,0.0
EXP_WIN-BACK,C0498,Win-back,2026-08-01,1,treatment,1,0.5596,0.068,0,0.0,0,0.0,0,0.0,31.0
EXP_BIRTHDAY,C0499,Birthday,2026-08-01,1,treatment,1,0.4597,0.0217,0,0.0,1,1089.88,1,1545.13,20.25
EXP_DISCOUNT,C0499,Discount,2026-08-01,1,treatment,1,0.4597,0.0304,1,173.69,1,320.25,1,485.9,23.25
EXP_FESTIVAL,C0499,Festival,2026-08-01,1,control,0,0.4597,0.0391,0,0.0,0,0.0,0,0.0,0.0
EXP_LOYALTY,C0499,Loyalty,2026-08-01,1,treatment,1,0.4597,0.0478,1,330.39,1,432.02,1,791.7,16.0
EXP_NEW_PRODUCT,C0499,New Product,2026-08-01,1,treatment,1,0.4597,0.0565,0,0.0,0,0.0,1,716.09,23.0
EXP_WIN-BACK,C0499,Win-back,2026-08-01,1,treatment,1,0.4597,0.0652,0,0.0,0,0.0,0,0.0,31.0
EXP_BIRTHDAY,C0500,Birthday,2026-08-01,1,treatment,1,0.4262,0.0214,0,0.0,0,0.0,0,0.0,20.25
EXP_DISCOUNT,C0500,Discount,2026-08-01,1,control,0,0.4262,0.03,0,0.0,0,0.0,0,0.0,0.0
EXP_FESTIVAL,C0500,Festival,2026-08-01,1,treatment,1,0.4262,0.0385,0,0.0,0,0.0,1,822.75,29.0
EXP_LOYALTY,C0500,Loyalty,2026-08-01,1,control,0,0.4262,0.0471,0,0.0,0,0.0,0,0.0,0.0
EXP_NEW_PRODUCT,C0500,New Product,2026-08-01,1,control,0,0.4262,0.0557,0,0.0,0,0.0,0,0.0,0.0
EXP_WIN-BACK,C0500,Win-back,2026-08-01,1,treatment,1,0.4262,0.0642,0,0.0,0,0.0,1,1555.82,31.0
EXP_BIRTHDAY,C0501,Birthday,2026-08-01,1,control,0,0.6886,0.0237,1,780.53,1,1180.91,1,1908.47,0.0
EXP_DISCOUNT,C0501,Discount,2026-08-01,1,control,0,0.6886,0.0332,1,440.39,1,618.52,1,1059.39,0.0
EXP_FESTIVAL,C0501,Festival,2026-08-01,1,treatment,1,0.6886,0.0427,0,0.0,0,0.0,0,0.0,29.0
EXP_LOYALTY,C0501,Loyalty,2026-08-01,1,control,0,0.6886,0.0522,1,834.52,1,1171.81,1,1586.78,0.0
EXP_NEW_PRODUCT,C0501,New Product,2026-08-01,1,control,0,0.6886,0.0617,0,0.0,0,0.0,0,0.0,0.0
EXP_WIN-BACK,C0501,Win-back,2026-08-01,1,treatment,1,0.6886,0.0712,0,0.0,0,0.0,1,1313.91,31.0
EXP_BIRTHDAY,C0502,Birthday,2026-08-01,1,control,0,0.3977,0.0211,1,592.84,1,908.13,1,1096.57,0.0
EXP_DISCOUNT,C0502,Discount,2026-08-01,1,treatment,1,0.3977,0.0296,0,0.0,0,0.0,1,1056.16,23.25
EXP_FESTIVAL,C0502,Festival,2026-08-01,1,control,0,0.3977,0.038,0,0.0,0,0.0,0,0.0,0.0
EXP_LOYALTY,C0502,Loyalty,2026-08-01,1,treatment,1,0.3977,0.0465,0,0.0,0,0.0,1,1208.19,16.0
EXP_NEW_PRODUCT,C0502,New Product,2026-08-01,1,control,0,0.3977,0.0549,1,1289.55,1,1735.99,1,2201.93,0.0
EXP_WIN-BACK,C0502,Win-back,2026-08-01,1,control,0,0.3977,0.0634,0,0.0,0,0.0,0,0.0,0.0
EXP_BIRTHDAY,C0503,Birthday,2026-08-01,1,control,0,0.4844,0.022,0,0.0,1,298.47,1,600.19,0.0
EXP_DISCOUNT,C0503,Discount,2026-08-01,1,treatment,1,0.4844,0.0308,0,0.0,0,0.0,0,0.0,23.25
EXP_FESTIVAL,C0503,Festival,2026-08-01,1,treatment,1,0.4844,0.0395,0,0.0,0,0.0,1,393.42,29.0
EXP_LOYALTY,C0503,Loyalty,2026-08-01,1,treatment,1,0.4844,0.0483,0,0.0,0,0.0,1,441.62,16.0
EXP_NEW_PRODUCT,C0503,New Product,2026-08-01,1,control,0,0.4844,0.0571,0,0.0,0,0.0,0,0.0,0.0
EXP_WIN-BACK,C0503,Win-back,2026-08-01,1,control,0,0.4844,0.0659,0,0.0,0,0.0,1,1057.53,0.0
EXP_BIRTHDAY,C0504,Birthday,2026-08-01,1,treatment,1,0.5932,0.023,0,0.0,0,0.0,1,1272.17,20.25
EXP_DISCOUNT,C0504,Discount,2026-08-01,1,treatment,1,0.5932,0.0322,0,0.0,0,0.0,0,0.0,23.25
EXP_FESTIVAL,C0504,Festival,2026-08-01,1,treatment,1,0.5932,0.0414,0,0.0,0,0.0,0,0.0,29.0
EXP_LOYALTY,C0504,Loyalty,2026-08-01,1,treatment,1,0.5932,0.0505,0,0.0,0,0.0,0,0.0,16.0
EXP_NEW_PRODUCT,C0504,New Product,2026-08-01,1,control,0,0.5932,0.0597,0,0.0,0,0.0,0,0.0,0.0
EXP_WIN-BACK,C0504,Win-back,2026-08-01,1,control,0,0.5932,0.0689,0,0.0,0,0.0,1,1562.36,0.0
EXP_BIRTHDAY,C0505,Birthday,2026-08-01,1,control,0,0.3897,0.0211,1,482.91,1,944.9,1,1670.6,0.0
EXP_DISCOUNT,C0505,Discount,2026-08-01,1,treatment,1,0.3897,0.0295,0,0.0,0,0.0,0,0.0,23.25
EXP_FESTIVAL,C0505,Festival,2026-08-01,1,control,0,0.3897,0.0379,0,0.0,0,0.0,1,930.28,0.0
EXP_LOYALTY,C0505,Loyalty,2026-08-01,1,control,0,0.3897,0.0463,0,0.0,0,0.0,0,0.0,0.0
EXP_NEW_PRODUCT,C0505,New Product,2026-08-01,1,treatment,1,0.3897,0.0547,0,0.0,1,932.04,1,1951.05,23.0
EXP_WIN-BACK,C0505,Win-back,2026-08-01,1,treatment,1,0.3897,0.0632,0,0.0,0,0.0,0,0.0,31.0
EXP_BIRTHDAY,C0506,Birthday,2026-08-01,1,treatment,1,0.531,0.0224,0,0.0,0,0.0,0,0.0,20.25
EXP_DISCOUNT,C0506,Discount,2026-08-01,1,control,0,0.531,0.0314,1,572.79,1,976.4,1,1495.88,0.0
EXP_FESTIVAL,C0506,Festival,2026-08-01,1,control,0,0.531,0.0403,1,518.93,1,872.65,1,1483.59,0.0
EXP_LOYALTY,C0506,Loyalty,2026-08-01,1,control,0,0.531,0.0493,0,0.0,0,0.0,1,1192.32,0.0
EXP_NEW_PRODUCT,C0506,New Product,2026-08-01,1,control,0,0.531,0.0583,0,0.0,1,1027.75,1,1956.32,0.0
EXP_WIN-BACK,C0506,Win-back,2026-08-01,1,control,0,0.531,0.0672,0,0.0,0,0.0,0,0.0,0.0
EXP_BIRTHDAY,C0507,Birthday,2026-08-01,1,control,0,0.2993,0.0202,0,0.0,0,0.0,1,994.46,0.0
EXP_DISCOUNT,C0507,Discount,2026-08-01,1,treatment,1,0.2993,0.0283,1,287.92,1,393.83,1,641.66,23.25
EXP_FESTIVAL,C0507,Festival,2026-08-01,1,control,0,0.2993,0.0364,0,0.0,0,0.0,0,0.0,0.0
EXP_LOYALTY,C0507,Loyalty,2026-08-01,1,control,0,0.2993,0.0445,0,0.0,0,0.0,0,0.0,0.0
EXP_NEW_PRODUCT,C0507,New Product,2026-08-01,1,control,0,0.2993,0.0526,0,0.0,0,0.0,1,1388.76,0.0
EXP_WIN-BACK,C0507,Win-back,2026-08-01,1,control,0,0.2993,0.0607,0,0.0,0,0.0,0,0.0,0.0
EXP_BIRTHDAY,C0508,Birthday,2026-08-01,1,treatment,1,0.468,0.0218,0,0.0,0,0.0,0,0.0,20.25
EXP_DISCOUNT,C0508,Discount,2026-08-01,1,control,0,0.468,0.0305,1,230.32,1,397.07,1,519.13,0.0
EXP_FESTIVAL,C0508,Festival,2026-08-01,1,control,0,0.468,0.0393,0,0.0,0,0.0,0,0.0,0.0
EXP_LOYALTY,C0508,Loyalty,2026-08-01,1,control,0,0.468,0.048,0,0.0,1,296.25,1,591.67,0.0
EXP_NEW_PRODUCT,C0508,New Product,2026-08-01,1,treatment,1,0.468,0.0567,0,0.0,0,0.0,0,0.0,23.0
EXP_WIN-BACK,C0508,Win-back,2026-08-01,1,treatment,1,0.468,0.0654,0,0.0,0,0.0,1,936.77,31.0
EXP_BIRTHDAY,C0509,Birthday,2026-08-01,1,control,0,0.6419,0.0234,0,0.0,0,0.0,1,1401.15,0.0
EXP_DISCOUNT,C0509,Discount,2026-08-01,1,control,0,0.6419,0.0327,0,0.0,0,0.0,1,1564.78,0.0
EXP_FESTIVAL,C0509,Festival,2026-08-01,1,treatment,1,0.6419,0.0421,1,686.62,1,850.87,1,1425.02,29.0
EXP_LOYALTY,C0509,Loyalty,2026-08-01,1,treatment,1,0.6419,0.0514,1,879.26,1,1326.48,1,1903.58,16.0
EXP_NEW_PRODUCT,C0509,New Product,2026-08-01,1,control,0,0.6419,0.0608,0,0.0,0,0.0,0,0.0,0.0
EXP_WIN-BACK,C0509,Win-back,2026-08-01,1,control,0,0.6419,0.0701,0,0.0,0,0.0,0,0.0,0.0
EXP_BIRTHDAY,C0510,Birthday,2026-08-01,1,treatment,1,0.7591,0.0242,1,316.91,1,590.51,1,1138.38,20.25
EXP_DISCOUNT,C0510,Discount,2026-08-01,1,treatment,1,0.7591,0.0339,0,0.0,1,1047.9,1,1744.32,23.25
EXP_FESTIVAL,C0510,Festival,2026-08-01,1,control,0,0.7591,0.0436,1,475.85,1,608.16,1,885.68,0.0
EXP_LOYALTY,C0510,Loyalty,2026-08-01,1,control,0,0.7591,0.0532,0,0.0,0,0.0,0,0.0,0.0
EXP_NEW_PRODUCT,C0510,New Product,2026-08-01,1,treatment,1,0.7591,0.0629,0,0.0,1,918.22,1,2019.73,23.0
EXP_WIN-BACK,C0510,Win-back,2026-08-01,1,treatment,1,0.7591,0.0726,0,0.0,0,0.0,1,1372.86,31.0
EXP_BIRTHDAY,C0511,Birthday,2026-08-01,1,treatment,1,0.6625,0.0235,1,636.82,1,1298.35,1,1562.87,20.25
EXP_DISCOUNT,C0511,Discount,2026-08-01,1,treatment,1,0.6625,0.033,1,755.08,1,1083.11,1,1471.82,23.25
EXP_FESTIVAL,C0511,Festival,2026-08-01,1,control,0,0.6625,0.0424,0,0.0,0,0.0,1,2748.55,0.0
EXP_LOYALTY,C0511,Loyalty,2026-08-01,1,control,0,0.6625,0.0518,0,0.0,0,0.0,1,1739.62,0.0
EXP_NEW_PRODUCT,C0511,New Product,2026-08-01,1,control,0,0.6625,0.0612,0,0.0,0,0.0,0,0.0,0.0
EXP_WIN-BACK,C0511,Win-back,2026-08-01,1,treatment,1,0.6625,0.0706,0,0.0,0,0.0,0,0.0,31.0
EXP_BIRTHDAY,C0512,Birthday,2026-08-01,1,control,0,0.4991,0.0221,0,0.0,0,0.0,0,0.0,0.0
EXP_DISCOUNT,C0512,Discount,2026-08-01,1,control,0,0.4991,0.0309,1,458.63,1,622.72,1,831.18,0.0
EXP_FESTIVAL,C0512,Festival,2026-08-01,1,control,0,0.4991,0.0398,0,0.0,0,0.0,0,0.0,0.0
EXP_LOYALTY,C0512,Loyalty,2026-08-01,1,control,0,0.4991,0.0486,0,0.0,0,0.0,1,1057.3,0.0
EXP_NEW_PRODUCT,C0512,New Product,2026-08-01,1,control,0,0.4991,0.0575,0,0.0,0,0.0,0,0.0,0.0
EXP_WIN-BACK,C0512,Win-back,2026-08-01,1,treatment,1,0.4991,0.0663,0,0.0,0,0.0,0,0.0,31.0
EXP_BIRTHDAY,C0513,Birthday,2026-08-01,1,control,0,0.5768,0.0228,1,290.44,1,413.38,1,788.91,0.0
EXP_DISCOUNT,C0513,Discount,2026-08-01,1,treatment,1,0.5768,0.032,0,0.0,1,1310.07,1,2088.53,23.25
EXP_FESTIVAL,C0513,Festival,2026-08-01,1,treatment,1,0.5768,0.0411,0,0.0,0,0.0,0,0.0,29.0
EXP_LOYALTY,C0513,Loyalty,2026-08-01,1,control,0,0.5768,0.0502,0,0.0,0,0.0,0,0.0,0.0
EXP_NEW_PRODUCT,C0513,New Product,2026-08-01,1,control,0,0.5768,0.0594,0,0.0,1,1149.94,1,2206.36,0.0
EXP_WIN-BACK,C0513,Win-back,2026-08-01,1,control,0,0.5768,0.0685,1,259.08,1,455.86,1,617.5,0.0
EXP_BIRTHDAY,C0514,Birthday,2026-08-01,1,control,0,0.5304,0.0224,0,0.0,1,958.45,1,1656.68,0.0
EXP_DISCOUNT,C0514,Discount,2026-08-01,1,treatment,1,0.5304,0.0314,1,740.93,1,921.07,1,1674.37,23.25
EXP_FESTIVAL,C0514,Festival,2026-08-01,1,control,0,0.5304,0.0403,0,0.0,1,962.42,1,1687.67,0.0
EXP_LOYALTY,C0514,Loyalty,2026-08-01,1,treatment,1,0.5304,0.0493,0,0.0,0,0.0,1,1050.54,16.0
EXP_NEW_PRODUCT,C0514,New Product,2026-08-01,1,treatment,1,0.5304,0.0582,0,0.0,0,0.0,0,0.0,23.0
EXP_WIN-BACK,C0514,Win-back,2026-08-01,1,treatment,1,0.5304,0.0672,0,0.0,1,718.49,1,923.84,31.0
EXP_BIRTHDAY,C0515,Birthday,2026-08-01,1,control,0,0.5334,0.0224,1,357.28,1,687.2,1,811.92,0.0
EXP_DISCOUNT,C0515,Discount,2026-08-01,1,treatment,1,0.5334,0.0314,0,0.0,0,0.0,1,528.46,23.25
EXP_FESTIVAL,C0515,Festival,2026-08-01,1,control,0,0.5334,0.0404,0,0.0,1,442.89,1,939.12,0.0
EXP_LOYALTY,C0515,Loyalty,2026-08-01,1,control,0,0.5334,0.0493,0,0.0,0,0.0,0,0.0,0.0
EXP_NEW_PRODUCT,C0515,New Product,2026-08-01,1,control,0,0.5334,0.0583,1,524.41,1,1143.68,1,1974.88,0.0
EXP_WIN-BACK,C0515,Win-back,2026-08-01,1,control,0,0.5334,0.0673,0,0.0,0,0.0,0,0.0,0.0
EXP_BIRTHDAY,C0516,Birthday,2026-08-01,1,control,0,0.2942,0.0202,0,0.0,0,0.0,0,0.0,0.0
EXP_DISCOUNT,C0516,Discount,2026-08-01,1,treatment,1,0.2942,0.0283,0,0.0,0,0.0,0,0.0,23.25
EXP_FESTIVAL,C0516,Festival,2026-08-01,1,treatment,1,0.2942,0.0364,0,0.0,0,0.0,0,0.0,29.0
EXP_LOYALTY,C0516,Loyalty,2026-08-01,1,control,0,0.2942,0.0445,1,558.18,1,842.23,1,1291.34,0.0
EXP_NEW_PRODUCT,C0516,New Product,2026-08-01,1,control,0,0.2942,0.0525,0,0.0,0,0.0,0,0.0,0.0
EXP_WIN-BACK,C0516,Win-back,2026-08-01,1,treatment,1,0.2942,0.0606,0,0.0,0,0.0,0,0.0,31.0
EXP_BIRTHDAY,C0517,Birthday,2026-08-01,1,control,0,0.3784,0.021,1,325.54,1,539.86,1,780.38,0.0
EXP_DISCOUNT,C0517,Discount,2026-08-01,1,control,0,0.3784,0.0293,0,0.0,0,0.0,0,0.0,0.0
EXP_FESTIVAL,C0517,Festival,2026-08-01,1,control,0,0.3784,0.0377,1,439.06,1,652.28,1,796.28,0.0
EXP_LOYALTY,C0517,Loyalty,2026-08-01,1,treatment,1,0.3784,0.0461,0,0.0,0,0.0,0,0.0,16.0
EXP_NEW_PRODUCT,C0517,New Product,2026-08-01,1,treatment,1,0.3784,0.0545,0,0.0,0,0.0,0,0.0,23.0
EXP_WIN-BACK,C0517,Win-back,2026-08-01,1,treatment,1,0.3784,0.0629,0,0.0,0,0.0,0,0.0,31.0
EXP_BIRTHDAY,C0518,Birthday,2026-08-01,1,control,0,0.5672,0.0227,0,0.0,0,0.0,0,0.0,0.0
EXP_DISCOUNT,C0518,Discount,2026-08-01,1,treatment,1,0.5672,0.0318,1,215.76,1,304.06,1,627.67,23.25
EXP_FESTIVAL,C0518,Festival,2026-08-01,1,control,0,0.5672,0.0409,1,675.98,1,797.17,1,1185.13,0.0
EXP_LOYALTY,C0518,Loyalty,2026-08-01,1,treatment,1,0.5672,0.05,0,0.0,0,0.0,0,0.0,16.0
EXP_NEW_PRODUCT,C0518,New Product,2026-08-01,1,treatment,1,0.5672,0.0591,0,0.0,0,0.0,1,838.75,23.0
EXP_WIN-BACK,C0518,Win-back,2026-08-01,1,control,0,0.5672,0.0682,0,0.0,0,0.0,0,0.0,0.0
EXP_BIRTHDAY,C0519,Birthday,2026-08-01,1,control,0,0.5665,0.0227,0,0.0,0,0.0,0,0.0,0.0
EXP_DISCOUNT,C0519,Discount,2026-08-01,1,treatment,1,0.5665,0.0318,0,0.0,0,0.0,1,3402.42,23.25
EXP_FESTIVAL,C0519,Festival,2026-08-01,1,treatment,1,0.5665,0.0409,0,0.0,1,519.31,1,1046.38,29.0
EXP_LOYALTY,C0519,Loyalty,2026-08-01,1,control,0,0.5665,0.05,0,0.0,0,0.0,0,0.0,0.0
EXP_NEW_PRODUCT,C0519,New Product,2026-08-01,1,treatment,1,0.5665,0.0591,1,279.11,1,394.18,1,568.36,23.0
EXP_WIN-BACK,C0519,Win-back,2026-08-01,1,control,0,0.5665,0.0682,1,492.66,1,792.35,1,1254.0,0.0
EXP_BIRTHDAY,C0520,Birthday,2026-08-01,1,control,0,0.256,0.0199,0,0.0,1,809.48,1,1097.28,0.0
EXP_DISCOUNT,C0520,Discount,2026-08-01,1,treatment,1,0.256,0.0279,0,0.0,0,0.0,0,0.0,23.25
EXP_FESTIVAL,C0520,Festival,2026-08-01,1,treatment,1,0.256,0.0358,0,0.0,0,0.0,0,0.0,29.0
EXP_LOYALTY,C0520,Loyalty,2026-08-01,1,treatment,1,0.256,0.0438,0,0.0,0,0.0,0,0.0,16.0
EXP_NEW_PRODUCT,C0520,New Product,2026-08-01,1,control,0,0.256,0.0517,0,0.0,0,0.0,0,0.0,0.0
EXP_WIN-BACK,C0520,Win-back,2026-08-01,1,treatment,1,0.256,0.0597,0,0.0,0,0.0,0,0.0,31.0
EXP_BIRTHDAY,C0521,Birthday,2026-08-01,1,treatment,1,0.5827,0.0229,0,0.0,0,0.0,0,0.0,20.25
EXP_DISCOUNT,C0521,Discount,2026-08-01,1,control,0,0.5827,0.032,1,374.03,1,568.54,1,712.38,0.0
EXP_FESTIVAL,C0521,Festival,2026-08-01,1,treatment,1,0.5827,0.0412,0,0.0,0,0.0,0,0.0,29.0
EXP_LOYALTY,C0521,Loyalty,2026-08-01,1,control,0,0.5827,0.0503,0,0.0,0,0.0,0,0.0,0.0
EXP_NEW_PRODUCT,C0521,New Product,2026-08-01,1,treatment,1,0.5827,0.0595,0,0.0,1,491.26,1,1039.37,23.0
EXP_WIN-BACK,C0521,Win-back,2026-08-01,1,treatment,1,0.5827,0.0686,0,0.0,0,0.0,0,0.0,31.0
EXP_BIRTHDAY,C0522,Birthday,2026-08-01,1,treatment,1,0.3792,0.021,0,0.0,0,0.0,0,0.0,20.25
EXP_DISCOUNT,C0522,Discount,2026-08-01,1,treatment,1,0.3792,0.0293,0,0.0,0,0.0,0,0.0,23.25
EXP_FESTIVAL,C0522,Festival,2026-08-01,1,control,0,0.3792,0.0377,0,0.0,0,0.0,0,0.0,0.0
EXP_LOYALTY,C0522,Loyalty,2026-08-01,1,control,0,0.3792,0.0461,0,0.0,0,0.0,1,414.73,0.0
EXP_NEW_PRODUCT,C0522,New Product,2026-08-01,1,control,0,0.3792,0.0545,0,0.0,1,189.33,1,395.96,0.0
EXP_WIN-BACK,C0522,Win-back,2026-08-01,1,treatment,1,0.3792,0.0629,0,0.0,0,0.0,0,0.0,31.0
EXP_BIRTHDAY,C0523,Birthday,2026-08-01,1,control,0,0.5129,0.0222,0,0.0,0,0.0,1,2231.25,0.0
EXP_DISCOUNT,C0523,Discount,2026-08-01,1,treatment,1,0.5129,0.0311,0,0.0,0,0.0,0,0.0,23.25
EXP_FESTIVAL,C0523,Festival,2026-08-01,1,control,0,0.5129,0.04,0,0.0,0,0.0,1,690.18,0.0
EXP_LOYALTY,C0523,Loyalty,2026-08-01,1,treatment,1,0.5129,0.0489,0,0.0,0,0.0,1,905.55,16.0
EXP_NEW_PRODUCT,C0523,New Product,2026-08-01,1,control,0,0.5129,0.0578,1,283.05,1,570.25,1,1120.38,0.0
EXP_WIN-BACK,C0523,Win-back,2026-08-01,1,control,0,0.5129,0.0667,1,233.88,1,460.08,1,837.1,0.0
EXP_BIRTHDAY,C0524,Birthday,2026-08-01,1,treatment,1,0.7293,0.024,0,0.0,0,0.0,1,1114.41,20.25
EXP_DISCOUNT,C0524,Discount,2026-08-01,1,control,0,0.7293,0.0336,0,0.0,0,0.0,1,1783.9,0.0
EXP_FESTIVAL,C0524,Festival,2026-08-01,1,treatment,1,0.7293,0.0432,1,508.53,1,1077.06,1,1401.25,29.0
EXP_LOYALTY,C0524,Loyalty,2026-08-01,1,control,0,0.7293,0.0528,0,0.0,0,0.0,0,0.0,0.0
EXP_NEW_PRODUCT,C0524,New Product,2026-08-01,1,treatment,1,0.7293,0.0624,0,0.0,1,523.96,1,721.2,23.0
EXP_WIN-BACK,C0524,Win-back,2026-08-01,1,control,0,0.7293,0.0721,0,0.0,0,0.0,1,2007.59,0.0
EXP_BIRTHDAY,C0525,Birthday,2026-08-01,1,treatment,1,0.5372,0.0225,0,0.0,0,0.0,1,2803.95,20.25
EXP_DISCOUNT,C0525,Discount,2026-08-01,1,control,0,0.5372,0.0315,0,0.0,0,0.0,0,0.0,0.0
EXP_FESTIVAL,C0525,Festival,2026-08-01,1,treatment,1,0.5372,0.0404,0,0.0,0,0.0,1,1285.43,29.0
EXP_LOYALTY,C0525,Loyalty,2026-08-01,1,treatment,1,0.5372,0.0494,0,0.0,0,0.0,0,0.0,16.0
EXP_NEW_PRODUCT,C0525,New Product,2026-08-01,1,control,0,0.5372,0.0584,0,0.0,0,0.0,0,0.0,0.0
EXP_WIN-BACK,C0525,Win-back,2026-08-01,1,treatment,1,0.5372,0.0674,0,0.0,0,0.0,1,2518.73,31.0
EXP_BIRTHDAY,C0526,Birthday,2026-08-01,1,control,0,0.5367,0.0225,0,0.0,0,0.0,0,0.0,0.0
EXP_DISCOUNT,C0526,Discount,2026-08-01,1,control,0,0.5367,0.0314,1,367.1,1,798.28,1,1058.57,0.0
EXP_FESTIVAL,C0526,Festival,2026-08-01,1,treatment,1,0.5367,0.0404,0,0.0,0,0.0,0,0.0,29.0
EXP_LOYALTY,C0526,Loyalty,2026-08-01,1,control,0,0.5367,0.0494,1,386.78,1,606.7,1,983.25,0.0
EXP_NEW_PRODUCT,C0526,New Product,2026-08-01,1,treatment,1,0.5367,0.0584,0,0.0,1,568.6,1,1097.73,23.0
EXP_WIN-BACK,C0526,Win-back,2026-08-01,1,treatment,1,0.5367,0.0674,0,0.0,1,462.89,1,916.19,31.0
EXP_BIRTHDAY,C0527,Birthday,2026-08-01,1,control,0,0.3863,0.021,0,0.0,0,0.0,0,0.0,0.0
EXP_DISCOUNT,C0527,Discount,2026-08-01,1,control,0,0.3863,0.0294,0,0.0,0,0.0,0,0.0,0.0
EXP_FESTIVAL,C0527,Festival,2026-08-01,1,control,0,0.3863,0.0378,0,0.0,0,0.0,0,0.0,0.0
EXP_LOYALTY,C0527,Loyalty,2026-08-01,1,treatment,1,0.3863,0.0463,0,0.0,0,0.0,0,0.0,16.0
EXP_NEW_PRODUCT,C0527,New Product,2026-08-01,1,control,0,0.3863,0.0547,0,0.0,1,425.76,1,561.46,0.0
EXP_WIN-BACK,C0527,Win-back,2026-08-01,1,control,0,0.3863,0.0631,0,0.0,0,0.0,1,1758.91,0.0
EXP_BIRTHDAY,C0528,Birthday,2026-08-01,1,control,0,0.4211,0.0214,0,0.0,0,0.0,0,0.0,0.0
EXP_DISCOUNT,C0528,Discount,2026-08-01,1,control,0,0.4211,0.0299,0,0.0,0,0.0,0,0.0,0.0
EXP_FESTIVAL,C0528,Festival,2026-08-01,1,treatment,1,0.4211,0.0384,1,626.95,1,782.3,1,1238.41,29.0
EXP_LOYALTY,C0528,Loyalty,2026-08-01,1,treatment,1,0.4211,0.047,0,0.0,0,0.0,0,0.0,16.0
EXP_NEW_PRODUCT,C0528,New Product,2026-08-01,1,treatment,1,0.4211,0.0555,0,0.0,0,0.0,1,1547.86,23.0
EXP_WIN-BACK,C0528,Win-back,2026-08-01,1,control,0,0.4211,0.0641,0,0.0,0,0.0,0,0.0,0.0
EXP_BIRTHDAY,C0529,Birthday,2026-08-01,1,treatment,1,0.5328,0.0224,0,0.0,1,1710.08,1,2578.31,20.25
EXP_DISCOUNT,C0529,Discount,2026-08-01,1,treatment,1,0.5328,0.0314,0,0.0,0,0.0,0,0.0,23.25
EXP_FESTIVAL,C0529,Festival,2026-08-01,1,treatment,1,0.5328,0.0404,1,233.98,1,448.02,1,735.89,29.0
EXP_LOYALTY,C0529,Loyalty,2026-08-01,1,control,0,0.5328,0.0493,1,449.07,1,636.2,1,1140.98,0.0
EXP_NEW_PRODUCT,C0529,New Product,2026-08-01,1,control,0,0.5328,0.0583,1,256.85,1,391.49,1,803.62,0.0
EXP_WIN-BACK,C0529,Win-back,2026-08-01,1,control,0,0.5328,0.0673,0,0.0,0,0.0,0,0.0,0.0
EXP_BIRTHDAY,C0530,Birthday,2026-08-01,1,treatment,1,0.4804,0.0219,0,0.0,0,0.0,0,0.0,20.25
EXP_DISCOUNT,C0530,Discount,2026-08-01,1,treatment,1,0.4804,0.0307,0,0.0,0,0.0,0,0.0,23.25
EXP_FESTIVAL,C0530,Festival,2026-08-01,1,control,0,0.4804,0.0395,1,323.84,1,595.87,1,727.8,0.0
EXP_LOYALTY,C0530,Loyalty,2026-08-01,1,control,0,0.4804,0.0482,0,0.0,0,0.0,0,0.0,0.0
EXP_NEW_PRODUCT,C0530,New Product,2026-08-01,1,treatment,1,0.4804,0.057,0,0.0,0,0.0,0,0.0,23.0
EXP_WIN-BACK,C0530,Win-back,2026-08-01,1,treatment,1,0.4804,0.0658,0,0.0,1,511.14,1,602.99,31.0
EXP_BIRTHDAY,C0531,Birthday,2026-08-01,1,treatment,1,0.5134,0.0222,1,2704.73,1,3344.33,1,3953.96,20.25
EXP_DISCOUNT,C0531,Discount,2026-08-01,1,control,0,0.5134,0.0311,0,0.0,1,619.41,1,1176.56,0.0
EXP_FESTIVAL,C0531,Festival,2026-08-01,1,treatment,1,0.5134,0.04,1,457.02,1,573.35,1,1192.0,29.0
EXP_LOYALTY,C0531,Loyalty,2026-08-01,1,control,0,0.5134,0.0489,0,0.0,1,979.21,1,1690.62,0.0
EXP_NEW_PRODUCT,C0531,New Product,2026-08-01,1,control,0,0.5134,0.0578,1,564.26,1,751.1,1,1001.02,0.0
EXP_WIN-BACK,C0531,Win-back,2026-08-01,1,treatment,1,0.5134,0.0667,0,0.0,1,499.65,1,832.08,31.0
EXP_BIRTHDAY,C0532,Birthday,2026-08-01,1,treatment,1,0.4967,0.0221,1,1022.19,1,1333.17,1,1854.99,20.25
EXP_DISCOUNT,C0532,Discount,2026-08-01,1,control,0,0.4967,0.0309,0,0.0,0,0.0,1,892.96,0.0
EXP_FESTIVAL,C0532,Festival,2026-08-01,1,treatment,1,0.4967,0.0398,0,0.0,0,0.0,0,0.0,29.0
EXP_LOYALTY,C0532,Loyalty,2026-08-01,1,control,0,0.4967,0.0486,0,0.0,0,0.0,0,0.0,0.0
EXP_NEW_PRODUCT,C0532,New Product,2026-08-01,1,control,0,0.4967,0.0574,0,0.0,0,0.0,0,0.0,0.0
EXP_WIN-BACK,C0532,Win-back,2026-08-01,1,control,0,0.4967,0.0663,0,0.0,0,0.0,0,0.0,0.0
EXP_BIRTHDAY,C0533,Birthday,2026-08-01,1,control,0,0.4953,0.0221,0,0.0,0,0.0,0,0.0,0.0
EXP_DISCOUNT,C0533,Discount,2026-08-01,1,treatment,1,0.4953,0.0309,0,0.0,0,0.0,0,0.0,23.25
EXP_FESTIVAL,C0533,Festival,2026-08-01,1,treatment,1,0.4953,0.0397,1,187.07,1,343.67,1,756.4,29.0
EXP_LOYALTY,C0533,Loyalty,2026-08-01,1,treatment,1,0.4953,0.0486,0,0.0,0,0.0,0,0.0,16.0
EXP_NEW_PRODUCT,C0533,New Product,2026-08-01,1,control,0,0.4953,0.0574,0,0.0,0,0.0,0,0.0,0.0
EXP_WIN-BACK,C0533,Win-back,2026-08-01,1,treatment,1,0.4953,0.0662,0,0.0,1,372.5,1,506.16,31.0
EXP_BIRTHDAY,C0534,Birthday,2026-08-01,1,control,0,0.5625,0.0227,1,366.57,1,465.74,1,756.64,0.0
EXP_DISCOUNT,C0534,Discount,2026-08-01,1,control,0,0.5625,0.0318,1,594.64,1,829.57,1,1610.19,0.0
EXP_FESTIVAL,C0534,Festival,2026-08-01,1,control,0,0.5625,0.0409,0,0.0,0,0.0,0,0.0,0.0
EXP_LOYALTY,C0534,Loyalty,2026-08-01,1,treatment,1,0.5625,0.0499,0,0.0,0,0.0,1,552.84,16.0
EXP_NEW_PRODUCT,C0534,New Product,2026-08-01,1,control,0,0.5625,0.059,0,0.0,0,0.0,0,0.0,0.0
EXP_WIN-BACK,C0534,Win-back,2026-08-01,1,treatment,1,0.5625,0.0681,0,0.0,1,800.8,1,1354.9,31.0
EXP_BIRTHDAY,C0535,Birthday,2026-08-01,1,treatment,1,0.5253,0.0224,0,0.0,0,0.0,1,600.81,20.25
EXP_DISCOUNT,C0535,Discount,2026-08-01,1,treatment,1,0.5253,0.0313,1,92.58,1,172.59,1,321.86,23.25
EXP_FESTIVAL,C0535,Festival,2026-08-01,1,treatment,1,0.5253,0.0402,0,0.0,0,0.0,0,0.0,29.0
EXP_LOYALTY,C0535,Loyalty,2026-08-01,1,control,0,0.5253,0.0492,0,0.0,0,0.0,0,0.0,0.0
EXP_NEW_PRODUCT,C0535,New Product,2026-08-01,1,control,0,0.5253,0.0581,0,0.0,0,0.0,0,0.0,0.0
EXP_WIN-BACK,C0535,Win-back,2026-08-01,1,treatment,1,0.5253,0.0671,0,0.0,0,0.0,0,0.0,31.0
EXP_BIRTHDAY,C0536,Birthday,2026-08-01,1,control,0,0.5438,0.0225,0,0.0,0,0.0,1,1194.49,0.0
EXP_DISCOUNT,C0536,Discount,2026-08-01,1,treatment,1,0.5438,0.0315,0,0.0,1,728.34,1,1317.07,23.25
EXP_FESTIVAL,C0536,Festival,2026-08-01,1,treatment,1,0.5438,0.0406,0,0.0,0,0.0,0,0.0,29.0
EXP_LOYALTY,C0536,Loyalty,2026-08-01,1,control,0,0.5438,0.0496,0,0.0,0,0.0,0,0.0,0.0
EXP_NEW_PRODUCT,C0536,New Product,2026-08-01,1,treatment,1,0.5438,0.0586,1,310.78,1,644.58,1,865.86,23.0
EXP_WIN-BACK,C0536,Win-back,2026-08-01,1,treatment,1,0.5438,0.0676,0,0.0,0,0.0,0,0.0,31.0
EXP_BIRTHDAY,C0537,Birthday,2026-08-01,1,control,0,0.5012,0.0221,0,0.0,0,0.0,1,755.9,0.0
EXP_DISCOUNT,C0537,Discount,2026-08-01,1,control,0,0.5012,0.031,1,485.41,1,742.53,1,1015.92,0.0
EXP_FESTIVAL,C0537,Festival,2026-08-01,1,control,0,0.5012,0.0398,0,0.0,0,0.0,0,0.0,0.0
EXP_LOYALTY,C0537,Loyalty,2026-08-01,1,treatment,1,0.5012,0.0487,1,441.29,1,534.6,1,797.22,16.0
EXP_NEW_PRODUCT,C0537,New Product,2026-08-01,1,treatment,1,0.5012,0.0575,0,0.0,0,0.0,0,0.0,23.0
EXP_WIN-BACK,C0537,Win-back,2026-08-01,1,treatment,1,0.5012,0.0664,0,0.0,0,0.0,0,0.0,31.0
EXP_BIRTHDAY,C0538,Birthday,2026-08-01,1,treatment,1,0.5963,0.023,0,0.0,0,0.0,0,0.0,20.25
EXP_DISCOUNT,C0538,Discount,2026-08-01,1,treatment,1,0.5963,0.0322,0,0.0,1,513.7,1,895.64,23.25
EXP_FESTIVAL,C0538,Festival,2026-08-01,1,control,0,0.5963,0.0414,0,0.0,0,0.0,1,932.76,0.0
EXP_LOYALTY,C0538,Loyalty,2026-08-01,1,treatment,1,0.5963,0.0506,1,723.1,1,960.07,1,1542.15,16.0
EXP_NEW_PRODUCT,C0538,New Product,2026-08-01,1,control,0,0.5963,0.0598,1,444.2,1,739.44,1,1114.19,0.0
EXP_WIN-BACK,C0538,Win-back,2026-08-01,1,control,0,0.5963,0.069,0,0.0,1,659.84,1,1156.05,0.0
EXP_BIRTHDAY,C0539,Birthday,2026-08-01,1,control,0,0.296,0.0202,1,872.83,1,1056.63,1,1411.75,0.0
EXP_DISCOUNT,C0539,Discount,2026-08-01,1,treatment,1,0.296,0.0283,0,0.0,1,886.73,1,1395.23,23.25
EXP_FESTIVAL,C0539,Festival,2026-08-01,1,control,0,0.296,0.0364,0,0.0,0,0.0,0,0.0,0.0
EXP_LOYALTY,C0539,Loyalty,2026-08-01,1,control,0,0.296,0.0445,0,0.0,1,468.74,1,556.88,0.0
EXP_NEW_PRODUCT,C0539,New Product,2026-08-01,1,treatment,1,0.296,0.0526,0,0.0,0,0.0,0,0.0,23.0
EXP_WIN-BACK,C0539,Win-back,2026-08-01,1,treatment,1,0.296,0.0607,0,0.0,0,0.0,1,815.47,31.0
EXP_BIRTHDAY,C0540,Birthday,2026-08-01,1,treatment,1,0.3423,0.0206,0,0.0,0,0.0,1,612.05,20.25
EXP_DISCOUNT,C0540,Discount,2026-08-01,1,control,0,0.3423,0.0289,0,0.0,0,0.0,0,0.0,0.0
EXP_FESTIVAL,C0540,Festival,2026-08-01,1,control,0,0.3423,0.0371,0,0.0,0,0.0,0,0.0,0.0
EXP_LOYALTY,C0540,Loyalty,2026-08-01,1,control,0,0.3423,0.0454,0,0.0,0,0.0,0,0.0,0.0
EXP_NEW_PRODUCT,C0540,New Product,2026-08-01,1,control,0,0.3423,0.0536,0,0.0,0,0.0,0,0.0,0.0
EXP_WIN-BACK,C0540,Win-back,2026-08-01,1,control,0,0.3423,0.0619,0,0.0,0,0.0,0,0.0,0.0
EXP_BIRTHDAY,C0541,Birthday,2026-08-01,1,control,0,0.3499,0.0207,0,0.0,0,0.0,0,0.0,0.0
EXP_DISCOUNT,C0541,Discount,2026-08-01,1,control,0,0.3499,0.029,1,445.97,1,549.2,1,781.88,0.0
EXP_FESTIVAL,C0541,Festival,2026-08-01,1,treatment,1,0.3499,0.0372,0,0.0,0,0.0,0,0.0,29.0
EXP_LOYALTY,C0541,Loyalty,2026-08-01,1,control,0,0.3499,0.0455,1,409.61,1,533.53,1,1039.24,0.0
EXP_NEW_PRODUCT,C0541,New Product,2026-08-01,1,control,0,0.3499,0.0538,0,0.0,0,0.0,0,0.0,0.0
EXP_WIN-BACK,C0541,Win-back,2026-08-01,1,treatment,1,0.3499,0.0621,0,0.0,0,0.0,0,0.0,31.0
EXP_BIRTHDAY,C0542,Birthday,2026-08-01,1,control,0,0.3998,0.0212,0,0.0,0,0.0,0,0.0,0.0
EXP_DISCOUNT,C0542,Discount,2026-08-01,1,control,0,0.3998,0.0296,0,0.0,0,0.0,0,0.0,0.0
EXP_FESTIVAL,C0542,Festival,2026-08-01,1,control,0,0.3998,0.0381,0,0.0,0,0.0,0,0.0,0.0
EXP_LOYALTY,C0542,Loyalty,2026-08-01,1,control,0,0.3998,0.0465,1,867.59,1,1170.07,1,2003.86,0.0
EXP_NEW_PRODUCT,C0542,New Product,2026-08-01,1,control,0,0.3998,0.055,0,0.0,0,0.0,0,0.0,0.0
EXP_WIN-BACK,C0542,Win-back,2026-08-01,1,treatment,1,0.3998,0.0635,0,0.0,0,0.0,0,0.0,31.0
EXP_BIRTHDAY,C0543,Birthday,2026-08-01,1,treatment,1,0.5241,0.0223,0,0.0,0,0.0,0,0.0,20.25
EXP_DISCOUNT,C0543,Discount,2026-08-01,1,control,0,0.5241,0.0313,0,0.0,0,0.0,1,435.68,0.0
EXP_FESTIVAL,C0543,Festival,2026-08-01,1,treatment,1,0.5241,0.0402,0,0.0,1,484.37,1,919.25,29.0
EXP_LOYALTY,C0543,Loyalty,2026-08-01,1,treatment,1,0.5241,0.0492,0,0.0,1,575.59,1,1033.22,16.0
EXP_NEW_PRODUCT,C0543,New Product,2026-08-01,1,treatment,1,0.5241,0.0581,0,0.0,0,0.0,1,1079.84,23.0
EXP_WIN-BACK,C0543,Win-back,2026-08-01,1,control,0,0.5241,0.067,0,0.0,0,0.0,1,508.63,0.0
EXP_BIRTHDAY,C0544,Birthday,2026-08-01,1,treatment,1,0.5655,0.0227,0,0.0,1,632.27,1,1129.87,20.25
EXP_DISCOUNT,C0544,Discount,2026-08-01,1,control,0,0.5655,0.0318,0,0.0,1,800.88,1,1642.58,0.0
EXP_FESTIVAL,C0544,Festival,2026-08-01,1,control,0,0.5655,0.0409,0,0.0,0,0.0,1,1729.61,0.0
EXP_LOYALTY,C0544,Loyalty,2026-08-01,1,treatment,1,0.5655,0.05,1,355.76,1,625.71,1,836.67,16.0
EXP_NEW_PRODUCT,C0544,New Product,2026-08-01,1,treatment,1,0.5655,0.0591,0,0.0,0,0.0,0,0.0,23.0
EXP_WIN-BACK,C0544,Win-back,2026-08-01,1,treatment,1,0.5655,0.0682,0,0.0,1,1018.95,1,1318.64,31.0
EXP_BIRTHDAY,C0545,Birthday,2026-08-01,1,control,0,0.4398,0.0215,0,0.0,0,0.0,0,0.0,0.0
EXP_DISCOUNT,C0545,Discount,2026-08-01,1,control,0,0.4398,0.0301,0,0.0,0,0.0,0,0.0,0.0
EXP_FESTIVAL,C0545,Festival,2026-08-01,1,control,0,0.4398,0.0388,0,0.0,0,0.0,0,0.0,0.0
EXP_LOYALTY,C0545,Loyalty,2026-08-01,1,control,0,0.4398,0.0474,0,0.0,0,0.0,0,0.0,0.0
EXP_NEW_PRODUCT,C0545,New Product,2026-08-01,1,treatment,1,0.4398,0.056,0,0.0,0,0.0,0,0.0,23.0
EXP_WIN-BACK,C0545,Win-back,2026-08-01,1,treatment,1,0.4398,0.0646,1,505.31,1,931.61,1,1302.45,31.0
EXP_BIRTHDAY,C0546,Birthday,2026-08-01,1,control,0,0.3904,0.0211,0,0.0,0,0.0,0,0.0,0.0
EXP_DISCOUNT,C0546,Discount,2026-08-01,1,treatment,1,0.3904,0.0295,0,0.0,0,0.0,1,745.2,23.25
EXP_FESTIVAL,C0546,Festival,2026-08-01,1,treatment,1,0.3904,0.0379,1,242.96,1,497.29,1,592.54,29.0
EXP_LOYALTY,C0546,Loyalty,2026-08-01,1,treatment,1,0.3904,0.0463,0,0.0,0,0.0,0,0.0,16.0
EXP_NEW_PRODUCT,C0546,New Product,2026-08-01,1,control,0,0.3904,0.0548,0,0.0,0,0.0,0,0.0,0.0
EXP_WIN-BACK,C0546,Win-back,2026-08-01,1,control,0,0.3904,0.0632,0,0.0,0,0.0,0,0.0,0.0
EXP_BIRTHDAY,C0547,Birthday,2026-08-01,1,treatment,1,0.5786,0.0228,0,0.0,0,0.0,1,2175.45,20.25
EXP_DISCOUNT,C0547,Discount,2026-08-01,1,treatment,1,0.5786,0.032,0,0.0,0,0.0,0,0.0,23.25
EXP_FESTIVAL,C0547,Festival,2026-08-01,1,treatment,1,0.5786,0.0411,0,0.0,0,0.0,0,0.0,29.0
EXP_LOYALTY,C0547,Loyalty,2026-08-01,1,control,0,0.5786,0.0503,1,255.6,1,530.76,1,673.95,0.0
EXP_NEW_PRODUCT,C0547,New Product,2026-08-01,1,control,0,0.5786,0.0594,1,245.28,1,488.29,1,599.43,0.0
EXP_WIN-BACK,C0547,Win-back,2026-08-01,1,control,0,0.5786,0.0685,0,0.0,0,0.0,1,3340.46,0.0
EXP_BIRTHDAY,C0548,Birthday,2026-08-01,1,treatment,1,0.2906,0.0202,0,0.0,0,0.0,0,0.0,20.25
EXP_DISCOUNT,C0548,Discount,2026-08-01,1,treatment,1,0.2906,0.0282,0,0.0,0,0.0,0,0.0,23.25
EXP_FESTIVAL,C0548,Festival,2026-08-01,1,control,0,0.2906,0.0363,0,0.0,0,0.0,0,0.0,0.0
EXP_LOYALTY,C0548,Loyalty,2026-08-01,1,control,0,0.2906,0.0444,0,0.0,0,0.0,0,0.0,0.0
EXP_NEW_PRODUCT,C0548,New Product,2026-08-01,1,treatment,1,0.2906,0.0525,1,194.07,1,347.89,1,519.19,23.0
EXP_WIN-BACK,C0548,Win-back,2026-08-01,1,control,0,0.2906,0.0605,0,0.0,1,364.4,1,798.72,0.0
EXP_BIRTHDAY,C0549,Birthday,2026-08-01,1,treatment,1,0.5723,0.0228,0,0.0,0,0.0,0,0.0,20.25
EXP_DISCOUNT,C0549,Discount,2026-08-01,1,treatment,1,0.5723,0.0319,0,0.0,0,0.0,0,0.0,23.25
EXP_FESTIVAL,C0549,Festival,2026-08-01,1,control,0,0.5723,0.041,0,0.0,1,1368.72,1,1796.53,0.0
EXP_LOYALTY,C0549,Loyalty,2026-08-01,1,control,0,0.5723,0.0501,0,0.0,1,307.04,1,680.73,0.0
EXP_NEW_PRODUCT,C0549,New Product,2026-08-01,1,treatment,1,0.5723,0.0592,0,0.0,0,0.0,0,0.0,23.0
EXP_WIN-BACK,C0549,Win-back,2026-08-01,1,control,0,0.5723,0.0684,0,0.0,0,0.0,1,1083.74,0.0
EXP_BIRTHDAY,C0550,Birthday,2026-08-01,1,control,0,0.3193,0.0204,1,268.49,1,326.9,1,609.61,0.0
EXP_DISCOUNT,C0550,Discount,2026-08-01,1,control,0,0.3193,0.0286,0,0.0,0,0.0,0,0.0,0.0
EXP_FESTIVAL,C0550,Festival,2026-08-01,1,treatment,1,0.3193,0.0368,0,0.0,0,0.0,0,0.0,29.0
EXP_LOYALTY,C0550,Loyalty,2026-08-01,1,control,0,0.3193,0.0449,1,392.01,1,471.61,1,788.22,0.0
EXP_NEW_PRODUCT,C0550,New Product,2026-08-01,1,control,0,0.3193,0.0531,0,0.0,1,213.82,1,449.2,0.0
EXP_WIN-BACK,C0550,Win-back,2026-08-01,1,control,0,0.3193,0.0613,0,0.0,0,0.0,0,0.0,0.0
EXP_BIRTHDAY,C0551,Birthday,2026-08-01,1,control,0,0.4336,0.0215,0,0.0,0,0.0,0,0.0,0.0
EXP_DISCOUNT,C0551,Discount,2026-08-01,1,treatment,1,0.4336,0.0301,0,0.0,0,0.0,0,0.0,23.25
EXP_FESTIVAL,C0551,Festival,2026-08-01,1,treatment,1,0.4336,0.0387,0,0.0,1,690.45,1,1236.37,29.0
EXP_LOYALTY,C0551,Loyalty,2026-08-01,1,treatment,1,0.4336,0.0472,0,0.0,0,0.0,0,0.0,16.0
EXP_NEW_PRODUCT,C0551,New Product,2026-08-01,1,treatment,1,0.4336,0.0558,0,0.0,0,0.0,0,0.0,23.0
EXP_WIN-BACK,C0551,Win-back,2026-08-01,1,control,0,0.4336,0.0644,0,0.0,0,0.0,0,0.0,0.0
EXP_BIRTHDAY,C0552,Birthday,2026-08-01,1,treatment,1,0.4907,0.022,0,0.0,0,0.0,0,0.0,20.25
EXP_DISCOUNT,C0552,Discount,2026-08-01,1,treatment,1,0.4907,0.0308,0,0.0,1,406.81,1,871.48,23.25
EXP_FESTIVAL,C0552,Festival,2026-08-01,1,control,0,0.4907,0.0396,0,0.0,0,0.0,0,0.0,0.0
EXP_LOYALTY,C0552,Loyalty,2026-08-01,1,control,0,0.4907,0.0485,1,364.77,1,784.08,1,1116.52,0.0
EXP_NEW_PRODUCT,C0552,New Product,2026-08-01,1,treatment,1,0.4907,0.0573,0,0.0,0,0.0,0,0.0,23.0
EXP_WIN-BACK,C0552,Win-back,2026-08-01,1,control,0,0.4907,0.0661,0,0.0,0,0.0,0,0.0,0.0
EXP_BIRTHDAY,C0553,Birthday,2026-08-01,1,control,0,0.3406,0.0206,1,162.04,1,291.38,1,362.88,0.0
EXP_DISCOUNT,C0553,Discount,2026-08-01,1,control,0,0.3406,0.0288,1,178.1,1,387.4,1,779.19,0.0
EXP_FESTIVAL,C0553,Festival,2026-08-01,1,control,0,0.3406,0.0371,0,0.0,0,0.0,0,0.0,0.0
EXP_LOYALTY,C0553,Loyalty,2026-08-01,1,treatment,1,0.3406,0.0453,0,0.0,0,0.0,0,0.0,16.0
EXP_NEW_PRODUCT,C0553,New Product,2026-08-01,1,treatment,1,0.3406,0.0536,0,0.0,0,0.0,0,0.0,23.0
EXP_WIN-BACK,C0553,Win-back,2026-08-01,1,treatment,1,0.3406,0.0618,0,0.0,1,1641.49,1,2007.66,31.0
EXP_BIRTHDAY,C0554,Birthday,2026-08-01,1,control,0,0.5357,0.0225,1,456.85,1,623.18,1,987.32,0.0
EXP_DISCOUNT,C0554,Discount,2026-08-01,1,control,0,0.5357,0.0314,1,551.37,1,719.67,1,1052.33,0.0
EXP_FESTIVAL,C0554,Festival,2026-08-01,1,treatment,1,0.5357,0.0404,0,0.0,0,0.0,1,1633.59,29.0
EXP_LOYALTY,C0554,Loyalty,2026-08-01,1,treatment,1,0.5357,0.0494,0,0.0,0,0.0,0,0.0,16.0
EXP_NEW_PRODUCT,C0554,New Product,2026-08-01,1,control,0,0.5357,0.0584,0,0.0,0,0.0,0,0.0,0.0
EXP_WIN-BACK,C0554,Win-back,2026-08-01,1,treatment,1,0.5357,0.0674,0,0.0,1,654.67,1,797.55,31.0
EXP_BIRTHDAY,C0555,Birthday,2026-08-01,1,treatment,1,0.493,0.022,0,0.0,0,0.0,0,0.0,20.25
EXP_DISCOUNT,C0555,Discount,2026-08-01,1,control,0,0.493,0.0309,0,0.0,0,0.0,0,0.0,0.0
EXP_FESTIVAL,C0555,Festival,2026-08-01,1,treatment,1,0.493,0.0397,0,0.0,0,0.0,0,0.0,29.0
EXP_LOYALTY,C0555,Loyalty,2026-08-01,1,control,0,0.493,0.0485,0,0.0,0,0.0,0,0.0,0.0
EXP_NEW_PRODUCT,C0555,New Product,2026-08-01,1,treatment,1,0.493,0.0573,0,0.0,1,579.44,1,1221.87,23.0
EXP_WIN-BACK,C0555,Win-back,2026-08-01,1,treatment,1,0.493,0.0661,0,0.0,0,0.0,0,0.0,31.0
EXP_BIRTHDAY,C0556,Birthday,2026-08-01,1,control,0,0.3211,0.0204,0,0.0,0,0.0,0,0.0,0.0
EXP_DISCOUNT,C0556,Discount,2026-08-01,1,treatment,1,0.3211,0.0286,0,0.0,0,0.0,0,0.0,23.25
EXP_FESTIVAL,C0556,Festival,2026-08-01,1,control,0,0.3211,0.0368,1,207.75,1,352.59,1,466.81,0.0
EXP_LOYALTY,C0556,Loyalty,2026-08-01,1,control,0,0.3211,0.045,0,0.0,0,0.0,0,0.0,0.0
EXP_NEW_PRODUCT,C0556,New Product,2026-08-01,1,control,0,0.3211,0.0531,0,0.0,0,0.0,0,0.0,0.0
EXP_WIN-BACK,C0556,Win-back,2026-08-01,1,control,0,0.3211,0.0613,0,0.0,0,0.0,0,0.0,0.0
EXP_BIRTHDAY,C0557,Birthday,2026-08-01,1,treatment,1,0.3965,0.0211,0,0.0,0,0.0,0,0.0,20.25
EXP_DISCOUNT,C0557,Discount,2026-08-01,1,treatment,1,0.3965,0.0296,0,0.0,0,0.0,0,0.0,23.25
EXP_FESTIVAL,C0557,Festival,2026-08-01,1,treatment,1,0.3965,0.038,1,1551.42,1,2720.71,1,3332.1,29.0
EXP_LOYALTY,C0557,Loyalty,2026-08-01,1,treatment,1,0.3965,0.0465,0,0.0,0,0.0,1,3388.43,16.0
EXP_NEW_PRODUCT,C0557,New Product,2026-08-01,1,control,0,0.3965,0.0549,0,0.0,0,0.0,0,0.0,0.0
EXP_WIN-BACK,C0557,Win-back,2026-08-01,1,control,0,0.3965,0.0634,0,0.0,0,0.0,0,0.0,0.0
EXP_BIRTHDAY,C0558,Birthday,2026-08-01,1,control,0,0.6555,0.0235,1,283.76,1,597.67,1,999.79,0.0
EXP_DISCOUNT,C0558,Discount,2026-08-01,1,treatment,1,0.6555,0.0329,0,0.0,0,0.0,0,0.0,23.25
EXP_FESTIVAL,C0558,Festival,2026-08-01,1,control,0,0.6555,0.0423,1,338.71,1,664.47,1,1022.27,0.0
EXP_LOYALTY,C0558,Loyalty,2026-08-01,1,control,0,0.6555,0.0517,1,332.51,1,457.32,1,752.45,0.0
EXP_NEW_PRODUCT,C0558,New Product,2026-08-01,1,control,0,0.6555,0.0611,0,0.0,1,382.15,1,616.77,0.0
EXP_WIN-BACK,C0558,Win-back,2026-08-01,1,treatment,1,0.6555,0.0705,0,0.0,1,711.25,1,1201.7,31.0
EXP_BIRTHDAY,C0559,Birthday,2026-08-01,1,control,0,0.4235,0.0214,0,0.0,0,0.0,0,0.0,0.0
EXP_DISCOUNT,C0559,Discount,2026-08-01,1,treatment,1,0.4235,0.0299,0,0.0,0,0.0,0,0.0,23.25
EXP_FESTIVAL,C0559,Festival,2026-08-01,1,control,0,0.4235,0.0385,0,0.0,0,0.0,0,0.0,0.0
EXP_LOYALTY,C0559,Loyalty,2026-08-01,1,treatment,1,0.4235,0.047,0,0.0,0,0.0,0,0.0,16.0
EXP_NEW_PRODUCT,C0559,New Product,2026-08-01,1,control,0,0.4235,0.0556,0,0.0,0,0.0,0,0.0,0.0
EXP_WIN-BACK,C0559,Win-back,2026-08-01,1,control,0,0.4235,0.0641,0,0.0,0,0.0,1,2908.24,0.0
EXP_BIRTHDAY,C0560,Birthday,2026-08-01,1,treatment,1,0.471,0.0218,1,204.97,1,338.54,1,537.67,20.25
EXP_DISCOUNT,C0560,Discount,2026-08-01,1,treatment,1,0.471,0.0306,0,0.0,0,0.0,0,0.0,23.25
EXP_FESTIVAL,C0560,Festival,2026-08-01,1,treatment,1,0.471,0.0393,0,0.0,0,0.0,0,0.0,29.0
EXP_LOYALTY,C0560,Loyalty,2026-08-01,1,treatment,1,0.471,0.048,1,142.13,1,259.44,1,405.91,16.0
EXP_NEW_PRODUCT,C0560,New Product,2026-08-01,1,treatment,1,0.471,0.0568,1,516.22,1,1142.57,1,2278.97,23.0
EXP_WIN-BACK,C0560,Win-back,2026-08-01,1,control,0,0.471,0.0655,0,0.0,0,0.0,0,0.0,0.0
EXP_BIRTHDAY,C0561,Birthday,2026-08-01,1,control,0,0.6262,0.0233,0,0.0,0,0.0,1,621.9,0.0
EXP_DISCOUNT,C0561,Discount,2026-08-01,1,treatment,1,0.6262,0.0326,0,0.0,0,0.0,0,0.0,23.25
EXP_FESTIVAL,C0561,Festival,2026-08-01,1,control,0,0.6262,0.0419,0,0.0,0,0.0,0,0.0,0.0
EXP_LOYALTY,C0561,Loyalty,2026-08-01,1,control,0,0.6262,0.0512,0,0.0,1,846.14,1,1081.57,0.0
EXP_NEW_PRODUCT,C0561,New Product,2026-08-01,1,treatment,1,0.6262,0.0605,1,172.47,1,254.94,1,553.86,23.0
EXP_WIN-BACK,C0561,Win-back,2026-08-01,1,treatment,1,0.6262,0.0698,1,546.68,1,655.11,1,954.22,31.0
EXP_BIRTHDAY,C0562,Birthday,2026-08-01,1,treatment,1,0.4022,0.0212,0,0.0,0,0.0,1,667.0,20.25
EXP_DISCOUNT,C0562,Discount,2026-08-01,1,control,0,0.4022,0.0296,0,0.0,0,0.0,0,0.0,0.0
EXP_FESTIVAL,C0562,Festival,2026-08-01,1,treatment,1,0.4022,0.0381,0,0.0,0,0.0,0,0.0,29.0
EXP_LOYALTY,C0562,Loyalty,2026-08-01,1,treatment,1,0.4022,0.0466,0,0.0,0,0.0,1,712.9,16.0
EXP_NEW_PRODUCT,C0562,New Product,2026-08-01,1,control,0,0.4022,0.0551,0,0.0,0,0.0,0,0.0,0.0
EXP_WIN-BACK,C0562,Win-back,2026-08-01,1,treatment,1,0.4022,0.0635,1,373.85,1,504.18,1,782.35,31.0
EXP_BIRTHDAY,C0563,Birthday,2026-08-01,1,treatment,1,0.4648,0.0218,0,0.0,0,0.0,1,1238.81,20.25
EXP_DISCOUNT,C0563,Discount,2026-08-01,1,control,0,0.4648,0.0305,0,0.0,0,0.0,0,0.0,0.0
EXP_FESTIVAL,C0563,Festival,2026-08-01,1,control,0,0.4648,0.0392,0,0.0,1,1366.59,1,1791.76,0.0
EXP_LOYALTY,C0563,Loyalty,2026-08-01,1,treatment,1,0.4648,0.0479,1,925.22,1,1553.96,1,2108.02,16.0
EXP_NEW_PRODUCT,C0563,New Product,2026-08-01,1,control,0,0.4648,0.0566,0,0.0,0,0.0,0,0.0,0.0
EXP_WIN-BACK,C0563,Win-back,2026-08-01,1,treatment,1,0.4648,0.0653,0,0.0,0,0.0,0,0.0,31.0
EXP_BIRTHDAY,C0564,Birthday,2026-08-01,1,treatment,1,0.4743,0.0219,1,143.34,1,291.41,1,612.44,20.25
EXP_DISCOUNT,C0564,Discount,2026-08-01,1,control,0,0.4743,0.0306,0,0.0,0,0.0,0,0.0,0.0
EXP_FESTIVAL,C0564,Festival,2026-08-01,1,control,0,0.4743,0.0394,0,0.0,0,0.0,0,0.0,0.0
EXP_LOYALTY,C0564,Loyalty,2026-08-01,1,control,0,0.4743,0.0481,0,0.0,1,489.87,1,594.81,0.0
EXP_NEW_PRODUCT,C0564,New Product,2026-08-01,1,treatment,1,0.4743,0.0569,0,0.0,0,0.0,0,0.0,23.0
EXP_WIN-BACK,C0564,Win-back,2026-08-01,1,control,0,0.4743,0.0656,0,0.0,0,0.0,0,0.0,0.0
EXP_BIRTHDAY,C0565,Birthday,2026-08-01,1,treatment,1,0.4147,0.0213,0,0.0,0,0.0,0,0.0,20.25
EXP_DISCOUNT,C0565,Discount,2026-08-01,1,control,0,0.4147,0.0298,0,0.0,1,646.12,1,1308.42,0.0
EXP_FESTIVAL,C0565,Festival,2026-08-01,1,treatment,1,0.4147,0.0383,0,0.0,0,0.0,1,996.59,29.0
EXP_LOYALTY,C0565,Loyalty,2026-08-01,1,treatment,1,0.4147,0.0468,0,0.0,0,0.0,0,0.0,16.0
EXP_NEW_PRODUCT,C0565,New Product,2026-08-01,1,treatment,1,0.4147,0.0554,0,0.0,1,606.69,1,1104.43,23.0
EXP_WIN-BACK,C0565,Win-back,2026-08-01,1,control,0,0.4147,0.0639,0,0.0,0,0.0,0,0.0,0.0
EXP_BIRTHDAY,C0566,Birthday,2026-08-01,1,treatment,1,0.4691,0.0218,0,0.0,0,0.0,0,0.0,20.25
EXP_DISCOUNT,C0566,Discount,2026-08-01,1,control,0,0.4691,0.0305,0,0.0,0,0.0,0,0.0,0.0
EXP_FESTIVAL,C0566,Festival,2026-08-01,1,treatment,1,0.4691,0.0393,0,0.0,1,479.89,1,901.51,29.0
EXP_LOYALTY,C0566,Loyalty,2026-08-01,1,control,0,0.4691,0.048,1,219.92,1,384.99,1,735.13,0.0
EXP_NEW_PRODUCT,C0566,New Product,2026-08-01,1,treatment,1,0.4691,0.0567,0,0.0,1,1129.62,1,1770.46,23.0
EXP_WIN-BACK,C0566,Win-back,2026-08-01,1,treatment,1,0.4691,0.0655,0,0.0,1,1263.13,1,1515.31,31.0
EXP_BIRTHDAY,C0567,Birthday,2026-08-01,1,treatment,1,0.626,0.0233,0,0.0,0,0.0,0,0.0,20.25
EXP_DISCOUNT,C0567,Discount,2026-08-01,1,treatment,1,0.626,0.0326,0,0.0,1,693.52,1,1421.52,23.25
EXP_FESTIVAL,C0567,Festival,2026-08-01,1,treatment,1,0.626,0.0419,0,0.0,0,0.0,0,0.0,29.0
EXP_LOYALTY,C0567,Loyalty,2026-08-01,1,treatment,1,0.626,0.0512,0,0.0,0,0.0,0,0.0,16.0
EXP_NEW_PRODUCT,C0567,New Product,2026-08-01,1,treatment,1,0.626,0.0605,1,1020.45,1,1301.75,1,1630.74,23.0
EXP_WIN-BACK,C0567,Win-back,2026-08-01,1,treatment,1,0.626,0.0698,0,0.0,1,704.37,1,1271.9,31.0
EXP_BIRTHDAY,C0568,Birthday,2026-08-01,1,treatment,1,0.7655,0.0242,1,632.28,1,779.15,1,1172.39,20.25
EXP_DISCOUNT,C0568,Discount,2026-08-01,1,control,0,0.7655,0.0339,0,0.0,1,880.5,1,1677.01,0.0
EXP_FESTIVAL,C0568,Festival,2026-08-01,1,control,0,0.7655,0.0436,0,0.0,0,0.0,1,1745.68,0.0
EXP_LOYALTY,C0568,Loyalty,2026-08-01,1,control,0,0.7655,0.0533,1,446.94,1,634.13,1,1071.43,0.0
EXP_NEW_PRODUCT,C0568,New Product,2026-08-01,1,control,0,0.7655,0.063,0,0.0,1,1474.69,1,2050.86,0.0
EXP_WIN-BACK,C0568,Win-back,2026-08-01,1,control,0,0.7655,0.0727,1,850.61,1,1562.49,1,2177.17,0.0
EXP_BIRTHDAY,C0569,Birthday,2026-08-01,1,treatment,1,0.431,0.0215,1,102.43,1,179.89,1,350.73,20.25
EXP_DISCOUNT,C0569,Discount,2026-08-01,1,control,0,0.431,0.03,0,0.0,0,0.0,0,0.0,0.0
EXP_FESTIVAL,C0569,Festival,2026-08-01,1,treatment,1,0.431,0.0386,0,0.0,0,0.0,0,0.0,29.0
EXP_LOYALTY,C0569,Loyalty,2026-08-01,1,treatment,1,0.431,0.0472,0,0.0,0,0.0,0,0.0,16.0
EXP_NEW_PRODUCT,C0569,New Product,2026-08-01,1,treatment,1,0.431,0.0558,1,423.16,1,665.38,1,1457.82,23.0
EXP_WIN-BACK,C0569,Win-back,2026-08-01,1,control,0,0.431,0.0644,0,0.0,1,594.46,1,1100.47,0.0
EXP_BIRTHDAY,C0570,Birthday,2026-08-01,1,treatment,1,0.5822,0.0229,0,0.0,0,0.0,1,1562.25,20.25
EXP_DISCOUNT,C0570,Discount,2026-08-01,1,treatment,1,0.5822,0.032,0,0.0,0,0.0,0,0.0,23.25
EXP_FESTIVAL,C0570,Festival,2026-08-01,1,treatment,1,0.5822,0.0412,0,0.0,1,1394.0,1,1681.16,29.0
EXP_LOYALTY,C0570,Loyalty,2026-08-01,1,control,0,0.5822,0.0503,0,0.0,0,0.0,0,0.0,0.0
EXP_NEW_PRODUCT,C0570,New Product,2026-08-01,1,treatment,1,0.5822,0.0595,1,521.55,1,955.18,1,1125.17,23.0
EXP_WIN-BACK,C0570,Win-back,2026-08-01,1,control,0,0.5822,0.0686,0,0.0,0,0.0,0,0.0,0.0
EXP_BIRTHDAY,C0571,Birthday,2026-08-01,1,control,0,0.4875,0.022,0,0.0,0,0.0,0,0.0,0.0
EXP_DISCOUNT,C0571,Discount,2026-08-01,1,control,0,0.4875,0.0308,0,0.0,0,0.0,0,0.0,0.0
EXP_FESTIVAL,C0571,Festival,2026-08-01,1,control,0,0.4875,0.0396,0,0.0,0,0.0,0,0.0,0.0
EXP_LOYALTY,C0571,Loyalty,2026-08-01,1,control,0,0.4875,0.0484,1,356.14,1,658.03,1,1054.55,0.0
EXP_NEW_PRODUCT,C0571,New Product,2026-08-01,1,control,0,0.4875,0.0572,0,0.0,0,0.0,0,0.0,0.0
EXP_WIN-BACK,C0571,Win-back,2026-08-01,1,control,0,0.4875,0.066,0,0.0,0,0.0,0,0.0,0.0
EXP_BIRTHDAY,C0572,Birthday,2026-08-01,1,control,0,0.3426,0.0206,0,0.0,0,0.0,0,0.0,0.0
EXP_DISCOUNT,C0572,Discount,2026-08-01,1,control,0,0.3426,0.0289,0,0.0,1,544.95,1,944.41,0.0
EXP_FESTIVAL,C0572,Festival,2026-08-01,1,control,0,0.3426,0.0371,0,0.0,0,0.0,0,0.0,0.0
EXP_LOYALTY,C0572,Loyalty,2026-08-01,1,treatment,1,0.3426,0.0454,0,0.0,0,0.0,0,0.0,16.0
EXP_NEW_PRODUCT,C0572,New Product,2026-08-01,1,treatment,1,0.3426,0.0536,1,494.54,1,1060.38,1,1406.06,23.0
EXP_WIN-BACK,C0572,Win-back,2026-08-01,1,treatment,1,0.3426,0.0619,0,0.0,0,0.0,1,1283.36,31.0
EXP_BIRTHDAY,C0573,Birthday,2026-08-01,1,control,0,0.4133,0.0213,0,0.0,0,0.0,0,0.0,0.0
EXP_DISCOUNT,C0573,Discount,2026-08-01,1,treatment,1,0.4133,0.0298,0,0.0,1,785.25,1,1241.46,23.25
EXP_FESTIVAL,C0573,Festival,2026-08-01,1,treatment,1,0.4133,0.0383,0,0.0,0,0.0,0,0.0,29.0
EXP_LOYALTY,C0573,Loyalty,2026-08-01,1,treatment,1,0.4133,0.0468,0,0.0,0,0.0,1,1153.06,16.0
EXP_NEW_PRODUCT,C0573,New Product,2026-08-01,1,treatment,1,0.4133,0.0553,1,1067.12,1,1352.24,1,2636.74,23.0
EXP_WIN-BACK,C0573,Win-back,2026-08-01,1,control,0,0.4133,0.0638,0,0.0,0,0.0,0,0.0,0.0
EXP_BIRTHDAY,C0574,Birthday,2026-08-01,1,control,0,0.3628,0.0208,0,0.0,0,0.0,0,0.0,0.0
EXP_DISCOUNT,C0574,Discount,2026-08-01,1,control,0,0.3628,0.0291,0,0.0,0,0.0,0,0.0,0.0
EXP_FESTIVAL,C0574,Festival,2026-08-01,1,control,0,0.3628,0.0375,0,0.0,0,0.0,0,0.0,0.0
EXP_LOYALTY,C0574,Loyalty,2026-08-01,1,control,0,0.3628,0.0458,0,0.0,0,0.0,0,0.0,0.0
EXP_NEW_PRODUCT,C0574,New Product,2026-08-01,1,treatment,1,0.3628,0.0541,1,415.05,1,903.19,1,1744.55,23.0
EXP_WIN-BACK,C0574,Win-back,2026-08-01,1,treatment,1,0.3628,0.0624,0,0.0,0,0.0,0,0.0,31.0
EXP_BIRTHDAY,C0575,Birthday,2026-08-01,1,treatment,1,0.5823,0.0229,1,486.12,1,690.72,1,959.93,20.25
EXP_DISCOUNT,C0575,Discount,2026-08-01,1,treatment,1,0.5823,0.032,1,566.6,1,696.93,1,845.46,23.25
EXP_FESTIVAL,C0575,Festival,2026-08-01,1,treatment,1,0.5823,0.0412,0,0.0,0,0.0,0,0.0,29.0
EXP_LOYALTY,C0575,Loyalty,2026-08-01,1,control,0,0.5823,0.0503,0,0.0,0,0.0,0,0.0,0.0
EXP_NEW_PRODUCT,C0575,New Product,2026-08-01,1,treatment,1,0.5823,0.0595,1,449.03,1,721.23,1,1010.69,23.0
EXP_WIN-BACK,C0575,Win-back,2026-08-01,1,treatment,1,0.5823,0.0686,0,0.0,0,0.0,0,0.0,31.0
EXP_BIRTHDAY,C0576,Birthday,2026-08-01,1,treatment,1,0.5454,0.0225,0,0.0,0,0.0,0,0.0,20.25
EXP_DISCOUNT,C0576,Discount,2026-08-01,1,control,0,0.5454,0.0316,0,0.0,0,0.0,0,0.0,0.0
EXP_FESTIVAL,C0576,Festival,2026-08-01,1,control,0,0.5454,0.0406,1,482.46,1,795.49,1,1574.36,0.0
EXP_LOYALTY,C0576,Loyalty,2026-08-01,1,control,0,0.5454,0.0496,1,1069.16,1,1483.65,1,2496.23,0.0
EXP_NEW_PRODUCT,C0576,New Product,2026-08-01,1,treatment,1,0.5454,0.0586,1,448.44,1,847.62,1,1707.24,23.0
EXP_WIN-BACK,C0576,Win-back,2026-08-01,1,control,0,0.5454,0.0676,0,0.0,1,458.44,1,804.76,0.0
EXP_BIRTHDAY,C0577,Birthday,2026-08-01,1,control,0,0.3915,0.0211,0,0.0,0,0.0,0,0.0,0.0
EXP_DISCOUNT,C0577,Discount,2026-08-01,1,treatment,1,0.3915,0.0295,0,0.0,0,0.0,0,0.0,23.25
EXP_FESTIVAL,C0577,Festival,2026-08-01,1,treatment,1,0.3915,0.0379,0,0.0,0,0.0,0,0.0,29.0
EXP_LOYALTY,C0577,Loyalty,2026-08-01,1,control,0,0.3915,0.0464,0,0.0,0,0.0,0,0.0,0.0
EXP_NEW_PRODUCT,C0577,New Product,2026-08-01,1,treatment,1,0.3915,0.0548,0,0.0,0,0.0,1,2304.46,23.0
EXP_WIN-BACK,C0577,Win-back,2026-08-01,1,control,0,0.3915,0.0632,0,0.0,0,0.0,0,0.0,0.0
EXP_BIRTHDAY,C0578,Birthday,2026-08-01,1,treatment,1,0.4126,0.0213,0,0.0,0,0.0,1,451.2,20.25
EXP_DISCOUNT,C0578,Discount,2026-08-01,1,treatment,1,0.4126,0.0298,1,73.71,1,149.82,1,196.76,23.25
EXP_FESTIVAL,C0578,Festival,2026-08-01,1,treatment,1,0.4126,0.0383,0,0.0,0,0.0,0,0.0,29.0
EXP_LOYALTY,C0578,Loyalty,2026-08-01,1,treatment,1,0.4126,0.0468,0,0.0,1,322.05,1,678.24,16.0
EXP_NEW_PRODUCT,C0578,New Product,2026-08-01,1,treatment,1,0.4126,0.0553,0,0.0,0,0.0,0,0.0,23.0
EXP_WIN-BACK,C0578,Win-back,2026-08-01,1,treatment,1,0.4126,0.0638,0,0.0,0,0.0,0,0.0,31.0
EXP_BIRTHDAY,C0579,Birthday,2026-08-01,1,treatment,1,0.6229,0.0232,1,650.01,1,1011.26,1,1479.5,20.25
EXP_DISCOUNT,C0579,Discount,2026-08-01,1,treatment,1,0.6229,0.0325,0,0.0,1,373.3,1,776.57,23.25
EXP_FESTIVAL,C0579,Festival,2026-08-01,1,treatment,1,0.6229,0.0418,0,0.0,0,0.0,0,0.0,29.0
EXP_LOYALTY,C0579,Loyalty,2026-08-01,1,treatment,1,0.6229,0.0511,0,0.0,0,0.0,1,849.93,16.0
EXP_NEW_PRODUCT,C0579,New Product,2026-08-01,1,treatment,1,0.6229,0.0604,0,0.0,1,714.79,1,950.02,23.0
EXP_WIN-BACK,C0579,Win-back,2026-08-01,1,control,0,0.6229,0.0697,1,331.74,1,545.9,1,1071.93,0.0
EXP_BIRTHDAY,C0580,Birthday,2026-08-01,1,control,0,0.6069,0.0231,1,839.8,1,1598.78,1,1888.07,0.0
EXP_DISCOUNT,C0580,Discount,2026-08-01,1,control,0,0.6069,0.0323,0,0.0,0,0.0,0,0.0,0.0
EXP_FESTIVAL,C0580,Festival,2026-08-01,1,treatment,1,0.6069,0.0416,0,0.0,1,1135.42,1,2326.13,29.0
EXP_LOYALTY,C0580,Loyalty,2026-08-01,1,control,0,0.6069,0.0508,0,0.0,0,0.0,0,0.0,0.0
EXP_NEW_PRODUCT,C0580,New Product,2026-08-01,1,treatment,1,0.6069,0.06,1,709.59,1,1408.92,1,1969.29,23.0
EXP_WIN-BACK,C0580,Win-back,2026-08-01,1,control,0,0.6069,0.0693,0,0.0,1,2513.03,1,3349.69,0.0
EXP_BIRTHDAY,C0581,Birthday,2026-08-01,1,control,0,0.7009,0.0238,0,0.0,1,548.16,1,889.29,0.0
EXP_DISCOUNT,C0581,Discount,2026-08-01,1,control,0,0.7009,0.0334,0,0.0,0,0.0,1,1072.98,0.0
EXP_FESTIVAL,C0581,Festival,2026-08-01,1,treatment,1,0.7009,0.0429,0,0.0,1,415.56,1,603.33,29.0
EXP_LOYALTY,C0581,Loyalty,2026-08-01,1,control,0,0.7009,0.0524,1,591.36,1,934.1,1,1375.91,0.0
EXP_NEW_PRODUCT,C0581,New Product,2026-08-01,1,control,0,0.7009,0.0619,0,0.0,0,0.0,0,0.0,0.0
EXP_WIN-BACK,C0581,Win-back,2026-08-01,1,treatment,1,0.7009,0.0715,0,0.0,0,0.0,0,0.0,31.0
EXP_BIRTHDAY,C0582,Birthday,2026-08-01,1,treatment,1,0.4599,0.0217,0,0.0,0,0.0,0,0.0,20.25
EXP_DISCOUNT,C0582,Discount,2026-08-01,1,treatment,1,0.4599,0.0304,1,569.73,1,1001.66,1,1187.23,23.25
EXP_FESTIVAL,C0582,Festival,2026-08-01,1,treatment,1,0.4599,0.0391,1,744.53,1,889.41,1,1875.26,29.0
EXP_LOYALTY,C0582,Loyalty,2026-08-01,1,control,0,0.4599,0.0478,0,0.0,0,0.0,1,3184.35,0.0
EXP_NEW_PRODUCT,C0582,New Product,2026-08-01,1,control,0,0.4599,0.0565,1,489.04,1,681.71,1,1135.09,0.0
EXP_WIN-BACK,C0582,Win-back,2026-08-01,1,control,0,0.4599,0.0652,1,690.4,1,1185.37,1,1484.64,0.0
EXP_BIRTHDAY,C0583,Birthday,2026-08-01,1,treatment,1,0.5698,0.0228,0,0.0,0,0.0,0,0.0,20.25
EXP_DISCOUNT,C0583,Discount,2026-08-01,1,control,0,0.5698,0.0319,0,0.0,1,627.92,1,791.8,0.0
EXP_FESTIVAL,C0583,Festival,2026-08-01,1,treatment,1,0.5698,0.041,1,429.99,1,652.48,1,924.54,29.0
EXP_LOYALTY,C0583,Loyalty,2026-08-01,1,control,0,0.5698,0.0501,0,0.0,0,0.0,1,1239.79,0.0
EXP_NEW_PRODUCT,C0583,New Product,2026-08-01,1,treatment,1,0.5698,0.0592,0,0.0,0,0.0,0,0.0,23.0
EXP_WIN-BACK,C0583,Win-back,2026-08-01,1,control,0,0.5698,0.0683,0,0.0,1,1563.63,1,2005.72,0.0
EXP_BIRTHDAY,C0584,Birthday,2026-08-01,1,treatment,1,0.2707,0.02,0,0.0,0,0.0,0,0.0,20.25
EXP_DISCOUNT,C0584,Discount,2026-08-01,1,control,0,0.2707,0.028,0,0.0,1,212.33,1,298.22,0.0
EXP_FESTIVAL,C0584,Festival,2026-08-01,1,treatment,1,0.2707,0.036,0,0.0,0,0.0,0,0.0,29.0
EXP_LOYALTY,C0584,Loyalty,2026-08-01,1,treatment,1,0.2707,0.044,0,0.0,0,0.0,1,195.85,16.0
EXP_NEW_PRODUCT,C0584,New Product,2026-08-01,1,control,0,0.2707,0.052,0,0.0,0,0.0,0,0.0,0.0
EXP_WIN-BACK,C0584,Win-back,2026-08-01,1,treatment,1,0.2707,0.06,0,0.0,1,264.49,1,380.88,31.0
EXP_BIRTHDAY,C0585,Birthday,2026-08-01,1,control,0,0.2954,0.0202,0,0.0,0,0.0,0,0.0,0.0
EXP_DISCOUNT,C0585,Discount,2026-08-01,1,control,0,0.2954,0.0283,0,0.0,0,0.0,1,372.86,0.0
EXP_FESTIVAL,C0585,Festival,2026-08-01,1,control,0,0.2954,0.0364,0,0.0,0,0.0,0,0.0,0.0
EXP_LOYALTY,C0585,Loyalty,2026-08-01,1,treatment,1,0.2954,0.0445,0,0.0,0,0.0,0,0.0,16.0
EXP_NEW_PRODUCT,C0585,New Product,2026-08-01,1,control,0,0.2954,0.0526,0,0.0,1,317.1,1,572.13,0.0
EXP_WIN-BACK,C0585,Win-back,2026-08-01,1,control,0,0.2954,0.0606,1,103.11,1,202.42,1,330.45,0.0
EXP_BIRTHDAY,C0586,Birthday,2026-08-01,1,treatment,1,0.4758,0.0219,0,0.0,0,0.0,0,0.0,20.25
EXP_DISCOUNT,C0586,Discount,2026-08-01,1,control,0,0.4758,0.0306,0,0.0,0,0.0,0,0.0,0.0
EXP_FESTIVAL,C0586,Festival,2026-08-01,1,treatment,1,0.4758,0.0394,0,0.0,1,336.84,1,558.88,29.0
EXP_LOYALTY,C0586,Loyalty,2026-08-01,1,treatment,1,0.4758,0.0481,0,0.0,0,0.0,1,357.5,16.0
EXP_NEW_PRODUCT,C0586,New Product,2026-08-01,1,treatment,1,0.4758,0.0569,0,0.0,0,0.0,0,0.0,23.0
EXP_WIN-BACK,C0586,Win-back,2026-08-01,1,control,0,0.4758,0.0656,0,0.0,0,0.0,0,0.0,0.0
EXP_BIRTHDAY,C0587,Birthday,2026-08-01,1,treatment,1,0.2038,0.0195,0,0.0,0,0.0,0,0.0,20.25
EXP_DISCOUNT,C0587,Discount,2026-08-01,1,treatment,1,0.2038,0.0273,0,0.0,0,0.0,0,0.0,23.25
EXP_FESTIVAL,C0587,Festival,2026-08-01,1,control,0,0.2038,0.0352,0,0.0,0,0.0,0,0.0,0.0
EXP_LOYALTY,C0587,Loyalty,2026-08-01,1,control,0,0.2038,0.043,0,0.0,0,0.0,0,0.0,0.0
EXP_NEW_PRODUCT,C0587,New Product,2026-08-01,1,control,0,0.2038,0.0508,0,0.0,0,0.0,0,0.0,0.0
EXP_WIN-BACK,C0587,Win-back,2026-08-01,1,treatment,1,0.2038,0.0586,0,0.0,0,0.0,0,0.0,31.0
EXP_BIRTHDAY,C0588,Birthday,2026-08-01,1,control,0,0.6426,0.0234,1,146.97,1,282.15,1,593.05,0.0
EXP_DISCOUNT,C0588,Discount,2026-08-01,1,treatment,1,0.6426,0.0327,0,0.0,1,643.69,1,982.88,23.25
EXP_FESTIVAL,C0588,Festival,2026-08-01,1,treatment,1,0.6426,0.0421,1,342.22,1,692.37,1,954.55,29.0
EXP_LOYALTY,C0588,Loyalty,2026-08-01,1,treatment,1,0.6426,0.0515,1,375.63,1,686.32,1,1165.67,16.0
EXP_NEW_PRODUCT,C0588,New Product,2026-08-01,1,treatment,1,0.6426,0.0608,0,0.0,0,0.0,0,0.0,23.0
EXP_WIN-BACK,C0588,Win-back,2026-08-01,1,treatment,1,0.6426,0.0702,0,0.0,1,515.0,1,1085.06,31.0
EXP_BIRTHDAY,C0589,Birthday,2026-08-01,1,treatment,1,0.4013,0.0212,0,0.0,0,0.0,0,0.0,20.25
EXP_DISCOUNT,C0589,Discount,2026-08-01,1,treatment,1,0.4013,0.0296,0,0.0,0,0.0,1,1096.03,23.25
EXP_FESTIVAL,C0589,Festival,2026-08-01,1,control,0,0.4013,0.0381,0,0.0,1,352.69,1,726.51,0.0
EXP_LOYALTY,C0589,Loyalty,2026-08-01,1,control,0,0.4013,0.0466,0,0.0,0,0.0,1,568.0,0.0
EXP_NEW_PRODUCT,C0589,New Product,2026-08-01,1,control,0,0.4013,0.055,0,0.0,0,0.0,0,0.0,0.0
EXP_WIN-BACK,C0589,Win-back,2026-08-01,1,control,0,0.4013,0.0635,0,0.0,0,0.0,1,873.7,0.0
EXP_BIRTHDAY,C0590,Birthday,2026-08-01,1,treatment,1,0.5803,0.0229,0,0.0,0,0.0,0,0.0,20.25
EXP_DISCOUNT,C0590,Discount,2026-08-01,1,control,0,0.5803,0.032,0,0.0,0,0.0,0,0.0,0.0
EXP_FESTIVAL,C0590,Festival,2026-08-01,1,control,0,0.5803,0.0411,0,0.0,0,0.0,1,642.57,0.0
EXP_LOYALTY,C0590,Loyalty,2026-08-01,1,control,0,0.5803,0.0503,0,0.0,0,0.0,0,0.0,0.0
EXP_NEW_PRODUCT,C0590,New Product,2026-08-01,1,control,0,0.5803,0.0594,0,0.0,0,0.0,1,1594.67,0.0
EXP_WIN-BACK,C0590,Win-back,2026-08-01,1,treatment,1,0.5803,0.0686,0,0.0,0,0.0,1,795.37,31.0
EXP_BIRTHDAY,C0591,Birthday,2026-08-01,1,treatment,1,0.3535,0.0207,0,0.0,0,0.0,1,613.18,20.25
EXP_DISCOUNT,C0591,Discount,2026-08-01,1,treatment,1,0.3535,0.029,0,0.0,0,0.0,0,0.0,23.25
EXP_FESTIVAL,C0591,Festival,2026-08-01,1,treatment,1,0.3535,0.0373,0,0.0,0,0.0,0,0.0,29.0
EXP_LOYALTY,C0591,Loyalty,2026-08-01,1,treatment,1,0.3535,0.0456,0,0.0,0,0.0,1,959.75,16.0
EXP_NEW_PRODUCT,C0591,New Product,2026-08-01,1,treatment,1,0.3535,0.0539,1,506.37,1,731.27,1,1202.55,23.0
EXP_WIN-BACK,C0591,Win-back,2026-08-01,1,control,0,0.3535,0.0622,0,0.0,0,0.0,0,0.0,0.0
EXP_BIRTHDAY,C0592,Birthday,2026-08-01,1,treatment,1,0.3696,0.0209,0,0.0,0,0.0,0,0.0,20.25
EXP_DISCOUNT,C0592,Discount,2026-08-01,1,control,0,0.3696,0.0292,0,0.0,1,419.63,1,568.18,0.0
EXP_FESTIVAL,C0592,Festival,2026-08-01,1,treatment,1,0.3696,0.0376,0,0.0,0,0.0,0,0.0,29.0
EXP_LOYALTY,C0592,Loyalty,2026-08-01,1,control,0,0.3696,0.0459,0,0.0,0,0.0,0,0.0,0.0
EXP_NEW_PRODUCT,C0592,New Product,2026-08-01,1,treatment,1,0.3696,0.0543,0,0.0,1,310.99,1,560.39,23.0
EXP_WIN-BACK,C0592,Win-back,2026-08-01,1,control,0,0.3696,0.0626,0,0.0,1,338.2,1,651.54,0.0
EXP_BIRTHDAY,C0593,Birthday,2026-08-01,1,control,0,0.452,0.0217,0,0.0,1,1643.23,1,2390.25,0.0
EXP_DISCOUNT,C0593,Discount,2026-08-01,1,treatment,1,0.452,0.0303,1,876.54,1,1802.42,1,2158.45,23.25
EXP_FESTIVAL,C0593,Festival,2026-08-01,1,control,0,0.452,0.039,0,0.0,0,0.0,0,0.0,0.0
EXP_LOYALTY,C0593,Loyalty,2026-08-01,1,control,0,0.452,0.0476,0,0.0,0,0.0,0,0.0,0.0
EXP_NEW_PRODUCT,C0593,New Product,2026-08-01,1,control,0,0.452,0.0563,0,0.0,0,0.0,0,0.0,0.0
EXP_WIN-BACK,C0593,Win-back,2026-08-01,1,control,0,0.452,0.065,0,0.0,0,0.0,1,4402.66,0.0
EXP_BIRTHDAY,C0594,Birthday,2026-08-01,1,treatment,1,0.4396,0.0215,0,0.0,0,0.0,0,0.0,20.25
EXP_DISCOUNT,C0594,Discount,2026-08-01,1,treatment,1,0.4396,0.0301,0,0.0,0,0.0,0,0.0,23.25
EXP_FESTIVAL,C0594,Festival,2026-08-01,1,treatment,1,0.4396,0.0388,0,0.0,0,0.0,0,0.0,29.0
EXP_LOYALTY,C0594,Loyalty,2026-08-01,1,treatment,1,0.4396,0.0474,1,402.3,1,511.81,1,824.3,16.0
EXP_NEW_PRODUCT,C0594,New Product,2026-08-01,1,control,0,0.4396,0.056,0,0.0,0,0.0,0,0.0,0.0
EXP_WIN-BACK,C0594,Win-back,2026-08-01,1,control,0,0.4396,0.0646,0,0.0,0,0.0,1,647.21,0.0
EXP_BIRTHDAY,C0595,Birthday,2026-08-01,1,control,0,0.5355,0.0225,0,0.0,0,0.0,0,0.0,0.0
EXP_DISCOUNT,C0595,Discount,2026-08-01,1,control,0,0.5355,0.0314,0,0.0,0,0.0,0,0.0,0.0
EXP_FESTIVAL,C0595,Festival,2026-08-01,1,treatment,1,0.5355,0.0404,0,0.0,0,0.0,0,0.0,29.0
EXP_LOYALTY,C0595,Loyalty,2026-08-01,1,treatment,1,0.5355,0.0494,0,0.0,0,0.0,0,0.0,16.0
EXP_NEW_PRODUCT,C0595,New Product,2026-08-01,1,treatment,1,0.5355,0.0584,0,0.0,1,1353.74,1,2582.29,23.0
EXP_WIN-BACK,C0595,Win-back,2026-08-01,1,control,0,0.5355,0.0674,0,0.0,0,0.0,0,0.0,0.0
EXP_BIRTHDAY,C0596,Birthday,2026-08-01,1,treatment,1,0.7228,0.024,0,0.0,1,1281.39,1,2038.63,20.25
EXP_DISCOUNT,C0596,Discount,2026-08-01,1,treatment,1,0.7228,0.0336,1,300.06,1,595.17,1,762.13,23.25
EXP_FESTIVAL,C0596,Festival,2026-08-01,1,control,0,0.7228,0.0432,0,0.0,0,0.0,1,1261.61,0.0
EXP_LOYALTY,C0596,Loyalty,2026-08-01,1,control,0,0.7228,0.0527,1,514.69,1,887.65,1,1164.51,0.0
EXP_NEW_PRODUCT,C0596,New Product,2026-08-01,1,control,0,0.7228,0.0623,0,0.0,1,892.04,1,1315.74,0.0
EXP_WIN-BACK,C0596,Win-back,2026-08-01,1,control,0,0.7228,0.0719,0,0.0,0,0.0,0,0.0,0.0
EXP_BIRTHDAY,C0597,Birthday,2026-08-01,1,control,0,0.5313,0.0224,0,0.0,0,0.0,1,984.78,0.0
EXP_DISCOUNT,C0597,Discount,2026-08-01,1,treatment,1,0.5313,0.0314,0,0.0,1,1442.09,1,2378.46,23.25
EXP_FESTIVAL,C0597,Festival,2026-08-01,1,control,0,0.5313,0.0403,0,0.0,0,0.0,1,991.57,0.0
EXP_LOYALTY,C0597,Loyalty,2026-08-01,1,treatment,1,0.5313,0.0493,0,0.0,0,0.0,0,0.0,16.0
EXP_NEW_PRODUCT,C0597,New Product,2026-08-01,1,treatment,1,0.5313,0.0583,0,0.0,1,288.19,1,632.6,23.0
EXP_WIN-BACK,C0597,Win-back,2026-08-01,1,control,0,0.5313,0.0672,0,0.0,0,0.0,1,798.8,0.0
EXP_BIRTHDAY,C0598,Birthday,2026-08-01,1,control,0,0.4434,0.0216,0,0.0,0,0.0,1,820.41,0.0
EXP_DISCOUNT,C0598,Discount,2026-08-01,1,treatment,1,0.4434,0.0302,0,0.0,0,0.0,0,0.0,23.25
EXP_FESTIVAL,C0598,Festival,2026-08-01,1,control,0,0.4434,0.0388,0,0.0,0,0.0,0,0.0,0.0
EXP_LOYALTY,C0598,Loyalty,2026-08-01,1,treatment,1,0.4434,0.0475,0,0.0,0,0.0,1,572.55,16.0
EXP_NEW_PRODUCT,C0598,New Product,2026-08-01,1,control,0,0.4434,0.0561,0,0.0,0,0.0,0,0.0,0.0
EXP_WIN-BACK,C0598,Win-back,2026-08-01,1,treatment,1,0.4434,0.0647,0,0.0,0,0.0,0,0.0,31.0
EXP_BIRTHDAY,C0599,Birthday,2026-08-01,1,treatment,1,0.4205,0.0213,0,0.0,0,0.0,0,0.0,20.25
EXP_DISCOUNT,C0599,Discount,2026-08-01,1,treatment,1,0.4205,0.0299,0,0.0,0,0.0,0,0.0,23.25
EXP_FESTIVAL,C0599,Festival,2026-08-01,1,control,0,0.4205,0.0384,0,0.0,0,0.0,0,0.0,0.0
EXP_LOYALTY,C0599,Loyalty,2026-08-01,1,treatment,1,0.4205,0.047,0,0.0,0,0.0,0,0.0,16.0
EXP_NEW_PRODUCT,C0599,New Product,2026-08-01,1,treatment,1,0.4205,0.0555,0,0.0,0,0.0,1,629.82,23.0
EXP_WIN-BACK,C0599,Win-back,2026-08-01,1,control,0,0.4205,0.064,0,0.0,0,0.0,0,0.0,0.0
EXP_BIRTHDAY,C0600,Birthday,2026-08-01,1,control,0,0.651,0.0235,0,0.0,0,0.0,0,0.0,0.0
EXP_DISCOUNT,C0600,Discount,2026-08-01,1,control,0,0.651,0.0328,0,0.0,0,0.0,0,0.0,0.0
EXP_FESTIVAL,C0600,Festival,2026-08-01,1,control,0,0.651,0.0422,1,420.93,1,820.86,1,1093.38,0.0
EXP_LOYALTY,C0600,Loyalty,2026-08-01,1,control,0,0.651,0.0516,0,0.0,0,0.0,1,987.44,0.0
EXP_NEW_PRODUCT,C0600,New Product,2026-08-01,1,control,0,0.651,0.061,0,0.0,1,692.48,1,890.11,0.0
EXP_WIN-BACK,C0600,Win-back,2026-08-01,1,treatment,1,0.651,0.0704,0,0.0,1,470.69,1,848.95,31.0
EXP_BIRTHDAY,C0601,Birthday,2026-08-01,1,control,0,0.2625,0.02,0,0.0,0,0.0,0,0.0,0.0
EXP_DISCOUNT,C0601,Discount,2026-08-01,1,control,0,0.2625,0.0279,0,0.0,0,0.0,0,0.0,0.0
EXP_FESTIVAL,C0601,Festival,2026-08-01,1,treatment,1,0.2625,0.0359,0,0.0,0,0.0,0,0.0,29.0
EXP_LOYALTY,C0601,Loyalty,2026-08-01,1,control,0,0.2625,0.0439,0,0.0,0,0.0,0,0.0,0.0
EXP_NEW_PRODUCT,C0601,New Product,2026-08-01,1,treatment,1,0.2625,0.0519,0,0.0,0,0.0,1,397.86,23.0
EXP_WIN-BACK,C0601,Win-back,2026-08-01,1,control,0,0.2625,0.0599,0,0.0,1,269.26,1,491.53,0.0
EXP_BIRTHDAY,C0602,Birthday,2026-08-01,1,treatment,1,0.471,0.0218,1,879.07,1,1196.92,1,1757.75,20.25
EXP_DISCOUNT,C0602,Discount,2026-08-01,1,control,0,0.471,0.0306,1,1484.28,1,1763.73,1,2207.63,0.0
EXP_FESTIVAL,C0602,Festival,2026-08-01,1,control,0,0.471,0.0393,0,0.0,0,0.0,0,0.0,0.0
EXP_LOYALTY,C0602,Loyalty,2026-08-01,1,control,0,0.471,0.048,0,0.0,0,0.0,1,1039.27,0.0
EXP_NEW_PRODUCT,C0602,New Product,2026-08-01,1,treatment,1,0.471,0.0568,1,824.41,1,1128.4,1,1449.96,23.0
EXP_WIN-BACK,C0602,Win-back,2026-08-01,1,treatment,1,0.471,0.0655,0,0.0,0,0.0,0,0.0,31.0
EXP_BIRTHDAY,C0603,Birthday,2026-08-01,1,treatment,1,0.676,0.0236,1,790.39,1,1064.57,1,1434.88,20.25
EXP_DISCOUNT,C0603,Discount,2026-08-01,1,control,0,0.676,0.0331,0,0.0,1,542.32,1,793.74,0.0
EXP_FESTIVAL,C0603,Festival,2026-08-01,1,control,0,0.676,0.0426,0,0.0,0,0.0,0,0.0,0.0
EXP_LOYALTY,C0603,Loyalty,2026-08-01,1,treatment,1,0.676,0.052,0,0.0,0,0.0,0,0.0,16.0
EXP_NEW_PRODUCT,C0603,New Product,2026-08-01,1,treatment,1,0.676,0.0615,0,0.0,0,0.0,1,827.86,23.0
EXP_WIN-BACK,C0603,Win-back,2026-08-01,1,control,0,0.676,0.0709,0,0.0,0,0.0,1,1207.04,0.0
EXP_BIRTHDAY,C0604,Birthday,2026-08-01,1,treatment,1,0.4043,0.0212,0,0.0,0,0.0,1,714.22,20.25
EXP_DISCOUNT,C0604,Discount,2026-08-01,1,treatment,1,0.4043,0.0297,0,0.0,1,281.57,1,571.89,23.25
EXP_FESTIVAL,C0604,Festival,2026-08-01,1,treatment,1,0.4043,0.0381,0,0.0,1,318.45,1,461.96,29.0
EXP_LOYALTY,C0604,Loyalty,2026-08-01,1,control,0,0.4043,0.0466,0,0.0,0,0.0,0,0.0,0.0
EXP_NEW_PRODUCT,C0604,New Product,2026-08-01,1,control,0,0.4043,0.0551,0,0.0,0,0.0,0,0.0,0.0
EXP_WIN-BACK,C0604,Win-back,2026-08-01,1,control,0,0.4043,0.0636,0,0.0,0,0.0,0,0.0,0.0
EXP_BIRTHDAY,C0605,Birthday,2026-08-01,1,treatment,1,0.761,0.0242,0,0.0,1,1092.24,1,1844.73,20.25
EXP_DISCOUNT,C0605,Discount,2026-08-01,1,treatment,1,0.761,0.0339,0,0.0,1,1388.44,1,2312.22,23.25
EXP_FESTIVAL,C0605,Festival,2026-08-01,1,control,0,0.761,0.0436,1,1235.02,1,2350.64,1,3623.06,0.0
EXP_LOYALTY,C0605,Loyalty,2026-08-01,1,treatment,1,0.761,0.0533,0,0.0,0,0.0,1,2142.6,16.0
EXP_NEW_PRODUCT,C0605,New Product,2026-08-01,1,treatment,1,0.761,0.063,1,851.26,1,1748.04,1,2642.12,23.0
EXP_WIN-BACK,C0605,Win-back,2026-08-01,1,treatment,1,0.761,0.0726,0,0.0,0,0.0,0,0.0,31.0
EXP_BIRTHDAY,C0606,Birthday,2026-08-01,1,control,0,0.525,0.0224,0,0.0,0,0.0,0,0.0,0.0
EXP_DISCOUNT,C0606,Discount,2026-08-01,1,treatment,1,0.525,0.0313,0,0.0,0,0.0,0,0.0,23.25
EXP_FESTIVAL,C0606,Festival,2026-08-01,1,treatment,1,0.525,0.0402,0,0.0,0,0.0,1,622.62,29.0
EXP_LOYALTY,C0606,Loyalty,2026-08-01,1,treatment,1,0.525,0.0492,1,219.81,1,478.55,1,603.14,16.0
EXP_NEW_PRODUCT,C0606,New Product,2026-08-01,1,control,0,0.525,0.0581,0,0.0,1,475.88,1,711.64,0.0
EXP_WIN-BACK,C0606,Win-back,2026-08-01,1,control,0,0.525,0.0671,0,0.0,0,0.0,0,0.0,0.0
EXP_BIRTHDAY,C0607,Birthday,2026-08-01,1,treatment,1,0.453,0.0217,0,0.0,0,0.0,0,0.0,20.25
EXP_DISCOUNT,C0607,Discount,2026-08-01,1,control,0,0.453,0.0303,0,0.0,0,0.0,1,1795.32,0.0
EXP_FESTIVAL,C0607,Festival,2026-08-01,1,control,0,0.453,0.039,0,0.0,0,0.0,0,0.0,0.0
EXP_LOYALTY,C0607,Loyalty,2026-08-01,1,treatment,1,0.453,0.0477,0,0.0,0,0.0,0,0.0,16.0
EXP_NEW_PRODUCT,C0607,New Product,2026-08-01,1,control,0,0.453,0.0563,0,0.0,0,0.0,1,1214.18,0.0
EXP_WIN-BACK,C0607,Win-back,2026-08-01,1,control,0,0.453,0.065,0,0.0,0,0.0,0,0.0,0.0
EXP_BIRTHDAY,C0608,Birthday,2026-08-01,1,control,0,0.1737,0.0193,0,0.0,0,0.0,0,0.0,0.0
EXP_DISCOUNT,C0608,Discount,2026-08-01,1,treatment,1,0.1737,0.0271,0,0.0,0,0.0,0,0.0,23.25
EXP_FESTIVAL,C0608,Festival,2026-08-01,1,control,0,0.1737,0.0348,0,0.0,0,0.0,0,0.0,0.0
EXP_LOYALTY,C0608,Loyalty,2026-08-01,1,treatment,1,0.1737,0.0426,0,0.0,0,0.0,0,0.0,16.0
EXP_NEW_PRODUCT,C0608,New Product,2026-08-01,1,control,0,0.1737,0.0503,1,497.7,1,629.48,1,842.08,0.0
EXP_WIN-BACK,C0608,Win-back,2026-08-01,1,control,0,0.1737,0.058,0,0.0,0,0.0,0,0.0,0.0
EXP_BIRTHDAY,C0609,Birthday,2026-08-01,1,treatment,1,0.5499,0.0226,0,0.0,0,0.0,0,0.0,20.25
EXP_DISCOUNT,C0609,Discount,2026-08-01,1,control,0,0.5499,0.0316,0,0.0,0,0.0,0,0.0,0.0
EXP_FESTIVAL,C0609,Festival,2026-08-01,1,treatment,1,0.5499,0.0407,0,0.0,0,0.0,1,640.08,29.0
EXP_LOYALTY,C0609,Loyalty,2026-08-01,1,control,0,0.5499,0.0497,0,0.0,0,0.0,0,0.0,0.0
EXP_NEW_PRODUCT,C0609,New Product,2026-08-01,1,treatment,1,0.5499,0.0587,0,0.0,0,0.0,0,0.0,23.0
EXP_WIN-BACK,C0609,Win-back,2026-08-01,1,control,0,0.5499,0.0678,0,0.0,0,0.0,1,724.07,0.0
EXP_BIRTHDAY,C0610,Birthday,2026-08-01,1,treatment,1,0.2735,0.02,0,0.0,0,0.0,1,376.35,20.25
EXP_DISCOUNT,C0610,Discount,2026-08-01,1,treatment,1,0.2735,0.0281,0,0.0,0,0.0,0,0.0,23.25
EXP_FESTIVAL,C0610,Festival,2026-08-01,1,treatment,1,0.2735,0.0361,0,0.0,0,0.0,0,0.0,29.0
EXP_LOYALTY,C0610,Loyalty,2026-08-01,1,treatment,1,0.2735,0.0441,0,0.0,0,0.0,0,0.0,16.0
EXP_NEW_PRODUCT,C0610,New Product,2026-08-01,1,control,0,0.2735,0.0521,0,0.0,0,0.0,1,524.62,0.0
EXP_WIN-BACK,C0610,Win-back,2026-08-01,1,control,0,0.2735,0.0601,0,0.0,0,0.0,0,0.0,0.0
EXP_BIRTHDAY,C0611,Birthday,2026-08-01,1,treatment,1,0.4879,0.022,0,0.0,0,0.0,1,2171.2,20.25
EXP_DISCOUNT,C0611,Discount,2026-08-01,1,control,0,0.4879,0.0308,0,0.0,0,0.0,0,0.0,0.0
EXP_FESTIVAL,C0611,Festival,2026-08-01,1,control,0,0.4879,0.0396,0,0.0,0,0.0,0,0.0,0.0
EXP_LOYALTY,C0611,Loyalty,2026-08-01,1,treatment,1,0.4879,0.0484,0,0.0,0,0.0,0,0.0,16.0
EXP_NEW_PRODUCT,C0611,New Product,2026-08-01,1,control,0,0.4879,0.0572,1,680.62,1,1404.36,1,2134.22,0.0
EXP_WIN-BACK,C0611,Win-back,2026-08-01,1,treatment,1,0.4879,0.066,1,1025.23,1,1378.06,1,1927.86,31.0
EXP_BIRTHDAY,C0612,Birthday,2026-08-01,1,treatment,1,0.2994,0.0202,0,0.0,0,0.0,0,0.0,20.25
EXP_DISCOUNT,C0612,Discount,2026-08-01,1,treatment,1,0.2994,0.0283,0,0.0,0,0.0,0,0.0,23.25
EXP_FESTIVAL,C0612,Festival,2026-08-01,1,control,0,0.2994,0.0364,0,0.0,0,0.0,0,0.0,0.0
EXP_LOYALTY,C0612,Loyalty,2026-08-01,1,control,0,0.2994,0.0445,1,311.5,1,380.63,1,640.74,0.0
EXP_NEW_PRODUCT,C0612,New Product,2026-08-01,1,treatment,1,0.2994,0.0526,0,0.0,0,0.0,0,0.0,23.0
EXP_WIN-BACK,C0612,Win-back,2026-08-01,1,treatment,1,0.2994,0.0607,0,0.0,0,0.0,1,308.84,31.0
EXP_BIRTHDAY,C0613,Birthday,2026-08-01,1,control,0,0.4605,0.0217,1,581.45,1,1067.38,1,1372.2,0.0
EXP_DISCOUNT,C0613,Discount,2026-08-01,1,treatment,1,0.4605,0.0304,0,0.0,0,0.0,0,0.0,23.25
EXP_FESTIVAL,C0613,Festival,2026-08-01,1,control,0,0.4605,0.0391,1,388.03,1,713.16,1,956.55,0.0
EXP_LOYALTY,C0613,Loyalty,2026-08-01,1,control,0,0.4605,0.0478,0,0.0,0,0.0,1,1226.84,0.0
EXP_NEW_PRODUCT,C0613,New Product,2026-08-01,1,treatment,1,0.4605,0.0565,0,0.0,0,0.0,1,2417.92,23.0
EXP_WIN-BACK,C0613,Win-back,2026-08-01,1,treatment,1,0.4605,0.0652,0,0.0,0,0.0,1,1408.42,31.0
EXP_BIRTHDAY,C0614,Birthday,2026-08-01,1,control,0,0.499,0.0221,0,0.0,0,0.0,0,0.0,0.0
EXP_DISCOUNT,C0614,Discount,2026-08-01,1,control,0,0.499,0.0309,0,0.0,0,0.0,0,0.0,0.0
EXP_FESTIVAL,C0614,Festival,2026-08-01,1,control,0,0.499,0.0398,0,0.0,0,0.0,0,0.0,0.0
EXP_LOYALTY,C0614,Loyalty,2026-08-01,1,control,0,0.499,0.0486,0,0.0,0,0.0,1,2154.67,0.0
EXP_NEW_PRODUCT,C0614,New Product,2026-08-01,1,control,0,0.499,0.0575,0,0.0,1,2236.54,1,3067.22,0.0
EXP_WIN-BACK,C0614,Win-back,2026-08-01,1,control,0,0.499,0.0663,0,0.0,1,575.78,1,961.32,0.0
EXP_BIRTHDAY,C0615,Birthday,2026-08-01,1,control,0,0.5586,0.0227,0,0.0,0,0.0,1,894.15,0.0
EXP_DISCOUNT,C0615,Discount,2026-08-01,1,control,0,0.5586,0.0317,1,1534.4,1,1842.21,1,2731.74,0.0
EXP_FESTIVAL,C0615,Festival,2026-08-01,1,control,0,0.5586,0.0408,0,0.0,0,0.0,0,0.0,0.0
EXP_LOYALTY,C0615,Loyalty,2026-08-01,1,treatment,1,0.5586,0.0499,0,0.0,0,0.0,0,0.0,16.0
EXP_NEW_PRODUCT,C0615,New Product,2026-08-01,1,treatment,1,0.5586,0.0589,0,0.0,1,1164.98,1,2510.82,23.0
EXP_WIN-BACK,C0615,Win-back,2026-08-01,1,treatment,1,0.5586,0.068,0,0.0,0,0.0,0,0.0,31.0
EXP_BIRTHDAY,C0616,Birthday,2026-08-01,1,treatment,1,0.6933,0.0238,0,0.0,0,0.0,0,0.0,20.25
EXP_DISCOUNT,C0616,Discount,2026-08-01,1,treatment,1,0.6933,0.0333,0,0.0,0,0.0,1,1468.44,23.25
EXP_FESTIVAL,C0616,Festival,2026-08-01,1,control,0,0.6933,0.0428,0,0.0,1,1556.98,1,2210.47,0.0
EXP_LOYALTY,C0616,Loyalty,2026-08-01,1,treatment,1,0.6933,0.0523,0,0.0,1,458.32,1,657.11,16.0
EXP_NEW_PRODUCT,C0616,New Product,2026-08-01,1,treatment,1,0.6933,0.0618,1,379.28,1,485.2,1,780.46,23.0
EXP_WIN-BACK,C0616,Win-back,2026-08-01,1,treatment,1,0.6933,0.0713,0,0.0,1,945.16,1,1563.48,31.0
EXP_BIRTHDAY,C0617,Birthday,2026-08-01,1,treatment,1,0.6884,0.0237,1,931.55,1,1171.76,1,1393.4,20.25
EXP_DISCOUNT,C0617,Discount,2026-08-01,1,treatment,1,0.6884,0.0332,0,0.0,0,0.0,0,0.0,23.25
EXP_FESTIVAL,C0617,Festival,2026-08-01,1,control,0,0.6884,0.0427,0,0.0,0,0.0,1,1251.42,0.0
EXP_LOYALTY,C0617,Loyalty,2026-08-01,1,control,0,0.6884,0.0522,0,0.0,1,1408.26,1,1682.26,0.0
EXP_NEW_PRODUCT,C0617,New Product,2026-08-01,1,control,0,0.6884,0.0617,0,0.0,0,0.0,1,1780.65,0.0
EXP_WIN-BACK,C0617,Win-back,2026-08-01,1,control,0,0.6884,0.0712,0,0.0,0,0.0,0,0.0,0.0
EXP_BIRTHDAY,C0618,Birthday,2026-08-01,1,control,0,0.3487,0.0207,0,0.0,1,732.22,1,1174.31,0.0
EXP_DISCOUNT,C0618,Discount,2026-08-01,1,treatment,1,0.3487,0.0289,0,0.0,0,0.0,0,0.0,23.25
EXP_FESTIVAL,C0618,Festival,2026-08-01,1,control,0,0.3487,0.0372,0,0.0,0,0.0,0,0.0,0.0
EXP_LOYALTY,C0618,Loyalty,2026-08-01,1,control,0,0.3487,0.0455,0,0.0,0,0.0,0,0.0,0.0
EXP_NEW_PRODUCT,C0618,New Product,2026-08-01,1,control,0,0.3487,0.0538,1,306.7,1,500.38,1,753.64,0.0
EXP_WIN-BACK,C0618,Win-back,2026-08-01,1,treatment,1,0.3487,0.062,0,0.0,1,786.15,1,973.71,31.0
EXP_BIRTHDAY,C0619,Birthday,2026-08-01,1,control,0,0.3175,0.0204,0,0.0,1,256.19,1,348.25,0.0
EXP_DISCOUNT,C0619,Discount,2026-08-01,1,treatment,1,0.3175,0.0286,0,0.0,0,0.0,1,603.59,23.25
EXP_FESTIVAL,C0619,Festival,2026-08-01,1,control,0,0.3175,0.0367,0,0.0,1,464.26,1,787.7,0.0
EXP_LOYALTY,C0619,Loyalty,2026-08-01,1,treatment,1,0.3175,0.0449,0,0.0,1,161.77,1,203.97,16.0
EXP_NEW_PRODUCT,C0619,New Product,2026-08-01,1,control,0,0.3175,0.053,0,0.0,0,0.0,0,0.0,0.0
EXP_WIN-BACK,C0619,Win-back,2026-08-01,1,treatment,1,0.3175,0.0612,0,0.0,0,0.0,0,0.0,31.0
EXP_BIRTHDAY,C0620,Birthday,2026-08-01,1,control,0,0.5125,0.0222,0,0.0,1,276.32,1,559.96,0.0
EXP_DISCOUNT,C0620,Discount,2026-08-01,1,treatment,1,0.5125,0.0311,0,0.0,1,1418.2,1,1836.87,23.25
EXP_FESTIVAL,C0620,Festival,2026-08-01,1,control,0,0.5125,0.04,0,0.0,1,1485.97,1,2482.14,0.0
EXP_LOYALTY,C0620,Loyalty,2026-08-01,1,control,0,0.5125,0.0489,0,0.0,1,1237.41,1,1778.44,0.0
EXP_NEW_PRODUCT,C0620,New Product,2026-08-01,1,treatment,1,0.5125,0.0578,0,0.0,0,0.0,0,0.0,23.0
EXP_WIN-BACK,C0620,Win-back,2026-08-01,1,control,0,0.5125,0.0667,0,0.0,0,0.0,0,0.0,0.0
EXP_BIRTHDAY,C0621,Birthday,2026-08-01,1,control,0,0.5074,0.0222,0,0.0,0,0.0,0,0.0,0.0
EXP_DISCOUNT,C0621,Discount,2026-08-01,1,control,0,0.5074,0.0311,0,0.0,0,0.0,1,1648.64,0.0
EXP_FESTIVAL,C0621,Festival,2026-08-01,1,treatment,1,0.5074,0.0399,0,0.0,1,786.65,1,1133.34,29.0
EXP_LOYALTY,C0621,Loyalty,2026-08-01,1,control,0,0.5074,0.0488,0,0.0,0,0.0,1,831.93,0.0
EXP_NEW_PRODUCT,C0621,New Product,2026-08-01,1,treatment,1,0.5074,0.0577,0,0.0,1,506.04,1,998.8,23.0
EXP_WIN-BACK,C0621,Win-back,2026-08-01,1,treatment,1,0.5074,0.0666,0,0.0,1,530.47,1,1131.04,31.0
EXP_BIRTHDAY,C0622,Birthday,2026-08-01,1,treatment,1,0.4526,0.0217,0,0.0,0,0.0,0,0.0,20.25
EXP_DISCOUNT,C0622,Discount,2026-08-01,1,control,0,0.4526,0.0303,0,0.0,0,0.0,0,0.0,0.0
EXP_FESTIVAL,C0622,Festival,2026-08-01,1,treatment,1,0.4526,0.039,0,0.0,0,0.0,0,0.0,29.0
EXP_LOYALTY,C0622,Loyalty,2026-08-01,1,control,0,0.4526,0.0476,0,0.0,1,910.52,1,1203.95,0.0
EXP_NEW_PRODUCT,C0622,New Product,2026-08-01,1,control,0,0.4526,0.0563,0,0.0,0,0.0,0,0.0,0.0
EXP_WIN-BACK,C0622,Win-back,2026-08-01,1,control,0,0.4526,0.065,0,0.0,0,0.0,1,237.87,0.0
EXP_BIRTHDAY,C0623,Birthday,2026-08-01,1,treatment,1,0.2712,0.02,0,0.0,0,0.0,0,0.0,20.25
EXP_DISCOUNT,C0623,Discount,2026-08-01,1,treatment,1,0.2712,0.028,0,0.0,0,0.0,0,0.0,23.25
EXP_FESTIVAL,C0623,Festival,2026-08-01,1,treatment,1,0.2712,0.036,0,0.0,0,0.0,0,0.0,29.0
EXP_LOYALTY,C0623,Loyalty,2026-08-01,1,control,0,0.2712,0.044,0,0.0,0,0.0,0,0.0,0.0
EXP_NEW_PRODUCT,C0623,New Product,2026-08-01,1,control,0,0.2712,0.0521,0,0.0,0,0.0,1,1240.36,0.0
EXP_WIN-BACK,C0623,Win-back,2026-08-01,1,control,0,0.2712,0.0601,0,0.0,0,0.0,0,0.0,0.0
EXP_BIRTHDAY,C0624,Birthday,2026-08-01,1,control,0,0.3654,0.0208,0,0.0,0,0.0,0,0.0,0.0
EXP_DISCOUNT,C0624,Discount,2026-08-01,1,control,0,0.3654,0.0292,0,0.0,0,0.0,0,0.0,0.0
EXP_FESTIVAL,C0624,Festival,2026-08-01,1,treatment,1,0.3654,0.0375,0,0.0,1,837.0,1,1587.1,29.0
EXP_LOYALTY,C0624,Loyalty,2026-08-01,1,control,0,0.3654,0.0458,0,0.0,0,0.0,0,0.0,0.0
EXP_NEW_PRODUCT,C0624,New Product,2026-08-01,1,control,0,0.3654,0.0542,0,0.0,0,0.0,0,0.0,0.0
EXP_WIN-BACK,C0624,Win-back,2026-08-01,1,control,0,0.3654,0.0625,1,258.1,1,377.81,1,773.43,0.0
EXP_BIRTHDAY,C0625,Birthday,2026-08-01,1,treatment,1,0.5394,0.0225,0,0.0,0,0.0,0,0.0,20.25
EXP_DISCOUNT,C0625,Discount,2026-08-01,1,control,0,0.5394,0.0315,0,0.0,0,0.0,1,820.83,0.0
EXP_FESTIVAL,C0625,Festival,2026-08-01,1,control,0,0.5394,0.0405,0,0.0,0,0.0,0,0.0,0.0
EXP_LOYALTY,C0625,Loyalty,2026-08-01,1,control,0,0.5394,0.0495,0,0.0,0,0.0,0,0.0,0.0
EXP_NEW_PRODUCT,C0625,New Product,2026-08-01,1,treatment,1,0.5394,0.0585,0,0.0,1,545.08,1,1188.22,23.0
EXP_WIN-BACK,C0625,Win-back,2026-08-01,1,treatment,1,0.5394,0.0675,0,0.0,0,0.0,1,468.69,31.0
EXP_BIRTHDAY,C0626,Birthday,2026-08-01,1,control,0,0.4725,0.0219,0,0.0,1,324.08,1,493.49,0.0
EXP_DISCOUNT,C0626,Discount,2026-08-01,1,control,0,0.4725,0.0306,0,0.0,0,0.0,0,0.0,0.0
EXP_FESTIVAL,C0626,Festival,2026-08-01,1,control,0,0.4725,0.0393,0,0.0,0,0.0,0,0.0,0.0
EXP_LOYALTY,C0626,Loyalty,2026-08-01,1,control,0,0.4725,0.0481,0,0.0,0,0.0,0,0.0,0.0
EXP_NEW_PRODUCT,C0626,New Product,2026-08-01,1,treatment,1,0.4725,0.0568,0,0.0,0,0.0,1,795.44,23.0
EXP_WIN-BACK,C0626,Win-back,2026-08-01,1,treatment,1,0.4725,0.0656,0,0.0,1,215.92,1,449.9,31.0
EXP_BIRTHDAY,C0627,Birthday,2026-08-01,1,treatment,1,0.4335,0.0215,0,0.0,1,1322.55,1,1855.82,20.25
EXP_DISCOUNT,C0627,Discount,2026-08-01,1,control,0,0.4335,0.0301,0,0.0,1,861.34,1,1366.44,0.0
EXP_FESTIVAL,C0627,Festival,2026-08-01,1,control,0,0.4335,0.0387,0,0.0,0,0.0,0,0.0,0.0
EXP_LOYALTY,C0627,Loyalty,2026-08-01,1,control,0,0.4335,0.0472,0,0.0,0,0.0,0,0.0,0.0
EXP_NEW_PRODUCT,C0627,New Product,2026-08-01,1,treatment,1,0.4335,0.0558,0,0.0,0,0.0,0,0.0,23.0
EXP_WIN-BACK,C0627,Win-back,2026-08-01,1,treatment,1,0.4335,0.0644,0,0.0,0,0.0,1,2919.54,31.0
EXP_BIRTHDAY,C0628,Birthday,2026-08-01,1,control,0,0.2639,0.02,0,0.0,0,0.0,0,0.0,0.0
EXP_DISCOUNT,C0628,Discount,2026-08-01,1,control,0,0.2639,0.0279,0,0.0,0,0.0,0,0.0,0.0
EXP_FESTIVAL,C0628,Festival,2026-08-01,1,control,0,0.2639,0.0359,0,0.0,0,0.0,1,585.16,0.0
EXP_LOYALTY,C0628,Loyalty,2026-08-01,1,treatment,1,0.2639,0.0439,0,0.0,0,0.0,0,0.0,16.0
EXP_NEW_PRODUCT,C0628,New Product,2026-08-01,1,treatment,1,0.2639,0.0519,0,0.0,1,353.11,1,480.63,23.0
EXP_WIN-BACK,C0628,Win-back,2026-08-01,1,treatment,1,0.2639,0.0599,0,0.0,0,0.0,1,445.43,31.0
EXP_BIRTHDAY,C0629,Birthday,2026-08-01,1,control,0,0.5502,0.0226,0,0.0,0,0.0,0,0.0,0.0
EXP_DISCOUNT,C0629,Discount,2026-08-01,1,treatment,1,0.5502,0.0316,0,0.0,0,0.0,0,0.0,23.25
EXP_FESTIVAL,C0629,Festival,2026-08-01,1,control,0,0.5502,0.0407,0,0.0,0,0.0,0,0.0,0.0
EXP_LOYALTY,C0629,Loyalty,2026-08-01,1,treatment,1,0.5502,0.0497,1,582.8,1,1131.61,1,1458.41,16.0
EXP_NEW_PRODUCT,C0629,New Product,2026-08-01,1,control,0,0.5502,0.0587,0,0.0,0,0.0,0,0.0,0.0
EXP_WIN-BACK,C0629,Win-back,2026-08-01,1,control,0,0.5502,0.0678,0,0.0,0,0.0,1,1155.72,0.0
EXP_BIRTHDAY,C0630,Birthday,2026-08-01,1,control,0,0.4419,0.0216,0,0.0,0,0.0,0,0.0,0.0
EXP_DISCOUNT,C0630,Discount,2026-08-01,1,treatment,1,0.4419,0.0302,0,0.0,0,0.0,0,0.0,23.25
EXP_FESTIVAL,C0630,Festival,2026-08-01,1,treatment,1,0.4419,0.0388,0,0.0,0,0.0,0,0.0,29.0
EXP_LOYALTY,C0630,Loyalty,2026-08-01,1,control,0,0.4419,0.0474,0,0.0,0,0.0,0,0.0,0.0
EXP_NEW_PRODUCT,C0630,New Product,2026-08-01,1,control,0,0.4419,0.056,0,0.0,0,0.0,1,655.7,0.0
EXP_WIN-BACK,C0630,Win-back,2026-08-01,1,treatment,1,0.4419,0.0647,0,0.0,0,0.0,0,0.0,31.0
EXP_BIRTHDAY,C0631,Birthday,2026-08-01,1,treatment,1,0.4386,0.0215,1,534.34,1,697.41,1,1091.01,20.25
EXP_DISCOUNT,C0631,Discount,2026-08-01,1,control,0,0.4386,0.0301,0,0.0,1,1081.18,1,2182.16,0.0
EXP_FESTIVAL,C0631,Festival,2026-08-01,1,treatment,1,0.4386,0.0387,1,933.16,1,1122.92,1,1770.38,29.0
EXP_LOYALTY,C0631,Loyalty,2026-08-01,1,treatment,1,0.4386,0.0474,0,0.0,0,0.0,0,0.0,16.0
EXP_NEW_PRODUCT,C0631,New Product,2026-08-01,1,control,0,0.4386,0.056,0,0.0,0,0.0,1,877.16,0.0
EXP_WIN-BACK,C0631,Win-back,2026-08-01,1,control,0,0.4386,0.0646,0,0.0,0,0.0,0,0.0,0.0
EXP_BIRTHDAY,C0632,Birthday,2026-08-01,1,treatment,1,0.5432,0.0225,0,0.0,0,0.0,0,0.0,20.25
EXP_DISCOUNT,C0632,Discount,2026-08-01,1,treatment,1,0.5432,0.0315,0,0.0,0,0.0,0,0.0,23.25
EXP_FESTIVAL,C0632,Festival,2026-08-01,1,control,0,0.5432,0.0405,0,0.0,0,0.0,0,0.0,0.0
EXP_LOYALTY,C0632,Loyalty,2026-08-01,1,control,0,0.5432,0.0495,0,0.0,1,954.05,1,1306.43,0.0
EXP_NEW_PRODUCT,C0632,New Product,2026-08-01,1,treatment,1,0.5432,0.0586,0,0.0,0,0.0,0,0.0,23.0
EXP_WIN-BACK,C0632,Win-back,2026-08-01,1,treatment,1,0.5432,0.0676,0,0.0,0,0.0,1,1091.83,31.0
EXP_BIRTHDAY,C0633,Birthday,2026-08-01,1,treatment,1,0.3938,0.0211,1,254.99,1,385.11,1,655.17,20.25
EXP_DISCOUNT,C0633,Discount,2026-08-01,1,control,0,0.3938,0.0295,0,0.0,0,0.0,1,765.15,0.0
EXP_FESTIVAL,C0633,Festival,2026-08-01,1,control,0,0.3938,0.038,0,0.0,0,0.0,1,931.84,0.0
EXP_LOYALTY,C0633,Loyalty,2026-08-01,1,treatment,1,0.3938,0.0464,0,0.0,0,0.0,0,0.0,16.0
EXP_NEW_PRODUCT,C0633,New Product,2026-08-01,1,treatment,1,0.3938,0.0548,0,0.0,0,0.0,0,0.0,23.0
EXP_WIN-BACK,C0633,Win-back,2026-08-01,1,control,0,0.3938,0.0633,0,0.0,0,0.0,1,2838.53,0.0
EXP_BIRTHDAY,C0634,Birthday,2026-08-01,1,control,0,0.4572,0.0217,0,0.0,0,0.0,0,0.0,0.0
EXP_DISCOUNT,C0634,Discount,2026-08-01,1,control,0,0.4572,0.0304,1,415.62,1,742.66,1,1032.15,0.0
EXP_FESTIVAL,C0634,Festival,2026-08-01,1,control,0,0.4572,0.0391,0,0.0,0,0.0,0,0.0,0.0
EXP_LOYALTY,C0634,Loyalty,2026-08-01,1,treatment,1,0.4572,0.0477,0,0.0,0,0.0,0,0.0,16.0
EXP_NEW_PRODUCT,C0634,New Product,2026-08-01,1,control,0,0.4572,0.0564,0,0.0,0,0.0,0,0.0,0.0
EXP_WIN-BACK,C0634,Win-back,2026-08-01,1,control,0,0.4572,0.0651,0,0.0,0,0.0,0,0.0,0.0
EXP_BIRTHDAY,C0635,Birthday,2026-08-01,1,control,0,0.5039,0.0222,0,0.0,0,0.0,0,0.0,0.0
EXP_DISCOUNT,C0635,Discount,2026-08-01,1,treatment,1,0.5039,0.031,0,0.0,0,0.0,1,1077.32,23.25
EXP_FESTIVAL,C0635,Festival,2026-08-01,1,treatment,1,0.5039,0.0399,0,0.0,0,0.0,1,1984.1,29.0
EXP_LOYALTY,C0635,Loyalty,2026-08-01,1,treatment,1,0.5039,0.0487,0,0.0,0,0.0,0,0.0,16.0
EXP_NEW_PRODUCT,C0635,New Product,2026-08-01,1,treatment,1,0.5039,0.0576,1,464.91,1,874.18,1,1618.36,23.0
EXP_WIN-BACK,C0635,Win-back,2026-08-01,1,control,0,0.5039,0.0665,0,0.0,1,1549.39,1,2762.24,0.0
EXP_BIRTHDAY,C0636,Birthday,2026-08-01,1,control,0,0.7486,0.0241,1,808.34,1,1068.47,1,2206.14,0.0
EXP_DISCOUNT,C0636,Discount,2026-08-01,1,treatment,1,0.7486,0.0338,0,0.0,0,0.0,0,0.0,23.25
EXP_FESTIVAL,C0636,Festival,2026-08-01,1,treatment,1,0.7486,0.0434,0,0.0,0,0.0,1,981.43,29.0
EXP_LOYALTY,C0636,Loyalty,2026-08-01,1,treatment,1,0.7486,0.0531,0,0.0,0,0.0,1,2584.31,16.0
EXP_NEW_PRODUCT,C0636,New Product,2026-08-01,1,control,0,0.7486,0.0628,0,0.0,0,0.0,0,0.0,0.0
EXP_WIN-BACK,C0636,Win-back,2026-08-01,1,control,0,0.7486,0.0724,0,0.0,0,0.0,0,0.0,0.0
EXP_BIRTHDAY,C0637,Birthday,2026-08-01,1,control,0,0.4676,0.0218,0,0.0,0,0.0,1,460.66,0.0
EXP_DISCOUNT,C0637,Discount,2026-08-01,1,control,0,0.4676,0.0305,0,0.0,0,0.0,0,0.0,0.0
EXP_FESTIVAL,C0637,Festival,2026-08-01,1,treatment,1,0.4676,0.0392,0,0.0,0,0.0,0,0.0,29.0
EXP_LOYALTY,C0637,Loyalty,2026-08-01,1,treatment,1,0.4676,0.048,0,0.0,0,0.0,1,654.5,16.0
EXP_NEW_PRODUCT,C0637,New Product,2026-08-01,1,treatment,1,0.4676,0.0567,0,0.0,0,0.0,0,0.0,23.0
EXP_WIN-BACK,C0637,Win-back,2026-08-01,1,treatment,1,0.4676,0.0654,0,0.0,0,0.0,0,0.0,31.0
EXP_BIRTHDAY,C0638,Birthday,2026-08-01,1,treatment,1,0.4797,0.0219,0,0.0,0,0.0,0,0.0,20.25
EXP_DISCOUNT,C0638,Discount,2026-08-01,1,treatment,1,0.4797,0.0307,0,0.0,0,0.0,1,592.11,23.25
EXP_FESTIVAL,C0638,Festival,2026-08-01,1,control,0,0.4797,0.0395,1,253.49,1,311.54,1,517.5,0.0
EXP_LOYALTY,C0638,Loyalty,2026-08-01,1,treatment,1,0.4797,0.0482,0,0.0,0,0.0,0,0.0,16.0
EXP_NEW_PRODUCT,C0638,New Product,2026-08-01,1,control,0,0.4797,0.057,0,0.0,0,0.0,1,974.15,0.0
EXP_WIN-BACK,C0638,Win-back,2026-08-01,1,control,0,0.4797,0.0658,0,0.0,0,0.0,0,0.0,0.0
EXP_BIRTHDAY,C0639,Birthday,2026-08-01,1,treatment,1,0.358,0.0208,0,0.0,0,0.0,0,0.0,20.25
EXP_DISCOUNT,C0639,Discount,2026-08-01,1,treatment,1,0.358,0.0291,0,0.0,0,0.0,0,0.0,23.25
EXP_FESTIVAL,C0639,Festival,2026-08-01,1,treatment,1,0.358,0.0374,0,0.0,0,0.0,0,0.0,29.0
EXP_LOYALTY,C0639,Loyalty,2026-08-01,1,treatment,1,0.358,0.0457,1,161.53,1,347.26,1,498.71,16.0
EXP_NEW_PRODUCT,C0639,New Product,2026-08-01,1,treatment,1,0.358,0.054,0,0.0,1,602.63,1,874.61,23.0
EXP_WIN-BACK,C0639,Win-back,2026-08-01,1,control,0,0.358,0.0623,0,0.0,0,0.0,0,0.0,0.0
EXP_BIRTHDAY,C0640,Birthday,2026-08-01,1,treatment,1,0.3814,0.021,0,0.0,0,0.0,0,0.0,20.25
EXP_DISCOUNT,C0640,Discount,2026-08-01,1,control,0,0.3814,0.0294,0,0.0,0,0.0,0,0.0,0.0
EXP_FESTIVAL,C0640,Festival,2026-08-01,1,treatment,1,0.3814,0.0378,0,0.0,1,294.2,1,513.06,29.0
EXP_LOYALTY,C0640,Loyalty,2026-08-01,1,treatment,1,0.3814,0.0462,1,196.78,1,295.05,1,653.91,16.0
EXP_NEW_PRODUCT,C0640,New Product,2026-08-01,1,treatment,1,0.3814,0.0545,0,0.0,0,0.0,0,0.0,23.0
EXP_WIN-BACK,C0640,Win-back,2026-08-01,1,control,0,0.3814,0.0629,0,0.0,0,0.0,0,0.0,0.0
EXP_BIRTHDAY,C0641,Birthday,2026-08-01,1,control,0,0.579,0.0228,0,0.0,0,0.0,1,2438.84,0.0
EXP_DISCOUNT,C0641,Discount,2026-08-01,1,treatment,1,0.579,0.032,0,0.0,0,0.0,0,0.0,23.25
EXP_FESTIVAL,C0641,Festival,2026-08-01,1,treatment,1,0.579,0.0411,0,0.0,0,0.0,0,0.0,29.0
EXP_LOYALTY,C0641,Loyalty,2026-08-01,1,treatment,1,0.579,0.0503,0,0.0,0,0.0,1,1205.46,16.0
EXP_NEW_PRODUCT,C0641,New Product,2026-08-01,1,control,0,0.579,0.0594,0,0.0,0,0.0,0,0.0,0.0
EXP_WIN-BACK,C0641,Win-back,2026-08-01,1,treatment,1,0.579,0.0685,0,0.0,0,0.0,0,0.0,31.0
EXP_BIRTHDAY,C0642,Birthday,2026-08-01,1,treatment,1,0.4436,0.0216,0,0.0,1,1458.21,1,2949.33,20.25
EXP_DISCOUNT,C0642,Discount,2026-08-01,1,treatment,1,0.4436,0.0302,0,0.0,0,0.0,0,0.0,23.25
EXP_FESTIVAL,C0642,Festival,2026-08-01,1,control,0,0.4436,0.0388,1,274.62,1,388.22,1,658.88,0.0
EXP_LOYALTY,C0642,Loyalty,2026-08-01,1,control,0,0.4436,0.0475,0,0.0,0,0.0,1,1300.26,0.0
EXP_NEW_PRODUCT,C0642,New Product,2026-08-01,1,treatment,1,0.4436,0.0561,0,0.0,0,0.0,0,0.0,23.0
EXP_WIN-BACK,C0642,Win-back,2026-08-01,1,treatment,1,0.4436,0.0647,1,462.02,1,594.56,1,1082.19,31.0
EXP_BIRTHDAY,C0643,Birthday,2026-08-01,1,treatment,1,0.5902,0.0229,0,0.0,1,1168.2,1,2374.33,20.25
EXP_DISCOUNT,C0643,Discount,2026-08-01,1,control,0,0.5902,0.0321,0,0.0,1,949.43,1,1667.01,0.0
EXP_FESTIVAL,C0643,Festival,2026-08-01,1,treatment,1,0.5902,0.0413,0,0.0,0,0.0,0,0.0,29.0
EXP_LOYALTY,C0643,Loyalty,2026-08-01,1,treatment,1,0.5902,0.0505,0,0.0,0,0.0,0,0.0,16.0
EXP_NEW_PRODUCT,C0643,New Product,2026-08-01,1,treatment,1,0.5902,0.0597,1,429.14,1,634.47,1,1186.82,23.0
EXP_WIN-BACK,C0643,Win-back,2026-08-01,1,control,0,0.5902,0.0688,0,0.0,0,0.0,0,0.0,0.0
EXP_BIRTHDAY,C0644,Birthday,2026-08-01,1,treatment,1,0.4714,0.0218,0,0.0,0,0.0,0,0.0,20.25
EXP_DISCOUNT,C0644,Discount,2026-08-01,1,treatment,1,0.4714,0.0306,0,0.0,0,0.0,1,1522.09,23.25
EXP_FESTIVAL,C0644,Festival,2026-08-01,1,control,0,0.4714,0.0393,0,0.0,0,0.0,0,0.0,0.0
EXP_LOYALTY,C0644,Loyalty,2026-08-01,1,treatment,1,0.4714,0.048,0,0.0,1,718.24,1,1241.89,16.0
EXP_NEW_PRODUCT,C0644,New Product,2026-08-01,1,control,0,0.4714,0.0568,1,403.38,1,479.83,1,1016.44,0.0
EXP_WIN-BACK,C0644,Win-back,2026-08-01,1,control,0,0.4714,0.0655,0,0.0,0,0.0,0,0.0,0.0
EXP_BIRTHDAY,C0645,Birthday,2026-08-01,1,control,0,0.4809,0.0219,0,0.0,0,0.0,1,895.72,0.0
EXP_DISCOUNT,C0645,Discount,2026-08-01,1,control,0,0.4809,0.0307,0,0.0,1,1818.63,1,2688.73,0.0
EXP_FESTIVAL,C0645,Festival,2026-08-01,1,control,0,0.4809,0.0395,0,0.0,0,0.0,0,0.0,0.0
EXP_LOYALTY,C0645,Loyalty,2026-08-01,1,treatment,1,0.4809,0.0482,0,0.0,0,0.0,0,0.0,16.0
EXP_NEW_PRODUCT,C0645,New Product,2026-08-01,1,control,0,0.4809,0.057,0,0.0,0,0.0,0,0.0,0.0
EXP_WIN-BACK,C0645,Win-back,2026-08-01,1,control,0,0.4809,0.0658,0,0.0,0,0.0,0,0.0,0.0
EXP_BIRTHDAY,C0646,Birthday,2026-08-01,1,control,0,0.4883,0.022,0,0.0,0,0.0,1,1272.39,0.0
EXP_DISCOUNT,C0646,Discount,2026-08-01,1,treatment,1,0.4883,0.0308,1,641.94,1,941.13,1,1176.42,23.25
EXP_FESTIVAL,C0646,Festival,2026-08-01,1,treatment,1,0.4883,0.0396,0,0.0,1,1297.99,1,2273.88,29.0
EXP_LOYALTY,C0646,Loyalty,2026-08-01,1,control,0,0.4883,0.0484,0,0.0,0,0.0,0,0.0,0.0
EXP_NEW_PRODUCT,C0646,New Product,2026-08-01,1,treatment,1,0.4883,0.0572,0,0.0,1,741.24,1,1449.93,23.0
EXP_WIN-BACK,C0646,Win-back,2026-08-01,1,treatment,1,0.4883,0.066,0,0.0,0,0.0,0,0.0,31.0
EXP_BIRTHDAY,C0647,Birthday,2026-08-01,1,control,0,0.4087,0.0212,0,0.0,0,0.0,0,0.0,0.0
EXP_DISCOUNT,C0647,Discount,2026-08-01,1,control,0,0.4087,0.0297,0,0.0,1,420.98,1,531.52,0.0
EXP_FESTIVAL,C0647,Festival,2026-08-01,1,control,0,0.4087,0.0382,0,0.0,0,0.0,0,0.0,0.0
EXP_LOYALTY,C0647,Loyalty,2026-08-01,1,control,0,0.4087,0.0467,0,0.0,0,0.0,0,0.0,0.0
EXP_NEW_PRODUCT,C0647,New Product,2026-08-01,1,control,0,0.4087,0.0552,0,0.0,0,0.0,1,2380.42,0.0
EXP_WIN-BACK,C0647,Win-back,2026-08-01,1,control,0,0.4087,0.0637,0,0.0,0,0.0,0,0.0,0.0
EXP_BIRTHDAY,C0648,Birthday,2026-08-01,1,treatment,1,0.2586,0.0199,0,0.0,1,73.22,1,155.05,20.25
EXP_DISCOUNT,C0648,Discount,2026-08-01,1,treatment,1,0.2586,0.0279,0,0.0,0,0.0,0,0.0,23.25
EXP_FESTIVAL,C0648,Festival,2026-08-01,1,treatment,1,0.2586,0.0359,0,0.0,0,0.0,0,0.0,29.0
EXP_LOYALTY,C0648,Loyalty,2026-08-01,1,treatment,1,0.2586,0.0438,0,0.0,0,0.0,0,0.0,16.0
EXP_NEW_PRODUCT,C0648,New Product,2026-08-01,1,control,0,0.2586,0.0518,0,0.0,0,0.0,0,0.0,0.0
EXP_WIN-BACK,C0648,Win-back,2026-08-01,1,treatment,1,0.2586,0.0598,0,0.0,0,0.0,0,0.0,31.0
EXP_BIRTHDAY,C0649,Birthday,2026-08-01,1,control,0,0.64,0.0234,0,0.0,0,0.0,0,0.0,0.0
EXP_DISCOUNT,C0649,Discount,2026-08-01,1,control,0,0.64,0.0327,0,0.0,0,0.0,0,0.0,0.0
EXP_FESTIVAL,C0649,Festival,2026-08-01,1,control,0,0.64,0.0421,0,0.0,0,0.0,1,1257.53,0.0
EXP_LOYALTY,C0649,Loyalty,2026-08-01,1,control,0,0.64,0.0514,0,0.0,0,0.0,0,0.0,0.0
EXP_NEW_PRODUCT,C0649,New Product,2026-08-01,1,treatment,1,0.64,0.0608,0,0.0,0,0.0,1,2828.66,23.0
EXP_WIN-BACK,C0649,Win-back,2026-08-01,1,control,0,0.64,0.0701,0,0.0,0,0.0,0,0.0,0.0
EXP_BIRTHDAY,C0650,Birthday,2026-08-01,1,control,0,0.6125,0.0231,0,0.0,0,0.0,0,0.0,0.0
EXP_DISCOUNT,C0650,Discount,2026-08-01,1,treatment,1,0.6125,0.0324,1,672.18,1,960.33,1,1848.34,23.25
EXP_FESTIVAL,C0650,Festival,2026-08-01,1,control,0,0.6125,0.0417,0,0.0,0,0.0,0,0.0,0.0
EXP_LOYALTY,C0650,Loyalty,2026-08-01,1,control,0,0.6125,0.0509,0,0.0,0,0.0,0,0.0,0.0
EXP_NEW_PRODUCT,C0650,New Product,2026-08-01,1,control,0,0.6125,0.0602,1,1198.53,1,1589.28,1,2739.77,0.0
EXP_WIN-BACK,C0650,Win-back,2026-08-01,1,treatment,1,0.6125,0.0694,0,0.0,0,0.0,0,0.0,31.0
EXP_BIRTHDAY,C0651,Birthday,2026-08-01,1,treatment,1,0.4625,0.0218,0,0.0,0,0.0,0,0.0,20.25
EXP_DISCOUNT,C0651,Discount,2026-08-01,1,treatment,1,0.4625,0.0305,0,0.0,0,0.0,0,0.0,23.25
EXP_FESTIVAL,C0651,Festival,2026-08-01,1,treatment,1,0.4625,0.0392,0,0.0,0,0.0,0,0.0,29.0
EXP_LOYALTY,C0651,Loyalty,2026-08-01,1,treatment,1,0.4625,0.0479,0,0.0,0,0.0,0,0.0,16.0
EXP_NEW_PRODUCT,C0651,New Product,2026-08-01,1,control,0,0.4625,0.0566,0,0.0,0,0.0,0,0.0,0.0
EXP_WIN-BACK,C0651,Win-back,2026-08-01,1,control,0,0.4625,0.0653,0,0.0,0,0.0,0,0.0,0.0
EXP_BIRTHDAY,C0652,Birthday,2026-08-01,1,control,0,0.5423,0.0225,0,0.0,1,229.51,1,499.17,0.0
EXP_DISCOUNT,C0652,Discount,2026-08-01,1,treatment,1,0.5423,0.0315,0,0.0,0,0.0,0,0.0,23.25
EXP_FESTIVAL,C0652,Festival,2026-08-01,1,treatment,1,0.5423,0.0405,0,0.0,0,0.0,1,832.34,29.0
EXP_LOYALTY,C0652,Loyalty,2026-08-01,1,treatment,1,0.5423,0.0495,0,0.0,0,0.0,0,0.0,16.0
EXP_NEW_PRODUCT,C0652,New Product,2026-08-01,1,control,0,0.5423,0.0585,0,0.0,1,547.61,1,873.91,0.0
EXP_WIN-BACK,C0652,Win-back,2026-08-01,1,treatment,1,0.5423,0.0675,0,0.0,1,1441.35,1,2229.52,31.0
EXP_BIRTHDAY,C0653,Birthday,2026-08-01,1,control,0,0.2883,0.0202,0,0.0,0,0.0,0,0.0,0.0
EXP_DISCOUNT,C0653,Discount,2026-08-01,1,treatment,1,0.2883,0.0282,0,0.0,0,0.0,1,300.7,23.25
EXP_FESTIVAL,C0653,Festival,2026-08-01,1,control,0,0.2883,0.0363,0,0.0,0,0.0,0,0.0,0.0
EXP_LOYALTY,C0653,Loyalty,2026-08-01,1,control,0,0.2883,0.0443,0,0.0,0,0.0,0,0.0,0.0
EXP_NEW_PRODUCT,C0653,New Product,2026-08-01,1,treatment,1,0.2883,0.0524,0,0.0,1,579.48,1,699.9,23.0
EXP_WIN-BACK,C0653,Win-back,2026-08-01,1,treatment,1,0.2883,0.0605,0,0.0,0,0.0,0,0.0,31.0
EXP_BIRTHDAY,C0654,Birthday,2026-08-01,1,treatment,1,0.4218,0.0214,0,0.0,0,0.0,1,520.13,20.25
EXP_DISCOUNT,C0654,Discount,2026-08-01,1,control,0,0.4218,0.0299,0,0.0,0,0.0,1,1494.87,0.0
EXP_FESTIVAL,C0654,Festival,2026-08-01,1,control,0,0.4218,0.0385,0,0.0,0,0.0,0,0.0,0.0
EXP_LOYALTY,C0654,Loyalty,2026-08-01,1,treatment,1,0.4218,0.047,0,0.0,1,327.73,1,549.3,16.0
EXP_NEW_PRODUCT,C0654,New Product,2026-08-01,1,control,0,0.4218,0.0555,1,311.66,1,434.59,1,880.89,0.0
EXP_WIN-BACK,C0654,Win-back,2026-08-01,1,treatment,1,0.4218,0.0641,0,0.0,0,0.0,0,0.0,31.0
EXP_BIRTHDAY,C0655,Birthday,2026-08-01,1,treatment,1,0.5957,0.023,0,0.0,0,0.0,0,0.0,20.25
EXP_DISCOUNT,C0655,Discount,2026-08-01,1,treatment,1,0.5957,0.0322,0,0.0,0,0.0,0,0.0,23.25
EXP_FESTIVAL,C0655,Festival,2026-08-01,1,treatment,1,0.5957,0.0414,0,0.0,1,1260.31,1,1634.8,29.0
EXP_LOYALTY,C0655,Loyalty,2026-08-01,1,control,0,0.5957,0.0506,0,0.0,0,0.0,0,0.0,0.0
EXP_NEW_PRODUCT,C0655,New Product,2026-08-01,1,control,0,0.5957,0.0598,1,152.42,1,292.84,1,543.78,0.0
EXP_WIN-BACK,C0655,Win-back,2026-08-01,1,treatment,1,0.5957,0.069,1,415.29,1,553.27,1,805.02,31.0
EXP_BIRTHDAY,C0656,Birthday,2026-08-01,1,control,0,0.3603,0.0208,1,844.57,1,1411.6,1,2885.2,0.0
EXP_DISCOUNT,C0656,Discount,2026-08-01,1,control,0,0.3603,0.0291,0,0.0,0,0.0,0,0.0,0.0
EXP_FESTIVAL,C0656,Festival,2026-08-01,1,treatment,1,0.3603,0.0374,0,0.0,0,0.0,0,0.0,29.0
EXP_LOYALTY,C0656,Loyalty,2026-08-01,1,control,0,0.3603,0.0457,0,0.0,0,0.0,0,0.0,0.0
EXP_NEW_PRODUCT,C0656,New Product,2026-08-01,1,treatment,1,0.3603,0.054,0,0.0,0,0.0,0,0.0,23.0
EXP_WIN-BACK,C0656,Win-back,2026-08-01,1,control,0,0.3603,0.0624,0,0.0,0,0.0,1,973.86,0.0
EXP_BIRTHDAY,C0657,Birthday,2026-08-01,1,treatment,1,0.5531,0.0226,0,0.0,1,522.51,1,997.66,20.25
EXP_DISCOUNT,C0657,Discount,2026-08-01,1,control,0,0.5531,0.0317,0,0.0,0,0.0,0,0.0,0.0
EXP_FESTIVAL,C0657,Festival,2026-08-01,1,control,0,0.5531,0.0407,1,593.07,1,1179.79,1,1577.16,0.0
EXP_LOYALTY,C0657,Loyalty,2026-08-01,1,control,0,0.5531,0.0498,0,0.0,0,0.0,0,0.0,0.0
EXP_NEW_PRODUCT,C0657,New Product,2026-08-01,1,control,0,0.5531,0.0588,0,0.0,1,1020.35,1,1416.84,0.0
EXP_WIN-BACK,C0657,Win-back,2026-08-01,1,control,0,0.5531,0.0678,0,0.0,0,0.0,0,0.0,0.0
EXP_BIRTHDAY,C0658,Birthday,2026-08-01,1,treatment,1,0.4618,0.0217,0,0.0,0,0.0,0,0.0,20.25
EXP_DISCOUNT,C0658,Discount,2026-08-01,1,control,0,0.4618,0.0304,0,0.0,0,0.0,1,904.48,0.0
EXP_FESTIVAL,C0658,Festival,2026-08-01,1,control,0,0.4618,0.0391,0,0.0,1,597.16,1,1167.56,0.0
EXP_LOYALTY,C0658,Loyalty,2026-08-01,1,control,0,0.4618,0.0478,1,675.03,1,1287.04,1,1752.16,0.0
EXP_NEW_PRODUCT,C0658,New Product,2026-08-01,1,treatment,1,0.4618,0.0565,1,505.25,1,911.42,1,1413.82,23.0
EXP_WIN-BACK,C0658,Win-back,2026-08-01,1,treatment,1,0.4618,0.0652,1,519.76,1,1058.16,1,2296.34,31.0
EXP_BIRTHDAY,C0659,Birthday,2026-08-01,1,treatment,1,0.3595,0.0208,0,0.0,0,0.0,0,0.0,20.25
EXP_DISCOUNT,C0659,Discount,2026-08-01,1,treatment,1,0.3595,0.0291,0,0.0,0,0.0,0,0.0,23.25
EXP_FESTIVAL,C0659,Festival,2026-08-01,1,control,0,0.3595,0.0374,0,0.0,0,0.0,0,0.0,0.0
EXP_LOYALTY,C0659,Loyalty,2026-08-01,1,treatment,1,0.3595,0.0457,0,0.0,0,0.0,0,0.0,16.0
EXP_NEW_PRODUCT,C0659,New Product,2026-08-01,1,control,0,0.3595,0.054,0,0.0,0,0.0,0,0.0,0.0
EXP_WIN-BACK,C0659,Win-back,2026-08-01,1,control,0,0.3595,0.0623,0,0.0,0,0.0,1,1542.69,0.0
EXP_BIRTHDAY,C0660,Birthday,2026-08-01,1,treatment,1,0.4778,0.0219,0,0.0,0,0.0,0,0.0,20.25
EXP_DISCOUNT,C0660,Discount,2026-08-01,1,treatment,1,0.4778,0.0307,0,0.0,0,0.0,0,0.0,23.25
EXP_FESTIVAL,C0660,Festival,2026-08-01,1,treatment,1,0.4778,0.0394,0,0.0,0,0.0,0,0.0,29.0
EXP_LOYALTY,C0660,Loyalty,2026-08-01,1,treatment,1,0.4778,0.0482,0,0.0,0,0.0,0,0.0,16.0
EXP_NEW_PRODUCT,C0660,New Product,2026-08-01,1,control,0,0.4778,0.0569,0,0.0,0,0.0,0,0.0,0.0
EXP_WIN-BACK,C0660,Win-back,2026-08-01,1,treatment,1,0.4778,0.0657,1,130.17,1,260.78,1,309.69,31.0
EXP_BIRTHDAY,C0661,Birthday,2026-08-01,1,treatment,1,0.7428,0.0241,0,0.0,0,0.0,0,0.0,20.25
EXP_DISCOUNT,C0661,Discount,2026-08-01,1,treatment,1,0.7428,0.0337,0,0.0,1,523.66,1,742.45,23.25
EXP_FESTIVAL,C0661,Festival,2026-08-01,1,treatment,1,0.7428,0.0434,0,0.0,1,311.45,1,505.33,29.0
EXP_LOYALTY,C0661,Loyalty,2026-08-01,1,control,0,0.7428,0.053,1,231.13,1,312.34,1,639.92,0.0
EXP_NEW_PRODUCT,C0661,New Product,2026-08-01,1,control,0,0.7428,0.0627,1,457.67,1,817.04,1,1418.46,0.0
EXP_WIN-BACK,C0661,Win-back,2026-08-01,1,treatment,1,0.7428,0.0723,1,545.03,1,1206.97,1,1669.15,31.0
EXP_BIRTHDAY,C0662,Birthday,2026-08-01,1,control,0,0.4132,0.0213,1,1342.71,1,1657.96,1,3116.66,0.0
EXP_DISCOUNT,C0662,Discount,2026-08-01,1,control,0,0.4132,0.0298,0,0.0,0,0.0,1,1190.57,0.0
EXP_FESTIVAL,C0662,Festival,2026-08-01,1,control,0,0.4132,0.0383,0,0.0,0,0.0,0,0.0,0.0
EXP_LOYALTY,C0662,Loyalty,2026-08-01,1,treatment,1,0.4132,0.0468,0,0.0,1,1111.12,1,1630.23,16.0
EXP_NEW_PRODUCT,C0662,New Product,2026-08-01,1,control,0,0.4132,0.0553,0,0.0,0,0.0,0,0.0,0.0
EXP_WIN-BACK,C0662,Win-back,2026-08-01,1,treatment,1,0.4132,0.0638,1,963.18,1,1701.45,1,2370.53,31.0
EXP_BIRTHDAY,C0663,Birthday,2026-08-01,1,control,0,0.4131,0.0213,0,0.0,0,0.0,0,0.0,0.0
EXP_DISCOUNT,C0663,Discount,2026-08-01,1,control,0,0.4131,0.0298,0,0.0,0,0.0,0,0.0,0.0
EXP_FESTIVAL,C0663,Festival,2026-08-01,1,control,0,0.4131,0.0383,0,0.0,0,0.0,0,0.0,0.0
EXP_LOYALTY,C0663,Loyalty,2026-08-01,1,control,0,0.4131,0.0468,0,0.0,0,0.0,0,0.0,0.0
EXP_NEW_PRODUCT,C0663,New Product,2026-08-01,1,treatment,1,0.4131,0.0553,0,0.0,1,367.37,1,632.49,23.0
EXP_WIN-BACK,C0663,Win-back,2026-08-01,1,control,0,0.4131,0.0638,0,0.0,1,666.08,1,1188.9,0.0
EXP_BIRTHDAY,C0664,Birthday,2026-08-01,1,control,0,0.3002,0.0203,0,0.0,0,0.0,0,0.0,0.0
EXP_DISCOUNT,C0664,Discount,2026-08-01,1,treatment,1,0.3002,0.0284,0,0.0,0,0.0,0,0.0,23.25
EXP_FESTIVAL,C0664,Festival,2026-08-01,1,treatment,1,0.3002,0.0365,0,0.0,1,555.85,1,1006.37,29.0
EXP_LOYALTY,C0664,Loyalty,2026-08-01,1,control,0,0.3002,0.0446,0,0.0,0,0.0,0,0.0,0.0
EXP_NEW_PRODUCT,C0664,New Product,2026-08-01,1,treatment,1,0.3002,0.0527,0,0.0,0,0.0,0,0.0,23.0
EXP_WIN-BACK,C0664,Win-back,2026-08-01,1,control,0,0.3002,0.0608,0,0.0,1,404.39,1,669.09,0.0
EXP_BIRTHDAY,C0665,Birthday,2026-08-01,1,treatment,1,0.4983,0.0221,0,0.0,0,0.0,0,0.0,20.25
EXP_DISCOUNT,C0665,Discount,2026-08-01,1,control,0,0.4983,0.0309,0,0.0,0,0.0,0,0.0,0.0
EXP_FESTIVAL,C0665,Festival,2026-08-01,1,treatment,1,0.4983,0.0398,1,512.52,1,695.44,1,839.44,29.0
EXP_LOYALTY,C0665,Loyalty,2026-08-01,1,control,0,0.4983,0.0486,0,0.0,0,0.0,0,0.0,0.0
EXP_NEW_PRODUCT,C0665,New Product,2026-08-01,1,treatment,1,0.4983,0.0575,0,0.0,0,0.0,1,545.87,23.0
EXP_WIN-BACK,C0665,Win-back,2026-08-01,1,treatment,1,0.4983,0.0663,0,0.0,0,0.0,0,0.0,31.0
EXP_BIRTHDAY,C0666,Birthday,2026-08-01,1,treatment,1,0.5936,0.023,1,607.93,1,757.86,1,1247.63,20.25
EXP_DISCOUNT,C0666,Discount,2026-08-01,1,control,0,0.5936,0.0322,0,0.0,0,0.0,1,1567.13,0.0
EXP_FESTIVAL,C0666,Festival,2026-08-01,1,control,0,0.5936,0.0414,0,0.0,0,0.0,0,0.0,0.0
EXP_LOYALTY,C0666,Loyalty,2026-08-01,1,treatment,1,0.5936,0.0505,1,702.22,1,1008.59,1,1213.0,16.0
EXP_NEW_PRODUCT,C0666,New Product,2026-08-01,1,treatment,1,0.5936,0.0597,0,0.0,0,0.0,0,0.0,23.0
EXP_WIN-BACK,C0666,Win-back,2026-08-01,1,control,0,0.5936,0.0689,0,0.0,1,691.91,1,1078.26,0.0
EXP_BIRTHDAY,C0667,Birthday,2026-08-01,1,control,0,0.3001,0.0203,1,248.36,1,500.78,1,622.36,0.0
EXP_DISCOUNT,C0667,Discount,2026-08-01,1,treatment,1,0.3001,0.0284,0,0.0,0,0.0,0,0.0,23.25
EXP_FESTIVAL,C0667,Festival,2026-08-01,1,control,0,0.3001,0.0365,0,0.0,0,0.0,0,0.0,0.0
EXP_LOYALTY,C0667,Loyalty,2026-08-01,1,treatment,1,0.3001,0.0446,0,0.0,0,0.0,0,0.0,16.0
EXP_NEW_PRODUCT,C0667,New Product,2026-08-01,1,control,0,0.3001,0.0527,0,0.0,0,0.0,0,0.0,0.0
EXP_WIN-BACK,C0667,Win-back,2026-08-01,1,control,0,0.3001,0.0608,0,0.0,1,271.46,1,580.9,0.0
EXP_BIRTHDAY,C0668,Birthday,2026-08-01,1,treatment,1,0.4943,0.0221,1,415.63,1,515.0,1,723.12,20.25
EXP_DISCOUNT,C0668,Discount,2026-08-01,1,control,0,0.4943,0.0309,0,0.0,0,0.0,0,0.0,0.0
EXP_FESTIVAL,C0668,Festival,2026-08-01,1,treatment,1,0.4943,0.0397,0,0.0,0,0.0,0,0.0,29.0
EXP_LOYALTY,C0668,Loyalty,2026-08-01,1,treatment,1,0.4943,0.0485,1,156.35,1,312.46,1,456.38,16.0
EXP_NEW_PRODUCT,C0668,New Product,2026-08-01,1,treatment,1,0.4943,0.0574,0,0.0,0,0.0,0,0.0,23.0
EXP_WIN-BACK,C0668,Win-back,2026-08-01,1,treatment,1,0.4943,0.0662,0,0.0,0,0.0,0,0.0,31.0
EXP_BIRTHDAY,C0669,Birthday,2026-08-01,1,treatment,1,0.5148,0.0223,0,0.0,0,0.0,0,0.0,20.25
EXP_DISCOUNT,C0669,Discount,2026-08-01,1,control,0,0.5148,0.0312,0,0.0,1,1676.39,1,2331.19,0.0
EXP_FESTIVAL,C0669,Festival,2026-08-01,1,control,0,0.5148,0.0401,1,1139.95,1,1368.87,1,1991.44,0.0
EXP_LOYALTY,C0669,Loyalty,2026-08-01,1,treatment,1,0.5148,0.049,0,0.0,0,0.0,0,0.0,16.0
EXP_NEW_PRODUCT,C0669,New Product,2026-08-01,1,treatment,1,0.5148,0.0579,0,0.0,0,0.0,0,0.0,23.0
EXP_WIN-BACK,C0669,Win-back,2026-08-01,1,control,0,0.5148,0.0668,0,0.0,0,0.0,0,0.0,0.0
EXP_BIRTHDAY,C0670,Birthday,2026-08-01,1,treatment,1,0.6019,0.023,1,1159.1,1,1932.15,1,2275.1,20.25
EXP_DISCOUNT,C0670,Discount,2026-08-01,1,treatment,1,0.6019,0.0323,0,0.0,0,0.0,1,742.71,23.25
EXP_FESTIVAL,C0670,Festival,2026-08-01,1,control,0,0.6019,0.0415,0,0.0,1,843.34,1,1198.35,0.0
EXP_LOYALTY,C0670,Loyalty,2026-08-01,1,control,0,0.6019,0.0507,0,0.0,0,0.0,1,1432.75,0.0
EXP_NEW_PRODUCT,C0670,New Product,2026-08-01,1,control,0,0.6019,0.0599,0,0.0,0,0.0,0,0.0,0.0
EXP_WIN-BACK,C0670,Win-back,2026-08-01,1,treatment,1,0.6019,0.0691,0,0.0,0,0.0,0,0.0,31.0
EXP_BIRTHDAY,C0671,Birthday,2026-08-01,1,control,0,0.436,0.0215,0,0.0,1,880.67,1,1069.72,0.0
EXP_DISCOUNT,C0671,Discount,2026-08-01,1,treatment,1,0.436,0.0301,0,0.0,0,0.0,0,0.0,23.25
EXP_FESTIVAL,C0671,Festival,2026-08-01,1,treatment,1,0.436,0.0387,0,0.0,0,0.0,0,0.0,29.0
EXP_LOYALTY,C0671,Loyalty,2026-08-01,1,control,0,0.436,0.0473,0,0.0,1,232.02,1,317.48,0.0
EXP_NEW_PRODUCT,C0671,New Product,2026-08-01,1,control,0,0.436,0.0559,0,0.0,0,0.0,1,506.27,0.0
EXP_WIN-BACK,C0671,Win-back,2026-08-01,1,control,0,0.436,0.0645,0,0.0,0,0.0,0,0.0,0.0
EXP_BIRTHDAY,C0672,Birthday,2026-08-01,1,treatment,1,0.6122,0.0231,0,0.0,1,1041.61,1,1498.91,20.25
EXP_DISCOUNT,C0672,Discount,2026-08-01,1,control,0,0.6122,0.0324,0,0.0,0,0.0,1,1105.21,0.0
EXP_FESTIVAL,C0672,Festival,2026-08-01,1,treatment,1,0.6122,0.0416,1,1045.68,1,1392.86,1,2486.43,29.0
EXP_LOYALTY,C0672,Loyalty,2026-08-01,1,control,0,0.6122,0.0509,0,0.0,1,484.65,1,763.7,0.0
EXP_NEW_PRODUCT,C0672,New Product,2026-08-01,1,treatment,1,0.6122,0.0602,0,0.0,1,1332.48,1,1903.47,23.0
EXP_WIN-BACK,C0672,Win-back,2026-08-01,1,treatment,1,0.6122,0.0694,1,333.68,1,739.65,1,1115.3,31.0
EXP_BIRTHDAY,C0673,Birthday,2026-08-01,1,control,0,0.7278,0.024,0,0.0,1,473.26,1,802.48,0.0
EXP_DISCOUNT,C0673,Discount,2026-08-01,1,control,0,0.7278,0.0336,1,179.86,1,390.29,1,539.64,0.0
EXP_FESTIVAL,C0673,Festival,2026-08-01,1,control,0,0.7278,0.0432,1,401.11,1,593.6,1,1105.67,0.0
EXP_LOYALTY,C0673,Loyalty,2026-08-01,1,treatment,1,0.7278,0.0528,0,0.0,1,1673.49,1,2230.94,16.0
EXP_NEW_PRODUCT,C0673,New Product,2026-08-01,1,control,0,0.7278,0.0624,1,561.68,1,916.67,1,1136.88,0.0
EXP_WIN-BACK,C0673,Win-back,2026-08-01,1,treatment,1,0.7278,0.072,1,674.71,1,963.95,1,1529.89,31.0
EXP_BIRTHDAY,C0674,Birthday,2026-08-01,1,control,0,0.7343,0.024,0,0.0,0,0.0,1,2768.21,0.0
EXP_DISCOUNT,C0674,Discount,2026-08-01,1,control,0,0.7343,0.0337,0,0.0,0,0.0,0,0.0,0.0
EXP_FESTIVAL,C0674,Festival,2026-08-01,1,control,0,0.7343,0.0433,1,532.23,1,1146.24,1,1895.4,0.0
EXP_LOYALTY,C0674,Loyalty,2026-08-01,1,treatment,1,0.7343,0.0529,1,1091.02,1,1677.51,1,3305.12,16.0
EXP_NEW_PRODUCT,C0674,New Product,2026-08-01,1,control,0,0.7343,0.0625,1,937.63,1,1184.02,1,1572.32,0.0
EXP_WIN-BACK,C0674,Win-back,2026-08-01,1,treatment,1,0.7343,0.0721,0,0.0,1,2313.09,1,3203.93,31.0
EXP_BIRTHDAY,C0675,Birthday,2026-08-01,1,control,0,0.6343,0.0233,0,0.0,0,0.0,0,0.0,0.0
EXP_DISCOUNT,C0675,Discount,2026-08-01,1,control,0,0.6343,0.0326,0,0.0,0,0.0,0,0.0,0.0
EXP_FESTIVAL,C0675,Festival,2026-08-01,1,control,0,0.6343,0.042,0,0.0,0,0.0,1,1022.71,0.0
EXP_LOYALTY,C0675,Loyalty,2026-08-01,1,treatment,1,0.6343,0.0513,0,0.0,1,1115.96,1,1680.18,16.0
EXP_NEW_PRODUCT,C0675,New Product,2026-08-01,1,treatment,1,0.6343,0.0606,0,0.0,1,484.5,1,652.03,23.0
EXP_WIN-BACK,C0675,Win-back,2026-08-01,1,control,0,0.6343,0.07,1,636.41,1,1131.77,1,2262.26,0.0
EXP_BIRTHDAY,C0676,Birthday,2026-08-01,1,control,0,0.6809,0.0237,1,242.72,1,471.96,1,974.37,0.0
EXP_DISCOUNT,C0676,Discount,2026-08-01,1,treatment,1,0.6809,0.0332,0,0.0,0,0.0,0,0.0,23.25
EXP_FESTIVAL,C0676,Festival,2026-08-01,1,control,0,0.6809,0.0426,0,0.0,0,0.0,0,0.0,0.0
EXP_LOYALTY,C0676,Loyalty,2026-08-01,1,control,0,0.6809,0.0521,0,0.0,1,921.62,1,1118.31,0.0
EXP_NEW_PRODUCT,C0676,New Product,2026-08-01,1,treatment,1,0.6809,0.0616,0,0.0,0,0.0,0,0.0,23.0
EXP_WIN-BACK,C0676,Win-back,2026-08-01,1,control,0,0.6809,0.071,0,0.0,0,0.0,1,769.79,0.0
EXP_BIRTHDAY,C0677,Birthday,2026-08-01,1,treatment,1,0.5229,0.0223,0,0.0,0,0.0,0,0.0,20.25
EXP_DISCOUNT,C0677,Discount,2026-08-01,1,treatment,1,0.5229,0.0313,0,0.0,0,0.0,1,708.41,23.25
EXP_FESTIVAL,C0677,Festival,2026-08-01,1,treatment,1,0.5229,0.0402,0,0.0,0,0.0,0,0.0,29.0
EXP_LOYALTY,C0677,Loyalty,2026-08-01,1,treatment,1,0.5229,0.0491,0,0.0,0,0.0,0,0.0,16.0
EXP_NEW_PRODUCT,C0677,New Product,2026-08-01,1,control,0,0.5229,0.0581,0,0.0,0,0.0,1,675.28,0.0
EXP_WIN-BACK,C0677,Win-back,2026-08-01,1,treatment,1,0.5229,0.067,0,0.0,0,0.0,1,3257.46,31.0
EXP_BIRTHDAY,C0678,Birthday,2026-08-01,1,treatment,1,0.5799,0.0229,1,683.63,1,888.45,1,1131.86,20.25
EXP_DISCOUNT,C0678,Discount,2026-08-01,1,treatment,1,0.5799,0.032,0,0.0,0,0.0,0,0.0,23.25
EXP_FESTIVAL,C0678,Festival,2026-08-01,1,treatment,1,0.5799,0.0411,0,0.0,0,0.0,1,1367.04,29.0
EXP_LOYALTY,C0678,Loyalty,2026-08-01,1,control,0,0.5799,0.0503,1,513.06,1,782.49,1,1075.12,0.0
EXP_NEW_PRODUCT,C0678,New Product,2026-08-01,1,treatment,1,0.5799,0.0594,0,0.0,0,0.0,1,1554.34,23.0
EXP_WIN-BACK,C0678,Win-back,2026-08-01,1,treatment,1,0.5799,0.0686,1,1221.39,1,2185.94,1,2982.02,31.0
EXP_BIRTHDAY,C0679,Birthday,2026-08-01,1,treatment,1,0.4311,0.0215,0,0.0,0,0.0,0,0.0,20.25
EXP_DISCOUNT,C0679,Discount,2026-08-01,1,treatment,1,0.4311,0.03,0,0.0,0,0.0,0,0.0,23.25
EXP_FESTIVAL,C0679,Festival,2026-08-01,1,treatment,1,0.4311,0.0386,1,704.42,1,954.56,1,1493.23,29.0
EXP_LOYALTY,C0679,Loyalty,2026-08-01,1,control,0,0.4311,0.0472,0,0.0,1,1083.83,1,1374.17,0.0
EXP_NEW_PRODUCT,C0679,New Product,2026-08-01,1,treatment,1,0.4311,0.0558,0,0.0,0,0.0,0,0.0,23.0
EXP_WIN-BACK,C0679,Win-back,2026-08-01,1,control,0,0.4311,0.0644,1,255.72,1,476.98,1,736.13,0.0
EXP_BIRTHDAY,C0680,Birthday,2026-08-01,1,treatment,1,0.2961,0.0202,0,0.0,1,516.7,1,676.39,20.25
EXP_DISCOUNT,C0680,Discount,2026-08-01,1,control,0,0.2961,0.0283,0,0.0,0,0.0,0,0.0,0.0
EXP_FESTIVAL,C0680,Festival,2026-08-01,1,control,0,0.2961,0.0364,1,252.83,1,343.15,1,733.21,0.0
EXP_LOYALTY,C0680,Loyalty,2026-08-01,1,treatment,1,0.2961,0.0445,0,0.0,0,0.0,0,0.0,16.0
EXP_NEW_PRODUCT,C0680,New Product,2026-08-01,1,control,0,0.2961,0.0526,0,0.0,0,0.0,0,0.0,0.0
EXP_WIN-BACK,C0680,Win-back,2026-08-01,1,treatment,1,0.2961,0.0607,0,0.0,0,0.0,0,0.0,31.0
EXP_BIRTHDAY,C0681,Birthday,2026-08-01,1,control,0,0.7184,0.0239,0,0.0,0,0.0,0,0.0,0.0
EXP_DISCOUNT,C0681,Discount,2026-08-01,1,control,0,0.7184,0.0335,1,667.14,1,953.63,1,1339.2,0.0
EXP_FESTIVAL,C0681,Festival,2026-08-01,1,treatment,1,0.7184,0.0431,0,0.0,0,0.0,0,0.0,29.0
EXP_LOYALTY,C0681,Loyalty,2026-08-01,1,treatment,1,0.7184,0.0527,0,0.0,0,0.0,0,0.0,16.0
EXP_NEW_PRODUCT,C0681,New Product,2026-08-01,1,treatment,1,0.7184,0.0623,1,1140.84,1,1975.19,1,2603.63,23.0
EXP_WIN-BACK,C0681,Win-back,2026-08-01,1,control,0,0.7184,0.0718,1,596.83,1,744.89,1,1194.4,0.0
EXP_BIRTHDAY,C0682,Birthday,2026-08-01,1,control,0,0.5766,0.0228,0,0.0,1,708.99,1,1025.52,0.0
EXP_DISCOUNT,C0682,Discount,2026-08-01,1,treatment,1,0.5766,0.032,0,0.0,0,0.0,0,0.0,23.25
EXP_FESTIVAL,C0682,Festival,2026-08-01,1,treatment,1,0.5766,0.0411,0,0.0,0,0.0,0,0.0,29.0
EXP_LOYALTY,C0682,Loyalty,2026-08-01,1,control,0,0.5766,0.0502,0,0.0,0,0.0,0,0.0,0.0
EXP_NEW_PRODUCT,C0682,New Product,2026-08-01,1,control,0,0.5766,0.0593,0,0.0,0,0.0,0,0.0,0.0
EXP_WIN-BACK,C0682,Win-back,2026-08-01,1,treatment,1,0.5766,0.0685,0,0.0,1,1515.06,1,2877.44,31.0
EXP_BIRTHDAY,C0683,Birthday,2026-08-01,1,control,0,0.5557,0.0226,0,0.0,0,0.0,0,0.0,0.0
EXP_DISCOUNT,C0683,Discount,2026-08-01,1,treatment,1,0.5557,0.0317,0,0.0,1,2444.53,1,3016.13,23.25
EXP_FESTIVAL,C0683,Festival,2026-08-01,1,control,0,0.5557,0.0407,0,0.0,0,0.0,1,639.52,0.0
EXP_LOYALTY,C0683,Loyalty,2026-08-01,1,control,0,0.5557,0.0498,0,0.0,0,0.0,1,2637.26,0.0
EXP_NEW_PRODUCT,C0683,New Product,2026-08-01,1,treatment,1,0.5557,0.0589,1,855.49,1,1030.43,1,1898.07,23.0
EXP_WIN-BACK,C0683,Win-back,2026-08-01,1,treatment,1,0.5557,0.0679,0,0.0,0,0.0,0,0.0,31.0
EXP_BIRTHDAY,C0684,Birthday,2026-08-01,1,control,0,0.718,0.0239,0,0.0,0,0.0,1,1730.67,0.0
EXP_DISCOUNT,C0684,Discount,2026-08-01,1,control,0,0.718,0.0335,0,0.0,1,1938.23,1,2688.13,0.0
EXP_FESTIVAL,C0684,Festival,2026-08-01,1,control,0,0.718,0.0431,0,0.0,0,0.0,0,0.0,0.0
EXP_LOYALTY,C0684,Loyalty,2026-08-01,1,treatment,1,0.718,0.0527,0,0.0,0,0.0,0,0.0,16.0
EXP_NEW_PRODUCT,C0684,New Product,2026-08-01,1,treatment,1,0.718,0.0623,0,0.0,1,1329.69,1,1749.21,23.0
EXP_WIN-BACK,C0684,Win-back,2026-08-01,1,control,0,0.718,0.0718,1,343.62,1,680.42,1,1052.72,0.0
EXP_BIRTHDAY,C0685,Birthday,2026-08-01,1,treatment,1,0.2237,0.0197,0,0.0,0,0.0,0,0.0,20.25
EXP_DISCOUNT,C0685,Discount,2026-08-01,1,control,0,0.2237,0.0275,0,0.0,0,0.0,0,0.0,0.0
EXP_FESTIVAL,C0685,Festival,2026-08-01,1,treatment,1,0.2237,0.0354,0,0.0,0,0.0,0,0.0,29.0
EXP_LOYALTY,C0685,Loyalty,2026-08-01,1,treatment,1,0.2237,0.0433,0,0.0,0,0.0,0,0.0,16.0
EXP_NEW_PRODUCT,C0685,New Product,2026-08-01,1,treatment,1,0.2237,0.0511,0,0.0,0,0.0,0,0.0,23.0
EXP_WIN-BACK,C0685,Win-back,2026-08-01,1,control,0,0.2237,0.059,0,0.0,0,0.0,0,0.0,0.0
EXP_BIRTHDAY,C0686,Birthday,2026-08-01,1,control,0,0.4964,0.0221,0,0.0,0,0.0,0,0.0,0.0
EXP_DISCOUNT,C0686,Discount,2026-08-01,1,treatment,1,0.4964,0.0309,0,0.0,0,0.0,0,0.0,23.25
EXP_FESTIVAL,C0686,Festival,2026-08-01,1,treatment,1,0.4964,0.0397,0,0.0,1,257.53,1,531.1,29.0
EXP_LOYALTY,C0686,Loyalty,2026-08-01,1,control,0,0.4964,0.0486,0,0.0,0,0.0,0,0.0,0.0
EXP_NEW_PRODUCT,C0686,New Product,2026-08-01,1,control,0,0.4964,0.0574,0,0.0,0,0.0,0,0.0,0.0
EXP_WIN-BACK,C0686,Win-back,2026-08-01,1,control,0,0.4964,0.0662,1,240.42,1,499.64,1,770.11,0.0
EXP_BIRTHDAY,C0687,Birthday,2026-08-01,1,control,0,0.5593,0.0227,1,595.83,1,801.68,1,1177.52,0.0
EXP_DISCOUNT,C0687,Discount,2026-08-01,1,treatment,1,0.5593,0.0317,0,0.0,1,447.01,1,822.54,23.25
EXP_FESTIVAL,C0687,Festival,2026-08-01,1,treatment,1,0.5593,0.0408,1,392.87,1,579.56,1,766.88,29.0
EXP_LOYALTY,C0687,Loyalty,2026-08-01,1,treatment,1,0.5593,0.0499,1,1149.07,1,1557.64,1,1934.28,16.0
EXP_NEW_PRODUCT,C0687,New Product,2026-08-01,1,control,0,0.5593,0.0589,1,689.73,1,986.59,1,1456.96,0.0
EXP_WIN-BACK,C0687,Win-back,2026-08-01,1,control,0,0.5593,0.068,0,0.0,0,0.0,1,2797.84,0.0
EXP_BIRTHDAY,C0688,Birthday,2026-08-01,1,treatment,1,0.416,0.0213,0,0.0,0,0.0,0,0.0,20.25
EXP_DISCOUNT,C0688,Discount,2026-08-01,1,treatment,1,0.416,0.0298,0,0.0,0,0.0,0,0.0,23.25
EXP_FESTIVAL,C0688,Festival,2026-08-01,1,control,0,0.416,0.0384,0,0.0,0,0.0,0,0.0,0.0
EXP_LOYALTY,C0688,Loyalty,2026-08-01,1,control,0,0.416,0.0469,0,0.0,0,0.0,0,0.0,0.0
EXP_NEW_PRODUCT,C0688,New Product,2026-08-01,1,treatment,1,0.416,0.0554,0,0.0,0,0.0,0,0.0,23.0
EXP_WIN-BACK,C0688,Win-back,2026-08-01,1,treatment,1,0.416,0.0639,0,0.0,0,0.0,0,0.0,31.0
EXP_BIRTHDAY,C0689,Birthday,2026-08-01,1,treatment,1,0.5518,0.0226,0,0.0,1,709.49,1,1386.84,20.25
EXP_DISCOUNT,C0689,Discount,2026-08-01,1,control,0,0.5518,0.0316,0,0.0,0,0.0,0,0.0,0.0
EXP_FESTIVAL,C0689,Festival,2026-08-01,1,treatment,1,0.5518,0.0407,1,365.64,1,530.51,1,1075.72,29.0
EXP_LOYALTY,C0689,Loyalty,2026-08-01,1,treatment,1,0.5518,0.0497,0,0.0,1,721.35,1,1209.78,16.0
EXP_NEW_PRODUCT,C0689,New Product,2026-08-01,1,treatment,1,0.5518,0.0588,1,409.43,1,747.16,1,976.19,23.0
EXP_WIN-BACK,C0689,Win-back,2026-08-01,1,control,0,0.5518,0.0678,0,0.0,0,0.0,0,0.0,0.0
EXP_BIRTHDAY,C0690,Birthday,2026-08-01,1,treatment,1,0.5274,0.0224,0,0.0,1,1085.58,1,2032.78,20.25
EXP_DISCOUNT,C0690,Discount,2026-08-01,1,treatment,1,0.5274,0.0313,0,0.0,0,0.0,0,0.0,23.25
EXP_FESTIVAL,C0690,Festival,2026-08-01,1,control,0,0.5274,0.0403,0,0.0,0,0.0,0,0.0,0.0
EXP_LOYALTY,C0690,Loyalty,2026-08-01,1,treatment,1,0.5274,0.0492,0,0.0,0,0.0,0,0.0,16.0
EXP_NEW_PRODUCT,C0690,New Product,2026-08-01,1,control,0,0.5274,0.0582,0,0.0,0,0.0,0,0.0,0.0
EXP_WIN-BACK,C0690,Win-back,2026-08-01,1,control,0,0.5274,0.0671,0,0.0,0,0.0,0,0.0,0.0
EXP_BIRTHDAY,C0691,Birthday,2026-08-01,1,control,0,0.4413,0.0215,0,0.0,0,0.0,0,0.0,0.0
EXP_DISCOUNT,C0691,Discount,2026-08-01,1,control,0,0.4413,0.0302,0,0.0,0,0.0,0,0.0,0.0
EXP_FESTIVAL,C0691,Festival,2026-08-01,1,control,0,0.4413,0.0388,0,0.0,0,0.0,0,0.0,0.0
EXP_LOYALTY,C0691,Loyalty,2026-08-01,1,treatment,1,0.4413,0.0474,1,665.17,1,1163.66,1,2141.85,16.0
EXP_NEW_PRODUCT,C0691,New Product,2026-08-01,1,control,0,0.4413,0.056,0,0.0,0,0.0,1,1254.11,0.0
EXP_WIN-BACK,C0691,Win-back,2026-08-01,1,treatment,1,0.4413,0.0646,0,0.0,0,0.0,0,0.0,31.0
EXP_BIRTHDAY,C0692,Birthday,2026-08-01,1,control,0,0.4809,0.0219,1,759.03,1,1029.55,1,1356.41,0.0
EXP_DISCOUNT,C0692,Discount,2026-08-01,1,treatment,1,0.4809,0.0307,0,0.0,0,0.0,0,0.0,23.25
EXP_FESTIVAL,C0692,Festival,2026-08-01,1,control,0,0.4809,0.0395,0,0.0,0,0.0,1,2782.22,0.0
EXP_LOYALTY,C0692,Loyalty,2026-08-01,1,control,0,0.4809,0.0482,0,0.0,1,411.15,1,687.58,0.0
EXP_NEW_PRODUCT,C0692,New Product,2026-08-01,1,treatment,1,0.4809,0.057,0,0.0,0,0.0,0,0.0,23.0
EXP_WIN-BACK,C0692,Win-back,2026-08-01,1,treatment,1,0.4809,0.0658,0,0.0,0,0.0,0,0.0,31.0
EXP_BIRTHDAY,C0693,Birthday,2026-08-01,1,treatment,1,0.3914,0.0211,1,481.3,1,832.56,1,1317.79,20.25
EXP_DISCOUNT,C0693,Discount,2026-08-01,1,control,0,0.3914,0.0295,0,0.0,0,0.0,0,0.0,0.0
EXP_FESTIVAL,C0693,Festival,2026-08-01,1,treatment,1,0.3914,0.0379,1,990.98,1,1357.08,1,2544.57,29.0
EXP_LOYALTY,C0693,Loyalty,2026-08-01,1,control,0,0.3914,0.0464,0,0.0,0,0.0,0,0.0,0.0
EXP_NEW_PRODUCT,C0693,New Product,2026-08-01,1,control,0,0.3914,0.0548,0,0.0,0,0.0,0,0.0,0.0
EXP_WIN-BACK,C0693,Win-back,2026-08-01,1,treatment,1,0.3914,0.0632,0,0.0,1,1261.68,1,1502.13,31.0
EXP_BIRTHDAY,C0694,Birthday,2026-08-01,1,treatment,1,0.4089,0.0212,0,0.0,1,760.41,1,1243.26,20.25
EXP_DISCOUNT,C0694,Discount,2026-08-01,1,control,0,0.4089,0.0297,0,0.0,0,0.0,0,0.0,0.0
EXP_FESTIVAL,C0694,Festival,2026-08-01,1,treatment,1,0.4089,0.0382,1,966.32,1,1891.85,1,3428.63,29.0
EXP_LOYALTY,C0694,Loyalty,2026-08-01,1,control,0,0.4089,0.0467,0,0.0,0,0.0,0,0.0,0.0
EXP_NEW_PRODUCT,C0694,New Product,2026-08-01,1,control,0,0.4089,0.0552,0,0.0,0,0.0,0,0.0,0.0
EXP_WIN-BACK,C0694,Win-back,2026-08-01,1,control,0,0.4089,0.0637,0,0.0,0,0.0,0,0.0,0.0
EXP_BIRTHDAY,C0695,Birthday,2026-08-01,1,control,0,0.3519,0.0207,1,291.58,1,354.79,1,418.04,0.0
EXP_DISCOUNT,C0695,Discount,2026-08-01,1,control,0,0.3519,0.029,0,0.0,1,443.03,1,635.85,0.0
EXP_FESTIVAL,C0695,Festival,2026-08-01,1,control,0,0.3519,0.0373,0,0.0,0,0.0,0,0.0,0.0
EXP_LOYALTY,C0695,Loyalty,2026-08-01,1,treatment,1,0.3519,0.0456,0,0.0,1,324.29,1,554.17,16.0
EXP_NEW_PRODUCT,C0695,New Product,2026-08-01,1,treatment,1,0.3519,0.0538,0,0.0,0,0.0,0,0.0,23.0
EXP_WIN-BACK,C0695,Win-back,2026-08-01,1,control,0,0.3519,0.0621,0,0.0,0,0.0,0,0.0,0.0
EXP_BIRTHDAY,C0696,Birthday,2026-08-01,1,treatment,1,0.4421,0.0216,0,0.0,0,0.0,1,1799.22,20.25
EXP_DISCOUNT,C0696,Discount,2026-08-01,1,treatment,1,0.4421,0.0302,0,0.0,0,0.0,0,0.0,23.25
EXP_FESTIVAL,C0696,Festival,2026-08-01,1,control,0,0.4421,0.0388,1,226.65,1,458.41,1,834.85,0.0
EXP_LOYALTY,C0696,Loyalty,2026-08-01,1,treatment,1,0.4421,0.0474,1,1675.37,1,2143.28,1,3390.66,16.0
EXP_NEW_PRODUCT,C0696,New Product,2026-08-01,1,treatment,1,0.4421,0.056,0,0.0,0,0.0,0,0.0,23.0
EXP_WIN-BACK,C0696,Win-back,2026-08-01,1,control,0,0.4421,0.0647,0,0.0,0,0.0,0,0.0,0.0
EXP_BIRTHDAY,C0697,Birthday,2026-08-01,1,treatment,1,0.2254,0.0197,0,0.0,0,0.0,0,0.0,20.25
EXP_DISCOUNT,C0697,Discount,2026-08-01,1,control,0,0.2254,0.0276,1,263.02,1,340.75,1,492.09,0.0
EXP_FESTIVAL,C0697,Festival,2026-08-01,1,treatment,1,0.2254,0.0354,0,0.0,0,0.0,0,0.0,29.0
EXP_LOYALTY,C0697,Loyalty,2026-08-01,1,control,0,0.2254,0.0433,1,701.67,1,939.17,1,1150.83,0.0
EXP_NEW_PRODUCT,C0697,New Product,2026-08-01,1,control,0,0.2254,0.0512,0,0.0,0,0.0,0,0.0,0.0
EXP_WIN-BACK,C0697,Win-back,2026-08-01,1,treatment,1,0.2254,0.059,0,0.0,0,0.0,0,0.0,31.0
EXP_BIRTHDAY,C0698,Birthday,2026-08-01,1,control,0,0.7165,0.0239,0,0.0,0,0.0,0,0.0,0.0
EXP_DISCOUNT,C0698,Discount,2026-08-01,1,treatment,1,0.7165,0.0335,1,918.37,1,1193.87,1,1734.5,23.25
EXP_FESTIVAL,C0698,Festival,2026-08-01,1,control,0,0.7165,0.0431,1,772.3,1,1013.03,1,1197.97,0.0
EXP_LOYALTY,C0698,Loyalty,2026-08-01,1,treatment,1,0.7165,0.0527,0,0.0,1,403.95,1,710.19,16.0
EXP_NEW_PRODUCT,C0698,New Product,2026-08-01,1,treatment,1,0.7165,0.0622,1,1621.37,1,2445.86,1,3611.86,23.0
EXP_WIN-BACK,C0698,Win-back,2026-08-01,1,control,0,0.7165,0.0718,0,0.0,1,452.39,1,694.89,0.0
EXP_BIRTHDAY,C0699,Birthday,2026-08-01,1,treatment,1,0.7788,0.0243,0,0.0,0,0.0,1,2026.1,20.25
EXP_DISCOUNT,C0699,Discount,2026-08-01,1,treatment,1,0.7788,0.034,0,0.0,1,1173.2,1,1788.86,23.25
EXP_FESTIVAL,C0699,Festival,2026-08-01,1,control,0,0.7788,0.0438,0,0.0,0,0.0,1,1951.01,0.0
EXP_LOYALTY,C0699,Loyalty,2026-08-01,1,treatment,1,0.7788,0.0535,0,0.0,0,0.0,0,0.0,16.0
EXP_NEW_PRODUCT,C0699,New Product,2026-08-01,1,treatment,1,0.7788,0.0632,0,0.0,0,0.0,0,0.0,23.0
EXP_WIN-BACK,C0699,Win-back,2026-08-01,1,treatment,1,0.7788,0.0729,0,0.0,1,679.14,1,1048.23,31.0
EXP_BIRTHDAY,C0700,Birthday,2026-08-01,1,treatment,1,0.7456,0.0241,0,0.0,0,0.0,0,0.0,20.25
EXP_DISCOUNT,C0700,Discount,2026-08-01,1,control,0,0.7456,0.0338,0,0.0,0,0.0,0,0.0,0.0
EXP_FESTIVAL,C0700,Festival,2026-08-01,1,control,0,0.7456,0.0434,1,571.92,1,1194.63,1,1799.29,0.0
EXP_LOYALTY,C0700,Loyalty,2026-08-01,1,treatment,1,0.7456,0.0531,0,0.0,0,0.0,0,0.0,16.0
EXP_NEW_PRODUCT,C0700,New Product,2026-08-01,1,treatment,1,0.7456,0.0627,0,0.0,1,789.96,1,1559.92,23.0
EXP_WIN-BACK,C0700,Win-back,2026-08-01,1,control,0,0.7456,0.0724,0,0.0,0,0.0,1,2070.93,0.0
EXP_BIRTHDAY,C0701,Birthday,2026-08-01,1,control,0,0.6726,0.0236,0,0.0,0,0.0,0,0.0,0.0
EXP_DISCOUNT,C0701,Discount,2026-08-01,1,treatment,1,0.6726,0.0331,0,0.0,0,0.0,0,0.0,23.25
EXP_FESTIVAL,C0701,Festival,2026-08-01,1,treatment,1,0.6726,0.0425,1,2082.16,1,2474.83,1,3145.58,29.0
EXP_LOYALTY,C0701,Loyalty,2026-08-01,1,control,0,0.6726,0.052,0,0.0,1,1198.55,1,2352.33,0.0
EXP_NEW_PRODUCT,C0701,New Product,2026-08-01,1,control,0,0.6726,0.0614,0,0.0,0,0.0,0,0.0,0.0
EXP_WIN-BACK,C0701,Win-back,2026-08-01,1,treatment,1,0.6726,0.0709,0,0.0,0,0.0,0,0.0,31.0
EXP_BIRTHDAY,C0702,Birthday,2026-08-01,1,control,0,0.57,0.0228,0,0.0,0,0.0,1,408.6,0.0
EXP_DISCOUNT,C0702,Discount,2026-08-01,1,treatment,1,0.57,0.0319,1,208.14,1,369.03,1,629.63,23.25
EXP_FESTIVAL,C0702,Festival,2026-08-01,1,treatment,1,0.57,0.041,0,0.0,0,0.0,0,0.0,29.0
EXP_LOYALTY,C0702,Loyalty,2026-08-01,1,treatment,1,0.57,0.0501,1,166.0,1,271.04,1,502.32,16.0
EXP_NEW_PRODUCT,C0702,New Product,2026-08-01,1,treatment,1,0.57,0.0592,0,0.0,0,0.0,0,0.0,23.0
EXP_WIN-BACK,C0702,Win-back,2026-08-01,1,treatment,1,0.57,0.0683,0,0.0,0,0.0,1,562.51,31.0
EXP_BIRTHDAY,C0703,Birthday,2026-08-01,1,treatment,1,0.7323,0.024,0,0.0,0,0.0,0,0.0,20.25
EXP_DISCOUNT,C0703,Discount,2026-08-01,1,control,0,0.7323,0.0337,0,0.0,0,0.0,1,965.0,0.0
EXP_FESTIVAL,C0703,Festival,2026-08-01,1,treatment,1,0.7323,0.0433,0,0.0,0,0.0,0,0.0,29.0
EXP_LOYALTY,C0703,Loyalty,2026-08-01,1,control,0,0.7323,0.0529,1,656.1,1,921.78,1,1194.5,0.0
EXP_NEW_PRODUCT,C0703,New Product,2026-08-01,1,treatment,1,0.7323,0.0625,1,530.22,1,752.86,1,1101.67,23.0
EXP_WIN-BACK,C0703,Win-back,2026-08-01,1,treatment,1,0.7323,0.0721,1,2589.93,1,3400.42,1,4133.38,31.0
EXP_BIRTHDAY,C0704,Birthday,2026-08-01,1,control,0,0.3224,0.0204,0,0.0,0,0.0,0,0.0,0.0
EXP_DISCOUNT,C0704,Discount,2026-08-01,1,treatment,1,0.3224,0.0286,0,0.0,0,0.0,0,0.0,23.25
EXP_FESTIVAL,C0704,Festival,2026-08-01,1,control,0,0.3224,0.0368,0,0.0,0,0.0,1,1342.84,0.0
EXP_LOYALTY,C0704,Loyalty,2026-08-01,1,treatment,1,0.3224,0.045,0,0.0,0,0.0,0,0.0,16.0
EXP_NEW_PRODUCT,C0704,New Product,2026-08-01,1,treatment,1,0.3224,0.0532,0,0.0,0,0.0,0,0.0,23.0
EXP_WIN-BACK,C0704,Win-back,2026-08-01,1,control,0,0.3224,0.0613,0,0.0,0,0.0,0,0.0,0.0
EXP_BIRTHDAY,C0705,Birthday,2026-08-01,1,treatment,1,0.3047,0.0203,0,0.0,1,641.51,1,873.28,20.25
EXP_DISCOUNT,C0705,Discount,2026-08-01,1,treatment,1,0.3047,0.0284,0,0.0,0,0.0,0,0.0,23.25
EXP_FESTIVAL,C0705,Festival,2026-08-01,1,treatment,1,0.3047,0.0365,0,0.0,0,0.0,0,0.0,29.0
EXP_LOYALTY,C0705,Loyalty,2026-08-01,1,control,0,0.3047,0.0446,1,381.22,1,660.51,1,1040.58,0.0
EXP_NEW_PRODUCT,C0705,New Product,2026-08-01,1,treatment,1,0.3047,0.0528,0,0.0,0,0.0,0,0.0,23.0
EXP_WIN-BACK,C0705,Win-back,2026-08-01,1,control,0,0.3047,0.0609,0,0.0,0,0.0,0,0.0,0.0
EXP_BIRTHDAY,C0706,Birthday,2026-08-01,1,treatment,1,0.2384,0.0198,0,0.0,0,0.0,0,0.0,20.25
EXP_DISCOUNT,C0706,Discount,2026-08-01,1,control,0,0.2384,0.0277,0,0.0,0,0.0,0,0.0,0.0
EXP_FESTIVAL,C0706,Festival,2026-08-01,1,control,0,0.2384,0.0356,0,0.0,0,0.0,0,0.0,0.0
EXP_LOYALTY,C0706,Loyalty,2026-08-01,1,control,0,0.2384,0.0435,1,237.88,1,280.01,1,474.71,0.0
EXP_NEW_PRODUCT,C0706,New Product,2026-08-01,1,treatment,1,0.2384,0.0514,0,0.0,0,0.0,0,0.0,23.0
EXP_WIN-BACK,C0706,Win-back,2026-08-01,1,treatment,1,0.2384,0.0593,0,0.0,0,0.0,0,0.0,31.0
EXP_BIRTHDAY,C0707,Birthday,2026-08-01,1,treatment,1,0.2582,0.0199,1,261.69,1,332.2,1,514.14,20.25
EXP_DISCOUNT,C0707,Discount,2026-08-01,1,control,0,0.2582,0.0279,0,0.0,0,0.0,0,0.0,0.0
EXP_FESTIVAL,C0707,Festival,2026-08-01,1,control,0,0.2582,0.0359,1,250.45,1,369.83,1,553.33,0.0
EXP_LOYALTY,C0707,Loyalty,2026-08-01,1,control,0,0.2582,0.0438,0,0.0,0,0.0,0,0.0,0.0
EXP_NEW_PRODUCT,C0707,New Product,2026-08-01,1,control,0,0.2582,0.0518,0,0.0,0,0.0,0,0.0,0.0
EXP_WIN-BACK,C0707,Win-back,2026-08-01,1,treatment,1,0.2582,0.0598,1,330.26,1,515.48,1,682.39,31.0
EXP_BIRTHDAY,C0708,Birthday,2026-08-01,1,treatment,1,0.285,0.0201,0,0.0,0,0.0,0,0.0,20.25
EXP_DISCOUNT,C0708,Discount,2026-08-01,1,control,0,0.285,0.0282,0,0.0,0,0.0,0,0.0,0.0
EXP_FESTIVAL,C0708,Festival,2026-08-01,1,control,0,0.285,0.0362,0,0.0,0,0.0,0,0.0,0.0
EXP_LOYALTY,C0708,Loyalty,2026-08-01,1,treatment,1,0.285,0.0443,0,0.0,0,0.0,0,0.0,16.0
EXP_NEW_PRODUCT,C0708,New Product,2026-08-01,1,treatment,1,0.285,0.0523,0,0.0,0,0.0,1,1677.23,23.0
EXP_WIN-BACK,C0708,Win-back,2026-08-01,1,treatment,1,0.285,0.0604,0,0.0,0,0.0,0,0.0,31.0
EXP_BIRTHDAY,C0709,Birthday,2026-08-01,1,treatment,1,0.4316,0.0215,1,278.45,1,370.1,1,807.13,20.25
EXP_DISCOUNT,C0709,Discount,2026-08-01,1,treatment,1,0.4316,0.03,0,0.0,0,0.0,0,0.0,23.25
EXP_FESTIVAL,C0709,Festival,2026-08-01,1,control,0,0.4316,0.0386,0,0.0,1,390.64,1,606.81,0.0
EXP_LOYALTY,C0709,Loyalty,2026-08-01,1,treatment,1,0.4316,0.0472,0,0.0,1,623.66,1,1181.91,16.0
EXP_NEW_PRODUCT,C0709,New Product,2026-08-01,1,control,0,0.4316,0.0558,0,0.0,0,0.0,0,0.0,0.0
EXP_WIN-BACK,C0709,Win-back,2026-08-01,1,treatment,1,0.4316,0.0644,1,361.77,1,679.96,1,916.91,31.0
EXP_BIRTHDAY,C0710,Birthday,2026-08-01,1,treatment,1,0.4397,0.0215,0,0.0,0,0.0,1,1525.5,20.25
EXP_DISCOUNT,C0710,Discount,2026-08-01,1,control,0,0.4397,0.0301,1,412.03,1,869.75,1,1710.75,0.0
EXP_FESTIVAL,C0710,Festival,2026-08-01,1,treatment,1,0.4397,0.0388,0,0.0,0,0.0,0,0.0,29.0
EXP_LOYALTY,C0710,Loyalty,2026-08-01,1,control,0,0.4397,0.0474,0,0.0,0,0.0,0,0.0,0.0
EXP_NEW_PRODUCT,C0710,New Product,2026-08-01,1,treatment,1,0.4397,0.056,1,492.58,1,594.12,1,1109.02,23.0
EXP_WIN-BACK,C0710,Win-back,2026-08-01,1,control,0,0.4397,0.0646,0,0.0,0,0.0,0,0.0,0.0
EXP_BIRTHDAY,C0711,Birthday,2026-08-01,1,control,0,0.3107,0.0203,0,0.0,0,0.0,0,0.0,0.0
EXP_DISCOUNT,C0711,Discount,2026-08-01,1,control,0,0.3107,0.0285,0,0.0,0,0.0,0,0.0,0.0
EXP_FESTIVAL,C0711,Festival,2026-08-01,1,control,0,0.3107,0.0366,0,0.0,0,0.0,0,0.0,0.0
EXP_LOYALTY,C0711,Loyalty,2026-08-01,1,control,0,0.3107,0.0448,0,0.0,0,0.0,1,172.74,0.0
EXP_NEW_PRODUCT,C0711,New Product,2026-08-01,1,control,0,0.3107,0.0529,0,0.0,0,0.0,0,0.0,0.0
EXP_WIN-BACK,C0711,Win-back,2026-08-01,1,treatment,1,0.3107,0.061,0,0.0,0,0.0,0,0.0,31.0
EXP_BIRTHDAY,C0712,Birthday,2026-08-01,1,treatment,1,0.4325,0.0215,0,0.0,0,0.0,0,0.0,20.25
EXP_DISCOUNT,C0712,Discount,2026-08-01,1,control,0,0.4325,0.0301,1,763.86,1,904.68,1,1178.83,0.0
EXP_FESTIVAL,C0712,Festival,2026-08-01,1,treatment,1,0.4325,0.0386,0,0.0,0,0.0,0,0.0,29.0
EXP_LOYALTY,C0712,Loyalty,2026-08-01,1,treatment,1,0.4325,0.0472,0,0.0,1,594.18,1,1055.33,16.0
EXP_NEW_PRODUCT,C0712,New Product,2026-08-01,1,treatment,1,0.4325,0.0558,0,0.0,0,0.0,0,0.0,23.0
EXP_WIN-BACK,C0712,Win-back,2026-08-01,1,treatment,1,0.4325,0.0644,1,219.9,1,441.3,1,583.58,31.0
EXP_BIRTHDAY,C0713,Birthday,2026-08-01,1,control,0,0.5358,0.0225,0,0.0,0,0.0,0,0.0,0.0
EXP_DISCOUNT,C0713,Discount,2026-08-01,1,control,0,0.5358,0.0314,0,0.0,0,0.0,1,955.51,0.0
EXP_FESTIVAL,C0713,Festival,2026-08-01,1,control,0,0.5358,0.0404,0,0.0,0,0.0,1,885.91,0.0
EXP_LOYALTY,C0713,Loyalty,2026-08-01,1,treatment,1,0.5358,0.0494,1,321.8,1,416.04,1,812.28,16.0
EXP_NEW_PRODUCT,C0713,New Product,2026-08-01,1,control,0,0.5358,0.0584,1,695.99,1,1141.1,1,1421.7,0.0
EXP_WIN-BACK,C0713,Win-back,2026-08-01,1,treatment,1,0.5358,0.0674,0,0.0,0,0.0,0,0.0,31.0
EXP_BIRTHDAY,C0714,Birthday,2026-08-01,1,treatment,1,0.5174,0.0223,0,0.0,0,0.0,1,517.39,20.25
EXP_DISCOUNT,C0714,Discount,2026-08-01,1,treatment,1,0.5174,0.0312,1,645.38,1,923.45,1,1704.5,23.25
EXP_FESTIVAL,C0714,Festival,2026-08-01,1,control,0,0.5174,0.0401,0,0.0,0,0.0,0,0.0,0.0
EXP_LOYALTY,C0714,Loyalty,2026-08-01,1,control,0,0.5174,0.049,1,300.38,1,659.09,1,1191.77,0.0
EXP_NEW_PRODUCT,C0714,New Product,2026-08-01,1,control,0,0.5174,0.0579,1,551.05,1,763.85,1,908.39,0.0
EXP_WIN-BACK,C0714,Win-back,2026-08-01,1,treatment,1,0.5174,0.0668,0,0.0,1,805.44,1,1090.63,31.0
EXP_BIRTHDAY,C0715,Birthday,2026-08-01,1,control,0,0.7311,0.024,0,0.0,1,540.7,1,1118.79,0.0
EXP_DISCOUNT,C0715,Discount,2026-08-01,1,treatment,1,0.7311,0.0336,0,0.0,0,0.0,1,1375.87,23.25
EXP_FESTIVAL,C0715,Festival,2026-08-01,1,control,0,0.7311,0.0433,0,0.0,0,0.0,0,0.0,0.0
EXP_LOYALTY,C0715,Loyalty,2026-08-01,1,treatment,1,0.7311,0.0529,0,0.0,0,0.0,1,1525.64,16.0
EXP_NEW_PRODUCT,C0715,New Product,2026-08-01,1,control,0,0.7311,0.0625,1,695.12,1,1160.08,1,1771.07,0.0
EXP_WIN-BACK,C0715,Win-back,2026-08-01,1,treatment,1,0.7311,0.0721,0,0.0,0,0.0,1,947.34,31.0
EXP_BIRTHDAY,C0716,Birthday,2026-08-01,1,treatment,1,0.547,0.0226,1,390.53,1,468.21,1,948.71,20.25
EXP_DISCOUNT,C0716,Discount,2026-08-01,1,treatment,1,0.547,0.0316,0,0.0,1,372.73,1,749.28,23.25
EXP_FESTIVAL,C0716,Festival,2026-08-01,1,control,0,0.547,0.0406,0,0.0,0,0.0,1,920.58,0.0
EXP_LOYALTY,C0716,Loyalty,2026-08-01,1,control,0,0.547,0.0496,0,0.0,0,0.0,0,0.0,0.0
EXP_NEW_PRODUCT,C0716,New Product,2026-08-01,1,control,0,0.547,0.0586,0,0.0,0,0.0,1,976.05,0.0
EXP_WIN-BACK,C0716,Win-back,2026-08-01,1,control,0,0.547,0.0677,0,0.0,1,355.5,1,779.52,0.0
EXP_BIRTHDAY,C0717,Birthday,2026-08-01,1,treatment,1,0.4618,0.0217,1,642.04,1,762.25,1,1249.36,20.25
EXP_DISCOUNT,C0717,Discount,2026-08-01,1,control,0,0.4618,0.0304,1,524.27,1,808.77,1,1359.62,0.0
EXP_FESTIVAL,C0717,Festival,2026-08-01,1,control,0,0.4618,0.0391,0,0.0,0,0.0,0,0.0,0.0
EXP_LOYALTY,C0717,Loyalty,2026-08-01,1,treatment,1,0.4618,0.0478,0,0.0,0,0.0,0,0.0,16.0
EXP_NEW_PRODUCT,C0717,New Product,2026-08-01,1,treatment,1,0.4618,0.0565,0,0.0,0,0.0,0,0.0,23.0
EXP_WIN-BACK,C0717,Win-back,2026-08-01,1,control,0,0.4618,0.0652,0,0.0,0,0.0,1,2240.5,0.0
EXP_BIRTHDAY,C0718,Birthday,2026-08-01,1,treatment,1,0.6707,0.0236,0,0.0,0,0.0,0,0.0,20.25
EXP_DISCOUNT,C0718,Discount,2026-08-01,1,treatment,1,0.6707,0.033,0,0.0,1,1124.07,1,1332.67,23.25
EXP_FESTIVAL,C0718,Festival,2026-08-01,1,treatment,1,0.6707,0.0425,0,0.0,1,628.93,1,886.67,29.0
EXP_LOYALTY,C0718,Loyalty,2026-08-01,1,treatment,1,0.6707,0.0519,0,0.0,0,0.0,1,3023.1,16.0
EXP_NEW_PRODUCT,C0718,New Product,2026-08-01,1,treatment,1,0.6707,0.0614,0,0.0,0,0.0,1,1980.8,23.0
EXP_WIN-BACK,C0718,Win-back,2026-08-01,1,control,0,0.6707,0.0708,1,499.19,1,714.19,1,1205.67,0.0
EXP_BIRTHDAY,C0719,Birthday,2026-08-01,1,treatment,1,0.6716,0.0236,0,0.0,0,0.0,0,0.0,20.25
EXP_DISCOUNT,C0719,Discount,2026-08-01,1,control,0,0.6716,0.0331,0,0.0,0,0.0,1,1370.35,0.0
EXP_FESTIVAL,C0719,Festival,2026-08-01,1,control,0,0.6716,0.0425,1,161.8,1,310.76,1,500.67,0.0
EXP_LOYALTY,C0719,Loyalty,2026-08-01,1,treatment,1,0.6716,0.0519,0,0.0,0,0.0,0,0.0,16.0
EXP_NEW_PRODUCT,C0719,New Product,2026-08-01,1,control,0,0.6716,0.0614,1,350.26,1,585.43,1,822.47,0.0
EXP_WIN-BACK,C0719,Win-back,2026-08-01,1,treatment,1,0.6716,0.0708,0,0.0,0,0.0,1,2559.98,31.0
EXP_BIRTHDAY,C0720,Birthday,2026-08-01,1,treatment,1,0.3672,0.0208,0,0.0,0,0.0,0,0.0,20.25
EXP_DISCOUNT,C0720,Discount,2026-08-01,1,treatment,1,0.3672,0.0292,0,0.0,0,0.0,0,0.0,23.25
EXP_FESTIVAL,C0720,Festival,2026-08-01,1,treatment,1,0.3672,0.0375,0,0.0,1,350.37,1,584.83,29.0
EXP_LOYALTY,C0720,Loyalty,2026-08-01,1,treatment,1,0.3672,0.0459,0,0.0,0,0.0,0,0.0,16.0
EXP_NEW_PRODUCT,C0720,New Product,2026-08-01,1,treatment,1,0.3672,0.0542,0,0.0,1,213.94,1,405.68,23.0
EXP_WIN-BACK,C0720,Win-back,2026-08-01,1,control,0,0.3672,0.0625,0,0.0,0,0.0,0,0.0,0.0
EXP_BIRTHDAY,C0721,Birthday,2026-08-01,1,treatment,1,0.512,0.0222,0,0.0,0,0.0,1,792.36,20.25
EXP_DISCOUNT,C0721,Discount,2026-08-01,1,control,0,0.512,0.0311,0,0.0,0,0.0,0,0.0,0.0
EXP_FESTIVAL,C0721,Festival,2026-08-01,1,control,0,0.512,0.04,0,0.0,0,0.0,0,0.0,0.0
EXP_LOYALTY,C0721,Loyalty,2026-08-01,1,control,0,0.512,0.0489,0,0.0,0,0.0,0,0.0,0.0
EXP_NEW_PRODUCT,C0721,New Product,2026-08-01,1,control,0,0.512,0.0578,0,0.0,0,0.0,0,0.0,0.0
EXP_WIN-BACK,C0721,Win-back,2026-08-01,1,control,0,0.512,0.0667,0,0.0,1,664.67,1,937.91,0.0
EXP_BIRTHDAY,C0722,Birthday,2026-08-01,1,control,0,0.3124,0.0204,0,0.0,1,802.53,1,1160.12,0.0
EXP_DISCOUNT,C0722,Discount,2026-08-01,1,treatment,1,0.3124,0.0285,0,0.0,1,3535.82,1,4377.45,23.25
EXP_FESTIVAL,C0722,Festival,2026-08-01,1,control,0,0.3124,0.0366,0,0.0,0,0.0,0,0.0,0.0
EXP_LOYALTY,C0722,Loyalty,2026-08-01,1,treatment,1,0.3124,0.0448,0,0.0,0,0.0,0,0.0,16.0
EXP_NEW_PRODUCT,C0722,New Product,2026-08-01,1,control,0,0.3124,0.0529,0,0.0,1,1676.77,1,1974.43,0.0
EXP_WIN-BACK,C0722,Win-back,2026-08-01,1,control,0,0.3124,0.0611,0,0.0,0,0.0,0,0.0,0.0
EXP_BIRTHDAY,C0723,Birthday,2026-08-01,1,treatment,1,0.3919,0.0211,0,0.0,0,0.0,0,0.0,20.25
EXP_DISCOUNT,C0723,Discount,2026-08-01,1,control,0,0.3919,0.0295,0,0.0,0,0.0,0,0.0,0.0
EXP_FESTIVAL,C0723,Festival,2026-08-01,1,treatment,1,0.3919,0.0379,0,0.0,0,0.0,0,0.0,29.0
EXP_LOYALTY,C0723,Loyalty,2026-08-01,1,treatment,1,0.3919,0.0464,0,0.0,0,0.0,0,0.0,16.0
EXP_NEW_PRODUCT,C0723,New Product,2026-08-01,1,control,0,0.3919,0.0548,1,477.06,1,812.23,1,1204.4,0.0
EXP_WIN-BACK,C0723,Win-back,2026-08-01,1,treatment,1,0.3919,0.0632,0,0.0,0,0.0,0,0.0,31.0
EXP_BIRTHDAY,C0724,Birthday,2026-08-01,1,treatment,1,0.5749,0.0228,0,0.0,0,0.0,0,0.0,20.25
EXP_DISCOUNT,C0724,Discount,2026-08-01,1,control,0,0.5749,0.0319,0,0.0,0,0.0,1,565.56,0.0
EXP_FESTIVAL,C0724,Festival,2026-08-01,1,control,0,0.5749,0.0411,0,0.0,0,0.0,1,651.62,0.0
EXP_LOYALTY,C0724,Loyalty,2026-08-01,1,treatment,1,0.5749,0.0502,0,0.0,1,851.88,1,1217.08,16.0
EXP_NEW_PRODUCT,C0724,New Product,2026-08-01,1,treatment,1,0.5749,0.0593,0,0.0,0,0.0,0,0.0,23.0
EXP_WIN-BACK,C0724,Win-back,2026-08-01,1,treatment,1,0.5749,0.0684,0,0.0,0,0.0,0,0.0,31.0
EXP_BIRTHDAY,C0725,Birthday,2026-08-01,1,control,0,0.4705,0.0218,0,0.0,0,0.0,0,0.0,0.0
EXP_DISCOUNT,C0725,Discount,2026-08-01,1,control,0,0.4705,0.0306,0,0.0,0,0.0,0,0.0,0.0
EXP_FESTIVAL,C0725,Festival,2026-08-01,1,control,0,0.4705,0.0393,0,0.0,0,0.0,0,0.0,0.0
EXP_LOYALTY,C0725,Loyalty,2026-08-01,1,treatment,1,0.4705,0.048,0,0.0,0,0.0,0,0.0,16.0
EXP_NEW_PRODUCT,C0725,New Product,2026-08-01,1,control,0,0.4705,0.0568,0,0.0,0,0.0,1,878.01,0.0
EXP_WIN-BACK,C0725,Win-back,2026-08-01,1,treatment,1,0.4705,0.0655,0,0.0,0,0.0,0,0.0,31.0
EXP_BIRTHDAY,C0726,Birthday,2026-08-01,1,control,0,0.3772,0.0209,0,0.0,0,0.0,1,892.44,0.0
EXP_DISCOUNT,C0726,Discount,2026-08-01,1,control,0,0.3772,0.0293,0,0.0,0,0.0,1,2263.78,0.0
EXP_FESTIVAL,C0726,Festival,2026-08-01,1,control,0,0.3772,0.0377,0,0.0,0,0.0,0,0.0,0.0
EXP_LOYALTY,C0726,Loyalty,2026-08-01,1,treatment,1,0.3772,0.0461,0,0.0,0,0.0,0,0.0,16.0
EXP_NEW_PRODUCT,C0726,New Product,2026-08-01,1,treatment,1,0.3772,0.0544,1,301.79,1,585.16,1,754.38,23.0
EXP_WIN-BACK,C0726,Win-back,2026-08-01,1,treatment,1,0.3772,0.0628,1,350.68,1,526.03,1,691.82,31.0
EXP_BIRTHDAY,C0727,Birthday,2026-08-01,1,treatment,1,0.3714,0.0209,0,0.0,0,0.0,0,0.0,20.25
EXP_DISCOUNT,C0727,Discount,2026-08-01,1,control,0,0.3714,0.0292,0,0.0,0,0.0,0,0.0,0.0
EXP_FESTIVAL,C0727,Festival,2026-08-01,1,treatment,1,0.3714,0.0376,0,0.0,0,0.0,0,0.0,29.0
EXP_LOYALTY,C0727,Loyalty,2026-08-01,1,treatment,1,0.3714,0.0459,0,0.0,0,0.0,0,0.0,16.0
EXP_NEW_PRODUCT,C0727,New Product,2026-08-01,1,control,0,0.3714,0.0543,0,0.0,0,0.0,0,0.0,0.0
EXP_WIN-BACK,C0727,Win-back,2026-08-01,1,treatment,1,0.3714,0.0627,0,0.0,1,489.53,1,720.62,31.0
EXP_BIRTHDAY,C0728,Birthday,2026-08-01,1,treatment,1,0.5205,0.0223,0,0.0,0,0.0,0,0.0,20.25
EXP_DISCOUNT,C0728,Discount,2026-08-01,1,control,0,0.5205,0.0312,0,0.0,0,0.0,0,0.0,0.0
EXP_FESTIVAL,C0728,Festival,2026-08-01,1,treatment,1,0.5205,0.0402,0,0.0,0,0.0,0,0.0,29.0
EXP_LOYALTY,C0728,Loyalty,2026-08-01,1,control,0,0.5205,0.0491,0,0.0,1,1526.83,1,2192.86,0.0
EXP_NEW_PRODUCT,C0728,New Product,2026-08-01,1,treatment,1,0.5205,0.058,0,0.0,1,721.32,1,1300.95,23.0
EXP_WIN-BACK,C0728,Win-back,2026-08-01,1,control,0,0.5205,0.0669,0,0.0,0,0.0,0,0.0,0.0
EXP_BIRTHDAY,C0729,Birthday,2026-08-01,1,treatment,1,0.6502,0.0234,0,0.0,0,0.0,0,0.0,20.25
EXP_DISCOUNT,C0729,Discount,2026-08-01,1,treatment,1,0.6502,0.0328,1,341.05,1,450.3,1,937.95,23.25
EXP_FESTIVAL,C0729,Festival,2026-08-01,1,control,0,0.6502,0.0422,0,0.0,0,0.0,0,0.0,0.0
EXP_LOYALTY,C0729,Loyalty,2026-08-01,1,control,0,0.6502,0.0516,1,799.41,1,1006.53,1,1519.05,0.0
EXP_NEW_PRODUCT,C0729,New Product,2026-08-01,1,treatment,1,0.6502,0.061,0,0.0,0,0.0,1,2924.78,23.0
EXP_WIN-BACK,C0729,Win-back,2026-08-01,1,control,0,0.6502,0.0703,1,1068.66,1,1421.54,1,1876.97,0.0
EXP_BIRTHDAY,C0730,Birthday,2026-08-01,1,treatment,1,0.7118,0.0239,1,491.03,1,951.87,1,1921.8,20.25
EXP_DISCOUNT,C0730,Discount,2026-08-01,1,control,0,0.7118,0.0335,0,0.0,0,0.0,0,0.0,0.0
EXP_FESTIVAL,C0730,Festival,2026-08-01,1,control,0,0.7118,0.043,0,0.0,0,0.0,0,0.0,0.0
EXP_LOYALTY,C0730,Loyalty,2026-08-01,1,control,0,0.7118,0.0526,0,0.0,0,0.0,0,0.0,0.0
EXP_NEW_PRODUCT,C0730,New Product,2026-08-01,1,treatment,1,0.7118,0.0621,1,453.59,1,773.96,1,1576.49,23.0
EXP_WIN-BACK,C0730,Win-back,2026-08-01,1,control,0,0.7118,0.0717,0,0.0,0,0.0,1,2487.94,0.0
EXP_BIRTHDAY,C0731,Birthday,2026-08-01,1,control,0,0.3945,0.0211,0,0.0,0,0.0,1,360.34,0.0
EXP_DISCOUNT,C0731,Discount,2026-08-01,1,control,0,0.3945,0.0295,0,0.0,0,0.0,0,0.0,0.0
EXP_FESTIVAL,C0731,Festival,2026-08-01,1,control,0,0.3945,0.038,0,0.0,0,0.0,0,0.0,0.0
EXP_LOYALTY,C0731,Loyalty,2026-08-01,1,treatment,1,0.3945,0.0464,1,1100.89,1,1306.89,1,1674.1,16.0
EXP_NEW_PRODUCT,C0731,New Product,2026-08-01,1,control,0,0.3945,0.0549,0,0.0,0,0.0,0,0.0,0.0
EXP_WIN-BACK,C0731,Win-back,2026-08-01,1,treatment,1,0.3945,0.0633,0,0.0,0,0.0,1,918.22,31.0
EXP_BIRTHDAY,C0732,Birthday,2026-08-01,1,control,0,0.2474,0.0198,0,0.0,0,0.0,0,0.0,0.0
EXP_DISCOUNT,C0732,Discount,2026-08-01,1,treatment,1,0.2474,0.0278,0,0.0,0,0.0,0,0.0,23.25
EXP_FESTIVAL,C0732,Festival,2026-08-01,1,control,0,0.2474,0.0357,0,0.0,0,0.0,0,0.0,0.0
EXP_LOYALTY,C0732,Loyalty,2026-08-01,1,treatment,1,0.2474,0.0436,0,0.0,0,0.0,0,0.0,16.0
EXP_NEW_PRODUCT,C0732,New Product,2026-08-01,1,treatment,1,0.2474,0.0516,0,0.0,0,0.0,0,0.0,23.0
EXP_WIN-BACK,C0732,Win-back,2026-08-01,1,control,0,0.2474,0.0595,0,0.0,0,0.0,0,0.0,0.0
EXP_BIRTHDAY,C0733,Birthday,2026-08-01,1,control,0,0.6243,0.0232,0,0.0,1,1655.76,1,2208.94,0.0
EXP_DISCOUNT,C0733,Discount,2026-08-01,1,control,0,0.6243,0.0325,0,0.0,0,0.0,0,0.0,0.0
EXP_FESTIVAL,C0733,Festival,2026-08-01,1,control,0,0.6243,0.0418,1,474.09,1,735.15,1,1076.69,0.0
EXP_LOYALTY,C0733,Loyalty,2026-08-01,1,treatment,1,0.6243,0.0511,0,0.0,0,0.0,1,1255.22,16.0
EXP_NEW_PRODUCT,C0733,New Product,2026-08-01,1,treatment,1,0.6243,0.0604,0,0.0,1,1460.83,1,1763.7,23.0
EXP_WIN-BACK,C0733,Win-back,2026-08-01,1,control,0,0.6243,0.0697,0,0.0,0,0.0,1,1691.16,0.0
EXP_BIRTHDAY,C0734,Birthday,2026-08-01,1,treatment,1,0.3299,0.0205,0,0.0,0,0.0,0,0.0,20.25
EXP_DISCOUNT,C0734,Discount,2026-08-01,1,control,0,0.3299,0.0287,0,0.0,1,501.11,1,880.68,0.0
EXP_FESTIVAL,C0734,Festival,2026-08-01,1,treatment,1,0.3299,0.0369,0,0.0,0,0.0,1,1468.86,29.0
EXP_LOYALTY,C0734,Loyalty,2026-08-01,1,treatment,1,0.3299,0.0451,0,0.0,0,0.0,0,0.0,16.0
EXP_NEW_PRODUCT,C0734,New Product,2026-08-01,1,treatment,1,0.3299,0.0533,0,0.0,0,0.0,0,0.0,23.0
EXP_WIN-BACK,C0734,Win-back,2026-08-01,1,treatment,1,0.3299,0.0615,0,0.0,0,0.0,0,0.0,31.0
EXP_BIRTHDAY,C0735,Birthday,2026-08-01,1,treatment,1,0.405,0.0212,0,0.0,1,562.59,1,690.31,20.25
EXP_DISCOUNT,C0735,Discount,2026-08-01,1,treatment,1,0.405,0.0297,0,0.0,0,0.0,0,0.0,23.25
EXP_FESTIVAL,C0735,Festival,2026-08-01,1,control,0,0.405,0.0382,0,0.0,0,0.0,0,0.0,0.0
EXP_LOYALTY,C0735,Loyalty,2026-08-01,1,treatment,1,0.405,0.0466,0,0.0,0,0.0,0,0.0,16.0
EXP_NEW_PRODUCT,C0735,New Product,2026-08-01,1,control,0,0.405,0.0551,0,0.0,0,0.0,1,632.05,0.0
EXP_WIN-BACK,C0735,Win-back,2026-08-01,1,treatment,1,0.405,0.0636,0,0.0,0,0.0,0,0.0,31.0
EXP_BIRTHDAY,C0736,Birthday,2026-08-01,1,treatment,1,0.6191,0.0232,0,0.0,0,0.0,0,0.0,20.25
EXP_DISCOUNT,C0736,Discount,2026-08-01,1,treatment,1,0.6191,0.0325,0,0.0,0,0.0,1,947.57,23.25
EXP_FESTIVAL,C0736,Festival,2026-08-01,1,control,0,0.6191,0.0418,1,781.35,1,1074.23,1,1913.01,0.0
EXP_LOYALTY,C0736,Loyalty,2026-08-01,1,treatment,1,0.6191,0.051,1,1084.88,1,1774.61,1,2163.7,16.0
EXP_NEW_PRODUCT,C0736,New Product,2026-08-01,1,treatment,1,0.6191,0.0603,0,0.0,0,0.0,0,0.0,23.0
EXP_WIN-BACK,C0736,Win-back,2026-08-01,1,treatment,1,0.6191,0.0696,0,0.0,0,0.0,0,0.0,31.0
EXP_BIRTHDAY,C0737,Birthday,2026-08-01,1,control,0,0.2565,0.0199,0,0.0,0,0.0,0,0.0,0.0
EXP_DISCOUNT,C0737,Discount,2026-08-01,1,treatment,1,0.2565,0.0279,0,0.0,0,0.0,0,0.0,23.25
EXP_FESTIVAL,C0737,Festival,2026-08-01,1,treatment,1,0.2565,0.0358,1,65.14,1,142.24,1,258.81,29.0
EXP_LOYALTY,C0737,Loyalty,2026-08-01,1,treatment,1,0.2565,0.0438,0,0.0,0,0.0,0,0.0,16.0
EXP_NEW_PRODUCT,C0737,New Product,2026-08-01,1,control,0,0.2565,0.0518,0,0.0,0,0.0,1,388.75,0.0
EXP_WIN-BACK,C0737,Win-back,2026-08-01,1,control,0,0.2565,0.0597,0,0.0,0,0.0,0,0.0,0.0
EXP_BIRTHDAY,C0738,Birthday,2026-08-01,1,treatment,1,0.4836,0.022,0,0.0,0,0.0,0,0.0,20.25
EXP_DISCOUNT,C0738,Discount,2026-08-01,1,control,0,0.4836,0.0307,0,0.0,1,1202.89,1,1664.3,0.0
EXP_FESTIVAL,C0738,Festival,2026-08-01,1,treatment,1,0.4836,0.0395,0,0.0,0,0.0,0,0.0,29.0
EXP_LOYALTY,C0738,Loyalty,2026-08-01,1,control,0,0.4836,0.0483,0,0.0,0,0.0,1,2928.33,0.0
EXP_NEW_PRODUCT,C0738,New Product,2026-08-01,1,control,0,0.4836,0.0571,0,0.0,0,0.0,0,0.0,0.0
EXP_WIN-BACK,C0738,Win-back,2026-08-01,1,control,0,0.4836,0.0659,0,0.0,0,0.0,1,3899.85,0.0
EXP_BIRTHDAY,C0739,Birthday,2026-08-01,1,treatment,1,0.4714,0.0218,0,0.0,0,0.0,0,0.0,20.25
EXP_DISCOUNT,C0739,Discount,2026-08-01,1,control,0,0.4714,0.0306,0,0.0,0,0.0,1,765.09,0.0
EXP_FESTIVAL,C0739,Festival,2026-08-01,1,control,0,0.4714,0.0393,0,0.0,1,715.39,1,1157.97,0.0
EXP_LOYALTY,C0739,Loyalty,2026-08-01,1,treatment,1,0.4714,0.048,0,0.0,0,0.0,0,0.0,16.0
EXP_NEW_PRODUCT,C0739,New Product,2026-08-01,1,control,0,0.4714,0.0568,1,913.74,1,1614.19,1,1910.47,0.0
EXP_WIN-BACK,C0739,Win-back,2026-08-01,1,control,0,0.4714,0.0655,0,0.0,1,926.98,1,1124.33,0.0
EXP_BIRTHDAY,C0740,Birthday,2026-08-01,1,treatment,1,0.4074,0.0212,0,0.0,0,0.0,0,0.0,20.25
EXP_DISCOUNT,C0740,Discount,2026-08-01,1,treatment,1,0.4074,0.0297,0,0.0,0,0.0,1,3253.15,23.25
EXP_FESTIVAL,C0740,Festival,2026-08-01,1,control,0,0.4074,0.0382,0,0.0,1,1096.6,1,2306.75,0.0
EXP_LOYALTY,C0740,Loyalty,2026-08-01,1,control,0,0.4074,0.0467,0,0.0,0,0.0,0,0.0,0.0
EXP_NEW_PRODUCT,C0740,New Product,2026-08-01,1,control,0,0.4074,0.0552,1,1636.39,1,3391.87,1,4242.76,0.0
EXP_WIN-BACK,C0740,Win-back,2026-08-01,1,control,0,0.4074,0.0637,0,0.0,0,0.0,1,3356.29,0.0
EXP_BIRTHDAY,C0741,Birthday,2026-08-01,1,control,0,0.3541,0.0207,0,0.0,0,0.0,0,0.0,0.0
EXP_DISCOUNT,C0741,Discount,2026-08-01,1,control,0,0.3541,0.029,0,0.0,0,0.0,0,0.0,0.0
EXP_FESTIVAL,C0741,Festival,2026-08-01,1,control,0,0.3541,0.0373,0,0.0,0,0.0,0,0.0,0.0
EXP_LOYALTY,C0741,Loyalty,2026-08-01,1,treatment,1,0.3541,0.0456,0,0.0,0,0.0,0,0.0,16.0
EXP_NEW_PRODUCT,C0741,New Product,2026-08-01,1,control,0,0.3541,0.0539,1,390.16,1,537.14,1,1053.45,0.0
EXP_WIN-BACK,C0741,Win-back,2026-08-01,1,control,0,0.3541,0.0622,1,152.1,1,219.54,1,369.79,0.0
EXP_BIRTHDAY,C0742,Birthday,2026-08-01,1,control,0,0.3519,0.0207,0,0.0,0,0.0,0,0.0,0.0
EXP_DISCOUNT,C0742,Discount,2026-08-01,1,treatment,1,0.3519,0.029,0,0.0,0,0.0,0,0.0,23.25
EXP_FESTIVAL,C0742,Festival,2026-08-01,1,treatment,1,0.3519,0.0373,0,0.0,0,0.0,0,0.0,29.0
EXP_LOYALTY,C0742,Loyalty,2026-08-01,1,treatment,1,0.3519,0.0456,0,0.0,0,0.0,0,0.0,16.0
EXP_NEW_PRODUCT,C0742,New Product,2026-08-01,1,control,0,0.3519,0.0538,0,0.0,1,844.84,1,1193.78,0.0
EXP_WIN-BACK,C0742,Win-back,2026-08-01,1,control,0,0.3519,0.0621,1,496.09,1,731.91,1,918.21,0.0
EXP_BIRTHDAY,C0743,Birthday,2026-08-01,1,treatment,1,0.5178,0.0223,0,0.0,0,0.0,1,762.95,20.25
EXP_DISCOUNT,C0743,Discount,2026-08-01,1,control,0,0.5178,0.0312,1,317.55,1,657.35,1,813.47,0.0
EXP_FESTIVAL,C0743,Festival,2026-08-01,1,control,0,0.5178,0.0401,0,0.0,0,0.0,0,0.0,0.0
EXP_LOYALTY,C0743,Loyalty,2026-08-01,1,control,0,0.5178,0.049,0,0.0,0,0.0,0,0.0,0.0
EXP_NEW_PRODUCT,C0743,New Product,2026-08-01,1,control,0,0.5178,0.0579,0,0.0,0,0.0,0,0.0,0.0
EXP_WIN-BACK,C0743,Win-back,2026-08-01,1,treatment,1,0.5178,0.0669,1,253.82,1,407.11,1,842.74,31.0
EXP_BIRTHDAY,C0744,Birthday,2026-08-01,1,control,0,0.4896,0.022,1,556.03,1,984.62,1,1338.83,0.0
EXP_DISCOUNT,C0744,Discount,2026-08-01,1,treatment,1,0.4896,0.0308,0,0.0,0,0.0,0,0.0,23.25
EXP_FESTIVAL,C0744,Festival,2026-08-01,1,control,0,0.4896,0.0396,0,0.0,0,0.0,0,0.0,0.0
EXP_LOYALTY,C0744,Loyalty,2026-08-01,1,treatment,1,0.4896,0.0484,0,0.0,0,0.0,0,0.0,16.0
EXP_NEW_PRODUCT,C0744,New Product,2026-08-01,1,control,0,0.4896,0.0572,0,0.0,0,0.0,0,0.0,0.0
EXP_WIN-BACK,C0744,Win-back,2026-08-01,1,control,0,0.4896,0.066,0,0.0,0,0.0,1,1831.13,0.0
EXP_BIRTHDAY,C0745,Birthday,2026-08-01,1,treatment,1,0.3437,0.0206,0,0.0,1,662.66,1,851.89,20.25
EXP_DISCOUNT,C0745,Discount,2026-08-01,1,treatment,1,0.3437,0.0289,1,518.24,1,736.44,1,949.79,23.25
EXP_FESTIVAL,C0745,Festival,2026-08-01,1,control,0,0.3437,0.0371,0,0.0,0,0.0,0,0.0,0.0
EXP_LOYALTY,C0745,Loyalty,2026-08-01,1,treatment,1,0.3437,0.0454,0,0.0,0,0.0,0,0.0,16.0
EXP_NEW_PRODUCT,C0745,New Product,2026-08-01,1,treatment,1,0.3437,0.0536,0,0.0,0,0.0,0,0.0,23.0
EXP_WIN-BACK,C0745,Win-back,2026-08-01,1,treatment,1,0.3437,0.0619,0,0.0,0,0.0,1,361.09,31.0
EXP_BIRTHDAY,C0746,Birthday,2026-08-01,1,treatment,1,0.5654,0.0227,0,0.0,0,0.0,1,857.78,20.25
EXP_DISCOUNT,C0746,Discount,2026-08-01,1,treatment,1,0.5654,0.0318,0,0.0,0,0.0,0,0.0,23.25
EXP_FESTIVAL,C0746,Festival,2026-08-01,1,control,0,0.5654,0.0409,0,0.0,1,476.06,1,952.14,0.0
EXP_LOYALTY,C0746,Loyalty,2026-08-01,1,control,0,0.5654,0.05,0,0.0,0,0.0,0,0.0,0.0
EXP_NEW_PRODUCT,C0746,New Product,2026-08-01,1,treatment,1,0.5654,0.0591,1,855.86,1,1018.64,1,1238.27,23.0
EXP_WIN-BACK,C0746,Win-back,2026-08-01,1,treatment,1,0.5654,0.0682,0,0.0,0,0.0,0,0.0,31.0
EXP_BIRTHDAY,C0747,Birthday,2026-08-01,1,treatment,1,0.3378,0.0206,0,0.0,0,0.0,0,0.0,20.25
EXP_DISCOUNT,C0747,Discount,2026-08-01,1,control,0,0.3378,0.0288,0,0.0,0,0.0,0,0.0,0.0
EXP_FESTIVAL,C0747,Festival,2026-08-01,1,control,0,0.3378,0.037,0,0.0,0,0.0,0,0.0,0.0
EXP_LOYALTY,C0747,Loyalty,2026-08-01,1,treatment,1,0.3378,0.0453,0,0.0,0,0.0,0,0.0,16.0
EXP_NEW_PRODUCT,C0747,New Product,2026-08-01,1,treatment,1,0.3378,0.0535,0,0.0,1,279.84,1,499.48,23.0
EXP_WIN-BACK,C0747,Win-back,2026-08-01,1,treatment,1,0.3378,0.0617,1,191.24,1,238.57,1,376.85,31.0
EXP_BIRTHDAY,C0748,Birthday,2026-08-01,1,control,0,0.5113,0.0222,0,0.0,0,0.0,1,545.53,0.0
EXP_DISCOUNT,C0748,Discount,2026-08-01,1,control,0,0.5113,0.0311,1,563.16,1,698.55,1,1070.06,0.0
EXP_FESTIVAL,C0748,Festival,2026-08-01,1,control,0,0.5113,0.04,1,746.65,1,1014.7,1,2216.3,0.0
EXP_LOYALTY,C0748,Loyalty,2026-08-01,1,control,0,0.5113,0.0489,1,403.78,1,618.72,1,785.67,0.0
EXP_NEW_PRODUCT,C0748,New Product,2026-08-01,1,treatment,1,0.5113,0.0578,1,284.35,1,361.74,1,672.54,23.0
EXP_WIN-BACK,C0748,Win-back,2026-08-01,1,treatment,1,0.5113,0.0667,0,0.0,0,0.0,0,0.0,31.0
EXP_BIRTHDAY,C0749,Birthday,2026-08-01,1,control,0,0.272,0.02,0,0.0,0,0.0,0,0.0,0.0
EXP_DISCOUNT,C0749,Discount,2026-08-01,1,control,0,0.272,0.028,0,0.0,1,1707.55,1,2498.86,0.0
EXP_FESTIVAL,C0749,Festival,2026-08-01,1,treatment,1,0.272,0.036,0,0.0,1,495.46,1,1099.74,29.0
EXP_LOYALTY,C0749,Loyalty,2026-08-01,1,treatment,1,0.272,0.0441,0,0.0,0,0.0,0,0.0,16.0
EXP_NEW_PRODUCT,C0749,New Product,2026-08-01,1,control,0,0.272,0.0521,0,0.0,0,0.0,1,2086.56,0.0
EXP_WIN-BACK,C0749,Win-back,2026-08-01,1,control,0,0.272,0.0601,0,0.0,0,0.0,0,0.0,0.0
EXP_BIRTHDAY,C0750,Birthday,2026-08-01,1,control,0,0.4389,0.0215,0,0.0,0,0.0,0,0.0,0.0
EXP_DISCOUNT,C0750,Discount,2026-08-01,1,treatment,1,0.4389,0.0301,1,711.51,1,877.26,1,1873.59,23.25
EXP_FESTIVAL,C0750,Festival,2026-08-01,1,treatment,1,0.4389,0.0387,0,0.0,0,0.0,0,0.0,29.0
EXP_LOYALTY,C0750,Loyalty,2026-08-01,1,treatment,1,0.4389,0.0474,0,0.0,0,0.0,1,2498.36,16.0
EXP_NEW_PRODUCT,C0750,New Product,2026-08-01,1,treatment,1,0.4389,0.056,0,0.0,0,0.0,0,0.0,23.0
EXP_WIN-BACK,C0750,Win-back,2026-08-01,1,control,0,0.4389,0.0646,0,0.0,0,0.0,0,0.0,0.0
EXP_BIRTHDAY,C0751,Birthday,2026-08-01,1,control,0,0.3197,0.0204,0,0.0,0,0.0,0,0.0,0.0
EXP_DISCOUNT,C0751,Discount,2026-08-01,1,control,0,0.3197,0.0286,0,0.0,0,0.0,0,0.0,0.0
EXP_FESTIVAL,C0751,Festival,2026-08-01,1,control,0,0.3197,0.0368,0,0.0,0,0.0,0,0.0,0.0
EXP_LOYALTY,C0751,Loyalty,2026-08-01,1,treatment,1,0.3197,0.0449,0,0.0,0,0.0,1,618.99,16.0
EXP_NEW_PRODUCT,C0751,New Product,2026-08-01,1,control,0,0.3197,0.0531,0,0.0,0,0.0,0,0.0,0.0
EXP_WIN-BACK,C0751,Win-back,2026-08-01,1,treatment,1,0.3197,0.0613,0,0.0,0,0.0,0,0.0,31.0
EXP_BIRTHDAY,C0752,Birthday,2026-08-01,1,treatment,1,0.3057,0.0203,0,0.0,0,0.0,0,0.0,20.25
EXP_DISCOUNT,C0752,Discount,2026-08-01,1,control,0,0.3057,0.0284,0,0.0,0,0.0,1,2028.59,0.0
EXP_FESTIVAL,C0752,Festival,2026-08-01,1,control,0,0.3057,0.0365,0,0.0,0,0.0,0,0.0,0.0
EXP_LOYALTY,C0752,Loyalty,2026-08-01,1,treatment,1,0.3057,0.0447,1,146.39,1,252.33,1,460.02,16.0
EXP_NEW_PRODUCT,C0752,New Product,2026-08-01,1,control,0,0.3057,0.0528,0,0.0,0,0.0,0,0.0,0.0
EXP_WIN-BACK,C0752,Win-back,2026-08-01,1,control,0,0.3057,0.0609,0,0.0,0,0.0,0,0.0,0.0
EXP_BIRTHDAY,C0753,Birthday,2026-08-01,1,treatment,1,0.5363,0.0225,0,0.0,1,2870.2,1,3764.23,20.25
EXP_DISCOUNT,C0753,Discount,2026-08-01,1,treatment,1,0.5363,0.0314,0,0.0,0,0.0,1,2811.7,23.25
EXP_FESTIVAL,C0753,Festival,2026-08-01,1,treatment,1,0.5363,0.0404,0,0.0,0,0.0,0,0.0,29.0
EXP_LOYALTY,C0753,Loyalty,2026-08-01,1,control,0,0.5363,0.0494,1,1115.22,1,2132.37,1,3699.65,0.0
EXP_NEW_PRODUCT,C0753,New Product,2026-08-01,1,treatment,1,0.5363,0.0584,1,1257.9,1,1940.82,1,2473.74,23.0
EXP_WIN-BACK,C0753,Win-back,2026-08-01,1,treatment,1,0.5363,0.0674,0,0.0,1,2976.84,1,4261.22,31.0
EXP_BIRTHDAY,C0754,Birthday,2026-08-01,1,control,0,0.7196,0.024,0,0.0,0,0.0,0,0.0,0.0
EXP_DISCOUNT,C0754,Discount,2026-08-01,1,treatment,1,0.7196,0.0335,1,750.22,1,1290.72,1,2189.69,23.25
EXP_FESTIVAL,C0754,Festival,2026-08-01,1,treatment,1,0.7196,0.0431,0,0.0,0,0.0,0,0.0,29.0
EXP_LOYALTY,C0754,Loyalty,2026-08-01,1,treatment,1,0.7196,0.0527,0,0.0,0,0.0,1,739.94,16.0
EXP_NEW_PRODUCT,C0754,New Product,2026-08-01,1,control,0,0.7196,0.0623,0,0.0,1,614.37,1,1132.38,0.0
EXP_WIN-BACK,C0754,Win-back,2026-08-01,1,control,0,0.7196,0.0719,1,1308.87,1,2446.33,1,3208.23,0.0
EXP_BIRTHDAY,C0755,Birthday,2026-08-01,1,control,0,0.5846,0.0229,0,0.0,0,0.0,1,1253.88,0.0
EXP_DISCOUNT,C0755,Discount,2026-08-01,1,control,0,0.5846,0.0321,0,0.0,0,0.0,0,0.0,0.0
EXP_FESTIVAL,C0755,Festival,2026-08-01,1,control,0,0.5846,0.0412,0,0.0,1,1534.55,1,2986.2,0.0
EXP_LOYALTY,C0755,Loyalty,2026-08-01,1,control,0,0.5846,0.0504,0,0.0,0,0.0,0,0.0,0.0
EXP_NEW_PRODUCT,C0755,New Product,2026-08-01,1,treatment,1,0.5846,0.0595,1,627.28,1,842.91,1,1124.09,23.0
EXP_WIN-BACK,C0755,Win-back,2026-08-01,1,control,0,0.5846,0.0687,0,0.0,0,0.0,0,0.0,0.0
EXP_BIRTHDAY,C0756,Birthday,2026-08-01,1,treatment,1,0.5898,0.0229,1,297.26,1,602.94,1,790.06,20.25
EXP_DISCOUNT,C0756,Discount,2026-08-01,1,treatment,1,0.5898,0.0321,0,0.0,1,1128.41,1,1923.92,23.25
EXP_FESTIVAL,C0756,Festival,2026-08-01,1,control,0,0.5898,0.0413,0,0.0,0,0.0,0,0.0,0.0
EXP_LOYALTY,C0756,Loyalty,2026-08-01,1,treatment,1,0.5898,0.0505,0,0.0,0,0.0,0,0.0,16.0
EXP_NEW_PRODUCT,C0756,New Product,2026-08-01,1,treatment,1,0.5898,0.0597,0,0.0,0,0.0,0,0.0,23.0
EXP_WIN-BACK,C0756,Win-back,2026-08-01,1,treatment,1,0.5898,0.0688,1,987.13,1,1456.84,1,2615.67,31.0
EXP_BIRTHDAY,C0757,Birthday,2026-08-01,1,treatment,1,0.5532,0.0226,0,0.0,1,1410.99,1,2262.35,20.25
EXP_DISCOUNT,C0757,Discount,2026-08-01,1,control,0,0.5532,0.0317,0,0.0,0,0.0,1,1125.29,0.0
EXP_FESTIVAL,C0757,Festival,2026-08-01,1,treatment,1,0.5532,0.0407,0,0.0,0,0.0,0,0.0,29.0
EXP_LOYALTY,C0757,Loyalty,2026-08-01,1,control,0,0.5532,0.0498,1,804.34,1,1093.21,1,1449.35,0.0
EXP_NEW_PRODUCT,C0757,New Product,2026-08-01,1,treatment,1,0.5532,0.0588,0,0.0,0,0.0,1,1570.96,23.0
EXP_WIN-BACK,C0757,Win-back,2026-08-01,1,treatment,1,0.5532,0.0678,0,0.0,1,756.57,1,992.64,31.0
EXP_BIRTHDAY,C0758,Birthday,2026-08-01,1,control,0,0.3074,0.0203,1,261.83,1,429.17,1,721.21,0.0
EXP_DISCOUNT,C0758,Discount,2026-08-01,1,treatment,1,0.3074,0.0284,0,0.0,0,0.0,1,712.41,23.25
EXP_FESTIVAL,C0758,Festival,2026-08-01,1,control,0,0.3074,0.0366,0,0.0,0,0.0,1,290.61,0.0
EXP_LOYALTY,C0758,Loyalty,2026-08-01,1,control,0,0.3074,0.0447,0,0.0,0,0.0,0,0.0,0.0
EXP_NEW_PRODUCT,C0758,New Product,2026-08-01,1,treatment,1,0.3074,0.0528,0,0.0,0,0.0,0,0.0,23.0
EXP_WIN-BACK,C0758,Win-back,2026-08-01,1,treatment,1,0.3074,0.0609,0,0.0,0,0.0,0,0.0,31.0
EXP_BIRTHDAY,C0759,Birthday,2026-08-01,1,treatment,1,0.5219,0.0223,0,0.0,0,0.0,1,2843.91,20.25
EXP_DISCOUNT,C0759,Discount,2026-08-01,1,control,0,0.5219,0.0313,0,0.0,0,0.0,0,0.0,0.0
EXP_FESTIVAL,C0759,Festival,2026-08-01,1,treatment,1,0.5219,0.0402,0,0.0,0,0.0,0,0.0,29.0
EXP_LOYALTY,C0759,Loyalty,2026-08-01,1,treatment,1,0.5219,0.0491,0,0.0,1,582.09,1,1124.58,16.0
EXP_NEW_PRODUCT,C0759,New Product,2026-08-01,1,control,0,0.5219,0.058,0,0.0,0,0.0,0,0.0,0.0
EXP_WIN-BACK,C0759,Win-back,2026-08-01,1,treatment,1,0.5219,0.067,1,553.74,1,1120.58,1,1741.02,31.0
EXP_BIRTHDAY,C0760,Birthday,2026-08-01,1,control,0,0.2984,0.0202,0,0.0,0,0.0,0,0.0,0.0
EXP_DISCOUNT,C0760,Discount,2026-08-01,1,treatment,1,0.2984,0.0283,0,0.0,1,314.42,1,470.78,23.25
EXP_FESTIVAL,C0760,Festival,2026-08-01,1,treatment,1,0.2984,0.0364,1,191.04,1,242.81,1,371.7,29.0
EXP_LOYALTY,C0760,Loyalty,2026-08-01,1,treatment,1,0.2984,0.0445,0,0.0,0,0.0,0,0.0,16.0
EXP_NEW_PRODUCT,C0760,New Product,2026-08-01,1,treatment,1,0.2984,0.0526,0,0.0,1,211.09,1,357.94,23.0
EXP_WIN-BACK,C0760,Win-back,2026-08-01,1,control,0,0.2984,0.0607,0,0.0,0,0.0,0,0.0,0.0
EXP_BIRTHDAY,C0761,Birthday,2026-08-01,1,treatment,1,0.5479,0.0226,0,0.0,0,0.0,0,0.0,20.25
EXP_DISCOUNT,C0761,Discount,2026-08-01,1,treatment,1,0.5479,0.0316,1,1023.3,1,1220.63,1,1692.91,23.25
EXP_FESTIVAL,C0761,Festival,2026-08-01,1,control,0,0.5479,0.0406,0,0.0,0,0.0,1,831.89,0.0
EXP_LOYALTY,C0761,Loyalty,2026-08-01,1,control,0,0.5479,0.0496,0,0.0,0,0.0,0,0.0,0.0
EXP_NEW_PRODUCT,C0761,New Product,2026-08-01,1,treatment,1,0.5479,0.0587,0,0.0,0,0.0,0,0.0,23.0
EXP_WIN-BACK,C0761,Win-back,2026-08-01,1,control,0,0.5479,0.0677,0,0.0,0,0.0,0,0.0,0.0
EXP_BIRTHDAY,C0762,Birthday,2026-08-01,1,treatment,1,0.3678,0.0209,0,0.0,0,0.0,1,4687.53,20.25
EXP_DISCOUNT,C0762,Discount,2026-08-01,1,control,0,0.3678,0.0292,0,0.0,0,0.0,0,0.0,0.0
EXP_FESTIVAL,C0762,Festival,2026-08-01,1,control,0,0.3678,0.0375,1,694.29,1,1114.42,1,1911.51,0.0
EXP_LOYALTY,C0762,Loyalty,2026-08-01,1,control,0,0.3678,0.0459,0,0.0,1,1672.85,1,3151.8,0.0
EXP_NEW_PRODUCT,C0762,New Product,2026-08-01,1,control,0,0.3678,0.0542,0,0.0,0,0.0,0,0.0,0.0
EXP_WIN-BACK,C0762,Win-back,2026-08-01,1,treatment,1,0.3678,0.0626,1,1009.8,1,2002.12,1,3776.07,31.0
EXP_BIRTHDAY,C0763,Birthday,2026-08-01,1,control,0,0.5346,0.0224,1,856.21,1,1306.23,1,2056.86,0.0
EXP_DISCOUNT,C0763,Discount,2026-08-01,1,control,0,0.5346,0.0314,0,0.0,0,0.0,0,0.0,0.0
EXP_FESTIVAL,C0763,Festival,2026-08-01,1,treatment,1,0.5346,0.0404,1,1694.36,1,2145.21,1,3717.87,29.0
EXP_LOYALTY,C0763,Loyalty,2026-08-01,1,control,0,0.5346,0.0494,0,0.0,0,0.0,0,0.0,0.0
EXP_NEW_PRODUCT,C0763,New Product,2026-08-01,1,control,0,0.5346,0.0583,0,0.0,0,0.0,0,0.0,0.0
EXP_WIN-BACK,C0763,Win-back,2026-08-01,1,treatment,1,0.5346,0.0673,0,0.0,0,0.0,1,1494.52,31.0
EXP_BIRTHDAY,C0764,Birthday,2026-08-01,1,treatment,1,0.6344,0.0233,0,0.0,1,748.76,1,1635.61,20.25
EXP_DISCOUNT,C0764,Discount,2026-08-01,1,control,0,0.6344,0.0326,0,0.0,0,0.0,1,3189.84,0.0
EXP_FESTIVAL,C0764,Festival,2026-08-01,1,control,0,0.6344,0.042,0,0.0,0,0.0,0,0.0,0.0
EXP_LOYALTY,C0764,Loyalty,2026-08-01,1,treatment,1,0.6344,0.0513,0,0.0,0,0.0,0,0.0,16.0
EXP_NEW_PRODUCT,C0764,New Product,2026-08-01,1,control,0,0.6344,0.0606,1,430.3,1,644.39,1,1053.9,0.0
EXP_WIN-BACK,C0764,Win-back,2026-08-01,1,treatment,1,0.6344,0.07,0,0.0,0,0.0,0,0.0,31.0
EXP_BIRTHDAY,C0765,Birthday,2026-08-01,1,control,0,0.3701,0.0209,0,0.0,0,0.0,0,0.0,0.0
EXP_DISCOUNT,C0765,Discount,2026-08-01,1,treatment,1,0.3701,0.0292,0,0.0,0,0.0,0,0.0,23.25
EXP_FESTIVAL,C0765,Festival,2026-08-01,1,control,0,0.3701,0.0376,0,0.0,0,0.0,0,0.0,0.0
EXP_LOYALTY,C0765,Loyalty,2026-08-01,1,control,0,0.3701,0.0459,0,0.0,0,0.0,0,0.0,0.0
EXP_NEW_PRODUCT,C0765,New Product,2026-08-01,1,control,0,0.3701,0.0543,1,456.33,1,624.97,1,1342.3,0.0
EXP_WIN-BACK,C0765,Win-back,2026-08-01,1,treatment,1,0.3701,0.0626,0,0.0,1,428.6,1,506.46,31.0
EXP_BIRTHDAY,C0766,Birthday,2026-08-01,1,treatment,1,0.7178,0.0239,1,647.81,1,786.92,1,1527.74,20.25
EXP_DISCOUNT,C0766,Discount,2026-08-01,1,control,0,0.7178,0.0335,0,0.0,1,643.51,1,1233.18,0.0
EXP_FESTIVAL,C0766,Festival,2026-08-01,1,control,0,0.7178,0.0431,0,0.0,1,1049.05,1,1281.34,0.0
EXP_LOYALTY,C0766,Loyalty,2026-08-01,1,control,0,0.7178,0.0527,1,1226.25,1,1480.13,1,2522.93,0.0
EXP_NEW_PRODUCT,C0766,New Product,2026-08-01,1,treatment,1,0.7178,0.0622,0,0.0,1,689.84,1,1260.61,23.0
EXP_WIN-BACK,C0766,Win-back,2026-08-01,1,treatment,1,0.7178,0.0718,0,0.0,0,0.0,1,1668.8,31.0
EXP_BIRTHDAY,C0767,Birthday,2026-08-01,1,treatment,1,0.6362,0.0233,1,357.73,1,533.82,1,953.59,20.25
EXP_DISCOUNT,C0767,Discount,2026-08-01,1,control,0,0.6362,0.0327,0,0.0,1,953.01,1,1708.31,0.0
EXP_FESTIVAL,C0767,Festival,2026-08-01,1,control,0,0.6362,0.042,1,414.59,1,513.7,1,960.52,0.0
EXP_LOYALTY,C0767,Loyalty,2026-08-01,1,treatment,1,0.6362,0.0513,0,0.0,0,0.0,0,0.0,16.0
EXP_NEW_PRODUCT,C0767,New Product,2026-08-01,1,treatment,1,0.6362,0.0607,1,405.86,1,814.99,1,1040.23,23.0
EXP_WIN-BACK,C0767,Win-back,2026-08-01,1,control,0,0.6362,0.07,1,560.68,1,856.1,1,1182.28,0.0
EXP_BIRTHDAY,C0768,Birthday,2026-08-01,1,control,0,0.6422,0.0234,1,733.4,1,939.08,1,1377.36,0.0
EXP_DISCOUNT,C0768,Discount,2026-08-01,1,treatment,1,0.6422,0.0327,0,0.0,0,0.0,0,0.0,23.25
EXP_FESTIVAL,C0768,Festival,2026-08-01,1,treatment,1,0.6422,0.0421,0,0.0,0,0.0,0,0.0,29.0
EXP_LOYALTY,C0768,Loyalty,2026-08-01,1,treatment,1,0.6422,0.0514,0,0.0,0,0.0,0,0.0,16.0
EXP_NEW_PRODUCT,C0768,New Product,2026-08-01,1,treatment,1,0.6422,0.0608,0,0.0,0,0.0,0,0.0,23.0
EXP_WIN-BACK,C0768,Win-back,2026-08-01,1,control,0,0.6422,0.0702,0,0.0,0,0.0,0,0.0,0.0
EXP_BIRTHDAY,C0769,Birthday,2026-08-01,1,treatment,1,0.6981,0.0238,0,0.0,0,0.0,1,3621.45,20.25
EXP_DISCOUNT,C0769,Discount,2026-08-01,1,treatment,1,0.6981,0.0333,1,627.76,1,1025.25,1,1939.58,23.25
EXP_FESTIVAL,C0769,Festival,2026-08-01,1,control,0,0.6981,0.0429,0,0.0,1,676.17,1,1040.0,0.0
EXP_LOYALTY,C0769,Loyalty,2026-08-01,1,treatment,1,0.6981,0.0524,1,656.22,1,935.22,1,1850.05,16.0
EXP_NEW_PRODUCT,C0769,New Product,2026-08-01,1,control,0,0.6981,0.0619,0,0.0,0,0.0,1,3797.98,0.0
EXP_WIN-BACK,C0769,Win-back,2026-08-01,1,treatment,1,0.6981,0.0714,0,0.0,0,0.0,1,2088.13,31.0
EXP_BIRTHDAY,C0770,Birthday,2026-08-01,1,treatment,1,0.5338,0.0224,0,0.0,1,538.44,1,994.13,20.25
EXP_DISCOUNT,C0770,Discount,2026-08-01,1,treatment,1,0.5338,0.0314,0,0.0,0,0.0,0,0.0,23.25
EXP_FESTIVAL,C0770,Festival,2026-08-01,1,treatment,1,0.5338,0.0404,0,0.0,0,0.0,0,0.0,29.0
EXP_LOYALTY,C0770,Loyalty,2026-08-01,1,control,0,0.5338,0.0494,0,0.0,0,0.0,1,633.33,0.0
EXP_NEW_PRODUCT,C0770,New Product,2026-08-01,1,treatment,1,0.5338,0.0583,0,0.0,0,0.0,1,1404.4,23.0
EXP_WIN-BACK,C0770,Win-back,2026-08-01,1,treatment,1,0.5338,0.0673,0,0.0,0,0.0,0,0.0,31.0
EXP_BIRTHDAY,C0771,Birthday,2026-08-01,1,control,0,0.4361,0.0215,0,0.0,0,0.0,0,0.0,0.0
EXP_DISCOUNT,C0771,Discount,2026-08-01,1,control,0,0.4361,0.0301,0,0.0,1,246.85,1,515.78,0.0
EXP_FESTIVAL,C0771,Festival,2026-08-01,1,control,0,0.4361,0.0387,0,0.0,1,418.37,1,629.04,0.0
EXP_LOYALTY,C0771,Loyalty,2026-08-01,1,treatment,1,0.4361,0.0473,0,0.0,0,0.0,1,949.26,16.0
EXP_NEW_PRODUCT,C0771,New Product,2026-08-01,1,control,0,0.4361,0.0559,1,274.43,1,512.26,1,613.32,0.0
EXP_WIN-BACK,C0771,Win-back,2026-08-01,1,treatment,1,0.4361,0.0645,0,0.0,0,0.0,0,0.0,31.0
EXP_BIRTHDAY,C0772,Birthday,2026-08-01,1,control,0,0.5271,0.0224,0,0.0,1,789.51,1,1215.61,0.0
EXP_DISCOUNT,C0772,Discount,2026-08-01,1,control,0,0.5271,0.0313,0,0.0,1,509.01,1,715.84,0.0
EXP_FESTIVAL,C0772,Festival,2026-08-01,1,control,0,0.5271,0.0403,0,0.0,0,0.0,0,0.0,0.0
EXP_LOYALTY,C0772,Loyalty,2026-08-01,1,control,0,0.5271,0.0492,0,0.0,0,0.0,0,0.0,0.0
EXP_NEW_PRODUCT,C0772,New Product,2026-08-01,1,treatment,1,0.5271,0.0582,0,0.0,0,0.0,0,0.0,23.0
EXP_WIN-BACK,C0772,Win-back,2026-08-01,1,treatment,1,0.5271,0.0671,0,0.0,1,158.13,1,268.09,31.0
EXP_BIRTHDAY,C0773,Birthday,2026-08-01,1,treatment,1,0.5256,0.0224,0,0.0,0,0.0,0,0.0,20.25
EXP_DISCOUNT,C0773,Discount,2026-08-01,1,control,0,0.5256,0.0313,0,0.0,1,1123.15,1,1375.13,0.0
EXP_FESTIVAL,C0773,Festival,2026-08-01,1,control,0,0.5256,0.0402,0,0.0,0,0.0,0,0.0,0.0
EXP_LOYALTY,C0773,Loyalty,2026-08-01,1,treatment,1,0.5256,0.0492,1,948.93,1,1465.06,1,2707.14,16.0
EXP_NEW_PRODUCT,C0773,New Product,2026-08-01,1,treatment,1,0.5256,0.0581,0,0.0,0,0.0,0,0.0,23.0
EXP_WIN-BACK,C0773,Win-back,2026-08-01,1,treatment,1,0.5256,0.0671,0,0.0,0,0.0,0,0.0,31.0
EXP_BIRTHDAY,C0774,Birthday,2026-08-01,1,control,0,0.4683,0.0218,1,1987.44,1,2543.42,1,3438.27,0.0
EXP_DISCOUNT,C0774,Discount,2026-08-01,1,treatment,1,0.4683,0.0305,0,0.0,0,0.0,0,0.0,23.25
EXP_FESTIVAL,C0774,Festival,2026-08-01,1,treatment,1,0.4683,0.0393,0,0.0,0,0.0,0,0.0,29.0
EXP_LOYALTY,C0774,Loyalty,2026-08-01,1,control,0,0.4683,0.048,0,0.0,0,0.0,0,0.0,0.0
EXP_NEW_PRODUCT,C0774,New Product,2026-08-01,1,treatment,1,0.4683,0.0567,0,0.0,1,806.74,1,977.36,23.0
EXP_WIN-BACK,C0774,Win-back,2026-08-01,1,control,0,0.4683,0.0654,0,0.0,0,0.0,0,0.0,0.0
EXP_BIRTHDAY,C0775,Birthday,2026-08-01,1,control,0,0.2701,0.02,0,0.0,0,0.0,0,0.0,0.0
EXP_DISCOUNT,C0775,Discount,2026-08-01,1,treatment,1,0.2701,0.028,0,0.0,0,0.0,0,0.0,23.25
EXP_FESTIVAL,C0775,Festival,2026-08-01,1,treatment,1,0.2701,0.036,0,0.0,0,0.0,0,0.0,29.0
EXP_LOYALTY,C0775,Loyalty,2026-08-01,1,control,0,0.2701,0.044,0,0.0,0,0.0,0,0.0,0.0
EXP_NEW_PRODUCT,C0775,New Product,2026-08-01,1,treatment,1,0.2701,0.052,0,0.0,0,0.0,1,605.01,23.0
EXP_WIN-BACK,C0775,Win-back,2026-08-01,1,control,0,0.2701,0.06,0,0.0,0,0.0,0,0.0,0.0
EXP_BIRTHDAY,C0776,Birthday,2026-08-01,1,control,0,0.4325,0.0215,0,0.0,0,0.0,0,0.0,0.0
EXP_DISCOUNT,C0776,Discount,2026-08-01,1,control,0,0.4325,0.0301,0,0.0,0,0.0,0,0.0,0.0
EXP_FESTIVAL,C0776,Festival,2026-08-01,1,treatment,1,0.4325,0.0386,0,0.0,0,0.0,0,0.0,29.0
EXP_LOYALTY,C0776,Loyalty,2026-08-01,1,control,0,0.4325,0.0472,0,0.0,0,0.0,0,0.0,0.0
EXP_NEW_PRODUCT,C0776,New Product,2026-08-01,1,control,0,0.4325,0.0558,0,0.0,0,0.0,0,0.0,0.0
EXP_WIN-BACK,C0776,Win-back,2026-08-01,1,treatment,1,0.4325,0.0644,1,317.13,1,703.26,1,884.33,31.0
EXP_BIRTHDAY,C0777,Birthday,2026-08-01,1,treatment,1,0.477,0.0219,0,0.0,0,0.0,0,0.0,20.25
EXP_DISCOUNT,C0777,Discount,2026-08-01,1,treatment,1,0.477,0.0307,1,394.72,1,497.48,1,723.14,23.25
EXP_FESTIVAL,C0777,Festival,2026-08-01,1,treatment,1,0.477,0.0394,0,0.0,0,0.0,1,1816.94,29.0
EXP_LOYALTY,C0777,Loyalty,2026-08-01,1,control,0,0.477,0.0482,0,0.0,0,0.0,0,0.0,0.0
EXP_NEW_PRODUCT,C0777,New Product,2026-08-01,1,control,0,0.477,0.0569,1,855.57,1,1075.74,1,1424.29,0.0
EXP_WIN-BACK,C0777,Win-back,2026-08-01,1,treatment,1,0.477,0.0657,1,689.77,1,1131.08,1,1383.67,31.0
EXP_BIRTHDAY,C0778,Birthday,2026-08-01,1,control,0,0.5049,0.0222,0,0.0,0,0.0,0,0.0,0.0
EXP_DISCOUNT,C0778,Discount,2026-08-01,1,control,0,0.5049,0.031,0,0.0,0,0.0,0,0.0,0.0
EXP_FESTIVAL,C0778,Festival,2026-08-01,1,treatment,1,0.5049,0.0399,0,0.0,0,0.0,0,0.0,29.0
EXP_LOYALTY,C0778,Loyalty,2026-08-01,1,control,0,0.5049,0.0488,0,0.0,0,0.0,0,0.0,0.0
EXP_NEW_PRODUCT,C0778,New Product,2026-08-01,1,control,0,0.5049,0.0576,0,0.0,0,0.0,1,1054.76,0.0
EXP_WIN-BACK,C0778,Win-back,2026-08-01,1,control,0,0.5049,0.0665,0,0.0,1,631.68,1,946.6,0.0
EXP_BIRTHDAY,C0779,Birthday,2026-08-01,1,control,0,0.4077,0.0212,0,0.0,0,0.0,0,0.0,0.0
EXP_DISCOUNT,C0779,Discount,2026-08-01,1,control,0,0.4077,0.0297,0,0.0,0,0.0,1,781.88,0.0
EXP_FESTIVAL,C0779,Festival,2026-08-01,1,control,0,0.4077,0.0382,1,398.43,1,608.86,1,869.86,0.0
EXP_LOYALTY,C0779,Loyalty,2026-08-01,1,control,0,0.4077,0.0467,0,0.0,1,167.56,1,319.61,0.0
EXP_NEW_PRODUCT,C0779,New Product,2026-08-01,1,treatment,1,0.4077,0.0552,0,0.0,0,0.0,1,354.11,23.0
EXP_WIN-BACK,C0779,Win-back,2026-08-01,1,treatment,1,0.4077,0.0637,0,0.0,0,0.0,0,0.0,31.0
EXP_BIRTHDAY,C0780,Birthday,2026-08-01,1,treatment,1,0.4354,0.0215,0,0.0,0,0.0,0,0.0,20.25
EXP_DISCOUNT,C0780,Discount,2026-08-01,1,control,0,0.4354,0.0301,0,0.0,0,0.0,1,1135.83,0.0
EXP_FESTIVAL,C0780,Festival,2026-08-01,1,control,0,0.4354,0.0387,0,0.0,0,0.0,0,0.0,0.0
EXP_LOYALTY,C0780,Loyalty,2026-08-01,1,treatment,1,0.4354,0.0473,0,0.0,0,0.0,1,764.41,16.0
EXP_NEW_PRODUCT,C0780,New Product,2026-08-01,1,treatment,1,0.4354,0.0559,0,0.0,0,0.0,1,2799.58,23.0
EXP_WIN-BACK,C0780,Win-back,2026-08-01,1,control,0,0.4354,0.0645,0,0.0,0,0.0,0,0.0,0.0
EXP_BIRTHDAY,C0781,Birthday,2026-08-01,1,control,0,0.3535,0.0207,1,456.57,1,762.9,1,1234.56,0.0
EXP_DISCOUNT,C0781,Discount,2026-08-01,1,control,0,0.3535,0.029,0,0.0,0,0.0,0,0.0,0.0
EXP_FESTIVAL,C0781,Festival,2026-08-01,1,treatment,1,0.3535,0.0373,0,0.0,0,0.0,0,0.0,29.0
EXP_LOYALTY,C0781,Loyalty,2026-08-01,1,treatment,1,0.3535,0.0456,1,453.21,1,733.8,1,962.07,16.0
EXP_NEW_PRODUCT,C0781,New Product,2026-08-01,1,treatment,1,0.3535,0.0539,0,0.0,0,0.0,0,0.0,23.0
EXP_WIN-BACK,C0781,Win-back,2026-08-01,1,treatment,1,0.3535,0.0622,1,384.02,1,610.4,1,1233.26,31.0
EXP_BIRTHDAY,C0782,Birthday,2026-08-01,1,control,0,0.4229,0.0214,0,0.0,0,0.0,0,0.0,0.0
EXP_DISCOUNT,C0782,Discount,2026-08-01,1,control,0,0.4229,0.0299,0,0.0,0,0.0,0,0.0,0.0
EXP_FESTIVAL,C0782,Festival,2026-08-01,1,control,0,0.4229,0.0385,1,192.79,1,381.95,1,680.8,0.0
EXP_LOYALTY,C0782,Loyalty,2026-08-01,1,treatment,1,0.4229,0.047,0,0.0,0,0.0,0,0.0,16.0
EXP_NEW_PRODUCT,C0782,New Product,2026-08-01,1,control,0,0.4229,0.0556,0,0.0,1,617.42,1,944.02,0.0
EXP_WIN-BACK,C0782,Win-back,2026-08-01,1,treatment,1,0.4229,0.0641,0,0.0,0,0.0,1,658.26,31.0
EXP_BIRTHDAY,C0783,Birthday,2026-08-01,1,treatment,1,0.3487,0.0207,1,249.29,1,436.35,1,838.97,20.25
EXP_DISCOUNT,C0783,Discount,2026-08-01,1,control,0,0.3487,0.0289,0,0.0,0,0.0,0,0.0,0.0
EXP_FESTIVAL,C0783,Festival,2026-08-01,1,treatment,1,0.3487,0.0372,0,0.0,0,0.0,0,0.0,29.0
EXP_LOYALTY,C0783,Loyalty,2026-08-01,1,treatment,1,0.3487,0.0455,0,0.0,0,0.0,0,0.0,16.0
EXP_NEW_PRODUCT,C0783,New Product,2026-08-01,1,treatment,1,0.3487,0.0538,0,0.0,0,0.0,0,0.0,23.0
EXP_WIN-BACK,C0783,Win-back,2026-08-01,1,treatment,1,0.3487,0.062,0,0.0,0,0.0,0,0.0,31.0
EXP_BIRTHDAY,C0784,Birthday,2026-08-01,1,control,0,0.2519,0.0199,0,0.0,0,0.0,0,0.0,0.0
EXP_DISCOUNT,C0784,Discount,2026-08-01,1,control,0,0.2519,0.0278,0,0.0,0,0.0,0,0.0,0.0
EXP_FESTIVAL,C0784,Festival,2026-08-01,1,treatment,1,0.2519,0.0358,1,862.66,1,1155.01,1,2022.62,29.0
EXP_LOYALTY,C0784,Loyalty,2026-08-01,1,control,0,0.2519,0.0437,0,0.0,0,0.0,0,0.0,0.0
EXP_NEW_PRODUCT,C0784,New Product,2026-08-01,1,treatment,1,0.2519,0.0517,0,0.0,0,0.0,0,0.0,23.0
EXP_WIN-BACK,C0784,Win-back,2026-08-01,1,control,0,0.2519,0.0596,0,0.0,0,0.0,0,0.0,0.0
EXP_BIRTHDAY,C0785,Birthday,2026-08-01,1,control,0,0.4552,0.0217,1,1664.48,1,2147.6,1,2916.24,0.0
EXP_DISCOUNT,C0785,Discount,2026-08-01,1,control,0,0.4552,0.0304,0,0.0,0,0.0,0,0.0,0.0
EXP_FESTIVAL,C0785,Festival,2026-08-01,1,control,0,0.4552,0.039,0,0.0,0,0.0,0,0.0,0.0
EXP_LOYALTY,C0785,Loyalty,2026-08-01,1,control,0,0.4552,0.0477,1,906.41,1,1156.15,1,1839.09,0.0
EXP_NEW_PRODUCT,C0785,New Product,2026-08-01,1,control,0,0.4552,0.0564,1,740.69,1,1051.22,1,1342.52,0.0
EXP_WIN-BACK,C0785,Win-back,2026-08-01,1,treatment,1,0.4552,0.0651,0,0.0,0,0.0,1,1896.69,31.0
EXP_BIRTHDAY,C0786,Birthday,2026-08-01,1,control,0,0.5773,0.0228,1,320.18,1,522.05,1,918.2,0.0
EXP_DISCOUNT,C0786,Discount,2026-08-01,1,treatment,1,0.5773,0.032,0,0.0,1,777.85,1,1358.44,23.25
EXP_FESTIVAL,C0786,Festival,2026-08-01,1,treatment,1,0.5773,0.0411,1,341.02,1,416.91,1,531.68,29.0
EXP_LOYALTY,C0786,Loyalty,2026-08-01,1,treatment,1,0.5773,0.0502,1,231.07,1,426.07,1,800.95,16.0
EXP_NEW_PRODUCT,C0786,New Product,2026-08-01,1,control,0,0.5773,0.0594,0,0.0,0,0.0,0,0.0,0.0
EXP_WIN-BACK,C0786,Win-back,2026-08-01,1,control,0,0.5773,0.0685,1,1059.45,1,1390.4,1,1934.5,0.0
EXP_BIRTHDAY,C0787,Birthday,2026-08-01,1,treatment,1,0.5535,0.0226,0,0.0,0,0.0,0,0.0,20.25
EXP_DISCOUNT,C0787,Discount,2026-08-01,1,treatment,1,0.5535,0.0317,0,0.0,0,0.0,0,0.0,23.25
EXP_FESTIVAL,C0787,Festival,2026-08-01,1,treatment,1,0.5535,0.0407,1,163.08,1,278.62,1,578.31,29.0
EXP_LOYALTY,C0787,Loyalty,2026-08-01,1,control,0,0.5535,0.0498,0,0.0,0,0.0,0,0.0,0.0
EXP_NEW_PRODUCT,C0787,New Product,2026-08-01,1,control,0,0.5535,0.0588,0,0.0,0,0.0,0,0.0,0.0
EXP_WIN-BACK,C0787,Win-back,2026-08-01,1,control,0,0.5535,0.0679,0,0.0,0,0.0,0,0.0,0.0
EXP_BIRTHDAY,C0788,Birthday,2026-08-01,1,treatment,1,0.4529,0.0217,0,0.0,1,229.53,1,361.1,20.25
EXP_DISCOUNT,C0788,Discount,2026-08-01,1,treatment,1,0.4529,0.0303,0,0.0,0,0.0,0,0.0,23.25
EXP_FESTIVAL,C0788,Festival,2026-08-01,1,control,0,0.4529,0.039,0,0.0,0,0.0,0,0.0,0.0
EXP_LOYALTY,C0788,Loyalty,2026-08-01,1,control,0,0.4529,0.0477,1,388.24,1,729.57,1,1092.54,0.0
EXP_NEW_PRODUCT,C0788,New Product,2026-08-01,1,control,0,0.4529,0.0563,0,0.0,0,0.0,1,1243.92,0.0
EXP_WIN-BACK,C0788,Win-back,2026-08-01,1,control,0,0.4529,0.065,0,0.0,0,0.0,0,0.0,0.0
EXP_BIRTHDAY,C0789,Birthday,2026-08-01,1,control,0,0.4401,0.0215,0,0.0,0,0.0,0,0.0,0.0
EXP_DISCOUNT,C0789,Discount,2026-08-01,1,treatment,1,0.4401,0.0302,0,0.0,1,634.84,1,1231.57,23.25
EXP_FESTIVAL,C0789,Festival,2026-08-01,1,control,0,0.4401,0.0388,0,0.0,1,996.18,1,1827.48,0.0
EXP_LOYALTY,C0789,Loyalty,2026-08-01,1,treatment,1,0.4401,0.0474,0,0.0,1,872.11,1,1778.06,16.0
EXP_NEW_PRODUCT,C0789,New Product,2026-08-01,1,treatment,1,0.4401,0.056,0,0.0,0,0.0,0,0.0,23.0
EXP_WIN-BACK,C0789,Win-back,2026-08-01,1,treatment,1,0.4401,0.0646,0,0.0,0,0.0,0,0.0,31.0
EXP_BIRTHDAY,C0790,Birthday,2026-08-01,1,treatment,1,0.32,0.0204,0,0.0,0,0.0,0,0.0,20.25
EXP_DISCOUNT,C0790,Discount,2026-08-01,1,control,0,0.32,0.0286,0,0.0,0,0.0,1,517.46,0.0
EXP_FESTIVAL,C0790,Festival,2026-08-01,1,control,0,0.32,0.0368,0,0.0,0,0.0,0,0.0,0.0
EXP_LOYALTY,C0790,Loyalty,2026-08-01,1,control,0,0.32,0.0449,0,0.0,0,0.0,0,0.0,0.0
EXP_NEW_PRODUCT,C0790,New Product,2026-08-01,1,treatment,1,0.32,0.0531,0,0.0,1,997.5,1,1988.4,23.0
EXP_WIN-BACK,C0790,Win-back,2026-08-01,1,treatment,1,0.32,0.0613,0,0.0,0,0.0,0,0.0,31.0
EXP_BIRTHDAY,C0791,Birthday,2026-08-01,1,control,0,0.4891,0.022,0,0.0,0,0.0,0,0.0,0.0
EXP_DISCOUNT,C0791,Discount,2026-08-01,1,control,0,0.4891,0.0308,1,127.84,1,220.69,1,393.53,0.0
EXP_FESTIVAL,C0791,Festival,2026-08-01,1,control,0,0.4891,0.0396,1,530.67,1,633.02,1,1379.97,0.0
EXP_LOYALTY,C0791,Loyalty,2026-08-01,1,treatment,1,0.4891,0.0484,0,0.0,0,0.0,1,1597.15,16.0
EXP_NEW_PRODUCT,C0791,New Product,2026-08-01,1,treatment,1,0.4891,0.0572,0,0.0,1,584.54,1,1041.72,23.0
EXP_WIN-BACK,C0791,Win-back,2026-08-01,1,treatment,1,0.4891,0.066,0,0.0,1,204.11,1,368.5,31.0
EXP_BIRTHDAY,C0792,Birthday,2026-08-01,1,treatment,1,0.3626,0.0208,0,0.0,0,0.0,1,400.61,20.25
EXP_DISCOUNT,C0792,Discount,2026-08-01,1,treatment,1,0.3626,0.0291,0,0.0,0,0.0,0,0.0,23.25
EXP_FESTIVAL,C0792,Festival,2026-08-01,1,treatment,1,0.3626,0.0374,0,0.0,0,0.0,0,0.0,29.0
EXP_LOYALTY,C0792,Loyalty,2026-08-01,1,control,0,0.3626,0.0458,0,0.0,0,0.0,1,777.92,0.0
EXP_NEW_PRODUCT,C0792,New Product,2026-08-01,1,control,0,0.3626,0.0541,0,0.0,0,0.0,0,0.0,0.0
EXP_WIN-BACK,C0792,Win-back,2026-08-01,1,treatment,1,0.3626,0.0624,1,207.9,1,418.59,1,766.39,31.0
EXP_BIRTHDAY,C0793,Birthday,2026-08-01,1,treatment,1,0.3302,0.0205,0,0.0,0,0.0,0,0.0,20.25
EXP_DISCOUNT,C0793,Discount,2026-08-01,1,control,0,0.3302,0.0287,0,0.0,1,1104.26,1,1305.47,0.0
EXP_FESTIVAL,C0793,Festival,2026-08-01,1,control,0,0.3302,0.0369,1,451.97,1,540.78,1,1001.75,0.0
EXP_LOYALTY,C0793,Loyalty,2026-08-01,1,treatment,1,0.3302,0.0451,0,0.0,0,0.0,1,926.31,16.0
EXP_NEW_PRODUCT,C0793,New Product,2026-08-01,1,control,0,0.3302,0.0533,0,0.0,0,0.0,0,0.0,0.0
EXP_WIN-BACK,C0793,Win-back,2026-08-01,1,treatment,1,0.3302,0.0615,1,319.0,1,571.01,1,826.79,31.0
EXP_BIRTHDAY,C0794,Birthday,2026-08-01,1,control,0,0.5707,0.0228,0,0.0,0,0.0,1,2305.52,0.0
EXP_DISCOUNT,C0794,Discount,2026-08-01,1,treatment,1,0.5707,0.0319,0,0.0,1,785.18,1,1224.53,23.25
EXP_FESTIVAL,C0794,Festival,2026-08-01,1,treatment,1,0.5707,0.041,0,0.0,0,0.0,0,0.0,29.0
EXP_LOYALTY,C0794,Loyalty,2026-08-01,1,treatment,1,0.5707,0.0501,0,0.0,0,0.0,0,0.0,16.0
EXP_NEW_PRODUCT,C0794,New Product,2026-08-01,1,treatment,1,0.5707,0.0592,1,1003.2,1,1673.51,1,2264.85,23.0
EXP_WIN-BACK,C0794,Win-back,2026-08-01,1,treatment,1,0.5707,0.0683,0,0.0,0,0.0,1,1028.06,31.0
EXP_BIRTHDAY,C0795,Birthday,2026-08-01,1,treatment,1,0.3859,0.021,0,0.0,0,0.0,0,0.0,20.25
EXP_DISCOUNT,C0795,Discount,2026-08-01,1,treatment,1,0.3859,0.0294,0,0.0,0,0.0,0,0.0,23.25
EXP_FESTIVAL,C0795,Festival,2026-08-01,1,control,0,0.3859,0.0378,0,0.0,1,380.55,1,630.26,0.0
EXP_LOYALTY,C0795,Loyalty,2026-08-01,1,control,0,0.3859,0.0462,0,0.0,0,0.0,1,901.45,0.0
EXP_NEW_PRODUCT,C0795,New Product,2026-08-01,1,control,0,0.3859,0.0547,0,0.0,0,0.0,0,0.0,0.0
EXP_WIN-BACK,C0795,Win-back,2026-08-01,1,control,0,0.3859,0.0631,0,0.0,0,0.0,0,0.0,0.0
EXP_BIRTHDAY,C0796,Birthday,2026-08-01,1,control,0,0.5842,0.0229,0,0.0,0,0.0,0,0.0,0.0
EXP_DISCOUNT,C0796,Discount,2026-08-01,1,control,0,0.5842,0.0321,0,0.0,1,772.51,1,910.1,0.0
EXP_FESTIVAL,C0796,Festival,2026-08-01,1,treatment,1,0.5842,0.0412,0,0.0,0,0.0,1,1299.53,29.0
EXP_LOYALTY,C0796,Loyalty,2026-08-01,1,treatment,1,0.5842,0.0504,0,0.0,1,652.54,1,793.45,16.0
EXP_NEW_PRODUCT,C0796,New Product,2026-08-01,1,control,0,0.5842,0.0595,0,0.0,0,0.0,0,0.0,0.0
EXP_WIN-BACK,C0796,Win-back,2026-08-01,1,control,0,0.5842,0.0687,0,0.0,0,0.0,0,0.0,0.0
EXP_BIRTHDAY,C0797,Birthday,2026-08-01,1,control,0,0.3363,0.0206,0,0.0,0,0.0,1,870.38,0.0
EXP_DISCOUNT,C0797,Discount,2026-08-01,1,treatment,1,0.3363,0.0288,0,0.0,0,0.0,1,546.69,23.25
EXP_FESTIVAL,C0797,Festival,2026-08-01,1,treatment,1,0.3363,0.037,0,0.0,1,325.03,1,430.22,29.0
EXP_LOYALTY,C0797,Loyalty,2026-08-01,1,control,0,0.3363,0.0452,0,0.0,0,0.0,0,0.0,0.0
EXP_NEW_PRODUCT,C0797,New Product,2026-08-01,1,control,0,0.3363,0.0535,0,0.0,0,0.0,1,1053.37,0.0
EXP_WIN-BACK,C0797,Win-back,2026-08-01,1,treatment,1,0.3363,0.0617,0,0.0,0,0.0,0,0.0,31.0
EXP_BIRTHDAY,C0798,Birthday,2026-08-01,1,treatment,1,0.5076,0.0222,0,0.0,0,0.0,1,2187.77,20.25
EXP_DISCOUNT,C0798,Discount,2026-08-01,1,control,0,0.5076,0.0311,0,0.0,1,866.35,1,1072.0,0.0
EXP_FESTIVAL,C0798,Festival,2026-08-01,1,treatment,1,0.5076,0.0399,0,0.0,0,0.0,0,0.0,29.0
EXP_LOYALTY,C0798,Loyalty,2026-08-01,1,treatment,1,0.5076,0.0488,0,0.0,0,0.0,0,0.0,16.0
EXP_NEW_PRODUCT,C0798,New Product,2026-08-01,1,treatment,1,0.5076,0.0577,0,0.0,0,0.0,0,0.0,23.0
EXP_WIN-BACK,C0798,Win-back,2026-08-01,1,control,0,0.5076,0.0666,0,0.0,0,0.0,0,0.0,0.0
EXP_BIRTHDAY,C0799,Birthday,2026-08-01,1,treatment,1,0.2813,0.0201,0,0.0,0,0.0,0,0.0,20.25
EXP_DISCOUNT,C0799,Discount,2026-08-01,1,control,0,0.2813,0.0281,0,0.0,0,0.0,1,240.73,0.0
EXP_FESTIVAL,C0799,Festival,2026-08-01,1,treatment,1,0.2813,0.0362,0,0.0,0,0.0,0,0.0,29.0
EXP_LOYALTY,C0799,Loyalty,2026-08-01,1,control,0,0.2813,0.0442,0,0.0,0,0.0,0,0.0,0.0
EXP_NEW_PRODUCT,C0799,New Product,2026-08-01,1,control,0,0.2813,0.0523,0,0.0,0,0.0,0,0.0,0.0
EXP_WIN-BACK,C0799,Win-back,2026-08-01,1,treatment,1,0.2813,0.0603,0,0.0,0,0.0,0,0.0,31.0
EXP_BIRTHDAY,C0800,Birthday,2026-08-01,1,control,0,0.4099,0.0212,0,0.0,0,0.0,0,0.0,0.0
EXP_DISCOUNT,C0800,Discount,2026-08-01,1,control,0,0.4099,0.0297,0,0.0,0,0.0,0,0.0,0.0
EXP_FESTIVAL,C0800,Festival,2026-08-01,1,treatment,1,0.4099,0.0382,1,410.15,1,613.74,1,1223.89,29.0
EXP_LOYALTY,C0800,Loyalty,2026-08-01,1,treatment,1,0.4099,0.0467,1,329.3,1,393.71,1,851.27,16.0
EXP_NEW_PRODUCT,C0800,New Product,2026-08-01,1,control,0,0.4099,0.0552,0,0.0,1,404.11,1,705.94,0.0
EXP_WIN-BACK,C0800,Win-back,2026-08-01,1,control,0,0.4099,0.0637,0,0.0,0,0.0,0,0.0,0.0
EXP_BIRTHDAY,C0801,Birthday,2026-08-01,1,treatment,1,0.3629,0.0208,0,0.0,0,0.0,0,0.0,20.25
EXP_DISCOUNT,C0801,Discount,2026-08-01,1,control,0,0.3629,0.0291,0,0.0,0,0.0,0,0.0,0.0
EXP_FESTIVAL,C0801,Festival,2026-08-01,1,control,0,0.3629,0.0375,0,0.0,0,0.0,0,0.0,0.0
EXP_LOYALTY,C0801,Loyalty,2026-08-01,1,control,0,0.3629,0.0458,0,0.0,1,859.38,1,1193.49,0.0
EXP_NEW_PRODUCT,C0801,New Product,2026-08-01,1,treatment,1,0.3629,0.0541,0,0.0,0,0.0,1,1991.57,23.0
EXP_WIN-BACK,C0801,Win-back,2026-08-01,1,control,0,0.3629,0.0624,1,388.64,1,523.07,1,851.44,0.0
EXP_BIRTHDAY,C0802,Birthday,2026-08-01,1,treatment,1,0.3897,0.0211,0,0.0,0,0.0,1,929.18,20.25
EXP_DISCOUNT,C0802,Discount,2026-08-01,1,treatment,1,0.3897,0.0295,0,0.0,0,0.0,0,0.0,23.25
EXP_FESTIVAL,C0802,Festival,2026-08-01,1,treatment,1,0.3897,0.0379,0,0.0,0,0.0,0,0.0,29.0
EXP_LOYALTY,C0802,Loyalty,2026-08-01,1,control,0,0.3897,0.0463,0,0.0,0,0.0,0,0.0,0.0
EXP_NEW_PRODUCT,C0802,New Product,2026-08-01,1,control,0,0.3897,0.0547,0,0.0,0,0.0,0,0.0,0.0
EXP_WIN-BACK,C0802,Win-back,2026-08-01,1,control,0,0.3897,0.0632,0,0.0,0,0.0,0,0.0,0.0
EXP_BIRTHDAY,C0803,Birthday,2026-08-01,1,treatment,1,0.3461,0.0207,0,0.0,0,0.0,0,0.0,20.25
EXP_DISCOUNT,C0803,Discount,2026-08-01,1,treatment,1,0.3461,0.0289,0,0.0,1,1699.91,1,2749.78,23.25
EXP_FESTIVAL,C0803,Festival,2026-08-01,1,treatment,1,0.3461,0.0372,1,198.86,1,342.36,1,757.41,29.0
EXP_LOYALTY,C0803,Loyalty,2026-08-01,1,treatment,1,0.3461,0.0454,0,0.0,0,0.0,0,0.0,16.0
EXP_NEW_PRODUCT,C0803,New Product,2026-08-01,1,treatment,1,0.3461,0.0537,1,426.02,1,836.66,1,1450.94,23.0
EXP_WIN-BACK,C0803,Win-back,2026-08-01,1,treatment,1,0.3461,0.062,0,0.0,0,0.0,0,0.0,31.0
EXP_BIRTHDAY,C0804,Birthday,2026-08-01,1,treatment,1,0.3628,0.0208,0,0.0,0,0.0,1,581.65,20.25
EXP_DISCOUNT,C0804,Discount,2026-08-01,1,control,0,0.3628,0.0291,0,0.0,0,0.0,0,0.0,0.0
EXP_FESTIVAL,C0804,Festival,2026-08-01,1,control,0,0.3628,0.0375,0,0.0,0,0.0,0,0.0,0.0
EXP_LOYALTY,C0804,Loyalty,2026-08-01,1,control,0,0.3628,0.0458,0,0.0,0,0.0,0,0.0,0.0
EXP_NEW_PRODUCT,C0804,New Product,2026-08-01,1,treatment,1,0.3628,0.0541,0,0.0,0,0.0,0,0.0,23.0
EXP_WIN-BACK,C0804,Win-back,2026-08-01,1,control,0,0.3628,0.0624,1,211.8,1,273.38,1,414.1,0.0
EXP_BIRTHDAY,C0805,Birthday,2026-08-01,1,treatment,1,0.5968,0.023,0,0.0,0,0.0,0,0.0,20.25
EXP_DISCOUNT,C0805,Discount,2026-08-01,1,treatment,1,0.5968,0.0322,1,773.22,1,1433.38,1,2299.59,23.25
EXP_FESTIVAL,C0805,Festival,2026-08-01,1,treatment,1,0.5968,0.0414,0,0.0,0,0.0,0,0.0,29.0
EXP_LOYALTY,C0805,Loyalty,2026-08-01,1,treatment,1,0.5968,0.0506,0,0.0,0,0.0,0,0.0,16.0
EXP_NEW_PRODUCT,C0805,New Product,2026-08-01,1,control,0,0.5968,0.0598,0,0.0,0,0.0,1,1307.65,0.0
EXP_WIN-BACK,C0805,Win-back,2026-08-01,1,control,0,0.5968,0.069,0,0.0,1,688.04,1,940.37,0.0
EXP_BIRTHDAY,C0806,Birthday,2026-08-01,1,treatment,1,0.3563,0.0207,0,0.0,0,0.0,0,0.0,20.25
EXP_DISCOUNT,C0806,Discount,2026-08-01,1,treatment,1,0.3563,0.029,0,0.0,1,415.67,1,579.62,23.25
EXP_FESTIVAL,C0806,Festival,2026-08-01,1,control,0,0.3563,0.0373,0,0.0,0,0.0,0,0.0,0.0
EXP_LOYALTY,C0806,Loyalty,2026-08-01,1,treatment,1,0.3563,0.0456,0,0.0,0,0.0,0,0.0,16.0
EXP_NEW_PRODUCT,C0806,New Product,2026-08-01,1,control,0,0.3563,0.0539,0,0.0,0,0.0,0,0.0,0.0
EXP_WIN-BACK,C0806,Win-back,2026-08-01,1,treatment,1,0.3563,0.0622,0,0.0,0,0.0,1,1674.33,31.0
EXP_BIRTHDAY,C0807,Birthday,2026-08-01,1,control,0,0.5525,0.0226,0,0.0,0,0.0,0,0.0,0.0
EXP_DISCOUNT,C0807,Discount,2026-08-01,1,treatment,1,0.5525,0.0317,1,221.02,1,329.63,1,477.95,23.25
EXP_FESTIVAL,C0807,Festival,2026-08-01,1,control,0,0.5525,0.0407,0,0.0,0,0.0,0,0.0,0.0
EXP_LOYALTY,C0807,Loyalty,2026-08-01,1,treatment,1,0.5525,0.0497,0,0.0,0,0.0,0,0.0,16.0
EXP_NEW_PRODUCT,C0807,New Product,2026-08-01,1,control,0,0.5525,0.0588,0,0.0,1,398.69,1,564.5,0.0
EXP_WIN-BACK,C0807,Win-back,2026-08-01,1,control,0,0.5525,0.0678,0,0.0,0,0.0,0,0.0,0.0
EXP_BIRTHDAY,C0808,Birthday,2026-08-01,1,treatment,1,0.3959,0.0211,0,0.0,0,0.0,0,0.0,20.25
EXP_DISCOUNT,C0808,Discount,2026-08-01,1,control,0,0.3959,0.0296,1,212.35,1,452.73,1,695.44,0.0
EXP_FESTIVAL,C0808,Festival,2026-08-01,1,treatment,1,0.3959,0.038,0,0.0,1,1397.29,1,1808.46,29.0
EXP_LOYALTY,C0808,Loyalty,2026-08-01,1,treatment,1,0.3959,0.0465,0,0.0,0,0.0,0,0.0,16.0
EXP_NEW_PRODUCT,C0808,New Product,2026-08-01,1,treatment,1,0.3959,0.0549,0,0.0,0,0.0,1,1699.41,23.0
EXP_WIN-BACK,C0808,Win-back,2026-08-01,1,treatment,1,0.3959,0.0633,0,0.0,0,0.0,1,2051.27,31.0
EXP_BIRTHDAY,C0809,Birthday,2026-08-01,1,control,0,0.5753,0.0228,0,0.0,0,0.0,0,0.0,0.0
EXP_DISCOUNT,C0809,Discount,2026-08-01,1,treatment,1,0.5753,0.0319,1,736.89,1,913.51,1,1327.2,23.25
EXP_FESTIVAL,C0809,Festival,2026-08-01,1,control,0,0.5753,0.0411,1,1465.96,1,1910.41,1,2314.49,0.0
EXP_LOYALTY,C0809,Loyalty,2026-08-01,1,control,0,0.5753,0.0502,0,0.0,0,0.0,0,0.0,0.0
EXP_NEW_PRODUCT,C0809,New Product,2026-08-01,1,treatment,1,0.5753,0.0593,0,0.0,0,0.0,0,0.0,23.0
EXP_WIN-BACK,C0809,Win-back,2026-08-01,1,control,0,0.5753,0.0684,0,0.0,0,0.0,1,1729.08,0.0
EXP_BIRTHDAY,C0810,Birthday,2026-08-01,1,treatment,1,0.5444,0.0225,0,0.0,0,0.0,0,0.0,20.25
EXP_DISCOUNT,C0810,Discount,2026-08-01,1,control,0,0.5444,0.0315,0,0.0,0,0.0,0,0.0,0.0
EXP_FESTIVAL,C0810,Festival,2026-08-01,1,treatment,1,0.5444,0.0406,0,0.0,1,1524.44,1,2018.65,29.0
EXP_LOYALTY,C0810,Loyalty,2026-08-01,1,treatment,1,0.5444,0.0496,0,0.0,1,629.7,1,1026.24,16.0
EXP_NEW_PRODUCT,C0810,New Product,2026-08-01,1,treatment,1,0.5444,0.0586,1,478.13,1,584.53,1,741.21,23.0
EXP_WIN-BACK,C0810,Win-back,2026-08-01,1,treatment,1,0.5444,0.0676,0,0.0,0,0.0,1,1535.6,31.0
EXP_BIRTHDAY,C0811,Birthday,2026-08-01,1,treatment,1,0.407,0.0212,0,0.0,1,981.23,1,1720.99,20.25
EXP_DISCOUNT,C0811,Discount,2026-08-01,1,treatment,1,0.407,0.0297,0,0.0,0,0.0,0,0.0,23.25
EXP_FESTIVAL,C0811,Festival,2026-08-01,1,treatment,1,0.407,0.0382,0,0.0,0,0.0,0,0.0,29.0
EXP_LOYALTY,C0811,Loyalty,2026-08-01,1,control,0,0.407,0.0467,0,0.0,0,0.0,0,0.0,0.0
EXP_NEW_PRODUCT,C0811,New Product,2026-08-01,1,treatment,1,0.407,0.0552,1,737.91,1,1194.09,1,1737.45,23.0
EXP_WIN-BACK,C0811,Win-back,2026-08-01,1,treatment,1,0.407,0.0637,1,2226.55,1,2675.23,1,3920.88,31.0
EXP_BIRTHDAY,C0812,Birthday,2026-08-01,1,treatment,1,0.2157,0.0196,1,162.56,1,359.4,1,493.54,20.25
EXP_DISCOUNT,C0812,Discount,2026-08-01,1,control,0,0.2157,0.0275,0,0.0,0,0.0,0,0.0,0.0
EXP_FESTIVAL,C0812,Festival,2026-08-01,1,treatment,1,0.2157,0.0353,0,0.0,0,0.0,0,0.0,29.0
EXP_LOYALTY,C0812,Loyalty,2026-08-01,1,control,0,0.2157,0.0431,0,0.0,0,0.0,0,0.0,0.0
EXP_NEW_PRODUCT,C0812,New Product,2026-08-01,1,treatment,1,0.2157,0.051,0,0.0,0,0.0,0,0.0,23.0
EXP_WIN-BACK,C0812,Win-back,2026-08-01,1,treatment,1,0.2157,0.0588,0,0.0,0,0.0,0,0.0,31.0
EXP_BIRTHDAY,C0813,Birthday,2026-08-01,1,control,0,0.2962,0.0202,0,0.0,0,0.0,0,0.0,0.0
EXP_DISCOUNT,C0813,Discount,2026-08-01,1,treatment,1,0.2962,0.0283,1,319.74,1,479.38,1,775.08,23.25
EXP_FESTIVAL,C0813,Festival,2026-08-01,1,control,0,0.2962,0.0364,0,0.0,0,0.0,1,569.75,0.0
EXP_LOYALTY,C0813,Loyalty,2026-08-01,1,control,0,0.2962,0.0445,0,0.0,0,0.0,0,0.0,0.0
EXP_NEW_PRODUCT,C0813,New Product,2026-08-01,1,treatment,1,0.2962,0.0526,0,0.0,0,0.0,0,0.0,23.0
EXP_WIN-BACK,C0813,Win-back,2026-08-01,1,control,0,0.2962,0.0607,0,0.0,0,0.0,0,0.0,0.0
EXP_BIRTHDAY,C0814,Birthday,2026-08-01,1,treatment,1,0.3059,0.0203,0,0.0,0,0.0,0,0.0,20.25
EXP_DISCOUNT,C0814,Discount,2026-08-01,1,control,0,0.3059,0.0284,0,0.0,0,0.0,1,872.58,0.0
EXP_FESTIVAL,C0814,Festival,2026-08-01,1,treatment,1,0.3059,0.0365,0,0.0,0,0.0,0,0.0,29.0
EXP_LOYALTY,C0814,Loyalty,2026-08-01,1,control,0,0.3059,0.0447,0,0.0,0,0.0,0,0.0,0.0
EXP_NEW_PRODUCT,C0814,New Product,2026-08-01,1,control,0,0.3059,0.0528,0,0.0,0,0.0,0,0.0,0.0
EXP_WIN-BACK,C0814,Win-back,2026-08-01,1,control,0,0.3059,0.0609,0,0.0,0,0.0,0,0.0,0.0
EXP_BIRTHDAY,C0815,Birthday,2026-08-01,1,control,0,0.2532,0.0199,0,0.0,0,0.0,0,0.0,0.0
EXP_DISCOUNT,C0815,Discount,2026-08-01,1,treatment,1,0.2532,0.0278,0,0.0,0,0.0,0,0.0,23.25
EXP_FESTIVAL,C0815,Festival,2026-08-01,1,treatment,1,0.2532,0.0358,0,0.0,0,0.0,0,0.0,29.0
EXP_LOYALTY,C0815,Loyalty,2026-08-01,1,treatment,1,0.2532,0.0437,0,0.0,0,0.0,0,0.0,16.0
EXP_NEW_PRODUCT,C0815,New Product,2026-08-01,1,control,0,0.2532,0.0517,0,0.0,0,0.0,0,0.0,0.0
EXP_WIN-BACK,C0815,Win-back,2026-08-01,1,treatment,1,0.2532,0.0596,1,594.76,1,735.0,1,924.03,31.0
EXP_BIRTHDAY,C0816,Birthday,2026-08-01,1,control,0,0.4805,0.0219,1,1597.85,1,2185.48,1,3092.52,0.0
EXP_DISCOUNT,C0816,Discount,2026-08-01,1,control,0,0.4805,0.0307,0,0.0,0,0.0,0,0.0,0.0
EXP_FESTIVAL,C0816,Festival,2026-08-01,1,control,0,0.4805,0.0395,0,0.0,0,0.0,0,0.0,0.0
EXP_LOYALTY,C0816,Loyalty,2026-08-01,1,treatment,1,0.4805,0.0482,0,0.0,0,0.0,0,0.0,16.0
EXP_NEW_PRODUCT,C0816,New Product,2026-08-01,1,control,0,0.4805,0.057,0,0.0,0,0.0,1,1739.82,0.0
EXP_WIN-BACK,C0816,Win-back,2026-08-01,1,treatment,1,0.4805,0.0658,0,0.0,1,1189.74,1,1950.03,31.0
EXP_BIRTHDAY,C0817,Birthday,2026-08-01,1,treatment,1,0.6046,0.0231,0,0.0,0,0.0,0,0.0,20.25
EXP_DISCOUNT,C0817,Discount,2026-08-01,1,control,0,0.6046,0.0323,0,0.0,1,578.87,1,898.6,0.0
EXP_FESTIVAL,C0817,Festival,2026-08-01,1,treatment,1,0.6046,0.0415,0,0.0,1,511.4,1,866.91,29.0
EXP_LOYALTY,C0817,Loyalty,2026-08-01,1,control,0,0.6046,0.0508,1,361.48,1,758.86,1,993.82,0.0
EXP_NEW_PRODUCT,C0817,New Product,2026-08-01,1,control,0,0.6046,0.06,0,0.0,0,0.0,0,0.0,0.0
EXP_WIN-BACK,C0817,Win-back,2026-08-01,1,treatment,1,0.6046,0.0692,0,0.0,0,0.0,0,0.0,31.0
EXP_BIRTHDAY,C0818,Birthday,2026-08-01,1,treatment,1,0.7609,0.0242,0,0.0,0,0.0,1,1699.03,20.25
EXP_DISCOUNT,C0818,Discount,2026-08-01,1,control,0,0.7609,0.0339,1,2027.25,1,2602.46,1,4271.25,0.0
EXP_FESTIVAL,C0818,Festival,2026-08-01,1,treatment,1,0.7609,0.0436,1,600.09,1,1021.34,1,2118.02,29.0
EXP_LOYALTY,C0818,Loyalty,2026-08-01,1,control,0,0.7609,0.0533,0,0.0,0,0.0,0,0.0,0.0
EXP_NEW_PRODUCT,C0818,New Product,2026-08-01,1,control,0,0.7609,0.0629,1,1056.86,1,1694.79,1,3695.18,0.0
EXP_WIN-BACK,C0818,Win-back,2026-08-01,1,control,0,0.7609,0.0726,0,0.0,1,2063.93,1,3907.67,0.0
EXP_BIRTHDAY,C0819,Birthday,2026-08-01,1,control,0,0.5993,0.023,0,0.0,0,0.0,0,0.0,0.0
EXP_DISCOUNT,C0819,Discount,2026-08-01,1,control,0,0.5993,0.0322,0,0.0,0,0.0,1,1305.55,0.0
EXP_FESTIVAL,C0819,Festival,2026-08-01,1,control,0,0.5993,0.0414,0,0.0,0,0.0,0,0.0,0.0
EXP_LOYALTY,C0819,Loyalty,2026-08-01,1,control,0,0.5993,0.0507,0,0.0,1,387.28,1,640.97,0.0
EXP_NEW_PRODUCT,C0819,New Product,2026-08-01,1,treatment,1,0.5993,0.0599,0,0.0,1,1940.68,1,2684.64,23.0
EXP_WIN-BACK,C0819,Win-back,2026-08-01,1,treatment,1,0.5993,0.0691,0,0.0,0,0.0,1,1880.74,31.0
EXP_BIRTHDAY,C0820,Birthday,2026-08-01,1,control,0,0.4716,0.0218,0,0.0,0,0.0,1,529.19,0.0
EXP_DISCOUNT,C0820,Discount,2026-08-01,1,treatment,1,0.4716,0.0306,0,0.0,0,0.0,0,0.0,23.25
EXP_FESTIVAL,C0820,Festival,2026-08-01,1,treatment,1,0.4716,0.0393,1,300.22,1,466.44,1,888.54,29.0
EXP_LOYALTY,C0820,Loyalty,2026-08-01,1,control,0,0.4716,0.0481,0,0.0,0,0.0,0,0.0,0.0
EXP_NEW_PRODUCT,C0820,New Product,2026-08-01,1,control,0,0.4716,0.0568,0,0.0,0,0.0,0,0.0,0.0
EXP_WIN-BACK,C0820,Win-back,2026-08-01,1,treatment,1,0.4716,0.0655,1,578.36,1,835.0,1,1691.46,31.0
EXP_BIRTHDAY,C0821,Birthday,2026-08-01,1,treatment,1,0.59,0.0229,0,0.0,1,671.15,1,1088.11,20.25
EXP_DISCOUNT,C0821,Discount,2026-08-01,1,control,0,0.59,0.0321,1,692.84,1,1447.88,1,2261.69,0.0
EXP_FESTIVAL,C0821,Festival,2026-08-01,1,treatment,1,0.59,0.0413,1,586.84,1,849.1,1,1283.6,29.0
EXP_LOYALTY,C0821,Loyalty,2026-08-01,1,control,0,0.59,0.0505,0,0.0,1,654.69,1,919.16,0.0
EXP_NEW_PRODUCT,C0821,New Product,2026-08-01,1,control,0,0.59,0.0597,0,0.0,0,0.0,1,1474.45,0.0
EXP_WIN-BACK,C0821,Win-back,2026-08-01,1,control,0,0.59,0.0688,0,0.0,0,0.0,0,0.0,0.0
EXP_BIRTHDAY,C0822,Birthday,2026-08-01,1,control,0,0.3663,0.0208,0,0.0,0,0.0,0,0.0,0.0
EXP_DISCOUNT,C0822,Discount,2026-08-01,1,treatment,1,0.3663,0.0292,0,0.0,0,0.0,0,0.0,23.25
EXP_FESTIVAL,C0822,Festival,2026-08-01,1,treatment,1,0.3663,0.0375,0,0.0,0,0.0,0,0.0,29.0
EXP_LOYALTY,C0822,Loyalty,2026-08-01,1,control,0,0.3663,0.0458,0,0.0,0,0.0,0,0.0,0.0
EXP_NEW_PRODUCT,C0822,New Product,2026-08-01,1,treatment,1,0.3663,0.0542,0,0.0,0,0.0,0,0.0,23.0
EXP_WIN-BACK,C0822,Win-back,2026-08-01,1,control,0,0.3663,0.0625,1,2166.47,1,3407.37,1,4295.69,0.0
EXP_BIRTHDAY,C0823,Birthday,2026-08-01,1,control,0,0.6151,0.0232,0,0.0,0,0.0,1,1604.8,0.0
EXP_DISCOUNT,C0823,Discount,2026-08-01,1,treatment,1,0.6151,0.0324,0,0.0,0,0.0,1,1125.91,23.25
EXP_FESTIVAL,C0823,Festival,2026-08-01,1,control,0,0.6151,0.0417,0,0.0,0,0.0,0,0.0,0.0
EXP_LOYALTY,C0823,Loyalty,2026-08-01,1,control,0,0.6151,0.051,0,0.0,0,0.0,0,0.0,0.0
EXP_NEW_PRODUCT,C0823,New Product,2026-08-01,1,treatment,1,0.6151,0.0602,0,0.0,0,0.0,1,896.17,23.0
EXP_WIN-BACK,C0823,Win-back,2026-08-01,1,treatment,1,0.6151,0.0695,0,0.0,0,0.0,0,0.0,31.0
EXP_BIRTHDAY,C0824,Birthday,2026-08-01,1,treatment,1,0.4118,0.0213,0,0.0,0,0.0,1,1508.82,20.25
EXP_DISCOUNT,C0824,Discount,2026-08-01,1,treatment,1,0.4118,0.0298,0,0.0,0,0.0,0,0.0,23.25
EXP_FESTIVAL,C0824,Festival,2026-08-01,1,treatment,1,0.4118,0.0383,0,0.0,0,0.0,1,1184.27,29.0
EXP_LOYALTY,C0824,Loyalty,2026-08-01,1,control,0,0.4118,0.0468,0,0.0,0,0.0,0,0.0,0.0
EXP_NEW_PRODUCT,C0824,New Product,2026-08-01,1,treatment,1,0.4118,0.0553,1,375.44,1,588.83,1,760.0,23.0
EXP_WIN-BACK,C0824,Win-back,2026-08-01,1,control,0,0.4118,0.0638,0,0.0,0,0.0,1,1267.01,0.0
EXP_BIRTHDAY,C0825,Birthday,2026-08-01,1,control,0,0.2778,0.0201,0,0.0,0,0.0,0,0.0,0.0
EXP_DISCOUNT,C0825,Discount,2026-08-01,1,treatment,1,0.2778,0.0281,0,0.0,0,0.0,0,0.0,23.25
EXP_FESTIVAL,C0825,Festival,2026-08-01,1,control,0,0.2778,0.0361,0,0.0,0,0.0,0,0.0,0.0
EXP_LOYALTY,C0825,Loyalty,2026-08-01,1,treatment,1,0.2778,0.0442,0,0.0,0,0.0,1,1434.15,16.0
EXP_NEW_PRODUCT,C0825,New Product,2026-08-01,1,treatment,1,0.2778,0.0522,0,0.0,0,0.0,0,0.0,23.0
EXP_WIN-BACK,C0825,Win-back,2026-08-01,1,treatment,1,0.2778,0.0602,0,0.0,0,0.0,0,0.0,31.0
EXP_BIRTHDAY,C0826,Birthday,2026-08-01,1,treatment,1,0.6675,0.0236,0,0.0,0,0.0,0,0.0,20.25
EXP_DISCOUNT,C0826,Discount,2026-08-01,1,treatment,1,0.6675,0.033,0,0.0,1,1321.21,1,1675.84,23.25
EXP_FESTIVAL,C0826,Festival,2026-08-01,1,control,0,0.6675,0.0424,0,0.0,1,425.69,1,667.84,0.0
EXP_LOYALTY,C0826,Loyalty,2026-08-01,1,treatment,1,0.6675,0.0519,1,374.01,1,535.42,1,869.21,16.0
EXP_NEW_PRODUCT,C0826,New Product,2026-08-01,1,control,0,0.6675,0.0613,1,348.08,1,444.34,1,670.72,0.0
EXP_WIN-BACK,C0826,Win-back,2026-08-01,1,treatment,1,0.6675,0.0707,1,282.37,1,576.92,1,895.3,31.0
EXP_BIRTHDAY,C0827,Birthday,2026-08-01,1,treatment,1,0.5687,0.0228,0,0.0,0,0.0,0,0.0,20.25
EXP_DISCOUNT,C0827,Discount,2026-08-01,1,treatment,1,0.5687,0.0319,0,0.0,0,0.0,0,0.0,23.25
EXP_FESTIVAL,C0827,Festival,2026-08-01,1,treatment,1,0.5687,0.041,1,476.49,1,951.26,1,2084.14,29.0
EXP_LOYALTY,C0827,Loyalty,2026-08-01,1,control,0,0.5687,0.0501,1,492.52,1,801.52,1,1099.79,0.0
EXP_NEW_PRODUCT,C0827,New Product,2026-08-01,1,control,0,0.5687,0.0592,0,0.0,0,0.0,0,0.0,0.0
EXP_WIN-BACK,C0827,Win-back,2026-08-01,1,control,0,0.5687,0.0683,0,0.0,0,0.0,1,2060.03,0.0
EXP_BIRTHDAY,C0828,Birthday,2026-08-01,1,treatment,1,0.547,0.0226,0,0.0,0,0.0,0,0.0,20.25
EXP_DISCOUNT,C0828,Discount,2026-08-01,1,control,0,0.547,0.0316,0,0.0,0,0.0,0,0.0,0.0
EXP_FESTIVAL,C0828,Festival,2026-08-01,1,treatment,1,0.547,0.0406,0,0.0,0,0.0,0,0.0,29.0
EXP_LOYALTY,C0828,Loyalty,2026-08-01,1,control,0,0.547,0.0496,0,0.0,0,0.0,0,0.0,0.0
EXP_NEW_PRODUCT,C0828,New Product,2026-08-01,1,control,0,0.547,0.0586,0,0.0,0,0.0,0,0.0,0.0
EXP_WIN-BACK,C0828,Win-back,2026-08-01,1,treatment,1,0.547,0.0677,1,635.71,1,901.49,1,1793.43,31.0
EXP_BIRTHDAY,C0829,Birthday,2026-08-01,1,control,0,0.3959,0.0211,0,0.0,0,0.0,0,0.0,0.0
EXP_DISCOUNT,C0829,Discount,2026-08-01,1,control,0,0.3959,0.0296,0,0.0,0,0.0,0,0.0,0.0
EXP_FESTIVAL,C0829,Festival,2026-08-01,1,treatment,1,0.3959,0.038,0,0.0,0,0.0,0,0.0,29.0
EXP_LOYALTY,C0829,Loyalty,2026-08-01,1,control,0,0.3959,0.0465,0,0.0,0,0.0,0,0.0,0.0
EXP_NEW_PRODUCT,C0829,New Product,2026-08-01,1,treatment,1,0.3959,0.0549,0,0.0,0,0.0,1,835.55,23.0
EXP_WIN-BACK,C0829,Win-back,2026-08-01,1,treatment,1,0.3959,0.0633,0,0.0,0,0.0,0,0.0,31.0
EXP_BIRTHDAY,C0830,Birthday,2026-08-01,1,control,0,0.4836,0.022,0,0.0,0,0.0,0,0.0,0.0
EXP_DISCOUNT,C0830,Discount,2026-08-01,1,control,0,0.4836,0.0307,1,400.24,1,549.02,1,1012.2,0.0
EXP_FESTIVAL,C0830,Festival,2026-08-01,1,treatment,1,0.4836,0.0395,0,0.0,0,0.0,0,0.0,29.0
EXP_LOYALTY,C0830,Loyalty,2026-08-01,1,treatment,1,0.4836,0.0483,0,0.0,0,0.0,0,0.0,16.0
EXP_NEW_PRODUCT,C0830,New Product,2026-08-01,1,control,0,0.4836,0.0571,0,0.0,0,0.0,1,1035.58,0.0
EXP_WIN-BACK,C0830,Win-back,2026-08-01,1,control,0,0.4836,0.0659,0,0.0,0,0.0,0,0.0,0.0
EXP_BIRTHDAY,C0831,Birthday,2026-08-01,1,control,0,0.4285,0.0214,0,0.0,0,0.0,0,0.0,0.0
EXP_DISCOUNT,C0831,Discount,2026-08-01,1,control,0,0.4285,0.03,0,0.0,0,0.0,0,0.0,0.0
EXP_FESTIVAL,C0831,Festival,2026-08-01,1,treatment,1,0.4285,0.0386,0,0.0,0,0.0,0,0.0,29.0
EXP_LOYALTY,C0831,Loyalty,2026-08-01,1,control,0,0.4285,0.0471,0,0.0,0,0.0,0,0.0,0.0
EXP_NEW_PRODUCT,C0831,New Product,2026-08-01,1,treatment,1,0.4285,0.0557,0,0.0,0,0.0,0,0.0,23.0
EXP_WIN-BACK,C0831,Win-back,2026-08-01,1,control,0,0.4285,0.0643,0,0.0,0,0.0,1,1717.95,0.0
EXP_BIRTHDAY,C0832,Birthday,2026-08-01,1,control,0,0.5942,0.023,0,0.0,1,634.84,1,1108.64,0.0
EXP_DISCOUNT,C0832,Discount,2026-08-01,1,control,0,0.5942,0.0322,0,0.0,0,0.0,0,0.0,0.0
EXP_FESTIVAL,C0832,Festival,2026-08-01,1,treatment,1,0.5942,0.0414,0,0.0,0,0.0,0,0.0,29.0
EXP_LOYALTY,C0832,Loyalty,2026-08-01,1,treatment,1,0.5942,0.0506,0,0.0,0,0.0,1,1041.54,16.0
EXP_NEW_PRODUCT,C0832,New Product,2026-08-01,1,control,0,0.5942,0.0598,1,464.44,1,672.08,1,1141.95,0.0
EXP_WIN-BACK,C0832,Win-back,2026-08-01,1,treatment,1,0.5942,0.0689,1,130.32,1,265.02,1,353.74,31.0
EXP_BIRTHDAY,C0833,Birthday,2026-08-01,1,control,0,0.3054,0.0203,0,0.0,0,0.0,0,0.0,0.0
EXP_DISCOUNT,C0833,Discount,2026-08-01,1,control,0,0.3054,0.0284,0,0.0,0,0.0,0,0.0,0.0
EXP_FESTIVAL,C0833,Festival,2026-08-01,1,control,0,0.3054,0.0365,0,0.0,1,390.57,1,558.54,0.0
EXP_LOYALTY,C0833,Loyalty,2026-08-01,1,control,0,0.3054,0.0447,0,0.0,0,0.0,0,0.0,0.0
EXP_NEW_PRODUCT,C0833,New Product,2026-08-01,1,control,0,0.3054,0.0528,0,0.0,0,0.0,0,0.0,0.0
EXP_WIN-BACK,C0833,Win-back,2026-08-01,1,control,0,0.3054,0.0609,1,137.66,1,278.92,1,378.85,0.0
EXP_BIRTHDAY,C0834,Birthday,2026-08-01,1,treatment,1,0.4984,0.0221,0,0.0,1,843.45,1,1867.05,20.25
EXP_DISCOUNT,C0834,Discount,2026-08-01,1,treatment,1,0.4984,0.0309,0,0.0,1,771.63,1,1140.45,23.25
EXP_FESTIVAL,C0834,Festival,2026-08-01,1,control,0,0.4984,0.0398,1,466.72,1,746.41,1,898.1,0.0
EXP_LOYALTY,C0834,Loyalty,2026-08-01,1,control,0,0.4984,0.0486,1,265.22,1,490.33,1,657.72,0.0
EXP_NEW_PRODUCT,C0834,New Product,2026-08-01,1,treatment,1,0.4984,0.0575,1,492.13,1,721.99,1,1082.98,23.0
EXP_WIN-BACK,C0834,Win-back,2026-08-01,1,treatment,1,0.4984,0.0663,0,0.0,1,493.52,1,623.34,31.0
EXP_BIRTHDAY,C0835,Birthday,2026-08-01,1,control,0,0.473,0.0219,0,0.0,0,0.0,0,0.0,0.0
EXP_DISCOUNT,C0835,Discount,2026-08-01,1,treatment,1,0.473,0.0306,1,674.22,1,1439.63,1,2094.45,23.25
EXP_FESTIVAL,C0835,Festival,2026-08-01,1,treatment,1,0.473,0.0393,1,335.58,1,417.97,1,685.44,29.0
EXP_LOYALTY,C0835,Loyalty,2026-08-01,1,control,0,0.473,0.0481,0,0.0,0,0.0,0,0.0,0.0
EXP_NEW_PRODUCT,C0835,New Product,2026-08-01,1,control,0,0.473,0.0568,0,0.0,0,0.0,0,0.0,0.0
EXP_WIN-BACK,C0835,Win-back,2026-08-01,1,control,0,0.473,0.0656,1,569.11,1,787.82,1,1123.48,0.0
EXP_BIRTHDAY,C0836,Birthday,2026-08-01,1,treatment,1,0.3474,0.0207,0,0.0,0,0.0,0,0.0,20.25
EXP_DISCOUNT,C0836,Discount,2026-08-01,1,control,0,0.3474,0.0289,0,0.0,0,0.0,0,0.0,0.0
EXP_FESTIVAL,C0836,Festival,2026-08-01,1,treatment,1,0.3474,0.0372,0,0.0,1,1183.0,1,2061.02,29.0
EXP_LOYALTY,C0836,Loyalty,2026-08-01,1,treatment,1,0.3474,0.0455,0,0.0,0,0.0,0,0.0,16.0
EXP_NEW_PRODUCT,C0836,New Product,2026-08-01,1,control,0,0.3474,0.0537,0,0.0,0,0.0,0,0.0,0.0
EXP_WIN-BACK,C0836,Win-back,2026-08-01,1,control,0,0.3474,0.062,0,0.0,1,501.41,1,590.91,0.0
EXP_BIRTHDAY,C0837,Birthday,2026-08-01,1,control,0,0.4677,0.0218,0,0.0,0,0.0,0,0.0,0.0
EXP_DISCOUNT,C0837,Discount,2026-08-01,1,control,0,0.4677,0.0305,0,0.0,1,695.65,1,842.38,0.0
EXP_FESTIVAL,C0837,Festival,2026-08-01,1,control,0,0.4677,0.0392,0,0.0,0,0.0,0,0.0,0.0
EXP_LOYALTY,C0837,Loyalty,2026-08-01,1,control,0,0.4677,0.048,0,0.0,0,0.0,0,0.0,0.0
EXP_NEW_PRODUCT,C0837,New Product,2026-08-01,1,treatment,1,0.4677,0.0567,0,0.0,0,0.0,0,0.0,23.0
EXP_WIN-BACK,C0837,Win-back,2026-08-01,1,control,0,0.4677,0.0654,0,0.0,1,800.47,1,1033.83,0.0
EXP_BIRTHDAY,C0838,Birthday,2026-08-01,1,treatment,1,0.3568,0.0208,0,0.0,1,137.01,1,302.01,20.25
EXP_DISCOUNT,C0838,Discount,2026-08-01,1,treatment,1,0.3568,0.0291,0,0.0,0,0.0,1,1104.28,23.25
EXP_FESTIVAL,C0838,Festival,2026-08-01,1,control,0,0.3568,0.0374,0,0.0,0,0.0,0,0.0,0.0
EXP_LOYALTY,C0838,Loyalty,2026-08-01,1,treatment,1,0.3568,0.0457,0,0.0,1,629.54,1,785.63,16.0
EXP_NEW_PRODUCT,C0838,New Product,2026-08-01,1,control,0,0.3568,0.054,0,0.0,0,0.0,0,0.0,0.0
EXP_WIN-BACK,C0838,Win-back,2026-08-01,1,control,0,0.3568,0.0623,0,0.0,0,0.0,0,0.0,0.0
EXP_BIRTHDAY,C0839,Birthday,2026-08-01,1,control,0,0.5857,0.0229,0,0.0,1,1494.47,1,2119.07,0.0
EXP_DISCOUNT,C0839,Discount,2026-08-01,1,control,0,0.5857,0.0321,0,0.0,1,488.24,1,1047.7,0.0
EXP_FESTIVAL,C0839,Festival,2026-08-01,1,control,0,0.5857,0.0412,0,0.0,0,0.0,0,0.0,0.0
EXP_LOYALTY,C0839,Loyalty,2026-08-01,1,treatment,1,0.5857,0.0504,1,695.37,1,1094.17,1,2177.84,16.0
EXP_NEW_PRODUCT,C0839,New Product,2026-08-01,1,treatment,1,0.5857,0.0596,0,0.0,1,1979.24,1,2502.76,23.0
EXP_WIN-BACK,C0839,Win-back,2026-08-01,1,treatment,1,0.5857,0.0687,0,0.0,0,0.0,0,0.0,31.0
EXP_BIRTHDAY,C0840,Birthday,2026-08-01,1,control,0,0.4693,0.0218,0,0.0,0,0.0,0,0.0,0.0
EXP_DISCOUNT,C0840,Discount,2026-08-01,1,control,0,0.4693,0.0305,0,0.0,0,0.0,0,0.0,0.0
EXP_FESTIVAL,C0840,Festival,2026-08-01,1,control,0,0.4693,0.0393,0,0.0,0,0.0,0,0.0,0.0
EXP_LOYALTY,C0840,Loyalty,2026-08-01,1,treatment,1,0.4693,0.048,0,0.0,0,0.0,0,0.0,16.0
EXP_NEW_PRODUCT,C0840,New Product,2026-08-01,1,control,0,0.4693,0.0567,0,0.0,0,0.0,0,0.0,0.0
EXP_WIN-BACK,C0840,Win-back,2026-08-01,1,treatment,1,0.4693,0.0655,0,0.0,1,628.5,1,981.28,31.0
EXP_BIRTHDAY,C0841,Birthday,2026-08-01,1,treatment,1,0.5983,0.023,0,0.0,0,0.0,1,1650.12,20.25
EXP_DISCOUNT,C0841,Discount,2026-08-01,1,control,0,0.5983,0.0322,0,0.0,0,0.0,0,0.0,0.0
EXP_FESTIVAL,C0841,Festival,2026-08-01,1,treatment,1,0.5983,0.0414,0,0.0,0,0.0,1,1093.46,29.0
EXP_LOYALTY,C0841,Loyalty,2026-08-01,1,control,0,0.5983,0.0506,0,0.0,0,0.0,1,1312.26,0.0
EXP_NEW_PRODUCT,C0841,New Product,2026-08-01,1,control,0,0.5983,0.0598,0,0.0,0,0.0,0,0.0,0.0
EXP_WIN-BACK,C0841,Win-back,2026-08-01,1,control,0,0.5983,0.0691,0,0.0,0,0.0,0,0.0,0.0
EXP_BIRTHDAY,C0842,Birthday,2026-08-01,1,treatment,1,0.3446,0.0206,1,251.2,1,377.02,1,644.93,20.25
EXP_DISCOUNT,C0842,Discount,2026-08-01,1,treatment,1,0.3446,0.0289,0,0.0,0,0.0,0,0.0,23.25
EXP_FESTIVAL,C0842,Festival,2026-08-01,1,treatment,1,0.3446,0.0372,0,0.0,0,0.0,1,495.64,29.0
EXP_LOYALTY,C0842,Loyalty,2026-08-01,1,treatment,1,0.3446,0.0454,0,0.0,0,0.0,0,0.0,16.0
EXP_NEW_PRODUCT,C0842,New Product,2026-08-01,1,treatment,1,0.3446,0.0537,0,0.0,0,0.0,0,0.0,23.0
EXP_WIN-BACK,C0842,Win-back,2026-08-01,1,control,0,0.3446,0.0619,0,0.0,0,0.0,0,0.0,0.0
EXP_BIRTHDAY,C0843,Birthday,2026-08-01,1,control,0,0.3846,0.021,0,0.0,0,0.0,0,0.0,0.0
EXP_DISCOUNT,C0843,Discount,2026-08-01,1,treatment,1,0.3846,0.0294,0,0.0,1,842.6,1,1715.22,23.25
EXP_FESTIVAL,C0843,Festival,2026-08-01,1,control,0,0.3846,0.0378,0,0.0,0,0.0,1,2223.55,0.0
EXP_LOYALTY,C0843,Loyalty,2026-08-01,1,treatment,1,0.3846,0.0462,0,0.0,0,0.0,0,0.0,16.0
EXP_NEW_PRODUCT,C0843,New Product,2026-08-01,1,treatment,1,0.3846,0.0546,1,1124.58,1,1729.04,1,2373.52,23.0
EXP_WIN-BACK,C0843,Win-back,2026-08-01,1,treatment,1,0.3846,0.063,0,0.0,0,0.0,0,0.0,31.0
EXP_BIRTHDAY,C0844,Birthday,2026-08-01,1,control,0,0.5001,0.0221,0,0.0,0,0.0,1,1188.73,0.0
EXP_DISCOUNT,C0844,Discount,2026-08-01,1,control,0,0.5001,0.031,0,0.0,0,0.0,0,0.0,0.0
EXP_FESTIVAL,C0844,Festival,2026-08-01,1,control,0,0.5001,0.0398,0,0.0,1,694.28,1,1218.44,0.0
EXP_LOYALTY,C0844,Loyalty,2026-08-01,1,treatment,1,0.5001,0.0487,0,0.0,0,0.0,0,0.0,16.0
EXP_NEW_PRODUCT,C0844,New Product,2026-08-01,1,treatment,1,0.5001,0.0575,0,0.0,1,1514.25,1,1854.39,23.0
EXP_WIN-BACK,C0844,Win-back,2026-08-01,1,treatment,1,0.5001,0.0663,0,0.0,0,0.0,0,0.0,31.0
EXP_BIRTHDAY,C0845,Birthday,2026-08-01,1,control,0,0.4729,0.0219,0,0.0,0,0.0,0,0.0,0.0
EXP_DISCOUNT,C0845,Discount,2026-08-01,1,control,0,0.4729,0.0306,0,0.0,0,0.0,0,0.0,0.0
EXP_FESTIVAL,C0845,Festival,2026-08-01,1,control,0,0.4729,0.0393,0,0.0,1,748.26,1,1210.79,0.0
EXP_LOYALTY,C0845,Loyalty,2026-08-01,1,control,0,0.4729,0.0481,1,863.31,1,1025.95,1,2003.79,0.0
EXP_NEW_PRODUCT,C0845,New Product,2026-08-01,1,treatment,1,0.4729,0.0568,0,0.0,1,1908.5,1,2472.66,23.0
EXP_WIN-BACK,C0845,Win-back,2026-08-01,1,control,0,0.4729,0.0656,0,0.0,0,0.0,1,1743.36,0.0
EXP_BIRTHDAY,C0846,Birthday,2026-08-01,1,treatment,1,0.4632,0.0218,0,0.0,0,0.0,0,0.0,20.25
EXP_DISCOUNT,C0846,Discount,2026-08-01,1,control,0,0.4632,0.0305,0,0.0,0,0.0,0,0.0,0.0
EXP_FESTIVAL,C0846,Festival,2026-08-01,1,control,0,0.4632,0.0392,0,0.0,0,0.0,0,0.0,0.0
EXP_LOYALTY,C0846,Loyalty,2026-08-01,1,control,0,0.4632,0.0479,1,460.44,1,625.87,1,1349.42,0.0
EXP_NEW_PRODUCT,C0846,New Product,2026-08-01,1,control,0,0.4632,0.0566,0,0.0,0,0.0,0,0.0,0.0
EXP_WIN-BACK,C0846,Win-back,2026-08-01,1,treatment,1,0.4632,0.0653,0,0.0,0,0.0,0,0.0,31.0
EXP_BIRTHDAY,C0847,Birthday,2026-08-01,1,control,0,0.4257,0.0214,0,0.0,0,0.0,0,0.0,0.0
EXP_DISCOUNT,C0847,Discount,2026-08-01,1,control,0,0.4257,0.03,0,0.0,1,491.67,1,949.72,0.0
EXP_FESTIVAL,C0847,Festival,2026-08-01,1,treatment,1,0.4257,0.0385,1,442.08,1,955.81,1,1238.59,29.0
EXP_LOYALTY,C0847,Loyalty,2026-08-01,1,treatment,1,0.4257,0.0471,0,0.0,0,0.0,0,0.0,16.0
EXP_NEW_PRODUCT,C0847,New Product,2026-08-01,1,treatment,1,0.4257,0.0556,1,847.21,1,1633.0,1,1922.68,23.0
EXP_WIN-BACK,C0847,Win-back,2026-08-01,1,control,0,0.4257,0.0642,0,0.0,0,0.0,0,0.0,0.0
EXP_BIRTHDAY,C0848,Birthday,2026-08-01,1,control,0,0.5346,0.0224,0,0.0,0,0.0,0,0.0,0.0
EXP_DISCOUNT,C0848,Discount,2026-08-01,1,control,0,0.5346,0.0314,0,0.0,0,0.0,0,0.0,0.0
EXP_FESTIVAL,C0848,Festival,2026-08-01,1,control,0,0.5346,0.0404,0,0.0,0,0.0,1,1059.49,0.0
EXP_LOYALTY,C0848,Loyalty,2026-08-01,1,treatment,1,0.5346,0.0494,1,381.67,1,671.47,1,1199.2,16.0
EXP_NEW_PRODUCT,C0848,New Product,2026-08-01,1,control,0,0.5346,0.0583,1,386.42,1,830.59,1,1319.18,0.0
EXP_WIN-BACK,C0848,Win-back,2026-08-01,1,control,0,0.5346,0.0673,1,568.82,1,899.0,1,1135.65,0.0
EXP_BIRTHDAY,C0849,Birthday,2026-08-01,1,treatment,1,0.746,0.0241,0,0.0,1,744.9,1,878.03,20.25
EXP_DISCOUNT,C0849,Discount,2026-08-01,1,control,0,0.746,0.0338,0,0.0,0,0.0,1,1383.61,0.0
EXP_FESTIVAL,C0849,Festival,2026-08-01,1,treatment,1,0.746,0.0434,1,478.49,1,817.63,1,1265.64,29.0
EXP_LOYALTY,C0849,Loyalty,2026-08-01,1,treatment,1,0.746,0.0531,0,0.0,1,2187.66,1,2979.81,16.0
EXP_NEW_PRODUCT,C0849,New Product,2026-08-01,1,control,0,0.746,0.0627,0,0.0,1,743.73,1,1581.65,0.0
EXP_WIN-BACK,C0849,Win-back,2026-08-01,1,control,0,0.746,0.0724,0,0.0,0,0.0,0,0.0,0.0
EXP_BIRTHDAY,C0850,Birthday,2026-08-01,1,treatment,1,0.6916,0.0238,0,0.0,0,0.0,0,0.0,20.25
EXP_DISCOUNT,C0850,Discount,2026-08-01,1,control,0,0.6916,0.0333,0,0.0,0,0.0,0,0.0,0.0
EXP_FESTIVAL,C0850,Festival,2026-08-01,1,treatment,1,0.6916,0.0428,0,0.0,0,0.0,1,2888.11,29.0
EXP_LOYALTY,C0850,Loyalty,2026-08-01,1,control,0,0.6916,0.0523,0,0.0,1,524.76,1,959.35,0.0
EXP_NEW_PRODUCT,C0850,New Product,2026-08-01,1,treatment,1,0.6916,0.0618,0,0.0,0,0.0,1,1196.03,23.0
EXP_WIN-BACK,C0850,Win-back,2026-08-01,1,treatment,1,0.6916,0.0713,1,678.32,1,833.92,1,1226.93,31.0
EXP_BIRTHDAY,C0851,Birthday,2026-08-01,1,control,0,0.2448,0.0198,0,0.0,0,0.0,0,0.0,0.0
EXP_DISCOUNT,C0851,Discount,2026-08-01,1,control,0,0.2448,0.0277,1,319.6,1,397.06,1,633.98,0.0
EXP_FESTIVAL,C0851,Festival,2026-08-01,1,treatment,1,0.2448,0.0357,0,0.0,0,0.0,0,0.0,29.0
EXP_LOYALTY,C0851,Loyalty,2026-08-01,1,treatment,1,0.2448,0.0436,0,0.0,0,0.0,0,0.0,16.0
EXP_NEW_PRODUCT,C0851,New Product,2026-08-01,1,control,0,0.2448,0.0515,0,0.0,0,0.0,0,0.0,0.0
EXP_WIN-BACK,C0851,Win-back,2026-08-01,1,control,0,0.2448,0.0595,1,202.31,1,376.23,1,464.16,0.0
EXP_BIRTHDAY,C0852,Birthday,2026-08-01,1,control,0,0.7015,0.0238,0,0.0,0,0.0,1,2767.1,0.0
EXP_DISCOUNT,C0852,Discount,2026-08-01,1,treatment,1,0.7015,0.0334,0,0.0,0,0.0,1,1202.36,23.25
EXP_FESTIVAL,C0852,Festival,2026-08-01,1,treatment,1,0.7015,0.0429,0,0.0,1,1162.03,1,1851.11,29.0
EXP_LOYALTY,C0852,Loyalty,2026-08-01,1,control,0,0.7015,0.0524,0,0.0,0,0.0,0,0.0,0.0
EXP_NEW_PRODUCT,C0852,New Product,2026-08-01,1,control,0,0.7015,0.062,0,0.0,1,514.4,1,1137.99,0.0
EXP_WIN-BACK,C0852,Win-back,2026-08-01,1,treatment,1,0.7015,0.0715,1,305.73,1,643.01,1,912.46,31.0
EXP_BIRTHDAY,C0853,Birthday,2026-08-01,1,treatment,1,0.42,0.0213,0,0.0,0,0.0,0,0.0,20.25
EXP_DISCOUNT,C0853,Discount,2026-08-01,1,control,0,0.42,0.0299,0,0.0,0,0.0,0,0.0,0.0
EXP_FESTIVAL,C0853,Festival,2026-08-01,1,treatment,1,0.42,0.0384,0,0.0,0,0.0,0,0.0,29.0
EXP_LOYALTY,C0853,Loyalty,2026-08-01,1,treatment,1,0.42,0.047,0,0.0,1,2256.67,1,4078.25,16.0
EXP_NEW_PRODUCT,C0853,New Product,2026-08-01,1,control,0,0.42,0.0555,0,0.0,0,0.0,0,0.0,0.0
EXP_WIN-BACK,C0853,Win-back,2026-08-01,1,control,0,0.42,0.064,0,0.0,0,0.0,1,1368.83,0.0
EXP_BIRTHDAY,C0854,Birthday,2026-08-01,1,treatment,1,0.3698,0.0209,0,0.0,0,0.0,1,1130.13,20.25
EXP_DISCOUNT,C0854,Discount,2026-08-01,1,treatment,1,0.3698,0.0292,0,0.0,0,0.0,0,0.0,23.25
EXP_FESTIVAL,C0854,Festival,2026-08-01,1,control,0,0.3698,0.0376,1,451.25,1,655.71,1,933.95,0.0
EXP_LOYALTY,C0854,Loyalty,2026-08-01,1,control,0,0.3698,0.0459,0,0.0,0,0.0,0,0.0,0.0
EXP_NEW_PRODUCT,C0854,New Product,2026-08-01,1,treatment,1,0.3698,0.0543,1,157.3,1,295.27,1,592.46,23.0
EXP_WIN-BACK,C0854,Win-back,2026-08-01,1,treatment,1,0.3698,0.0626,0,0.0,0,0.0,0,0.0,31.0
EXP_BIRTHDAY,C0855,Birthday,2026-08-01,1,control,0,0.4519,0.0217,1,288.17,1,386.55,1,835.44,0.0
EXP_DISCOUNT,C0855,Discount,2026-08-01,1,treatment,1,0.4519,0.0303,0,0.0,0,0.0,0,0.0,23.25
EXP_FESTIVAL,C0855,Festival,2026-08-01,1,treatment,1,0.4519,0.039,0,0.0,0,0.0,0,0.0,29.0
EXP_LOYALTY,C0855,Loyalty,2026-08-01,1,treatment,1,0.4519,0.0476,0,0.0,0,0.0,1,942.95,16.0
EXP_NEW_PRODUCT,C0855,New Product,2026-08-01,1,control,0,0.4519,0.0563,0,0.0,0,0.0,0,0.0,0.0
EXP_WIN-BACK,C0855,Win-back,2026-08-01,1,control,0,0.4519,0.065,0,0.0,1,975.28,1,1280.29,0.0
EXP_BIRTHDAY,C0856,Birthday,2026-08-01,1,treatment,1,0.3376,0.0206,1,135.67,1,298.73,1,426.01,20.25
EXP_DISCOUNT,C0856,Discount,2026-08-01,1,treatment,1,0.3376,0.0288,1,141.6,1,179.51,1,345.78,23.25
EXP_FESTIVAL,C0856,Festival,2026-08-01,1,control,0,0.3376,0.037,1,81.82,1,134.3,1,227.8,0.0
EXP_LOYALTY,C0856,Loyalty,2026-08-01,1,control,0,0.3376,0.0453,0,0.0,0,0.0,0,0.0,0.0
EXP_NEW_PRODUCT,C0856,New Product,2026-08-01,1,treatment,1,0.3376,0.0535,0,0.0,0,0.0,1,409.9,23.0
EXP_WIN-BACK,C0856,Win-back,2026-08-01,1,control,0,0.3376,0.0617,0,0.0,1,161.26,1,295.86,0.0
EXP_BIRTHDAY,C0857,Birthday,2026-08-01,1,control,0,0.7266,0.024,0,0.0,0,0.0,1,3957.1,0.0
EXP_DISCOUNT,C0857,Discount,2026-08-01,1,control,0,0.7266,0.0336,0,0.0,1,1684.01,1,2784.83,0.0
EXP_FESTIVAL,C0857,Festival,2026-08-01,1,control,0,0.7266,0.0432,1,347.04,1,614.82,1,1165.2,0.0
EXP_LOYALTY,C0857,Loyalty,2026-08-01,1,treatment,1,0.7266,0.0528,0,0.0,0,0.0,1,1222.03,16.0
EXP_NEW_PRODUCT,C0857,New Product,2026-08-01,1,treatment,1,0.7266,0.0624,0,0.0,0,0.0,0,0.0,23.0
EXP_WIN-BACK,C0857,Win-back,2026-08-01,1,treatment,1,0.7266,0.072,0,0.0,1,1568.67,1,1901.37,31.0
EXP_BIRTHDAY,C0858,Birthday,2026-08-01,1,control,0,0.2441,0.0198,0,0.0,0,0.0,0,0.0,0.0
EXP_DISCOUNT,C0858,Discount,2026-08-01,1,control,0,0.2441,0.0277,0,0.0,0,0.0,0,0.0,0.0
EXP_FESTIVAL,C0858,Festival,2026-08-01,1,control,0,0.2441,0.0357,0,0.0,0,0.0,0,0.0,0.0
EXP_LOYALTY,C0858,Loyalty,2026-08-01,1,control,0,0.2441,0.0436,0,0.0,0,0.0,0,0.0,0.0
EXP_NEW_PRODUCT,C0858,New Product,2026-08-01,1,treatment,1,0.2441,0.0515,0,0.0,0,0.0,0,0.0,23.0
EXP_WIN-BACK,C0858,Win-back,2026-08-01,1,control,0,0.2441,0.0594,0,0.0,0,0.0,0,0.0,0.0
EXP_BIRTHDAY,C0859,Birthday,2026-08-01,1,control,0,0.6819,0.0237,0,0.0,0,0.0,1,3439.0,0.0
EXP_DISCOUNT,C0859,Discount,2026-08-01,1,control,0,0.6819,0.0332,0,0.0,1,2493.96,1,4765.23,0.0
EXP_FESTIVAL,C0859,Festival,2026-08-01,1,treatment,1,0.6819,0.0426,0,0.0,0,0.0,1,1504.3,29.0
EXP_LOYALTY,C0859,Loyalty,2026-08-01,1,treatment,1,0.6819,0.0521,0,0.0,0,0.0,1,2069.39,16.0
EXP_NEW_PRODUCT,C0859,New Product,2026-08-01,1,treatment,1,0.6819,0.0616,0,0.0,0,0.0,0,0.0,23.0
EXP_WIN-BACK,C0859,Win-back,2026-08-01,1,treatment,1,0.6819,0.0711,0,0.0,0,0.0,0,0.0,31.0
EXP_BIRTHDAY,C0860,Birthday,2026-08-01,1,control,0,0.4859,0.022,0,0.0,0,0.0,1,757.9,0.0
EXP_DISCOUNT,C0860,Discount,2026-08-01,1,treatment,1,0.4859,0.0308,0,0.0,0,0.0,0,0.0,23.25
EXP_FESTIVAL,C0860,Festival,2026-08-01,1,control,0,0.4859,0.0396,0,0.0,0,0.0,0,0.0,0.0
EXP_LOYALTY,C0860,Loyalty,2026-08-01,1,treatment,1,0.4859,0.0484,0,0.0,0,0.0,0,0.0,16.0
EXP_NEW_PRODUCT,C0860,New Product,2026-08-01,1,treatment,1,0.4859,0.0571,1,695.92,1,1423.13,1,2459.86,23.0
EXP_WIN-BACK,C0860,Win-back,2026-08-01,1,treatment,1,0.4859,0.0659,0,0.0,0,0.0,0,0.0,31.0
EXP_BIRTHDAY,C0861,Birthday,2026-08-01,1,treatment,1,0.3858,0.021,0,0.0,0,0.0,1,1906.06,20.25
EXP_DISCOUNT,C0861,Discount,2026-08-01,1,treatment,1,0.3858,0.0294,0,0.0,0,0.0,0,0.0,23.25
EXP_FESTIVAL,C0861,Festival,2026-08-01,1,control,0,0.3858,0.0378,0,0.0,0,0.0,0,0.0,0.0
EXP_LOYALTY,C0861,Loyalty,2026-08-01,1,control,0,0.3858,0.0462,1,1312.06,1,1580.11,1,2598.85,0.0
EXP_NEW_PRODUCT,C0861,New Product,2026-08-01,1,treatment,1,0.3858,0.0547,0,0.0,0,0.0,0,0.0,23.0
EXP_WIN-BACK,C0861,Win-back,2026-08-01,1,control,0,0.3858,0.0631,0,0.0,0,0.0,0,0.0,0.0
EXP_BIRTHDAY,C0862,Birthday,2026-08-01,1,treatment,1,0.2907,0.0202,0,0.0,0,0.0,0,0.0,20.25
EXP_DISCOUNT,C0862,Discount,2026-08-01,1,treatment,1,0.2907,0.0282,0,0.0,1,130.41,1,242.41,23.25
EXP_FESTIVAL,C0862,Festival,2026-08-01,1,control,0,0.2907,0.0363,0,0.0,1,248.92,1,519.15,0.0
EXP_LOYALTY,C0862,Loyalty,2026-08-01,1,control,0,0.2907,0.0444,0,0.0,0,0.0,0,0.0,0.0
EXP_NEW_PRODUCT,C0862,New Product,2026-08-01,1,control,0,0.2907,0.0525,0,0.0,0,0.0,1,442.53,0.0
EXP_WIN-BACK,C0862,Win-back,2026-08-01,1,control,0,0.2907,0.0605,0,0.0,0,0.0,0,0.0,0.0
EXP_BIRTHDAY,C0863,Birthday,2026-08-01,1,control,0,0.4664,0.0218,0,0.0,0,0.0,0,0.0,0.0
EXP_DISCOUNT,C0863,Discount,2026-08-01,1,treatment,1,0.4664,0.0305,0,0.0,0,0.0,1,837.65,23.25
EXP_FESTIVAL,C0863,Festival,2026-08-01,1,treatment,1,0.4664,0.0392,1,624.07,1,1255.3,1,1732.32,29.0
EXP_LOYALTY,C0863,Loyalty,2026-08-01,1,treatment,1,0.4664,0.0479,0,0.0,0,0.0,1,865.13,16.0
EXP_NEW_PRODUCT,C0863,New Product,2026-08-01,1,treatment,1,0.4664,0.0567,0,0.0,0,0.0,0,0.0,23.0
EXP_WIN-BACK,C0863,Win-back,2026-08-01,1,control,0,0.4664,0.0654,0,0.0,0,0.0,0,0.0,0.0
EXP_BIRTHDAY,C0864,Birthday,2026-08-01,1,treatment,1,0.4774,0.0219,0,0.0,0,0.0,0,0.0,20.25
EXP_DISCOUNT,C0864,Discount,2026-08-01,1,control,0,0.4774,0.0307,0,0.0,0,0.0,0,0.0,0.0
EXP_FESTIVAL,C0864,Festival,2026-08-01,1,treatment,1,0.4774,0.0394,1,963.43,1,1848.98,1,2540.88,29.0
EXP_LOYALTY,C0864,Loyalty,2026-08-01,1,control,0,0.4774,0.0482,0,0.0,0,0.0,0,0.0,0.0
EXP_NEW_PRODUCT,C0864,New Product,2026-08-01,1,treatment,1,0.4774,0.0569,0,0.0,0,0.0,0,0.0,23.0
EXP_WIN-BACK,C0864,Win-back,2026-08-01,1,control,0,0.4774,0.0657,0,0.0,1,982.28,1,1250.67,0.0
EXP_BIRTHDAY,C0865,Birthday,2026-08-01,1,control,0,0.5333,0.0224,0,0.0,0,0.0,0,0.0,0.0
EXP_DISCOUNT,C0865,Discount,2026-08-01,1,treatment,1,0.5333,0.0314,0,0.0,1,1253.21,1,2144.2,23.25
EXP_FESTIVAL,C0865,Festival,2026-08-01,1,treatment,1,0.5333,0.0404,0,0.0,0,0.0,1,1610.04,29.0
EXP_LOYALTY,C0865,Loyalty,2026-08-01,1,treatment,1,0.5333,0.0493,0,0.0,0,0.0,0,0.0,16.0
EXP_NEW_PRODUCT,C0865,New Product,2026-08-01,1,control,0,0.5333,0.0583,0,0.0,0,0.0,0,0.0,0.0
EXP_WIN-BACK,C0865,Win-back,2026-08-01,1,treatment,1,0.5333,0.0673,1,460.98,1,580.53,1,1091.71,31.0
EXP_BIRTHDAY,C0866,Birthday,2026-08-01,1,control,0,0.6081,0.0231,0,0.0,0,0.0,1,1231.31,0.0
EXP_DISCOUNT,C0866,Discount,2026-08-01,1,control,0,0.6081,0.0323,0,0.0,0,0.0,0,0.0,0.0
EXP_FESTIVAL,C0866,Festival,2026-08-01,1,treatment,1,0.6081,0.0416,0,0.0,1,807.39,1,1179.43,29.0
EXP_LOYALTY,C0866,Loyalty,2026-08-01,1,control,0,0.6081,0.0508,0,0.0,0,0.0,1,1952.34,0.0
EXP_NEW_PRODUCT,C0866,New Product,2026-08-01,1,control,0,0.6081,0.0601,1,285.62,1,388.15,1,636.74,0.0
EXP_WIN-BACK,C0866,Win-back,2026-08-01,1,control,0,0.6081,0.0693,0,0.0,0,0.0,0,0.0,0.0
EXP_BIRTHDAY,C0867,Birthday,2026-08-01,1,control,0,0.2487,0.0198,1,623.21,1,1058.37,1,1819.6,0.0
EXP_DISCOUNT,C0867,Discount,2026-08-01,1,treatment,1,0.2487,0.0278,0,0.0,0,0.0,0,0.0,23.25
EXP_FESTIVAL,C0867,Festival,2026-08-01,1,treatment,1,0.2487,0.0357,0,0.0,0,0.0,1,699.86,29.0
EXP_LOYALTY,C0867,Loyalty,2026-08-01,1,control,0,0.2487,0.0437,0,0.0,0,0.0,0,0.0,0.0
EXP_NEW_PRODUCT,C0867,New Product,2026-08-01,1,treatment,1,0.2487,0.0516,0,0.0,0,0.0,0,0.0,23.0
EXP_WIN-BACK,C0867,Win-back,2026-08-01,1,treatment,1,0.2487,0.0595,0,0.0,0,0.0,0,0.0,31.0
EXP_BIRTHDAY,C0868,Birthday,2026-08-01,1,control,0,0.4614,0.0217,0,0.0,1,1704.12,1,2460.74,0.0
EXP_DISCOUNT,C0868,Discount,2026-08-01,1,control,0,0.4614,0.0304,1,501.34,1,708.3,1,1248.99,0.0
EXP_FESTIVAL,C0868,Festival,2026-08-01,1,control,0,0.4614,0.0391,0,0.0,1,912.62,1,1086.13,0.0
EXP_LOYALTY,C0868,Loyalty,2026-08-01,1,control,0,0.4614,0.0478,0,0.0,0,0.0,0,0.0,0.0
EXP_NEW_PRODUCT,C0868,New Product,2026-08-01,1,control,0,0.4614,0.0565,1,447.95,1,640.52,1,1015.47,0.0
EXP_WIN-BACK,C0868,Win-back,2026-08-01,1,treatment,1,0.4614,0.0652,0,0.0,0,0.0,0,0.0,31.0
EXP_BIRTHDAY,C0869,Birthday,2026-08-01,1,treatment,1,0.2798,0.0201,1,558.15,1,660.64,1,1292.54,20.25
EXP_DISCOUNT,C0869,Discount,2026-08-01,1,treatment,1,0.2798,0.0281,0,0.0,0,0.0,0,0.0,23.25
EXP_FESTIVAL,C0869,Festival,2026-08-01,1,treatment,1,0.2798,0.0362,0,0.0,0,0.0,1,1655.31,29.0
EXP_LOYALTY,C0869,Loyalty,2026-08-01,1,treatment,1,0.2798,0.0442,0,0.0,0,0.0,0,0.0,16.0
EXP_NEW_PRODUCT,C0869,New Product,2026-08-01,1,control,0,0.2798,0.0522,0,0.0,0,0.0,0,0.0,0.0
EXP_WIN-BACK,C0869,Win-back,2026-08-01,1,treatment,1,0.2798,0.0603,0,0.0,0,0.0,0,0.0,31.0
EXP_BIRTHDAY,C0870,Birthday,2026-08-01,1,treatment,1,0.654,0.0235,0,0.0,0,0.0,0,0.0,20.25
EXP_DISCOUNT,C0870,Discount,2026-08-01,1,control,0,0.654,0.0329,1,413.44,1,524.13,1,1114.92,0.0
EXP_FESTIVAL,C0870,Festival,2026-08-01,1,treatment,1,0.654,0.0423,1,1175.92,1,2041.52,1,2425.93,29.0
EXP_LOYALTY,C0870,Loyalty,2026-08-01,1,control,0,0.654,0.0517,0,0.0,0,0.0,0,0.0,0.0
EXP_NEW_PRODUCT,C0870,New Product,2026-08-01,1,control,0,0.654,0.061,0,0.0,0,0.0,1,1428.71,0.0
EXP_WIN-BACK,C0870,Win-back,2026-08-01,1,control,0,0.654,0.0704,1,667.44,1,1111.64,1,1535.18,0.0
EXP_BIRTHDAY,C0871,Birthday,2026-08-01,1,treatment,1,0.7174,0.0239,1,1020.7,1,1748.36,1,2206.87,20.25
EXP_DISCOUNT,C0871,Discount,2026-08-01,1,control,0,0.7174,0.0335,0,0.0,0,0.0,1,3218.05,0.0
EXP_FESTIVAL,C0871,Festival,2026-08-01,1,control,0,0.7174,0.0431,1,2027.45,1,2590.4,1,3582.85,0.0
EXP_LOYALTY,C0871,Loyalty,2026-08-01,1,treatment,1,0.7174,0.0527,1,618.54,1,904.0,1,1916.2,16.0
EXP_NEW_PRODUCT,C0871,New Product,2026-08-01,1,treatment,1,0.7174,0.0622,1,745.91,1,1562.38,1,2010.68,23.0
EXP_WIN-BACK,C0871,Win-back,2026-08-01,1,control,0,0.7174,0.0718,0,0.0,1,1876.41,1,2927.43,0.0
EXP_BIRTHDAY,C0872,Birthday,2026-08-01,1,treatment,1,0.5886,0.0229,0,0.0,0,0.0,0,0.0,20.25
EXP_DISCOUNT,C0872,Discount,2026-08-01,1,control,0,0.5886,0.0321,0,0.0,0,0.0,0,0.0,0.0
EXP_FESTIVAL,C0872,Festival,2026-08-01,1,control,0,0.5886,0.0413,0,0.0,1,2086.86,1,3489.2,0.0
EXP_LOYALTY,C0872,Loyalty,2026-08-01,1,treatment,1,0.5886,0.0505,0,0.0,0,0.0,1,1731.63,16.0
EXP_NEW_PRODUCT,C0872,New Product,2026-08-01,1,treatment,1,0.5886,0.0596,0,0.0,1,892.75,1,1069.13,23.0
EXP_WIN-BACK,C0872,Win-back,2026-08-01,1,control,0,0.5886,0.0688,0,0.0,0,0.0,1,2610.12,0.0
EXP_BIRTHDAY,C0873,Birthday,2026-08-01,1,control,0,0.6825,0.0237,0,0.0,1,547.58,1,1102.57,0.0
EXP_DISCOUNT,C0873,Discount,2026-08-01,1,control,0,0.6825,0.0332,0,0.0,0,0.0,1,2595.52,0.0
EXP_FESTIVAL,C0873,Festival,2026-08-01,1,treatment,1,0.6825,0.0426,0,0.0,0,0.0,1,1624.13,29.0
EXP_LOYALTY,C0873,Loyalty,2026-08-01,1,control,0,0.6825,0.0521,1,400.76,1,703.51,1,951.48,0.0
EXP_NEW_PRODUCT,C0873,New Product,2026-08-01,1,treatment,1,0.6825,0.0616,0,0.0,0,0.0,0,0.0,23.0
EXP_WIN-BACK,C0873,Win-back,2026-08-01,1,control,0,0.6825,0.0711,0,0.0,0,0.0,1,693.78,0.0
EXP_BIRTHDAY,C0874,Birthday,2026-08-01,1,treatment,1,0.4158,0.0213,0,0.0,0,0.0,0,0.0,20.25
EXP_DISCOUNT,C0874,Discount,2026-08-01,1,control,0,0.4158,0.0298,0,0.0,0,0.0,0,0.0,0.0
EXP_FESTIVAL,C0874,Festival,2026-08-01,1,treatment,1,0.4158,0.0383,0,0.0,0,0.0,0,0.0,29.0
EXP_LOYALTY,C0874,Loyalty,2026-08-01,1,control,0,0.4158,0.0469,0,0.0,0,0.0,1,2671.73,0.0
EXP_NEW_PRODUCT,C0874,New Product,2026-08-01,1,control,0,0.4158,0.0554,0,0.0,1,2090.31,1,2607.81,0.0
EXP_WIN-BACK,C0874,Win-back,2026-08-01,1,control,0,0.4158,0.0639,0,0.0,0,0.0,0,0.0,0.0
EXP_BIRTHDAY,C0875,Birthday,2026-08-01,1,control,0,0.4979,0.0221,1,1589.66,1,2244.0,1,2868.7,0.0
EXP_DISCOUNT,C0875,Discount,2026-08-01,1,control,0,0.4979,0.0309,0,0.0,1,2952.46,1,3712.72,0.0
EXP_FESTIVAL,C0875,Festival,2026-08-01,1,control,0,0.4979,0.0398,0,0.0,0,0.0,0,0.0,0.0
EXP_LOYALTY,C0875,Loyalty,2026-08-01,1,treatment,1,0.4979,0.0486,0,0.0,0,0.0,1,923.37,16.0
EXP_NEW_PRODUCT,C0875,New Product,2026-08-01,1,treatment,1,0.4979,0.0574,1,520.56,1,635.82,1,989.09,23.0
EXP_WIN-BACK,C0875,Win-back,2026-08-01,1,treatment,1,0.4979,0.0663,1,1396.49,1,2223.82,1,2963.72,31.0
EXP_BIRTHDAY,C0876,Birthday,2026-08-01,1,treatment,1,0.679,0.0237,0,0.0,0,0.0,0,0.0,20.25
EXP_DISCOUNT,C0876,Discount,2026-08-01,1,control,0,0.679,0.0331,1,735.52,1,888.08,1,1221.61,0.0
EXP_FESTIVAL,C0876,Festival,2026-08-01,1,treatment,1,0.679,0.0426,0,0.0,0,0.0,0,0.0,29.0
EXP_LOYALTY,C0876,Loyalty,2026-08-01,1,treatment,1,0.679,0.0521,0,0.0,0,0.0,1,896.65,16.0
EXP_NEW_PRODUCT,C0876,New Product,2026-08-01,1,treatment,1,0.679,0.0615,0,0.0,0,0.0,0,0.0,23.0
EXP_WIN-BACK,C0876,Win-back,2026-08-01,1,treatment,1,0.679,0.071,1,236.48,1,498.34,1,635.11,31.0
EXP_BIRTHDAY,C0877,Birthday,2026-08-01,1,control,0,0.4576,0.0217,0,0.0,0,0.0,0,0.0,0.0
EXP_DISCOUNT,C0877,Discount,2026-08-01,1,treatment,1,0.4576,0.0304,0,0.0,0,0.0,0,0.0,23.25
EXP_FESTIVAL,C0877,Festival,2026-08-01,1,treatment,1,0.4576,0.0391,0,0.0,0,0.0,0,0.0,29.0
EXP_LOYALTY,C0877,Loyalty,2026-08-01,1,control,0,0.4576,0.0478,0,0.0,0,0.0,0,0.0,0.0
EXP_NEW_PRODUCT,C0877,New Product,2026-08-01,1,treatment,1,0.4576,0.0564,0,0.0,0,0.0,0,0.0,23.0
EXP_WIN-BACK,C0877,Win-back,2026-08-01,1,control,0,0.4576,0.0651,1,492.13,1,863.64,1,1568.65,0.0
EXP_BIRTHDAY,C0878,Birthday,2026-08-01,1,control,0,0.2799,0.0201,0,0.0,0,0.0,0,0.0,0.0
EXP_DISCOUNT,C0878,Discount,2026-08-01,1,treatment,1,0.2799,0.0281,0,0.0,0,0.0,0,0.0,23.25
EXP_FESTIVAL,C0878,Festival,2026-08-01,1,control,0,0.2799,0.0362,0,0.0,0,0.0,0,0.0,0.0
EXP_LOYALTY,C0878,Loyalty,2026-08-01,1,control,0,0.2799,0.0442,0,0.0,0,0.0,0,0.0,0.0
EXP_NEW_PRODUCT,C0878,New Product,2026-08-01,1,control,0,0.2799,0.0522,1,126.75,1,273.81,1,510.82,0.0
EXP_WIN-BACK,C0878,Win-back,2026-08-01,1,treatment,1,0.2799,0.0603,0,0.0,0,0.0,0,0.0,31.0
EXP_BIRTHDAY,C0879,Birthday,2026-08-01,1,treatment,1,0.503,0.0221,0,0.0,0,0.0,0,0.0,20.25
EXP_DISCOUNT,C0879,Discount,2026-08-01,1,treatment,1,0.503,0.031,0,0.0,0,0.0,0,0.0,23.25
EXP_FESTIVAL,C0879,Festival,2026-08-01,1,control,0,0.503,0.0399,0,0.0,0,0.0,0,0.0,0.0
EXP_LOYALTY,C0879,Loyalty,2026-08-01,1,treatment,1,0.503,0.0487,0,0.0,0,0.0,1,1162.41,16.0
EXP_NEW_PRODUCT,C0879,New Product,2026-08-01,1,control,0,0.503,0.0576,0,0.0,0,0.0,0,0.0,0.0
EXP_WIN-BACK,C0879,Win-back,2026-08-01,1,treatment,1,0.503,0.0664,0,0.0,0,0.0,0,0.0,31.0
EXP_BIRTHDAY,C0880,Birthday,2026-08-01,1,control,0,0.4906,0.022,0,0.0,0,0.0,0,0.0,0.0
EXP_DISCOUNT,C0880,Discount,2026-08-01,1,treatment,1,0.4906,0.0308,1,261.95,1,373.4,1,756.52,23.25
EXP_FESTIVAL,C0880,Festival,2026-08-01,1,control,0,0.4906,0.0396,0,0.0,1,557.54,1,726.9,0.0
EXP_LOYALTY,C0880,Loyalty,2026-08-01,1,control,0,0.4906,0.0485,0,0.0,0,0.0,1,1527.06,0.0
EXP_NEW_PRODUCT,C0880,New Product,2026-08-01,1,control,0,0.4906,0.0573,1,712.04,1,1209.76,1,1871.61,0.0
EXP_WIN-BACK,C0880,Win-back,2026-08-01,1,treatment,1,0.4906,0.0661,1,453.56,1,806.24,1,961.92,31.0
EXP_BIRTHDAY,C0881,Birthday,2026-08-01,1,control,0,0.5531,0.0226,1,323.62,1,574.2,1,1095.77,0.0
EXP_DISCOUNT,C0881,Discount,2026-08-01,1,control,0,0.5531,0.0317,1,572.57,1,802.88,1,1312.08,0.0
EXP_FESTIVAL,C0881,Festival,2026-08-01,1,treatment,1,0.5531,0.0407,0,0.0,0,0.0,1,1111.93,29.0
EXP_LOYALTY,C0881,Loyalty,2026-08-01,1,control,0,0.5531,0.0498,0,0.0,0,0.0,0,0.0,0.0
EXP_NEW_PRODUCT,C0881,New Product,2026-08-01,1,control,0,0.5531,0.0588,0,0.0,0,0.0,1,988.53,0.0
EXP_WIN-BACK,C0881,Win-back,2026-08-01,1,control,0,0.5531,0.0678,0,0.0,0,0.0,1,1069.6,0.0
EXP_BIRTHDAY,C0882,Birthday,2026-08-01,1,treatment,1,0.2341,0.0197,0,0.0,0,0.0,0,0.0,20.25
EXP_DISCOUNT,C0882,Discount,2026-08-01,1,control,0,0.2341,0.0276,0,0.0,0,0.0,0,0.0,0.0
EXP_FESTIVAL,C0882,Festival,2026-08-01,1,treatment,1,0.2341,0.0355,0,0.0,0,0.0,0,0.0,29.0
EXP_LOYALTY,C0882,Loyalty,2026-08-01,1,control,0,0.2341,0.0434,0,0.0,0,0.0,0,0.0,0.0
EXP_NEW_PRODUCT,C0882,New Product,2026-08-01,1,treatment,1,0.2341,0.0513,0,0.0,0,0.0,0,0.0,23.0
EXP_WIN-BACK,C0882,Win-back,2026-08-01,1,treatment,1,0.2341,0.0592,0,0.0,0,0.0,0,0.0,31.0
EXP_BIRTHDAY,C0883,Birthday,2026-08-01,1,treatment,1,0.4299,0.0214,0,0.0,0,0.0,0,0.0,20.25
EXP_DISCOUNT,C0883,Discount,2026-08-01,1,treatment,1,0.4299,0.03,1,731.71,1,997.85,1,1460.02,23.25
EXP_FESTIVAL,C0883,Festival,2026-08-01,1,control,0,0.4299,0.0386,1,1069.48,1,1293.96,1,2042.48,0.0
EXP_LOYALTY,C0883,Loyalty,2026-08-01,1,treatment,1,0.4299,0.0472,0,0.0,0,0.0,0,0.0,16.0
EXP_NEW_PRODUCT,C0883,New Product,2026-08-01,1,control,0,0.4299,0.0557,0,0.0,0,0.0,0,0.0,0.0
EXP_WIN-BACK,C0883,Win-back,2026-08-01,1,treatment,1,0.4299,0.0643,0,0.0,0,0.0,0,0.0,31.0
EXP_BIRTHDAY,C0884,Birthday,2026-08-01,1,control,0,0.3695,0.0209,0,0.0,0,0.0,0,0.0,0.0
EXP_DISCOUNT,C0884,Discount,2026-08-01,1,control,0,0.3695,0.0292,0,0.0,0,0.0,1,471.05,0.0
EXP_FESTIVAL,C0884,Festival,2026-08-01,1,control,0,0.3695,0.0376,0,0.0,0,0.0,0,0.0,0.0
EXP_LOYALTY,C0884,Loyalty,2026-08-01,1,treatment,1,0.3695,0.0459,0,0.0,0,0.0,1,557.45,16.0
EXP_NEW_PRODUCT,C0884,New Product,2026-08-01,1,treatment,1,0.3695,0.0543,0,0.0,0,0.0,0,0.0,23.0
EXP_WIN-BACK,C0884,Win-back,2026-08-01,1,control,0,0.3695,0.0626,0,0.0,0,0.0,0,0.0,0.0
EXP_BIRTHDAY,C0885,Birthday,2026-08-01,1,treatment,1,0.5993,0.023,0,0.0,0,0.0,1,1264.26,20.25
EXP_DISCOUNT,C0885,Discount,2026-08-01,1,control,0,0.5993,0.0322,1,328.69,1,416.83,1,780.24,0.0
EXP_FESTIVAL,C0885,Festival,2026-08-01,1,treatment,1,0.5993,0.0414,0,0.0,0,0.0,0,0.0,29.0
EXP_LOYALTY,C0885,Loyalty,2026-08-01,1,treatment,1,0.5993,0.0507,1,595.74,1,731.37,1,1005.41,16.0
EXP_NEW_PRODUCT,C0885,New Product,2026-08-01,1,control,0,0.5993,0.0599,0,0.0,0,0.0,0,0.0,0.0
EXP_WIN-BACK,C0885,Win-back,2026-08-01,1,control,0,0.5993,0.0691,0,0.0,0,0.0,0,0.0,0.0
EXP_BIRTHDAY,C0886,Birthday,2026-08-01,1,control,0,0.3583,0.0208,0,0.0,0,0.0,0,0.0,0.0
EXP_DISCOUNT,C0886,Discount,2026-08-01,1,treatment,1,0.3583,0.0291,0,0.0,0,0.0,1,1879.3,23.25
EXP_FESTIVAL,C0886,Festival,2026-08-01,1,control,0,0.3583,0.0374,0,0.0,0,0.0,1,818.73,0.0
EXP_LOYALTY,C0886,Loyalty,2026-08-01,1,control,0,0.3583,0.0457,0,0.0,0,0.0,0,0.0,0.0
EXP_NEW_PRODUCT,C0886,New Product,2026-08-01,1,control,0,0.3583,0.054,0,0.0,0,0.0,0,0.0,0.0
EXP_WIN-BACK,C0886,Win-back,2026-08-01,1,control,0,0.3583,0.0623,0,0.0,0,0.0,0,0.0,0.0
EXP_BIRTHDAY,C0887,Birthday,2026-08-01,1,control,0,0.4255,0.0214,1,889.87,1,1153.76,1,1919.08,0.0
EXP_DISCOUNT,C0887,Discount,2026-08-01,1,control,0,0.4255,0.03,0,0.0,0,0.0,0,0.0,0.0
EXP_FESTIVAL,C0887,Festival,2026-08-01,1,treatment,1,0.4255,0.0385,0,0.0,0,0.0,0,0.0,29.0
EXP_LOYALTY,C0887,Loyalty,2026-08-01,1,control,0,0.4255,0.0471,0,0.0,1,791.82,1,1434.25,0.0
EXP_NEW_PRODUCT,C0887,New Product,2026-08-01,1,control,0,0.4255,0.0556,0,0.0,0,0.0,0,0.0,0.0
EXP_WIN-BACK,C0887,Win-back,2026-08-01,1,control,0,0.4255,0.0642,1,137.28,1,276.3,1,575.22,0.0
EXP_BIRTHDAY,C0888,Birthday,2026-08-01,1,control,0,0.3011,0.0203,0,0.0,0,0.0,0,0.0,0.0
EXP_DISCOUNT,C0888,Discount,2026-08-01,1,control,0,0.3011,0.0284,0,0.0,0,0.0,1,306.68,0.0
EXP_FESTIVAL,C0888,Festival,2026-08-01,1,treatment,1,0.3011,0.0365,0,0.0,1,1487.29,1,2639.81,29.0
EXP_LOYALTY,C0888,Loyalty,2026-08-01,1,treatment,1,0.3011,0.0446,0,0.0,0,0.0,0,0.0,16.0
EXP_NEW_PRODUCT,C0888,New Product,2026-08-01,1,control,0,0.3011,0.0527,0,0.0,0,0.0,0,0.0,0.0
EXP_WIN-BACK,C0888,Win-back,2026-08-01,1,control,0,0.3011,0.0608,0,0.0,1,226.03,1,294.9,0.0
EXP_BIRTHDAY,C0889,Birthday,2026-08-01,1,control,0,0.4168,0.0213,1,628.7,1,1105.93,1,1612.79,0.0
EXP_DISCOUNT,C0889,Discount,2026-08-01,1,treatment,1,0.4168,0.0298,0,0.0,1,606.75,1,954.3,23.25
EXP_FESTIVAL,C0889,Festival,2026-08-01,1,control,0,0.4168,0.0384,1,1343.25,1,1752.83,1,2180.2,0.0
EXP_LOYALTY,C0889,Loyalty,2026-08-01,1,treatment,1,0.4168,0.0469,0,0.0,0,0.0,0,0.0,16.0
EXP_NEW_PRODUCT,C0889,New Product,2026-08-01,1,control,0,0.4168,0.0554,0,0.0,0,0.0,0,0.0,0.0
EXP_WIN-BACK,C0889,Win-back,2026-08-01,1,control,0,0.4168,0.0639,0,0.0,0,0.0,0,0.0,0.0
EXP_BIRTHDAY,C0890,Birthday,2026-08-01,1,treatment,1,0.7248,0.024,0,0.0,0,0.0,1,1361.76,20.25
EXP_DISCOUNT,C0890,Discount,2026-08-01,1,control,0,0.7248,0.0336,0,0.0,0,0.0,1,2047.78,0.0
EXP_FESTIVAL,C0890,Festival,2026-08-01,1,control,0,0.7248,0.0432,0,0.0,0,0.0,0,0.0,0.0
EXP_LOYALTY,C0890,Loyalty,2026-08-01,1,control,0,0.7248,0.0528,0,0.0,0,0.0,0,0.0,0.0
EXP_NEW_PRODUCT,C0890,New Product,2026-08-01,1,control,0,0.7248,0.0624,0,0.0,0,0.0,1,1344.25,0.0
EXP_WIN-BACK,C0890,Win-back,2026-08-01,1,control,0,0.7248,0.072,1,239.48,1,403.54,1,527.42,0.0
EXP_BIRTHDAY,C0891,Birthday,2026-08-01,1,treatment,1,0.2353,0.0197,0,0.0,0,0.0,0,0.0,20.25
EXP_DISCOUNT,C0891,Discount,2026-08-01,1,control,0,0.2353,0.0276,1,178.03,1,351.41,1,548.76,0.0
EXP_FESTIVAL,C0891,Festival,2026-08-01,1,treatment,1,0.2353,0.0355,0,0.0,0,0.0,0,0.0,29.0
EXP_LOYALTY,C0891,Loyalty,2026-08-01,1,treatment,1,0.2353,0.0434,0,0.0,1,252.26,1,405.19,16.0
EXP_NEW_PRODUCT,C0891,New Product,2026-08-01,1,treatment,1,0.2353,0.0513,0,0.0,0,0.0,0,0.0,23.0
EXP_WIN-BACK,C0891,Win-back,2026-08-01,1,control,0,0.2353,0.0592,0,0.0,0,0.0,0,0.0,0.0
EXP_BIRTHDAY,C0892,Birthday,2026-08-01,1,control,0,0.3511,0.0207,0,0.0,0,0.0,0,0.0,0.0
EXP_DISCOUNT,C0892,Discount,2026-08-01,1,treatment,1,0.3511,0.029,0,0.0,0,0.0,0,0.0,23.25
EXP_FESTIVAL,C0892,Festival,2026-08-01,1,control,0,0.3511,0.0373,0,0.0,0,0.0,0,0.0,0.0
EXP_LOYALTY,C0892,Loyalty,2026-08-01,1,control,0,0.3511,0.0455,0,0.0,0,0.0,1,1245.3,0.0
EXP_NEW_PRODUCT,C0892,New Product,2026-08-01,1,treatment,1,0.3511,0.0538,1,1874.27,1,2344.63,1,3351.62,23.0
EXP_WIN-BACK,C0892,Win-back,2026-08-01,1,treatment,1,0.3511,0.0621,1,512.84,1,622.0,1,958.12,31.0
EXP_BIRTHDAY,C0893,Birthday,2026-08-01,1,control,0,0.4442,0.0216,0,0.0,0,0.0,0,0.0,0.0
EXP_DISCOUNT,C0893,Discount,2026-08-01,1,treatment,1,0.4442,0.0302,0,0.0,0,0.0,0,0.0,23.25
EXP_FESTIVAL,C0893,Festival,2026-08-01,1,control,0,0.4442,0.0388,0,0.0,0,0.0,0,0.0,0.0
EXP_LOYALTY,C0893,Loyalty,2026-08-01,1,control,0,0.4442,0.0475,1,289.31,1,348.86,1,466.08,0.0
EXP_NEW_PRODUCT,C0893,New Product,2026-08-01,1,treatment,1,0.4442,0.0561,0,0.0,0,0.0,0,0.0,23.0
EXP_WIN-BACK,C0893,Win-back,2026-08-01,1,treatment,1,0.4442,0.0647,0,0.0,0,0.0,0,0.0,31.0
EXP_BIRTHDAY,C0894,Birthday,2026-08-01,1,treatment,1,0.4145,0.0213,0,0.0,0,0.0,0,0.0,20.25
EXP_DISCOUNT,C0894,Discount,2026-08-01,1,treatment,1,0.4145,0.0298,1,623.69,1,734.0,1,931.69,23.25
EXP_FESTIVAL,C0894,Festival,2026-08-01,1,control,0,0.4145,0.0383,0,0.0,0,0.0,0,0.0,0.0
EXP_LOYALTY,C0894,Loyalty,2026-08-01,1,control,0,0.4145,0.0468,0,0.0,0,0.0,1,951.64,0.0
EXP_NEW_PRODUCT,C0894,New Product,2026-08-01,1,treatment,1,0.4145,0.0554,1,369.98,1,565.68,1,801.94,23.0
EXP_WIN-BACK,C0894,Win-back,2026-08-01,1,treatment,1,0.4145,0.0639,0,0.0,0,0.0,0,0.0,31.0
EXP_BIRTHDAY,C0895,Birthday,2026-08-01,1,treatment,1,0.6276,0.0233,0,0.0,1,439.86,1,696.1,20.25
EXP_DISCOUNT,C0895,Discount,2026-08-01,1,treatment,1,0.6276,0.0326,0,0.0,0,0.0,0,0.0,23.25
EXP_FESTIVAL,C0895,Festival,2026-08-01,1,control,0,0.6276,0.0419,0,0.0,0,0.0,0,0.0,0.0
EXP_LOYALTY,C0895,Loyalty,2026-08-01,1,control,0,0.6276,0.0512,1,889.09,1,1049.0,1,2298.74,0.0
EXP_NEW_PRODUCT,C0895,New Product,2026-08-01,1,treatment,1,0.6276,0.0605,0,0.0,0,0.0,1,1365.29,23.0
EXP_WIN-BACK,C0895,Win-back,2026-08-01,1,control,0,0.6276,0.0698,0,0.0,0,0.0,1,1156.12,0.0
EXP_BIRTHDAY,C0896,Birthday,2026-08-01,1,control,0,0.6139,0.0232,1,960.59,1,1374.74,1,2372.78,0.0
EXP_DISCOUNT,C0896,Discount,2026-08-01,1,control,0,0.6139,0.0324,0,0.0,0,0.0,0,0.0,0.0
EXP_FESTIVAL,C0896,Festival,2026-08-01,1,treatment,1,0.6139,0.0417,0,0.0,0,0.0,1,2637.54,29.0
EXP_LOYALTY,C0896,Loyalty,2026-08-01,1,treatment,1,0.6139,0.0509,0,0.0,0,0.0,1,1182.53,16.0
EXP_NEW_PRODUCT,C0896,New Product,2026-08-01,1,control,0,0.6139,0.0602,0,0.0,0,0.0,1,836.1,0.0
EXP_WIN-BACK,C0896,Win-back,2026-08-01,1,control,0,0.6139,0.0695,0,0.0,0,0.0,1,2571.04,0.0
EXP_BIRTHDAY,C0897,Birthday,2026-08-01,1,treatment,1,0.6714,0.0236,0,0.0,0,0.0,1,2441.76,20.25
EXP_DISCOUNT,C0897,Discount,2026-08-01,1,treatment,1,0.6714,0.0331,0,0.0,0,0.0,0,0.0,23.25
EXP_FESTIVAL,C0897,Festival,2026-08-01,1,control,0,0.6714,0.0425,1,201.28,1,436.83,1,810.18,0.0
EXP_LOYALTY,C0897,Loyalty,2026-08-01,1,control,0,0.6714,0.0519,1,511.62,1,798.15,1,945.4,0.0
EXP_NEW_PRODUCT,C0897,New Product,2026-08-01,1,control,0,0.6714,0.0614,0,0.0,0,0.0,1,1828.37,0.0
EXP_WIN-BACK,C0897,Win-back,2026-08-01,1,control,0,0.6714,0.0708,0,0.0,0,0.0,0,0.0,0.0
EXP_BIRTHDAY,C0898,Birthday,2026-08-01,1,treatment,1,0.6048,0.0231,0,0.0,0,0.0,0,0.0,20.25
EXP_DISCOUNT,C0898,Discount,2026-08-01,1,treatment,1,0.6048,0.0323,0,0.0,1,632.44,1,1247.71,23.25
EXP_FESTIVAL,C0898,Festival,2026-08-01,1,control,0,0.6048,0.0415,1,931.97,1,1410.31,1,1870.94,0.0
EXP_LOYALTY,C0898,Loyalty,2026-08-01,1,control,0,0.6048,0.0508,0,0.0,0,0.0,1,1533.8,0.0
EXP_NEW_PRODUCT,C0898,New Product,2026-08-01,1,control,0,0.6048,0.06,1,569.25,1,703.71,1,1427.85,0.0
EXP_WIN-BACK,C0898,Win-back,2026-08-01,1,treatment,1,0.6048,0.0692,0,0.0,0,0.0,0,0.0,31.0
EXP_BIRTHDAY,C0899,Birthday,2026-08-01,1,treatment,1,0.5418,0.0225,0,0.0,0,0.0,0,0.0,20.25
EXP_DISCOUNT,C0899,Discount,2026-08-01,1,control,0,0.5418,0.0315,1,281.41,1,507.16,1,1053.89,0.0
EXP_FESTIVAL,C0899,Festival,2026-08-01,1,control,0,0.5418,0.0405,0,0.0,0,0.0,0,0.0,0.0
EXP_LOYALTY,C0899,Loyalty,2026-08-01,1,control,0,0.5418,0.0495,0,0.0,0,0.0,0,0.0,0.0
EXP_NEW_PRODUCT,C0899,New Product,2026-08-01,1,control,0,0.5418,0.0585,0,0.0,0,0.0,0,0.0,0.0
EXP_WIN-BACK,C0899,Win-back,2026-08-01,1,treatment,1,0.5418,0.0675,0,0.0,0,0.0,0,0.0,31.0
EXP_BIRTHDAY,C0900,Birthday,2026-08-01,1,control,0,0.5815,0.0229,0,0.0,1,783.9,1,1198.69,0.0
EXP_DISCOUNT,C0900,Discount,2026-08-01,1,treatment,1,0.5815,0.032,0,0.0,1,985.11,1,1455.45,23.25
EXP_FESTIVAL,C0900,Festival,2026-08-01,1,control,0,0.5815,0.0412,0,0.0,0,0.0,0,0.0,0.0
EXP_LOYALTY,C0900,Loyalty,2026-08-01,1,treatment,1,0.5815,0.0503,0,0.0,1,1235.86,1,2141.47,16.0
EXP_NEW_PRODUCT,C0900,New Product,2026-08-01,1,treatment,1,0.5815,0.0595,0,0.0,0,0.0,0,0.0,23.0
EXP_WIN-BACK,C0900,Win-back,2026-08-01,1,control,0,0.5815,0.0686,0,0.0,0,0.0,0,0.0,0.0
EXP_BIRTHDAY,C0901,Birthday,2026-08-01,1,treatment,1,0.327,0.0205,0,0.0,0,0.0,0,0.0,20.25
EXP_DISCOUNT,C0901,Discount,2026-08-01,1,control,0,0.327,0.0287,0,0.0,0,0.0,0,0.0,0.0
EXP_FESTIVAL,C0901,Festival,2026-08-01,1,treatment,1,0.327,0.0369,0,0.0,0,0.0,1,678.05,29.0
EXP_LOYALTY,C0901,Loyalty,2026-08-01,1,treatment,1,0.327,0.0451,0,0.0,0,0.0,0,0.0,16.0
EXP_NEW_PRODUCT,C0901,New Product,2026-08-01,1,control,0,0.327,0.0533,0,0.0,0,0.0,0,0.0,0.0
EXP_WIN-BACK,C0901,Win-back,2026-08-01,1,control,0,0.327,0.0615,0,0.0,0,0.0,0,0.0,0.0
EXP_BIRTHDAY,C0902,Birthday,2026-08-01,1,control,0,0.5691,0.0228,1,967.96,1,1502.72,1,2176.0,0.0
EXP_DISCOUNT,C0902,Discount,2026-08-01,1,treatment,1,0.5691,0.0319,0,0.0,0,0.0,0,0.0,23.25
EXP_FESTIVAL,C0902,Festival,2026-08-01,1,control,0,0.5691,0.041,0,0.0,1,1663.62,1,3220.25,0.0
EXP_LOYALTY,C0902,Loyalty,2026-08-01,1,treatment,1,0.5691,0.0501,0,0.0,0,0.0,1,1132.3,16.0
EXP_NEW_PRODUCT,C0902,New Product,2026-08-01,1,control,0,0.5691,0.0592,0,0.0,0,0.0,0,0.0,0.0
EXP_WIN-BACK,C0902,Win-back,2026-08-01,1,treatment,1,0.5691,0.0683,1,512.51,1,707.88,1,1156.08,31.0
EXP_BIRTHDAY,C0903,Birthday,2026-08-01,1,control,0,0.2565,0.0199,0,0.0,0,0.0,0,0.0,0.0
EXP_DISCOUNT,C0903,Discount,2026-08-01,1,treatment,1,0.2565,0.0279,0,0.0,0,0.0,0,0.0,23.25
EXP_FESTIVAL,C0903,Festival,2026-08-01,1,treatment,1,0.2565,0.0358,0,0.0,0,0.0,0,0.0,29.0
EXP_LOYALTY,C0903,Loyalty,2026-08-01,1,control,0,0.2565,0.0438,0,0.0,0,0.0,0,0.0,0.0
EXP_NEW_PRODUCT,C0903,New Product,2026-08-01,1,control,0,0.2565,0.0518,0,0.0,0,0.0,0,0.0,0.0
EXP_WIN-BACK,C0903,Win-back,2026-08-01,1,treatment,1,0.2565,0.0597,1,133.25,1,174.16,1,301.43,31.0
EXP_BIRTHDAY,C0904,Birthday,2026-08-01,1,treatment,1,0.4851,0.022,1,196.58,1,431.5,1,812.79,20.25
EXP_DISCOUNT,C0904,Discount,2026-08-01,1,treatment,1,0.4851,0.0308,0,0.0,0,0.0,0,0.0,23.25
EXP_FESTIVAL,C0904,Festival,2026-08-01,1,treatment,1,0.4851,0.0395,0,0.0,1,284.18,1,465.67,29.0
EXP_LOYALTY,C0904,Loyalty,2026-08-01,1,control,0,0.4851,0.0483,0,0.0,0,0.0,0,0.0,0.0
EXP_NEW_PRODUCT,C0904,New Product,2026-08-01,1,control,0,0.4851,0.0571,0,0.0,1,345.8,1,749.01,0.0
EXP_WIN-BACK,C0904,Win-back,2026-08-01,1,control,0,0.4851,0.0659,0,0.0,1,264.16,1,367.02,0.0
EXP_BIRTHDAY,C0905,Birthday,2026-08-01,1,control,0,0.5393,0.0225,1,664.35,1,952.49,1,1472.34,0.0
EXP_DISCOUNT,C0905,Discount,2026-08-01,1,treatment,1,0.5393,0.0315,0,0.0,0,0.0,0,0.0,23.25
EXP_FESTIVAL,C0905,Festival,2026-08-01,1,control,0,0.5393,0.0405,0,0.0,0,0.0,1,1590.43,0.0
EXP_LOYALTY,C0905,Loyalty,2026-08-01,1,control,0,0.5393,0.0495,1,232.27,1,425.19,1,534.12,0.0
EXP_NEW_PRODUCT,C0905,New Product,2026-08-01,1,control,0,0.5393,0.0585,0,0.0,1,579.61,1,954.54,0.0
EXP_WIN-BACK,C0905,Win-back,2026-08-01,1,treatment,1,0.5393,0.0675,0,0.0,0,0.0,0,0.0,31.0
EXP_BIRTHDAY,C0906,Birthday,2026-08-01,1,treatment,1,0.6729,0.0236,1,370.65,1,545.02,1,1205.68,20.25
EXP_DISCOUNT,C0906,Discount,2026-08-01,1,treatment,1,0.6729,0.0331,0,0.0,1,862.98,1,1358.77,23.25
EXP_FESTIVAL,C0906,Festival,2026-08-01,1,treatment,1,0.6729,0.0425,0,0.0,0,0.0,0,0.0,29.0
EXP_LOYALTY,C0906,Loyalty,2026-08-01,1,control,0,0.6729,0.052,0,0.0,0,0.0,0,0.0,0.0
EXP_NEW_PRODUCT,C0906,New Product,2026-08-01,1,control,0,0.6729,0.0614,0,0.0,1,4347.6,1,6372.71,0.0
EXP_WIN-BACK,C0906,Win-back,2026-08-01,1,treatment,1,0.6729,0.0709,0,0.0,0,0.0,0,0.0,31.0
EXP_BIRTHDAY,C0907,Birthday,2026-08-01,1,control,0,0.3028,0.0203,0,0.0,0,0.0,0,0.0,0.0
EXP_DISCOUNT,C0907,Discount,2026-08-01,1,control,0,0.3028,0.0284,0,0.0,0,0.0,0,0.0,0.0
EXP_FESTIVAL,C0907,Festival,2026-08-01,1,control,0,0.3028,0.0365,0,0.0,0,0.0,0,0.0,0.0
EXP_LOYALTY,C0907,Loyalty,2026-08-01,1,control,0,0.3028,0.0446,1,252.35,1,303.21,1,371.34,0.0
EXP_NEW_PRODUCT,C0907,New Product,2026-08-01,1,treatment,1,0.3028,0.0527,0,0.0,1,691.5,1,1179.0,23.0
EXP_WIN-BACK,C0907,Win-back,2026-08-01,1,control,0,0.3028,0.0608,0,0.0,0,0.0,0,0.0,0.0
EXP_BIRTHDAY,C0908,Birthday,2026-08-01,1,treatment,1,0.4878,0.022,0,0.0,0,0.0,0,0.0,20.25
EXP_DISCOUNT,C0908,Discount,2026-08-01,1,treatment,1,0.4878,0.0308,0,0.0,0,0.0,0,0.0,23.25
EXP_FESTIVAL,C0908,Festival,2026-08-01,1,control,0,0.4878,0.0396,0,0.0,0,0.0,0,0.0,0.0
EXP_LOYALTY,C0908,Loyalty,2026-08-01,1,treatment,1,0.4878,0.0484,1,420.8,1,649.02,1,1052.54,16.0
EXP_NEW_PRODUCT,C0908,New Product,2026-08-01,1,treatment,1,0.4878,0.0572,0,0.0,0,0.0,0,0.0,23.0
EXP_WIN-BACK,C0908,Win-back,2026-08-01,1,control,0,0.4878,0.066,0,0.0,0,0.0,1,977.46,0.0
EXP_BIRTHDAY,C0909,Birthday,2026-08-01,1,control,0,0.4575,0.0217,0,0.0,0,0.0,0,0.0,0.0
EXP_DISCOUNT,C0909,Discount,2026-08-01,1,control,0,0.4575,0.0304,0,0.0,0,0.0,0,0.0,0.0
EXP_FESTIVAL,C0909,Festival,2026-08-01,1,treatment,1,0.4575,0.0391,0,0.0,0,0.0,0,0.0,29.0
EXP_LOYALTY,C0909,Loyalty,2026-08-01,1,control,0,0.4575,0.0478,0,0.0,1,3632.86,1,4525.55,0.0
EXP_NEW_PRODUCT,C0909,New Product,2026-08-01,1,treatment,1,0.4575,0.0564,0,0.0,0,0.0,0,0.0,23.0
EXP_WIN-BACK,C0909,Win-back,2026-08-01,1,treatment,1,0.4575,0.0651,0,0.0,0,0.0,0,0.0,31.0
EXP_BIRTHDAY,C0910,Birthday,2026-08-01,1,control,0,0.4699,0.0218,0,0.0,0,0.0,0,0.0,0.0
EXP_DISCOUNT,C0910,Discount,2026-08-01,1,control,0,0.4699,0.0306,1,1109.03,1,1447.78,1,1902.73,0.0
EXP_FESTIVAL,C0910,Festival,2026-08-01,1,control,0,0.4699,0.0393,1,642.65,1,854.84,1,1272.95,0.0
EXP_LOYALTY,C0910,Loyalty,2026-08-01,1,control,0,0.4699,0.048,0,0.0,0,0.0,0,0.0,0.0
EXP_NEW_PRODUCT,C0910,New Product,2026-08-01,1,control,0,0.4699,0.0567,0,0.0,1,382.84,1,484.3,0.0
EXP_WIN-BACK,C0910,Win-back,2026-08-01,1,treatment,1,0.4699,0.0655,0,0.0,0,0.0,1,939.45,31.0
EXP_BIRTHDAY,C0911,Birthday,2026-08-01,1,control,0,0.4379,0.0215,0,0.0,0,0.0,0,0.0,0.0
EXP_DISCOUNT,C0911,Discount,2026-08-01,1,treatment,1,0.4379,0.0301,0,0.0,0,0.0,0,0.0,23.25
EXP_FESTIVAL,C0911,Festival,2026-08-01,1,control,0,0.4379,0.0387,0,0.0,0,0.0,0,0.0,0.0
EXP_LOYALTY,C0911,Loyalty,2026-08-01,1,control,0,0.4379,0.0473,0,0.0,0,0.0,0,0.0,0.0
EXP_NEW_PRODUCT,C0911,New Product,2026-08-01,1,control,0,0.4379,0.0559,0,0.0,0,0.0,1,1257.72,0.0
EXP_WIN-BACK,C0911,Win-back,2026-08-01,1,control,0,0.4379,0.0645,0,0.0,0,0.0,0,0.0,0.0
EXP_BIRTHDAY,C0912,Birthday,2026-08-01,1,treatment,1,0.3331,0.0205,0,0.0,0,0.0,0,0.0,20.25
EXP_DISCOUNT,C0912,Discount,2026-08-01,1,control,0,0.3331,0.0288,0,0.0,0,0.0,0,0.0,0.0
EXP_FESTIVAL,C0912,Festival,2026-08-01,1,control,0,0.3331,0.037,0,0.0,0,0.0,1,456.04,0.0
EXP_LOYALTY,C0912,Loyalty,2026-08-01,1,control,0,0.3331,0.0452,1,418.97,1,542.3,1,1004.49,0.0
EXP_NEW_PRODUCT,C0912,New Product,2026-08-01,1,control,0,0.3331,0.0534,1,788.62,1,1068.76,1,1905.17,0.0
EXP_WIN-BACK,C0912,Win-back,2026-08-01,1,treatment,1,0.3331,0.0616,0,0.0,0,0.0,0,0.0,31.0
EXP_BIRTHDAY,C0913,Birthday,2026-08-01,1,treatment,1,0.2119,0.0196,0,0.0,0,0.0,0,0.0,20.25
EXP_DISCOUNT,C0913,Discount,2026-08-01,1,control,0,0.2119,0.0274,0,0.0,0,0.0,0,0.0,0.0
EXP_FESTIVAL,C0913,Festival,2026-08-01,1,control,0,0.2119,0.0353,1,326.48,1,404.94,1,575.09,0.0
EXP_LOYALTY,C0913,Loyalty,2026-08-01,1,treatment,1,0.2119,0.0431,0,0.0,0,0.0,0,0.0,16.0
EXP_NEW_PRODUCT,C0913,New Product,2026-08-01,1,control,0,0.2119,0.0509,1,74.33,1,98.67,1,198.99,0.0
EXP_WIN-BACK,C0913,Win-back,2026-08-01,1,control,0,0.2119,0.0588,0,0.0,0,0.0,0,0.0,0.0
EXP_BIRTHDAY,C0914,Birthday,2026-08-01,1,control,0,0.381,0.021,0,0.0,0,0.0,1,1468.8,0.0
EXP_DISCOUNT,C0914,Discount,2026-08-01,1,control,0,0.381,0.0294,0,0.0,1,723.95,1,860.61,0.0
EXP_FESTIVAL,C0914,Festival,2026-08-01,1,control,0,0.381,0.0378,0,0.0,0,0.0,0,0.0,0.0
EXP_LOYALTY,C0914,Loyalty,2026-08-01,1,control,0,0.381,0.0461,0,0.0,1,609.26,1,855.41,0.0
EXP_NEW_PRODUCT,C0914,New Product,2026-08-01,1,treatment,1,0.381,0.0545,1,359.1,1,777.25,1,1056.0,23.0
EXP_WIN-BACK,C0914,Win-back,2026-08-01,1,control,0,0.381,0.0629,0,0.0,0,0.0,0,0.0,0.0
EXP_BIRTHDAY,C0915,Birthday,2026-08-01,1,treatment,1,0.6584,0.0235,1,366.96,1,524.5,1,892.16,20.25
EXP_DISCOUNT,C0915,Discount,2026-08-01,1,control,0,0.6584,0.0329,0,0.0,1,741.49,1,978.37,0.0
EXP_FESTIVAL,C0915,Festival,2026-08-01,1,treatment,1,0.6584,0.0423,0,0.0,1,819.35,1,1040.49,29.0
EXP_LOYALTY,C0915,Loyalty,2026-08-01,1,control,0,0.6584,0.0517,0,0.0,1,627.48,1,1008.34,0.0
EXP_NEW_PRODUCT,C0915,New Product,2026-08-01,1,treatment,1,0.6584,0.0611,0,0.0,0,0.0,1,1033.78,23.0
EXP_WIN-BACK,C0915,Win-back,2026-08-01,1,control,0,0.6584,0.0705,0,0.0,1,827.53,1,1014.31,0.0
EXP_BIRTHDAY,C0916,Birthday,2026-08-01,1,treatment,1,0.6679,0.0236,0,0.0,0,0.0,0,0.0,20.25
EXP_DISCOUNT,C0916,Discount,2026-08-01,1,treatment,1,0.6679,0.033,1,591.22,1,901.16,1,1986.12,23.25
EXP_FESTIVAL,C0916,Festival,2026-08-01,1,control,0,0.6679,0.0425,0,0.0,0,0.0,0,0.0,0.0
EXP_LOYALTY,C0916,Loyalty,2026-08-01,1,treatment,1,0.6679,0.0519,1,835.51,1,983.98,1,1201.15,16.0
EXP_NEW_PRODUCT,C0916,New Product,2026-08-01,1,treatment,1,0.6679,0.0613,1,464.44,1,912.3,1,1878.33,23.0
EXP_WIN-BACK,C0916,Win-back,2026-08-01,1,treatment,1,0.6679,0.0708,0,0.0,0,0.0,1,1079.11,31.0
EXP_BIRTHDAY,C0917,Birthday,2026-08-01,1,treatment,1,0.3644,0.0208,0,0.0,0,0.0,0,0.0,20.25
EXP_DISCOUNT,C0917,Discount,2026-08-01,1,treatment,1,0.3644,0.0291,0,0.0,0,0.0,0,0.0,23.25
EXP_FESTIVAL,C0917,Festival,2026-08-01,1,treatment,1,0.3644,0.0375,0,0.0,0,0.0,0,0.0,29.0
EXP_LOYALTY,C0917,Loyalty,2026-08-01,1,treatment,1,0.3644,0.0458,0,0.0,0,0.0,0,0.0,16.0
EXP_NEW_PRODUCT,C0917,New Product,2026-08-01,1,treatment,1,0.3644,0.0541,0,0.0,0,0.0,0,0.0,23.0
EXP_WIN-BACK,C0917,Win-back,2026-08-01,1,control,0,0.3644,0.0625,0,0.0,1,510.29,1,875.58,0.0
EXP_BIRTHDAY,C0918,Birthday,2026-08-01,1,control,0,0.4206,0.0214,0,0.0,0,0.0,0,0.0,0.0
EXP_DISCOUNT,C0918,Discount,2026-08-01,1,treatment,1,0.4206,0.0299,0,0.0,0,0.0,0,0.0,23.25
EXP_FESTIVAL,C0918,Festival,2026-08-01,1,control,0,0.4206,0.0384,0,0.0,0,0.0,0,0.0,0.0
EXP_LOYALTY,C0918,Loyalty,2026-08-01,1,treatment,1,0.4206,0.047,1,1335.93,1,1728.47,1,3152.09,16.0
EXP_NEW_PRODUCT,C0918,New Product,2026-08-01,1,control,0,0.4206,0.0555,0,0.0,0,0.0,0,0.0,0.0
EXP_WIN-BACK,C0918,Win-back,2026-08-01,1,treatment,1,0.4206,0.0641,0,0.0,0,0.0,1,1134.68,31.0
EXP_BIRTHDAY,C0919,Birthday,2026-08-01,1,control,0,0.3325,0.0205,0,0.0,0,0.0,1,780.51,0.0
EXP_DISCOUNT,C0919,Discount,2026-08-01,1,control,0,0.3325,0.0287,1,515.08,1,693.53,1,989.42,0.0
EXP_FESTIVAL,C0919,Festival,2026-08-01,1,treatment,1,0.3325,0.037,0,0.0,0,0.0,0,0.0,29.0
EXP_LOYALTY,C0919,Loyalty,2026-08-01,1,control,0,0.3325,0.0452,0,0.0,0,0.0,0,0.0,0.0
EXP_NEW_PRODUCT,C0919,New Product,2026-08-01,1,treatment,1,0.3325,0.0534,1,497.3,1,1033.14,1,1329.48,23.0
EXP_WIN-BACK,C0919,Win-back,2026-08-01,1,control,0,0.3325,0.0616,1,532.04,1,986.91,1,1969.74,0.0
EXP_BIRTHDAY,C0920,Birthday,2026-08-01,1,treatment,1,0.3889,0.021,0,0.0,0,0.0,1,1593.21,20.25
EXP_DISCOUNT,C0920,Discount,2026-08-01,1,treatment,1,0.3889,0.0295,0,0.0,1,366.61,1,695.05,23.25
EXP_FESTIVAL,C0920,Festival,2026-08-01,1,treatment,1,0.3889,0.0379,0,0.0,0,0.0,0,0.0,29.0
EXP_LOYALTY,C0920,Loyalty,2026-08-01,1,control,0,0.3889,0.0463,0,0.0,0,0.0,0,0.0,0.0
EXP_NEW_PRODUCT,C0920,New Product,2026-08-01,1,treatment,1,0.3889,0.0547,0,0.0,1,884.28,1,1121.21,23.0
EXP_WIN-BACK,C0920,Win-back,2026-08-01,1,treatment,1,0.3889,0.0631,0,0.0,0,0.0,0,0.0,31.0
EXP_BIRTHDAY,C0921,Birthday,2026-08-01,1,treatment,1,0.5103,0.0222,0,0.0,1,429.25,1,658.49,20.25
EXP_DISCOUNT,C0921,Discount,2026-08-01,1,treatment,1,0.5103,0.0311,1,1130.63,1,1469.73,1,2349.61,23.25
EXP_FESTIVAL,C0921,Festival,2026-08-01,1,treatment,1,0.5103,0.04,0,0.0,0,0.0,0,0.0,29.0
EXP_LOYALTY,C0921,Loyalty,2026-08-01,1,treatment,1,0.5103,0.0489,0,0.0,0,0.0,1,598.4,16.0
EXP_NEW_PRODUCT,C0921,New Product,2026-08-01,1,treatment,1,0.5103,0.0578,0,0.0,0,0.0,0,0.0,23.0
EXP_WIN-BACK,C0921,Win-back,2026-08-01,1,treatment,1,0.5103,0.0666,0,0.0,0,0.0,1,1366.41,31.0
EXP_BIRTHDAY,C0922,Birthday,2026-08-01,1,treatment,1,0.5754,0.0228,0,0.0,0,0.0,0,0.0,20.25
EXP_DISCOUNT,C0922,Discount,2026-08-01,1,treatment,1,0.5754,0.0319,0,0.0,0,0.0,0,0.0,23.25
EXP_FESTIVAL,C0922,Festival,2026-08-01,1,treatment,1,0.5754,0.0411,0,0.0,0,0.0,0,0.0,29.0
EXP_LOYALTY,C0922,Loyalty,2026-08-01,1,control,0,0.5754,0.0502,0,0.0,0,0.0,1,497.52,0.0
EXP_NEW_PRODUCT,C0922,New Product,2026-08-01,1,treatment,1,0.5754,0.0593,0,0.0,0,0.0,1,855.64,23.0
EXP_WIN-BACK,C0922,Win-back,2026-08-01,1,treatment,1,0.5754,0.0684,0,0.0,0,0.0,0,0.0,31.0
EXP_BIRTHDAY,C0923,Birthday,2026-08-01,1,treatment,1,0.6356,0.0233,1,459.38,1,668.79,1,799.75,20.25
EXP_DISCOUNT,C0923,Discount,2026-08-01,1,treatment,1,0.6356,0.0327,0,0.0,0,0.0,0,0.0,23.25
EXP_FESTIVAL,C0923,Festival,2026-08-01,1,treatment,1,0.6356,0.042,0,0.0,0,0.0,0,0.0,29.0
EXP_LOYALTY,C0923,Loyalty,2026-08-01,1,treatment,1,0.6356,0.0513,0,0.0,0,0.0,0,0.0,16.0
EXP_NEW_PRODUCT,C0923,New Product,2026-08-01,1,control,0,0.6356,0.0607,0,0.0,0,0.0,0,0.0,0.0
EXP_WIN-BACK,C0923,Win-back,2026-08-01,1,treatment,1,0.6356,0.07,0,0.0,0,0.0,0,0.0,31.0
EXP_BIRTHDAY,C0924,Birthday,2026-08-01,1,control,0,0.3582,0.0208,0,0.0,0,0.0,1,711.83,0.0
EXP_DISCOUNT,C0924,Discount,2026-08-01,1,control,0,0.3582,0.0291,0,0.0,0,0.0,0,0.0,0.0
EXP_FESTIVAL,C0924,Festival,2026-08-01,1,control,0,0.3582,0.0374,0,0.0,0,0.0,1,1315.57,0.0
EXP_LOYALTY,C0924,Loyalty,2026-08-01,1,control,0,0.3582,0.0457,0,0.0,0,0.0,0,0.0,0.0
EXP_NEW_PRODUCT,C0924,New Product,2026-08-01,1,treatment,1,0.3582,0.054,0,0.0,0,0.0,0,0.0,23.0
EXP_WIN-BACK,C0924,Win-back,2026-08-01,1,treatment,1,0.3582,0.0623,0,0.0,0,0.0,0,0.0,31.0
EXP_BIRTHDAY,C0925,Birthday,2026-08-01,1,control,0,0.4644,0.0218,0,0.0,0,0.0,0,0.0,0.0
EXP_DISCOUNT,C0925,Discount,2026-08-01,1,control,0,0.4644,0.0305,0,0.0,0,0.0,0,0.0,0.0
EXP_FESTIVAL,C0925,Festival,2026-08-01,1,treatment,1,0.4644,0.0392,0,0.0,0,0.0,0,0.0,29.0
EXP_LOYALTY,C0925,Loyalty,2026-08-01,1,treatment,1,0.4644,0.0479,0,0.0,0,0.0,0,0.0,16.0
EXP_NEW_PRODUCT,C0925,New Product,2026-08-01,1,treatment,1,0.4644,0.0566,0,0.0,0,0.0,0,0.0,23.0
EXP_WIN-BACK,C0925,Win-back,2026-08-01,1,control,0,0.4644,0.0653,0,0.0,0,0.0,0,0.0,0.0
EXP_BIRTHDAY,C0926,Birthday,2026-08-01,1,treatment,1,0.4562,0.0217,0,0.0,0,0.0,0,0.0,20.25
EXP_DISCOUNT,C0926,Discount,2026-08-01,1,control,0,0.4562,0.0304,1,1036.33,1,1492.34,1,2175.45,0.0
EXP_FESTIVAL,C0926,Festival,2026-08-01,1,control,0,0.4562,0.039,1,347.21,1,700.98,1,962.62,0.0
EXP_LOYALTY,C0926,Loyalty,2026-08-01,1,treatment,1,0.4562,0.0477,0,0.0,0,0.0,1,913.97,16.0
EXP_NEW_PRODUCT,C0926,New Product,2026-08-01,1,control,0,0.4562,0.0564,0,0.0,0,0.0,0,0.0,0.0
EXP_WIN-BACK,C0926,Win-back,2026-08-01,1,treatment,1,0.4562,0.0651,0,0.0,0,0.0,1,1263.57,31.0
EXP_BIRTHDAY,C0927,Birthday,2026-08-01,1,control,0,0.4605,0.0217,0,0.0,0,0.0,0,0.0,0.0
EXP_DISCOUNT,C0927,Discount,2026-08-01,1,treatment,1,0.4605,0.0304,0,0.0,0,0.0,1,902.75,23.25
EXP_FESTIVAL,C0927,Festival,2026-08-01,1,treatment,1,0.4605,0.0391,0,0.0,0,0.0,0,0.0,29.0
EXP_LOYALTY,C0927,Loyalty,2026-08-01,1,control,0,0.4605,0.0478,0,0.0,0,0.0,0,0.0,0.0
EXP_NEW_PRODUCT,C0927,New Product,2026-08-01,1,treatment,1,0.4605,0.0565,1,425.15,1,575.87,1,744.61,23.0
EXP_WIN-BACK,C0927,Win-back,2026-08-01,1,control,0,0.4605,0.0652,1,237.49,1,467.27,1,906.58,0.0
EXP_BIRTHDAY,C0928,Birthday,2026-08-01,1,treatment,1,0.4293,0.0214,1,404.07,1,854.98,1,1068.41,20.25
EXP_DISCOUNT,C0928,Discount,2026-08-01,1,control,0,0.4293,0.03,0,0.0,0,0.0,0,0.0,0.0
EXP_FESTIVAL,C0928,Festival,2026-08-01,1,control,0,0.4293,0.0386,0,0.0,0,0.0,0,0.0,0.0
EXP_LOYALTY,C0928,Loyalty,2026-08-01,1,treatment,1,0.4293,0.0472,0,0.0,0,0.0,1,1233.29,16.0
EXP_NEW_PRODUCT,C0928,New Product,2026-08-01,1,treatment,1,0.4293,0.0557,0,0.0,0,0.0,0,0.0,23.0
EXP_WIN-BACK,C0928,Win-back,2026-08-01,1,control,0,0.4293,0.0643,0,0.0,0,0.0,0,0.0,0.0
EXP_BIRTHDAY,C0929,Birthday,2026-08-01,1,control,0,0.6468,0.0234,0,0.0,0,0.0,0,0.0,0.0
EXP_DISCOUNT,C0929,Discount,2026-08-01,1,control,0,0.6468,0.0328,0,0.0,0,0.0,0,0.0,0.0
EXP_FESTIVAL,C0929,Festival,2026-08-01,1,control,0,0.6468,0.0422,0,0.0,0,0.0,1,3186.93,0.0
EXP_LOYALTY,C0929,Loyalty,2026-08-01,1,treatment,1,0.6468,0.0515,0,0.0,0,0.0,0,0.0,16.0
EXP_NEW_PRODUCT,C0929,New Product,2026-08-01,1,treatment,1,0.6468,0.0609,1,606.25,1,1243.11,1,1491.19,23.0
EXP_WIN-BACK,C0929,Win-back,2026-08-01,1,control,0,0.6468,0.0703,0,0.0,0,0.0,0,0.0,0.0
EXP_BIRTHDAY,C0930,Birthday,2026-08-01,1,treatment,1,0.3419,0.0206,1,135.61,1,268.65,1,414.99,20.25
EXP_DISCOUNT,C0930,Discount,2026-08-01,1,treatment,1,0.3419,0.0289,0,0.0,0,0.0,0,0.0,23.25
EXP_FESTIVAL,C0930,Festival,2026-08-01,1,treatment,1,0.3419,0.0371,0,0.0,0,0.0,0,0.0,29.0
EXP_LOYALTY,C0930,Loyalty,2026-08-01,1,treatment,1,0.3419,0.0454,0,0.0,0,0.0,0,0.0,16.0
EXP_NEW_PRODUCT,C0930,New Product,2026-08-01,1,control,0,0.3419,0.0536,0,0.0,0,0.0,0,0.0,0.0
EXP_WIN-BACK,C0930,Win-back,2026-08-01,1,treatment,1,0.3419,0.0619,0,0.0,0,0.0,0,0.0,31.0
EXP_BIRTHDAY,C0931,Birthday,2026-08-01,1,control,0,0.5836,0.0229,1,731.29,1,1126.72,1,1627.37,0.0
EXP_DISCOUNT,C0931,Discount,2026-08-01,1,control,0,0.5836,0.032,0,0.0,0,0.0,0,0.0,0.0
EXP_FESTIVAL,C0931,Festival,2026-08-01,1,control,0,0.5836,0.0412,0,0.0,0,0.0,0,0.0,0.0
EXP_LOYALTY,C0931,Loyalty,2026-08-01,1,control,0,0.5836,0.0504,1,699.66,1,853.54,1,1436.25,0.0
EXP_NEW_PRODUCT,C0931,New Product,2026-08-01,1,treatment,1,0.5836,0.0595,0,0.0,0,0.0,1,673.07,23.0
EXP_WIN-BACK,C0931,Win-back,2026-08-01,1,treatment,1,0.5836,0.0687,0,0.0,0,0.0,1,503.44,31.0
EXP_BIRTHDAY,C0932,Birthday,2026-08-01,1,control,0,0.5442,0.0225,0,0.0,1,1407.79,1,1850.37,0.0
EXP_DISCOUNT,C0932,Discount,2026-08-01,1,treatment,1,0.5442,0.0315,0,0.0,0,0.0,1,1983.12,23.25
EXP_FESTIVAL,C0932,Festival,2026-08-01,1,control,0,0.5442,0.0406,0,0.0,1,1436.76,1,1756.43,0.0
EXP_LOYALTY,C0932,Loyalty,2026-08-01,1,control,0,0.5442,0.0496,1,273.7,1,368.69,1,630.38,0.0
EXP_NEW_PRODUCT,C0932,New Product,2026-08-01,1,control,0,0.5442,0.0586,1,487.73,1,815.84,1,1067.77,0.0
EXP_WIN-BACK,C0932,Win-back,2026-08-01,1,treatment,1,0.5442,0.0676,0,0.0,0,0.0,1,1404.94,31.0
EXP_BIRTHDAY,C0933,Birthday,2026-08-01,1,control,0,0.3293,0.0205,0,0.0,0,0.0,0,0.0,0.0
EXP_DISCOUNT,C0933,Discount,2026-08-01,1,control,0,0.3293,0.0287,0,0.0,0,0.0,1,665.48,0.0
EXP_FESTIVAL,C0933,Festival,2026-08-01,1,control,0,0.3293,0.0369,0,0.0,0,0.0,1,1191.35,0.0
EXP_LOYALTY,C0933,Loyalty,2026-08-01,1,treatment,1,0.3293,0.0451,0,0.0,0,0.0,0,0.0,16.0
EXP_NEW_PRODUCT,C0933,New Product,2026-08-01,1,control,0,0.3293,0.0533,0,0.0,0,0.0,0,0.0,0.0
EXP_WIN-BACK,C0933,Win-back,2026-08-01,1,treatment,1,0.3293,0.0615,0,0.0,0,0.0,0,0.0,31.0
EXP_BIRTHDAY,C0934,Birthday,2026-08-01,1,control,0,0.4793,0.0219,0,0.0,0,0.0,0,0.0,0.0
EXP_DISCOUNT,C0934,Discount,2026-08-01,1,control,0,0.4793,0.0307,0,0.0,1,1123.17,1,1918.05,0.0
EXP_FESTIVAL,C0934,Festival,2026-08-01,1,treatment,1,0.4793,0.0394,1,594.82,1,1035.62,1,1399.54,29.0
EXP_LOYALTY,C0934,Loyalty,2026-08-01,1,treatment,1,0.4793,0.0482,1,683.89,1,1009.66,1,1218.72,16.0
EXP_NEW_PRODUCT,C0934,New Product,2026-08-01,1,treatment,1,0.4793,0.057,1,554.18,1,1103.37,1,1316.93,23.0
EXP_WIN-BACK,C0934,Win-back,2026-08-01,1,treatment,1,0.4793,0.0657,0,0.0,0,0.0,0,0.0,31.0
EXP_BIRTHDAY,C0935,Birthday,2026-08-01,1,treatment,1,0.53,0.0224,0,0.0,0,0.0,1,1282.07,20.25
EXP_DISCOUNT,C0935,Discount,2026-08-01,1,control,0,0.53,0.0314,1,795.82,1,1153.31,1,1658.1,0.0
EXP_FESTIVAL,C0935,Festival,2026-08-01,1,control,0,0.53,0.0403,0,0.0,0,0.0,0,0.0,0.0
EXP_LOYALTY,C0935,Loyalty,2026-08-01,1,control,0,0.53,0.0493,0,0.0,0,0.0,0,0.0,0.0
EXP_NEW_PRODUCT,C0935,New Product,2026-08-01,1,treatment,1,0.53,0.0582,0,0.0,0,0.0,0,0.0,23.0
EXP_WIN-BACK,C0935,Win-back,2026-08-01,1,treatment,1,0.53,0.0672,0,0.0,0,0.0,0,0.0,31.0
EXP_BIRTHDAY,C0936,Birthday,2026-08-01,1,treatment,1,0.258,0.0199,0,0.0,0,0.0,0,0.0,20.25
EXP_DISCOUNT,C0936,Discount,2026-08-01,1,control,0,0.258,0.0279,0,0.0,0,0.0,0,0.0,0.0
EXP_FESTIVAL,C0936,Festival,2026-08-01,1,treatment,1,0.258,0.0359,0,0.0,0,0.0,0,0.0,29.0
EXP_LOYALTY,C0936,Loyalty,2026-08-01,1,control,0,0.258,0.0438,0,0.0,0,0.0,0,0.0,0.0
EXP_NEW_PRODUCT,C0936,New Product,2026-08-01,1,treatment,1,0.258,0.0518,1,70.91,1,89.11,1,185.88,23.0
EXP_WIN-BACK,C0936,Win-back,2026-08-01,1,control,0,0.258,0.0598,0,0.0,0,0.0,0,0.0,0.0
EXP_BIRTHDAY,C0937,Birthday,2026-08-01,1,treatment,1,0.4202,0.0213,0,0.0,1,1013.99,1,1421.21,20.25
EXP_DISCOUNT,C0937,Discount,2026-08-01,1,treatment,1,0.4202,0.0299,0,0.0,0,0.0,0,0.0,23.25
EXP_FESTIVAL,C0937,Festival,2026-08-01,1,control,0,0.4202,0.0384,1,642.59,1,1026.92,1,1731.05,0.0
EXP_LOYALTY,C0937,Loyalty,2026-08-01,1,control,0,0.4202,0.047,0,0.0,0,0.0,0,0.0,0.0
EXP_NEW_PRODUCT,C0937,New Product,2026-08-01,1,control,0,0.4202,0.0555,0,0.0,0,0.0,0,0.0,0.0
EXP_WIN-BACK,C0937,Win-back,2026-08-01,1,treatment,1,0.4202,0.064,1,228.36,1,361.65,1,689.06,31.0
EXP_BIRTHDAY,C0938,Birthday,2026-08-01,1,treatment,1,0.595,0.023,0,0.0,0,0.0,1,910.2,20.25
EXP_DISCOUNT,C0938,Discount,2026-08-01,1,control,0,0.595,0.0322,1,359.69,1,587.14,1,717.19,0.0
EXP_FESTIVAL,C0938,Festival,2026-08-01,1,treatment,1,0.595,0.0414,0,0.0,0,0.0,0,0.0,29.0
EXP_LOYALTY,C0938,Loyalty,2026-08-01,1,control,0,0.595,0.0506,1,784.02,1,1135.01,1,1488.91,0.0
EXP_NEW_PRODUCT,C0938,New Product,2026-08-01,1,treatment,1,0.595,0.0598,1,541.94,1,818.11,1,1017.11,23.0
EXP_WIN-BACK,C0938,Win-back,2026-08-01,1,control,0,0.595,0.069,0,0.0,1,1803.52,1,2796.38,0.0
EXP_BIRTHDAY,C0939,Birthday,2026-08-01,1,control,0,0.6084,0.0231,0,0.0,0,0.0,1,788.83,0.0
EXP_DISCOUNT,C0939,Discount,2026-08-01,1,treatment,1,0.6084,0.0323,0,0.0,1,532.23,1,1065.08,23.25
EXP_FESTIVAL,C0939,Festival,2026-08-01,1,treatment,1,0.6084,0.0416,0,0.0,1,1111.99,1,1615.46,29.0
EXP_LOYALTY,C0939,Loyalty,2026-08-01,1,control,0,0.6084,0.0508,1,503.42,1,946.49,1,1281.9,0.0
EXP_NEW_PRODUCT,C0939,New Product,2026-08-01,1,treatment,1,0.6084,0.0601,0,0.0,1,555.8,1,961.26,23.0
EXP_WIN-BACK,C0939,Win-back,2026-08-01,1,control,0,0.6084,0.0693,0,0.0,0,0.0,0,0.0,0.0
EXP_BIRTHDAY,C0940,Birthday,2026-08-01,1,treatment,1,0.5747,0.0228,0,0.0,1,1450.0,1,2249.9,20.25
EXP_DISCOUNT,C0940,Discount,2026-08-01,1,control,0,0.5747,0.0319,0,0.0,0,0.0,1,1564.63,0.0
EXP_FESTIVAL,C0940,Festival,2026-08-01,1,control,0,0.5747,0.0411,1,473.06,1,595.93,1,767.86,0.0
EXP_LOYALTY,C0940,Loyalty,2026-08-01,1,treatment,1,0.5747,0.0502,0,0.0,0,0.0,0,0.0,16.0
EXP_NEW_PRODUCT,C0940,New Product,2026-08-01,1,treatment,1,0.5747,0.0593,0,0.0,1,1171.45,1,1552.52,23.0
EXP_WIN-BACK,C0940,Win-back,2026-08-01,1,control,0,0.5747,0.0684,1,1896.85,1,2398.76,1,3299.15,0.0
EXP_BIRTHDAY,C0941,Birthday,2026-08-01,1,treatment,1,0.6515,0.0235,0,0.0,0,0.0,0,0.0,20.25
EXP_DISCOUNT,C0941,Discount,2026-08-01,1,control,0,0.6515,0.0328,0,0.0,0,0.0,0,0.0,0.0
EXP_FESTIVAL,C0941,Festival,2026-08-01,1,control,0,0.6515,0.0422,0,0.0,1,555.42,1,909.1,0.0
EXP_LOYALTY,C0941,Loyalty,2026-08-01,1,treatment,1,0.6515,0.0516,0,0.0,1,862.48,1,1032.99,16.0
EXP_NEW_PRODUCT,C0941,New Product,2026-08-01,1,treatment,1,0.6515,0.061,0,0.0,0,0.0,1,1093.42,23.0
EXP_WIN-BACK,C0941,Win-back,2026-08-01,1,treatment,1,0.6515,0.0704,0,0.0,0,0.0,1,1498.11,31.0
EXP_BIRTHDAY,C0942,Birthday,2026-08-01,1,control,0,0.1991,0.0195,0,0.0,0,0.0,0,0.0,0.0
EXP_DISCOUNT,C0942,Discount,2026-08-01,1,treatment,1,0.1991,0.0273,1,211.41,1,287.15,1,462.7,23.25
EXP_FESTIVAL,C0942,Festival,2026-08-01,1,treatment,1,0.1991,0.0351,0,0.0,0,0.0,0,0.0,29.0
EXP_LOYALTY,C0942,Loyalty,2026-08-01,1,treatment,1,0.1991,0.0429,0,0.0,0,0.0,0,0.0,16.0
EXP_NEW_PRODUCT,C0942,New Product,2026-08-01,1,control,0,0.1991,0.0507,0,0.0,0,0.0,0,0.0,0.0
EXP_WIN-BACK,C0942,Win-back,2026-08-01,1,control,0,0.1991,0.0585,0,0.0,0,0.0,0,0.0,0.0
EXP_BIRTHDAY,C0943,Birthday,2026-08-01,1,control,0,0.3258,0.0205,0,0.0,0,0.0,0,0.0,0.0
EXP_DISCOUNT,C0943,Discount,2026-08-01,1,control,0,0.3258,0.0287,0,0.0,0,0.0,1,531.22,0.0
EXP_FESTIVAL,C0943,Festival,2026-08-01,1,treatment,1,0.3258,0.0369,0,0.0,0,0.0,0,0.0,29.0
EXP_LOYALTY,C0943,Loyalty,2026-08-01,1,control,0,0.3258,0.045,0,0.0,0,0.0,0,0.0,0.0
EXP_NEW_PRODUCT,C0943,New Product,2026-08-01,1,control,0,0.3258,0.0532,1,276.22,1,466.35,1,762.14,0.0
EXP_WIN-BACK,C0943,Win-back,2026-08-01,1,treatment,1,0.3258,0.0614,0,0.0,0,0.0,0,0.0,31.0
EXP_BIRTHDAY,C0944,Birthday,2026-08-01,1,control,0,0.4197,0.0213,0,0.0,0,0.0,0,0.0,0.0
EXP_DISCOUNT,C0944,Discount,2026-08-01,1,treatment,1,0.4197,0.0299,1,159.41,1,354.07,1,745.73,23.25
EXP_FESTIVAL,C0944,Festival,2026-08-01,1,treatment,1,0.4197,0.0384,0,0.0,0,0.0,0,0.0,29.0
EXP_LOYALTY,C0944,Loyalty,2026-08-01,1,treatment,1,0.4197,0.047,0,0.0,0,0.0,0,0.0,16.0
EXP_NEW_PRODUCT,C0944,New Product,2026-08-01,1,treatment,1,0.4197,0.0555,0,0.0,0,0.0,0,0.0,23.0
EXP_WIN-BACK,C0944,Win-back,2026-08-01,1,control,0,0.4197,0.064,0,0.0,0,0.0,0,0.0,0.0
EXP_BIRTHDAY,C0945,Birthday,2026-08-01,1,control,0,0.3408,0.0206,0,0.0,0,0.0,1,812.19,0.0
EXP_DISCOUNT,C0945,Discount,2026-08-01,1,control,0,0.3408,0.0289,0,0.0,0,0.0,0,0.0,0.0
EXP_FESTIVAL,C0945,Festival,2026-08-01,1,control,0,0.3408,0.0371,0,0.0,0,0.0,0,0.0,0.0
EXP_LOYALTY,C0945,Loyalty,2026-08-01,1,treatment,1,0.3408,0.0453,0,0.0,0,0.0,1,792.87,16.0
EXP_NEW_PRODUCT,C0945,New Product,2026-08-01,1,treatment,1,0.3408,0.0536,0,0.0,0,0.0,0,0.0,23.0
EXP_WIN-BACK,C0945,Win-back,2026-08-01,1,control,0,0.3408,0.0618,0,0.0,0,0.0,0,0.0,0.0
EXP_BIRTHDAY,C0946,Birthday,2026-08-01,1,treatment,1,0.4767,0.0219,0,0.0,1,1301.18,1,1946.72,20.25
EXP_DISCOUNT,C0946,Discount,2026-08-01,1,treatment,1,0.4767,0.0306,0,0.0,0,0.0,0,0.0,23.25
EXP_FESTIVAL,C0946,Festival,2026-08-01,1,treatment,1,0.4767,0.0394,0,0.0,0,0.0,0,0.0,29.0
EXP_LOYALTY,C0946,Loyalty,2026-08-01,1,control,0,0.4767,0.0482,0,0.0,0,0.0,0,0.0,0.0
EXP_NEW_PRODUCT,C0946,New Product,2026-08-01,1,control,0,0.4767,0.0569,0,0.0,1,130.51,1,281.82,0.0
EXP_WIN-BACK,C0946,Win-back,2026-08-01,1,control,0,0.4767,0.0657,1,196.02,1,413.21,1,783.3,0.0
EXP_BIRTHDAY,C0947,Birthday,2026-08-01,1,treatment,1,0.7017,0.0238,0,0.0,1,909.54,1,1269.88,20.25
EXP_DISCOUNT,C0947,Discount,2026-08-01,1,treatment,1,0.7017,0.0334,0,0.0,0,0.0,1,2553.88,23.25
EXP_FESTIVAL,C0947,Festival,2026-08-01,1,control,0,0.7017,0.0429,0,0.0,0,0.0,0,0.0,0.0
EXP_LOYALTY,C0947,Loyalty,2026-08-01,1,control,0,0.7017,0.0524,0,0.0,0,0.0,0,0.0,0.0
EXP_NEW_PRODUCT,C0947,New Product,2026-08-01,1,control,0,0.7017,0.062,0,0.0,0,0.0,1,1895.72,0.0
EXP_WIN-BACK,C0947,Win-back,2026-08-01,1,treatment,1,0.7017,0.0715,1,752.28,1,1482.88,1,2006.49,31.0
EXP_BIRTHDAY,C0948,Birthday,2026-08-01,1,treatment,1,0.549,0.0226,0,0.0,0,0.0,1,2093.59,20.25
EXP_DISCOUNT,C0948,Discount,2026-08-01,1,treatment,1,0.549,0.0316,0,0.0,0,0.0,0,0.0,23.25
EXP_FESTIVAL,C0948,Festival,2026-08-01,1,control,0,0.549,0.0406,0,0.0,0,0.0,0,0.0,0.0
EXP_LOYALTY,C0948,Loyalty,2026-08-01,1,treatment,1,0.549,0.0497,0,0.0,1,523.23,1,695.85,16.0
EXP_NEW_PRODUCT,C0948,New Product,2026-08-01,1,treatment,1,0.549,0.0587,0,0.0,0,0.0,1,765.29,23.0
EXP_WIN-BACK,C0948,Win-back,2026-08-01,1,control,0,0.549,0.0677,0,0.0,0,0.0,1,1647.84,0.0
EXP_BIRTHDAY,C0949,Birthday,2026-08-01,1,control,0,0.379,0.021,0,0.0,0,0.0,0,0.0,0.0
EXP_DISCOUNT,C0949,Discount,2026-08-01,1,control,0,0.379,0.0293,0,0.0,0,0.0,1,569.48,0.0
EXP_FESTIVAL,C0949,Festival,2026-08-01,1,treatment,1,0.379,0.0377,0,0.0,0,0.0,0,0.0,29.0
EXP_LOYALTY,C0949,Loyalty,2026-08-01,1,control,0,0.379,0.0461,0,0.0,0,0.0,0,0.0,0.0
EXP_NEW_PRODUCT,C0949,New Product,2026-08-01,1,control,0,0.379,0.0545,0,0.0,0,0.0,1,810.2,0.0
EXP_WIN-BACK,C0949,Win-back,2026-08-01,1,control,0,0.379,0.0629,0,0.0,0,0.0,0,0.0,0.0
EXP_BIRTHDAY,C0950,Birthday,2026-08-01,1,treatment,1,0.5508,0.0226,0,0.0,0,0.0,0,0.0,20.25
EXP_DISCOUNT,C0950,Discount,2026-08-01,1,control,0,0.5508,0.0316,0,0.0,0,0.0,0,0.0,0.0
EXP_FESTIVAL,C0950,Festival,2026-08-01,1,treatment,1,0.5508,0.0407,0,0.0,0,0.0,1,1801.35,29.0
EXP_LOYALTY,C0950,Loyalty,2026-08-01,1,treatment,1,0.5508,0.0497,0,0.0,0,0.0,1,1567.65,16.0
EXP_NEW_PRODUCT,C0950,New Product,2026-08-01,1,control,0,0.5508,0.0587,0,0.0,0,0.0,0,0.0,0.0
EXP_WIN-BACK,C0950,Win-back,2026-08-01,1,treatment,1,0.5508,0.0678,0,0.0,0,0.0,0,0.0,31.0
EXP_BIRTHDAY,C0951,Birthday,2026-08-01,1,treatment,1,0.5243,0.0223,0,0.0,0,0.0,1,1297.35,20.25
EXP_DISCOUNT,C0951,Discount,2026-08-01,1,control,0,0.5243,0.0313,1,477.38,1,718.45,1,877.09,0.0
EXP_FESTIVAL,C0951,Festival,2026-08-01,1,treatment,1,0.5243,0.0402,1,480.86,1,792.22,1,1095.7,29.0
EXP_LOYALTY,C0951,Loyalty,2026-08-01,1,control,0,0.5243,0.0492,0,0.0,0,0.0,0,0.0,0.0
EXP_NEW_PRODUCT,C0951,New Product,2026-08-01,1,treatment,1,0.5243,0.0581,0,0.0,1,492.23,1,1081.96,23.0
EXP_WIN-BACK,C0951,Win-back,2026-08-01,1,control,0,0.5243,0.067,0,0.0,0,0.0,0,0.0,0.0
EXP_BIRTHDAY,C0952,Birthday,2026-08-01,1,control,0,0.408,0.0212,0,0.0,0,0.0,0,0.0,0.0
EXP_DISCOUNT,C0952,Discount,2026-08-01,1,control,0,0.408,0.0297,0,0.0,0,0.0,1,1069.06,0.0
EXP_FESTIVAL,C0952,Festival,2026-08-01,1,treatment,1,0.408,0.0382,0,0.0,0,0.0,0,0.0,29.0
EXP_LOYALTY,C0952,Loyalty,2026-08-01,1,treatment,1,0.408,0.0467,0,0.0,1,679.89,1,1016.98,16.0
EXP_NEW_PRODUCT,C0952,New Product,2026-08-01,1,control,0,0.408,0.0552,0,0.0,0,0.0,0,0.0,0.0
EXP_WIN-BACK,C0952,Win-back,2026-08-01,1,treatment,1,0.408,0.0637,0,0.0,0,0.0,0,0.0,31.0
EXP_BIRTHDAY,C0953,Birthday,2026-08-01,1,treatment,1,0.2254,0.0197,0,0.0,0,0.0,0,0.0,20.25
EXP_DISCOUNT,C0953,Discount,2026-08-01,1,treatment,1,0.2254,0.0276,0,0.0,1,229.16,1,423.05,23.25
EXP_FESTIVAL,C0953,Festival,2026-08-01,1,treatment,1,0.2254,0.0354,0,0.0,1,146.25,1,276.17,29.0
EXP_LOYALTY,C0953,Loyalty,2026-08-01,1,control,0,0.2254,0.0433,0,0.0,0,0.0,0,0.0,0.0
EXP_NEW_PRODUCT,C0953,New Product,2026-08-01,1,treatment,1,0.2254,0.0512,1,73.06,1,119.78,1,186.55,23.0
EXP_WIN-BACK,C0953,Win-back,2026-08-01,1,control,0,0.2254,0.059,0,0.0,0,0.0,0,0.0,0.0
EXP_BIRTHDAY,C0954,Birthday,2026-08-01,1,treatment,1,0.3678,0.0209,1,372.06,1,774.0,1,1169.59,20.25
EXP_DISCOUNT,C0954,Discount,2026-08-01,1,treatment,1,0.3678,0.0292,0,0.0,1,1128.37,1,1873.39,23.25
EXP_FESTIVAL,C0954,Festival,2026-08-01,1,treatment,1,0.3678,0.0375,0,0.0,0,0.0,0,0.0,29.0
EXP_LOYALTY,C0954,Loyalty,2026-08-01,1,control,0,0.3678,0.0459,0,0.0,0,0.0,0,0.0,0.0
EXP_NEW_PRODUCT,C0954,New Product,2026-08-01,1,treatment,1,0.3678,0.0542,1,516.3,1,740.85,1,1030.79,23.0
EXP_WIN-BACK,C0954,Win-back,2026-08-01,1,control,0,0.3678,0.0626,0,0.0,0,0.0,0,0.0,0.0
EXP_BIRTHDAY,C0955,Birthday,2026-08-01,1,treatment,1,0.486,0.022,0,0.0,0,0.0,0,0.0,20.25
EXP_DISCOUNT,C0955,Discount,2026-08-01,1,treatment,1,0.486,0.0308,0,0.0,1,1302.25,1,1991.42,23.25
EXP_FESTIVAL,C0955,Festival,2026-08-01,1,treatment,1,0.486,0.0396,0,0.0,1,620.73,1,1308.73,29.0
EXP_LOYALTY,C0955,Loyalty,2026-08-01,1,control,0,0.486,0.0484,0,0.0,0,0.0,0,0.0,0.0
EXP_NEW_PRODUCT,C0955,New Product,2026-08-01,1,control,0,0.486,0.0572,1,1140.44,1,1715.37,1,2245.06,0.0
EXP_WIN-BACK,C0955,Win-back,2026-08-01,1,control,0,0.486,0.0659,0,0.0,1,871.14,1,1349.27,0.0
EXP_BIRTHDAY,C0956,Birthday,2026-08-01,1,control,0,0.5359,0.0225,0,0.0,0,0.0,0,0.0,0.0
EXP_DISCOUNT,C0956,Discount,2026-08-01,1,treatment,1,0.5359,0.0314,0,0.0,0,0.0,0,0.0,23.25
EXP_FESTIVAL,C0956,Festival,2026-08-01,1,treatment,1,0.5359,0.0404,1,441.02,1,915.57,1,1159.45,29.0
EXP_LOYALTY,C0956,Loyalty,2026-08-01,1,treatment,1,0.5359,0.0494,0,0.0,0,0.0,1,649.14,16.0
EXP_NEW_PRODUCT,C0956,New Product,2026-08-01,1,treatment,1,0.5359,0.0584,1,347.85,1,418.7,1,841.61,23.0
EXP_WIN-BACK,C0956,Win-back,2026-08-01,1,control,0,0.5359,0.0674,0,0.0,0,0.0,0,0.0,0.0
EXP_BIRTHDAY,C0957,Birthday,2026-08-01,1,control,0,0.311,0.0203,0,0.0,0,0.0,0,0.0,0.0
EXP_DISCOUNT,C0957,Discount,2026-08-01,1,treatment,1,0.311,0.0285,0,0.0,0,0.0,0,0.0,23.25
EXP_FESTIVAL,C0957,Festival,2026-08-01,1,treatment,1,0.311,0.0366,0,0.0,0,0.0,0,0.0,29.0
EXP_LOYALTY,C0957,Loyalty,2026-08-01,1,treatment,1,0.311,0.0448,0,0.0,0,0.0,0,0.0,16.0
EXP_NEW_PRODUCT,C0957,New Product,2026-08-01,1,control,0,0.311,0.0529,1,342.67,1,472.14,1,948.97,0.0
EXP_WIN-BACK,C0957,Win-back,2026-08-01,1,control,0,0.311,0.061,0,0.0,0,0.0,0,0.0,0.0
EXP_BIRTHDAY,C0958,Birthday,2026-08-01,1,treatment,1,0.4334,0.0215,0,0.0,0,0.0,0,0.0,20.25
EXP_DISCOUNT,C0958,Discount,2026-08-01,1,control,0,0.4334,0.0301,0,0.0,0,0.0,0,0.0,0.0
EXP_FESTIVAL,C0958,Festival,2026-08-01,1,control,0,0.4334,0.0387,0,0.0,0,0.0,0,0.0,0.0
EXP_LOYALTY,C0958,Loyalty,2026-08-01,1,treatment,1,0.4334,0.0472,0,0.0,0,0.0,0,0.0,16.0
EXP_NEW_PRODUCT,C0958,New Product,2026-08-01,1,treatment,1,0.4334,0.0558,0,0.0,1,273.11,1,515.54,23.0
EXP_WIN-BACK,C0958,Win-back,2026-08-01,1,control,0,0.4334,0.0644,0,0.0,0,0.0,0,0.0,0.0
EXP_BIRTHDAY,C0959,Birthday,2026-08-01,1,control,0,0.3563,0.0207,0,0.0,0,0.0,0,0.0,0.0
EXP_DISCOUNT,C0959,Discount,2026-08-01,1,treatment,1,0.3563,0.029,0,0.0,0,0.0,0,0.0,23.25
EXP_FESTIVAL,C0959,Festival,2026-08-01,1,control,0,0.3563,0.0373,0,0.0,0,0.0,1,482.73,0.0
EXP_LOYALTY,C0959,Loyalty,2026-08-01,1,control,0,0.3563,0.0456,0,0.0,0,0.0,1,1146.17,0.0
EXP_NEW_PRODUCT,C0959,New Product,2026-08-01,1,control,0,0.3563,0.0539,0,0.0,0,0.0,0,0.0,0.0
EXP_WIN-BACK,C0959,Win-back,2026-08-01,1,treatment,1,0.3563,0.0622,0,0.0,0,0.0,0,0.0,31.0
EXP_BIRTHDAY,C0960,Birthday,2026-08-01,1,control,0,0.6174,0.0232,0,0.0,1,785.68,1,1092.3,0.0
EXP_DISCOUNT,C0960,Discount,2026-08-01,1,treatment,1,0.6174,0.0325,0,0.0,0,0.0,1,2455.0,23.25
EXP_FESTIVAL,C0960,Festival,2026-08-01,1,control,0,0.6174,0.0417,0,0.0,0,0.0,0,0.0,0.0
EXP_LOYALTY,C0960,Loyalty,2026-08-01,1,control,0,0.6174,0.051,0,0.0,1,1596.48,1,2815.87,0.0
EXP_NEW_PRODUCT,C0960,New Product,2026-08-01,1,control,0,0.6174,0.0603,0,0.0,0,0.0,0,0.0,0.0
EXP_WIN-BACK,C0960,Win-back,2026-08-01,1,control,0,0.6174,0.0695,0,0.0,1,1574.3,1,3206.32,0.0
EXP_BIRTHDAY,C0961,Birthday,2026-08-01,1,control,0,0.3748,0.0209,0,0.0,1,1089.27,1,1363.15,0.0
EXP_DISCOUNT,C0961,Discount,2026-08-01,1,control,0,0.3748,0.0293,0,0.0,1,361.68,1,792.98,0.0
EXP_FESTIVAL,C0961,Festival,2026-08-01,1,control,0,0.3748,0.0377,0,0.0,0,0.0,0,0.0,0.0
EXP_LOYALTY,C0961,Loyalty,2026-08-01,1,control,0,0.3748,0.046,0,0.0,0,0.0,0,0.0,0.0
EXP_NEW_PRODUCT,C0961,New Product,2026-08-01,1,treatment,1,0.3748,0.0544,0,0.0,0,0.0,0,0.0,23.0
EXP_WIN-BACK,C0961,Win-back,2026-08-01,1,treatment,1,0.3748,0.0628,1,201.56,1,279.95,1,562.85,31.0
EXP_BIRTHDAY,C0962,Birthday,2026-08-01,1,treatment,1,0.2394,0.0198,0,0.0,0,0.0,0,0.0,20.25
EXP_DISCOUNT,C0962,Discount,2026-08-01,1,treatment,1,0.2394,0.0277,0,0.0,0,0.0,0,0.0,23.25
EXP_FESTIVAL,C0962,Festival,2026-08-01,1,treatment,1,0.2394,0.0356,0,0.0,0,0.0,0,0.0,29.0
EXP_LOYALTY,C0962,Loyalty,2026-08-01,1,control,0,0.2394,0.0435,0,0.0,0,0.0,0,0.0,0.0
EXP_NEW_PRODUCT,C0962,New Product,2026-08-01,1,control,0,0.2394,0.0514,0,0.0,0,0.0,0,0.0,0.0
EXP_WIN-BACK,C0962,Win-back,2026-08-01,1,control,0,0.2394,0.0593,0,0.0,0,0.0,0,0.0,0.0
EXP_BIRTHDAY,C0963,Birthday,2026-08-01,1,control,0,0.4015,0.0212,1,323.7,1,640.76,1,830.26,0.0
EXP_DISCOUNT,C0963,Discount,2026-08-01,1,treatment,1,0.4015,0.0296,0,0.0,0,0.0,0,0.0,23.25
EXP_FESTIVAL,C0963,Festival,2026-08-01,1,control,0,0.4015,0.0381,0,0.0,0,0.0,0,0.0,0.0
EXP_LOYALTY,C0963,Loyalty,2026-08-01,1,control,0,0.4015,0.0466,0,0.0,1,992.03,1,1570.93,0.0
EXP_NEW_PRODUCT,C0963,New Product,2026-08-01,1,treatment,1,0.4015,0.055,0,0.0,0,0.0,0,0.0,23.0
EXP_WIN-BACK,C0963,Win-back,2026-08-01,1,control,0,0.4015,0.0635,1,277.31,1,341.45,1,758.48,0.0
EXP_BIRTHDAY,C0964,Birthday,2026-08-01,1,control,0,0.5395,0.0225,1,1881.67,1,2292.06,1,2959.73,0.0
EXP_DISCOUNT,C0964,Discount,2026-08-01,1,treatment,1,0.5395,0.0315,1,782.8,1,1074.79,1,1747.64,23.25
EXP_FESTIVAL,C0964,Festival,2026-08-01,1,treatment,1,0.5395,0.0405,0,0.0,0,0.0,0,0.0,29.0
EXP_LOYALTY,C0964,Loyalty,2026-08-01,1,treatment,1,0.5395,0.0495,0,0.0,0,0.0,0,0.0,16.0
EXP_NEW_PRODUCT,C0964,New Product,2026-08-01,1,treatment,1,0.5395,0.0585,0,0.0,0,0.0,0,0.0,23.0
EXP_WIN-BACK,C0964,Win-back,2026-08-01,1,treatment,1,0.5395,0.0675,0,0.0,0,0.0,0,0.0,31.0
EXP_BIRTHDAY,C0965,Birthday,2026-08-01,1,control,0,0.5471,0.0226,1,342.05,1,486.4,1,855.38,0.0
EXP_DISCOUNT,C0965,Discount,2026-08-01,1,treatment,1,0.5471,0.0316,1,395.95,1,537.45,1,1031.91,23.25
EXP_FESTIVAL,C0965,Festival,2026-08-01,1,treatment,1,0.5471,0.0406,0,0.0,0,0.0,0,0.0,29.0
EXP_LOYALTY,C0965,Loyalty,2026-08-01,1,control,0,0.5471,0.0496,0,0.0,0,0.0,1,754.76,0.0
EXP_NEW_PRODUCT,C0965,New Product,2026-08-01,1,treatment,1,0.5471,0.0587,0,0.0,0,0.0,0,0.0,23.0
EXP_WIN-BACK,C0965,Win-back,2026-08-01,1,treatment,1,0.5471,0.0677,1,555.19,1,1083.93,1,1556.24,31.0
EXP_BIRTHDAY,C0966,Birthday,2026-08-01,1,treatment,1,0.4825,0.0219,0,0.0,0,0.0,0,0.0,20.25
EXP_DISCOUNT,C0966,Discount,2026-08-01,1,treatment,1,0.4825,0.0307,1,514.31,1,756.15,1,1039.36,23.25
EXP_FESTIVAL,C0966,Festival,2026-08-01,1,control,0,0.4825,0.0395,0,0.0,0,0.0,0,0.0,0.0
EXP_LOYALTY,C0966,Loyalty,2026-08-01,1,control,0,0.4825,0.0483,0,0.0,0,0.0,0,0.0,0.0
EXP_NEW_PRODUCT,C0966,New Product,2026-08-01,1,control,0,0.4825,0.0571,0,0.0,0,0.0,0,0.0,0.0
EXP_WIN-BACK,C0966,Win-back,2026-08-01,1,treatment,1,0.4825,0.0658,1,1219.22,1,1617.46,1,1928.52,31.0
EXP_BIRTHDAY,C0967,Birthday,2026-08-01,1,control,0,0.3471,0.0207,0,0.0,0,0.0,0,0.0,0.0
EXP_DISCOUNT,C0967,Discount,2026-08-01,1,control,0,0.3471,0.0289,0,0.0,0,0.0,0,0.0,0.0
EXP_FESTIVAL,C0967,Festival,2026-08-01,1,treatment,1,0.3471,0.0372,0,0.0,0,0.0,0,0.0,29.0
EXP_LOYALTY,C0967,Loyalty,2026-08-01,1,treatment,1,0.3471,0.0455,1,327.44,1,609.85,1,1174.01,16.0
EXP_NEW_PRODUCT,C0967,New Product,2026-08-01,1,control,0,0.3471,0.0537,0,0.0,1,1282.41,1,1696.49,0.0
EXP_WIN-BACK,C0967,Win-back,2026-08-01,1,control,0,0.3471,0.062,0,0.0,0,0.0,0,0.0,0.0
EXP_BIRTHDAY,C0968,Birthday,2026-08-01,1,control,0,0.5288,0.0224,0,0.0,0,0.0,1,1946.0,0.0
EXP_DISCOUNT,C0968,Discount,2026-08-01,1,treatment,1,0.5288,0.0313,0,0.0,0,0.0,0,0.0,23.25
EXP_FESTIVAL,C0968,Festival,2026-08-01,1,treatment,1,0.5288,0.0403,0,0.0,0,0.0,0,0.0,29.0
EXP_LOYALTY,C0968,Loyalty,2026-08-01,1,treatment,1,0.5288,0.0493,1,215.88,1,269.78,1,345.58,16.0
EXP_NEW_PRODUCT,C0968,New Product,2026-08-01,1,treatment,1,0.5288,0.0582,0,0.0,1,589.29,1,918.14,23.0
EXP_WIN-BACK,C0968,Win-back,2026-08-01,1,control,0,0.5288,0.0672,1,800.33,1,971.89,1,1344.71,0.0
EXP_BIRTHDAY,C0969,Birthday,2026-08-01,1,control,0,0.6076,0.0231,0,0.0,0,0.0,0,0.0,0.0
EXP_DISCOUNT,C0969,Discount,2026-08-01,1,treatment,1,0.6076,0.0323,0,0.0,0,0.0,1,1236.25,23.25
EXP_FESTIVAL,C0969,Festival,2026-08-01,1,control,0,0.6076,0.0416,0,0.0,0,0.0,0,0.0,0.0
EXP_LOYALTY,C0969,Loyalty,2026-08-01,1,treatment,1,0.6076,0.0508,0,0.0,0,0.0,0,0.0,16.0
EXP_NEW_PRODUCT,C0969,New Product,2026-08-01,1,treatment,1,0.6076,0.0601,0,0.0,0,0.0,1,1511.86,23.0
EXP_WIN-BACK,C0969,Win-back,2026-08-01,1,control,0,0.6076,0.0693,0,0.0,1,665.27,1,999.09,0.0
EXP_BIRTHDAY,C0970,Birthday,2026-08-01,1,control,0,0.4042,0.0212,0,0.0,0,0.0,0,0.0,0.0
EXP_DISCOUNT,C0970,Discount,2026-08-01,1,treatment,1,0.4042,0.0297,1,196.96,1,242.97,1,488.78,23.25
EXP_FESTIVAL,C0970,Festival,2026-08-01,1,treatment,1,0.4042,0.0381,0,0.0,0,0.0,0,0.0,29.0
EXP_LOYALTY,C0970,Loyalty,2026-08-01,1,treatment,1,0.4042,0.0466,0,0.0,0,0.0,0,0.0,16.0
EXP_NEW_PRODUCT,C0970,New Product,2026-08-01,1,control,0,0.4042,0.0551,0,0.0,0,0.0,0,0.0,0.0
EXP_WIN-BACK,C0970,Win-back,2026-08-01,1,control,0,0.4042,0.0636,0,0.0,0,0.0,0,0.0,0.0
EXP_BIRTHDAY,C0971,Birthday,2026-08-01,1,treatment,1,0.4412,0.0215,0,0.0,0,0.0,0,0.0,20.25
EXP_DISCOUNT,C0971,Discount,2026-08-01,1,treatment,1,0.4412,0.0302,0,0.0,0,0.0,0,0.0,23.25
EXP_FESTIVAL,C0971,Festival,2026-08-01,1,control,0,0.4412,0.0388,0,0.0,1,1921.97,1,2763.25,0.0
EXP_LOYALTY,C0971,Loyalty,2026-08-01,1,control,0,0.4412,0.0474,0,0.0,0,0.0,0,0.0,0.0
EXP_NEW_PRODUCT,C0971,New Product,2026-08-01,1,treatment,1,0.4412,0.056,0,0.0,0,0.0,0,0.0,23.0
EXP_WIN-BACK,C0971,Win-back,2026-08-01,1,control,0,0.4412,0.0646,0,0.0,1,2256.34,1,2802.36,0.0
EXP_BIRTHDAY,C0972,Birthday,2026-08-01,1,treatment,1,0.4411,0.0215,0,0.0,1,710.95,1,1007.77,20.25
EXP_DISCOUNT,C0972,Discount,2026-08-01,1,treatment,1,0.4411,0.0302,0,0.0,0,0.0,0,0.0,23.25
EXP_FESTIVAL,C0972,Festival,2026-08-01,1,treatment,1,0.4411,0.0388,0,0.0,0,0.0,0,0.0,29.0
EXP_LOYALTY,C0972,Loyalty,2026-08-01,1,treatment,1,0.4411,0.0474,0,0.0,0,0.0,1,594.8,16.0
EXP_NEW_PRODUCT,C0972,New Product,2026-08-01,1,treatment,1,0.4411,0.056,0,0.0,0,0.0,0,0.0,23.0
EXP_WIN-BACK,C0972,Win-back,2026-08-01,1,control,0,0.4411,0.0646,0,0.0,1,984.3,1,1319.99,0.0
EXP_BIRTHDAY,C0973,Birthday,2026-08-01,1,treatment,1,0.5422,0.0225,0,0.0,0,0.0,0,0.0,20.25
EXP_DISCOUNT,C0973,Discount,2026-08-01,1,control,0,0.5422,0.0315,0,0.0,0,0.0,0,0.0,0.0
EXP_FESTIVAL,C0973,Festival,2026-08-01,1,treatment,1,0.5422,0.0405,0,0.0,0,0.0,1,1309.13,29.0
EXP_LOYALTY,C0973,Loyalty,2026-08-01,1,treatment,1,0.5422,0.0495,0,0.0,0,0.0,0,0.0,16.0
EXP_NEW_PRODUCT,C0973,New Product,2026-08-01,1,control,0,0.5422,0.0585,0,0.0,0,0.0,0,0.0,0.0
EXP_WIN-BACK,C0973,Win-back,2026-08-01,1,treatment,1,0.5422,0.0675,0,0.0,0,0.0,1,2117.35,31.0
EXP_BIRTHDAY,C0974,Birthday,2026-08-01,1,control,0,0.2728,0.02,0,0.0,0,0.0,1,982.83,0.0
EXP_DISCOUNT,C0974,Discount,2026-08-01,1,treatment,1,0.2728,0.028,0,0.0,1,474.6,1,717.66,23.25
EXP_FESTIVAL,C0974,Festival,2026-08-01,1,control,0,0.2728,0.0361,0,0.0,0,0.0,0,0.0,0.0
EXP_LOYALTY,C0974,Loyalty,2026-08-01,1,control,0,0.2728,0.0441,0,0.0,0,0.0,0,0.0,0.0
EXP_NEW_PRODUCT,C0974,New Product,2026-08-01,1,control,0,0.2728,0.0521,0,0.0,0,0.0,0,0.0,0.0
EXP_WIN-BACK,C0974,Win-back,2026-08-01,1,treatment,1,0.2728,0.0601,0,0.0,0,0.0,0,0.0,31.0
EXP_BIRTHDAY,C0975,Birthday,2026-08-01,1,control,0,0.4267,0.0214,0,0.0,0,0.0,0,0.0,0.0
EXP_DISCOUNT,C0975,Discount,2026-08-01,1,treatment,1,0.4267,0.03,1,216.55,1,351.68,1,750.07,23.25
EXP_FESTIVAL,C0975,Festival,2026-08-01,1,treatment,1,0.4267,0.0385,0,0.0,0,0.0,0,0.0,29.0
EXP_LOYALTY,C0975,Loyalty,2026-08-01,1,control,0,0.4267,0.0471,0,0.0,0,0.0,0,0.0,0.0
EXP_NEW_PRODUCT,C0975,New Product,2026-08-01,1,treatment,1,0.4267,0.0557,1,405.73,1,556.33,1,1115.43,23.0
EXP_WIN-BACK,C0975,Win-back,2026-08-01,1,treatment,1,0.4267,0.0642,1,659.07,1,830.21,1,1655.97,31.0
EXP_BIRTHDAY,C0976,Birthday,2026-08-01,1,treatment,1,0.3354,0.0206,1,186.1,1,263.06,1,372.3,20.25
EXP_DISCOUNT,C0976,Discount,2026-08-01,1,control,0,0.3354,0.0288,0,0.0,0,0.0,0,0.0,0.0
EXP_FESTIVAL,C0976,Festival,2026-08-01,1,treatment,1,0.3354,0.037,0,0.0,0,0.0,0,0.0,29.0
EXP_LOYALTY,C0976,Loyalty,2026-08-01,1,control,0,0.3354,0.0452,1,320.66,1,524.41,1,931.55,0.0
EXP_NEW_PRODUCT,C0976,New Product,2026-08-01,1,treatment,1,0.3354,0.0535,0,0.0,0,0.0,0,0.0,23.0
EXP_WIN-BACK,C0976,Win-back,2026-08-01,1,treatment,1,0.3354,0.0617,0,0.0,0,0.0,0,0.0,31.0
EXP_BIRTHDAY,C0977,Birthday,2026-08-01,1,treatment,1,0.5137,0.0222,0,0.0,0,0.0,1,833.2,20.25
EXP_DISCOUNT,C0977,Discount,2026-08-01,1,control,0,0.5137,0.0311,0,0.0,0,0.0,0,0.0,0.0
EXP_FESTIVAL,C0977,Festival,2026-08-01,1,control,0,0.5137,0.04,1,595.47,1,786.1,1,1060.92,0.0
EXP_LOYALTY,C0977,Loyalty,2026-08-01,1,control,0,0.5137,0.0489,0,0.0,0,0.0,1,673.51,0.0
EXP_NEW_PRODUCT,C0977,New Product,2026-08-01,1,control,0,0.5137,0.0578,0,0.0,0,0.0,1,439.53,0.0
EXP_WIN-BACK,C0977,Win-back,2026-08-01,1,control,0,0.5137,0.0667,1,186.37,1,247.74,1,410.4,0.0
EXP_BIRTHDAY,C0978,Birthday,2026-08-01,1,treatment,1,0.5845,0.0229,0,0.0,0,0.0,0,0.0,20.25
EXP_DISCOUNT,C0978,Discount,2026-08-01,1,control,0,0.5845,0.0321,0,0.0,0,0.0,0,0.0,0.0
EXP_FESTIVAL,C0978,Festival,2026-08-01,1,treatment,1,0.5845,0.0412,0,0.0,0,0.0,0,0.0,29.0
EXP_LOYALTY,C0978,Loyalty,2026-08-01,1,treatment,1,0.5845,0.0504,0,0.0,0,0.0,0,0.0,16.0
EXP_NEW_PRODUCT,C0978,New Product,2026-08-01,1,treatment,1,0.5845,0.0595,0,0.0,1,856.74,1,1420.76,23.0
EXP_WIN-BACK,C0978,Win-back,2026-08-01,1,treatment,1,0.5845,0.0687,0,0.0,0,0.0,0,0.0,31.0
EXP_BIRTHDAY,C0979,Birthday,2026-08-01,1,control,0,0.4425,0.0216,0,0.0,0,0.0,1,2751.45,0.0
EXP_DISCOUNT,C0979,Discount,2026-08-01,1,control,0,0.4425,0.0302,1,595.7,1,792.63,1,1054.39,0.0
EXP_FESTIVAL,C0979,Festival,2026-08-01,1,treatment,1,0.4425,0.0388,0,0.0,0,0.0,0,0.0,29.0
EXP_LOYALTY,C0979,Loyalty,2026-08-01,1,treatment,1,0.4425,0.0474,0,0.0,0,0.0,0,0.0,16.0
EXP_NEW_PRODUCT,C0979,New Product,2026-08-01,1,treatment,1,0.4425,0.0561,0,0.0,0,0.0,0,0.0,23.0
EXP_WIN-BACK,C0979,Win-back,2026-08-01,1,control,0,0.4425,0.0647,0,0.0,0,0.0,1,996.77,0.0
EXP_BIRTHDAY,C0980,Birthday,2026-08-01,1,treatment,1,0.4724,0.0218,0,0.0,0,0.0,0,0.0,20.25
EXP_DISCOUNT,C0980,Discount,2026-08-01,1,treatment,1,0.4724,0.0306,0,0.0,0,0.0,1,1934.88,23.25
EXP_FESTIVAL,C0980,Festival,2026-08-01,1,control,0,0.4724,0.0393,0,0.0,0,0.0,0,0.0,0.0
EXP_LOYALTY,C0980,Loyalty,2026-08-01,1,control,0,0.4724,0.0481,1,976.16,1,1606.96,1,1941.73,0.0
EXP_NEW_PRODUCT,C0980,New Product,2026-08-01,1,control,0,0.4724,0.0568,0,0.0,0,0.0,0,0.0,0.0
EXP_WIN-BACK,C0980,Win-back,2026-08-01,1,treatment,1,0.4724,0.0655,1,330.02,1,530.89,1,1127.29,31.0
EXP_BIRTHDAY,C0981,Birthday,2026-08-01,1,treatment,1,0.4838,0.022,0,0.0,0,0.0,0,0.0,20.25
EXP_DISCOUNT,C0981,Discount,2026-08-01,1,treatment,1,0.4838,0.0307,1,531.03,1,697.25,1,1179.72,23.25
EXP_FESTIVAL,C0981,Festival,2026-08-01,1,control,0,0.4838,0.0395,0,0.0,1,338.09,1,713.55,0.0
EXP_LOYALTY,C0981,Loyalty,2026-08-01,1,control,0,0.4838,0.0483,0,0.0,0,0.0,0,0.0,0.0
EXP_NEW_PRODUCT,C0981,New Product,2026-08-01,1,control,0,0.4838,0.0571,0,0.0,0,0.0,1,1328.52,0.0
EXP_WIN-BACK,C0981,Win-back,2026-08-01,1,treatment,1,0.4838,0.0659,1,428.59,1,707.03,1,999.13,31.0
EXP_BIRTHDAY,C0982,Birthday,2026-08-01,1,treatment,1,0.7147,0.0239,0,0.0,0,0.0,1,1838.05,20.25
EXP_DISCOUNT,C0982,Discount,2026-08-01,1,control,0,0.7147,0.0335,1,761.55,1,1128.99,1,2048.96,0.0
EXP_FESTIVAL,C0982,Festival,2026-08-01,1,treatment,1,0.7147,0.0431,0,0.0,0,0.0,0,0.0,29.0
EXP_LOYALTY,C0982,Loyalty,2026-08-01,1,control,0,0.7147,0.0526,0,0.0,1,1028.68,1,1291.68,0.0
EXP_NEW_PRODUCT,C0982,New Product,2026-08-01,1,control,0,0.7147,0.0622,0,0.0,1,1266.03,1,1834.78,0.0
EXP_WIN-BACK,C0982,Win-back,2026-08-01,1,control,0,0.7147,0.0718,1,469.71,1,1040.24,1,1886.98,0.0
EXP_BIRTHDAY,C0983,Birthday,2026-08-01,1,treatment,1,0.3569,0.0208,0,0.0,0,0.0,0,0.0,20.25
EXP_DISCOUNT,C0983,Discount,2026-08-01,1,treatment,1,0.3569,0.0291,0,0.0,0,0.0,1,3430.8,23.25
EXP_FESTIVAL,C0983,Festival,2026-08-01,1,treatment,1,0.3569,0.0374,0,0.0,0,0.0,0,0.0,29.0
EXP_LOYALTY,C0983,Loyalty,2026-08-01,1,treatment,1,0.3569,0.0457,0,0.0,1,1960.15,1,2482.47,16.0
EXP_NEW_PRODUCT,C0983,New Product,2026-08-01,1,treatment,1,0.3569,0.054,0,0.0,0,0.0,0,0.0,23.0
EXP_WIN-BACK,C0983,Win-back,2026-08-01,1,control,0,0.3569,0.0623,0,0.0,0,0.0,0,0.0,0.0
EXP_BIRTHDAY,C0984,Birthday,2026-08-01,1,control,0,0.3116,0.0204,0,0.0,0,0.0,0,0.0,0.0
EXP_DISCOUNT,C0984,Discount,2026-08-01,1,treatment,1,0.3116,0.0285,1,398.0,1,552.53,1,964.7,23.25
EXP_FESTIVAL,C0984,Festival,2026-08-01,1,control,0,0.3116,0.0366,0,0.0,0,0.0,0,0.0,0.0
EXP_LOYALTY,C0984,Loyalty,2026-08-01,1,control,0,0.3116,0.0448,1,404.19,1,549.46,1,712.24,0.0
EXP_NEW_PRODUCT,C0984,New Product,2026-08-01,1,control,0,0.3116,0.0529,0,0.0,0,0.0,0,0.0,0.0
EXP_WIN-BACK,C0984,Win-back,2026-08-01,1,treatment,1,0.3116,0.0611,0,0.0,0,0.0,1,947.88,31.0
EXP_BIRTHDAY,C0985,Birthday,2026-08-01,1,treatment,1,0.2521,0.0199,0,0.0,0,0.0,0,0.0,20.25
EXP_DISCOUNT,C0985,Discount,2026-08-01,1,treatment,1,0.2521,0.0278,0,0.0,0,0.0,0,0.0,23.25
EXP_FESTIVAL,C0985,Festival,2026-08-01,1,treatment,1,0.2521,0.0358,0,0.0,0,0.0,0,0.0,29.0
EXP_LOYALTY,C0985,Loyalty,2026-08-01,1,treatment,1,0.2521,0.0437,0,0.0,0,0.0,0,0.0,16.0
EXP_NEW_PRODUCT,C0985,New Product,2026-08-01,1,treatment,1,0.2521,0.0517,0,0.0,0,0.0,0,0.0,23.0
EXP_WIN-BACK,C0985,Win-back,2026-08-01,1,control,0,0.2521,0.0596,0,0.0,0,0.0,0,0.0,0.0
EXP_BIRTHDAY,C0986,Birthday,2026-08-01,1,control,0,0.728,0.024,0,0.0,1,1344.29,1,1678.64,0.0
EXP_DISCOUNT,C0986,Discount,2026-08-01,1,treatment,1,0.728,0.0336,0,0.0,0,0.0,0,0.0,23.25
EXP_FESTIVAL,C0986,Festival,2026-08-01,1,treatment,1,0.728,0.0432,0,0.0,0,0.0,1,1103.1,29.0
EXP_LOYALTY,C0986,Loyalty,2026-08-01,1,treatment,1,0.728,0.0528,0,0.0,0,0.0,1,1429.17,16.0
EXP_NEW_PRODUCT,C0986,New Product,2026-08-01,1,treatment,1,0.728,0.0624,0,0.0,0,0.0,0,0.0,23.0
EXP_WIN-BACK,C0986,Win-back,2026-08-01,1,treatment,1,0.728,0.072,1,897.73,1,1096.79,1,1469.68,31.0
EXP_BIRTHDAY,C0987,Birthday,2026-08-01,1,control,0,0.192,0.0195,0,0.0,0,0.0,0,0.0,0.0
EXP_DISCOUNT,C0987,Discount,2026-08-01,1,treatment,1,0.192,0.0272,0,0.0,0,0.0,0,0.0,23.25
EXP_FESTIVAL,C0987,Festival,2026-08-01,1,control,0,0.192,0.035,0,0.0,0,0.0,0,0.0,0.0
EXP_LOYALTY,C0987,Loyalty,2026-08-01,1,treatment,1,0.192,0.0428,0,0.0,0,0.0,0,0.0,16.0
EXP_NEW_PRODUCT,C0987,New Product,2026-08-01,1,control,0,0.192,0.0506,0,0.0,0,0.0,0,0.0,0.0
EXP_WIN-BACK,C0987,Win-back,2026-08-01,1,control,0,0.192,0.0584,0,0.0,0,0.0,0,0.0,0.0
EXP_BIRTHDAY,C0988,Birthday,2026-08-01,1,treatment,1,0.4017,0.0212,0,0.0,0,0.0,0,0.0,20.25
EXP_DISCOUNT,C0988,Discount,2026-08-01,1,treatment,1,0.4017,0.0296,0,0.0,0,0.0,0,0.0,23.25
EXP_FESTIVAL,C0988,Festival,2026-08-01,1,treatment,1,0.4017,0.0381,0,0.0,0,0.0,0,0.0,29.0
EXP_LOYALTY,C0988,Loyalty,2026-08-01,1,control,0,0.4017,0.0466,0,0.0,0,0.0,0,0.0,0.0
EXP_NEW_PRODUCT,C0988,New Product,2026-08-01,1,treatment,1,0.4017,0.055,0,0.0,0,0.0,0,0.0,23.0
EXP_WIN-BACK,C0988,Win-back,2026-08-01,1,treatment,1,0.4017,0.0635,0,0.0,0,0.0,0,0.0,31.0
EXP_BIRTHDAY,C0989,Birthday,2026-08-01,1,treatment,1,0.3132,0.0204,0,0.0,0,0.0,0,0.0,20.25
EXP_DISCOUNT,C0989,Discount,2026-08-01,1,treatment,1,0.3132,0.0285,0,0.0,0,0.0,0,0.0,23.25
EXP_FESTIVAL,C0989,Festival,2026-08-01,1,control,0,0.3132,0.0367,0,0.0,0,0.0,0,0.0,0.0
EXP_LOYALTY,C0989,Loyalty,2026-08-01,1,treatment,1,0.3132,0.0448,1,304.78,1,473.3,1,716.32,16.0
EXP_NEW_PRODUCT,C0989,New Product,2026-08-01,1,control,0,0.3132,0.053,0,0.0,0,0.0,0,0.0,0.0
EXP_WIN-BACK,C0989,Win-back,2026-08-01,1,control,0,0.3132,0.0611,0,0.0,0,0.0,0,0.0,0.0
EXP_BIRTHDAY,C0990,Birthday,2026-08-01,1,treatment,1,0.609,0.0231,1,1439.64,1,1993.38,1,2540.42,20.25
EXP_DISCOUNT,C0990,Discount,2026-08-01,1,treatment,1,0.609,0.0324,1,590.71,1,738.17,1,1244.09,23.25
EXP_FESTIVAL,C0990,Festival,2026-08-01,1,control,0,0.609,0.0416,0,0.0,0,0.0,1,2413.25,0.0
EXP_LOYALTY,C0990,Loyalty,2026-08-01,1,treatment,1,0.609,0.0508,0,0.0,0,0.0,1,1249.87,16.0
EXP_NEW_PRODUCT,C0990,New Product,2026-08-01,1,treatment,1,0.609,0.0601,1,885.61,1,1942.99,1,3524.87,23.0
EXP_WIN-BACK,C0990,Win-back,2026-08-01,1,control,0,0.609,0.0693,0,0.0,0,0.0,1,1822.77,0.0
EXP_BIRTHDAY,C0991,Birthday,2026-08-01,1,control,0,0.4159,0.0213,1,101.06,1,172.26,1,373.83,0.0
EXP_DISCOUNT,C0991,Discount,2026-08-01,1,control,0,0.4159,0.0298,1,179.08,1,272.43,1,394.33,0.0
EXP_FESTIVAL,C0991,Festival,2026-08-01,1,control,0,0.4159,0.0383,0,0.0,1,714.98,1,849.53,0.0
EXP_LOYALTY,C0991,Loyalty,2026-08-01,1,control,0,0.4159,0.0469,1,208.6,1,353.46,1,488.24,0.0
EXP_NEW_PRODUCT,C0991,New Product,2026-08-01,1,control,0,0.4159,0.0554,1,249.29,1,439.45,1,546.67,0.0
EXP_WIN-BACK,C0991,Win-back,2026-08-01,1,treatment,1,0.4159,0.0639,0,0.0,0,0.0,0,0.0,31.0
EXP_BIRTHDAY,C0992,Birthday,2026-08-01,1,control,0,0.492,0.022,0,0.0,0,0.0,0,0.0,0.0
EXP_DISCOUNT,C0992,Discount,2026-08-01,1,control,0,0.492,0.0309,0,0.0,0,0.0,0,0.0,0.0
EXP_FESTIVAL,C0992,Festival,2026-08-01,1,control,0,0.492,0.0397,0,0.0,0,0.0,1,3177.16,0.0
EXP_LOYALTY,C0992,Loyalty,2026-08-01,1,treatment,1,0.492,0.0485,0,0.0,0,0.0,0,0.0,16.0
EXP_NEW_PRODUCT,C0992,New Product,2026-08-01,1,treatment,1,0.492,0.0573,0,0.0,0,0.0,0,0.0,23.0
EXP_WIN-BACK,C0992,Win-back,2026-08-01,1,treatment,1,0.492,0.0661,0,0.0,0,0.0,0,0.0,31.0
EXP_BIRTHDAY,C0993,Birthday,2026-08-01,1,control,0,0.2919,0.0202,0,0.0,1,283.2,1,380.74,0.0
EXP_DISCOUNT,C0993,Discount,2026-08-01,1,treatment,1,0.2919,0.0283,0,0.0,0,0.0,0,0.0,23.25
EXP_FESTIVAL,C0993,Festival,2026-08-01,1,control,0,0.2919,0.0363,0,0.0,1,219.86,1,332.01,0.0
EXP_LOYALTY,C0993,Loyalty,2026-08-01,1,treatment,1,0.2919,0.0444,0,0.0,0,0.0,0,0.0,16.0
EXP_NEW_PRODUCT,C0993,New Product,2026-08-01,1,control,0,0.2919,0.0525,0,0.0,0,0.0,0,0.0,0.0
EXP_WIN-BACK,C0993,Win-back,2026-08-01,1,control,0,0.2919,0.0606,0,0.0,0,0.0,0,0.0,0.0
EXP_BIRTHDAY,C0994,Birthday,2026-08-01,1,control,0,0.4751,0.0219,0,0.0,0,0.0,0,0.0,0.0
EXP_DISCOUNT,C0994,Discount,2026-08-01,1,control,0,0.4751,0.0306,0,0.0,0,0.0,0,0.0,0.0
EXP_FESTIVAL,C0994,Festival,2026-08-01,1,treatment,1,0.4751,0.0394,0,0.0,1,577.27,1,955.75,29.0
EXP_LOYALTY,C0994,Loyalty,2026-08-01,1,treatment,1,0.4751,0.0481,0,0.0,0,0.0,0,0.0,16.0
EXP_NEW_PRODUCT,C0994,New Product,2026-08-01,1,control,0,0.4751,0.0569,0,0.0,0,0.0,1,821.61,0.0
EXP_WIN-BACK,C0994,Win-back,2026-08-01,1,treatment,1,0.4751,0.0656,0,0.0,0,0.0,1,1639.47,31.0
EXP_BIRTHDAY,C0995,Birthday,2026-08-01,1,control,0,0.4639,0.0218,0,0.0,0,0.0,0,0.0,0.0
EXP_DISCOUNT,C0995,Discount,2026-08-01,1,control,0,0.4639,0.0305,0,0.0,0,0.0,0,0.0,0.0
EXP_FESTIVAL,C0995,Festival,2026-08-01,1,control,0,0.4639,0.0392,0,0.0,0,0.0,0,0.0,0.0
EXP_LOYALTY,C0995,Loyalty,2026-08-01,1,treatment,1,0.4639,0.0479,0,0.0,0,0.0,0,0.0,16.0
EXP_NEW_PRODUCT,C0995,New Product,2026-08-01,1,treatment,1,0.4639,0.0566,0,0.0,1,1719.47,1,2070.62,23.0
EXP_WIN-BACK,C0995,Win-back,2026-08-01,1,treatment,1,0.4639,0.0653,1,339.33,1,713.0,1,1345.6,31.0
EXP_BIRTHDAY,C0996,Birthday,2026-08-01,1,control,0,0.4718,0.0218,0,0.0,1,694.32,1,988.02,0.0
EXP_DISCOUNT,C0996,Discount,2026-08-01,1,treatment,1,0.4718,0.0306,1,176.29,1,271.94,1,547.96,23.25
EXP_FESTIVAL,C0996,Festival,2026-08-01,1,treatment,1,0.4718,0.0393,1,497.72,1,741.72,1,1177.54,29.0
EXP_LOYALTY,C0996,Loyalty,2026-08-01,1,control,0,0.4718,0.0481,1,396.79,1,668.64,1,1007.1,0.0
EXP_NEW_PRODUCT,C0996,New Product,2026-08-01,1,treatment,1,0.4718,0.0568,0,0.0,0,0.0,0,0.0,23.0
EXP_WIN-BACK,C0996,Win-back,2026-08-01,1,control,0,0.4718,0.0655,0,0.0,1,860.05,1,1656.21,0.0
EXP_BIRTHDAY,C0997,Birthday,2026-08-01,1,control,0,0.4392,0.0215,0,0.0,0,0.0,1,1118.46,0.0
EXP_DISCOUNT,C0997,Discount,2026-08-01,1,treatment,1,0.4392,0.0301,0,0.0,1,703.22,1,1493.97,23.25
EXP_FESTIVAL,C0997,Festival,2026-08-01,1,control,0,0.4392,0.0388,0,0.0,0,0.0,0,0.0,0.0
EXP_LOYALTY,C0997,Loyalty,2026-08-01,1,control,0,0.4392,0.0474,0,0.0,0,0.0,0,0.0,0.0
EXP_NEW_PRODUCT,C0997,New Product,2026-08-01,1,treatment,1,0.4392,0.056,1,421.84,1,936.25,1,2000.57,23.0
EXP_WIN-BACK,C0997,Win-back,2026-08-01,1,treatment,1,0.4392,0.0646,0,0.0,0,0.0,1,1590.93,31.0
EXP_BIRTHDAY,C0998,Birthday,2026-08-01,1,treatment,1,0.6529,0.0235,0,0.0,0,0.0,1,2425.93,20.25
EXP_DISCOUNT,C0998,Discount,2026-08-01,1,control,0,0.6529,0.0329,0,0.0,0,0.0,0,0.0,0.0
EXP_FESTIVAL,C0998,Festival,2026-08-01,1,control,0,0.6529,0.0422,0,0.0,0,0.0,1,1960.63,0.0
EXP_LOYALTY,C0998,Loyalty,2026-08-01,1,treatment,1,0.6529,0.0516,0,0.0,0,0.0,0,0.0,16.0
EXP_NEW_PRODUCT,C0998,New Product,2026-08-01,1,control,0,0.6529,0.061,1,864.75,1,1294.56,1,2184.86,0.0
EXP_WIN-BACK,C0998,Win-back,2026-08-01,1,control,0,0.6529,0.0704,1,328.42,1,536.68,1,1162.69,0.0
EXP_BIRTHDAY,C0999,Birthday,2026-08-01,1,control,0,0.5881,0.0229,0,0.0,0,0.0,1,848.09,0.0
EXP_DISCOUNT,C0999,Discount,2026-08-01,1,treatment,1,0.5881,0.0321,1,531.14,1,697.16,1,968.18,23.25
EXP_FESTIVAL,C0999,Festival,2026-08-01,1,control,0,0.5881,0.0413,0,0.0,0,0.0,0,0.0,0.0
EXP_LOYALTY,C0999,Loyalty,2026-08-01,1,control,0,0.5881,0.0504,1,377.45,1,571.69,1,974.85,0.0
EXP_NEW_PRODUCT,C0999,New Product,2026-08-01,1,treatment,1,0.5881,0.0596,0,0.0,0,0.0,0,0.0,23.0
EXP_WIN-BACK,C0999,Win-back,2026-08-01,1,treatment,1,0.5881,0.0688,0,0.0,0,0.0,0,0.0,31.0
EXP_BIRTHDAY,C1000,Birthday,2026-08-01,1,treatment,1,0.3271,0.0205,0,0.0,1,1493.47,1,1863.63,20.25
EXP_DISCOUNT,C1000,Discount,2026-08-01,1,treatment,1,0.3271,0.0287,1,296.69,1,384.2,1,463.87,23.25
EXP_FESTIVAL,C1000,Festival,2026-08-01,1,treatment,1,0.3271,0.0369,0,0.0,0,0.0,0,0.0,29.0
EXP_LOYALTY,C1000,Loyalty,2026-08-01,1,control,0,0.3271,0.0451,1,182.11,1,354.22,1,479.27,0.0
EXP_NEW_PRODUCT,C1000,New Product,2026-08-01,1,treatment,1,0.3271,0.0533,0,0.0,0,0.0,1,891.05,23.0
EXP_WIN-BACK,C1000,Win-back,2026-08-01,1,control,0,0.3271,0.0615,0,0.0,0,0.0,0,0.0,0.0
