campaign_id,customer_id,campaign_date,campaign_type,reward_type,reward_value,campaign_cost,sent,delivered,clicked,redeemed,redemption_date
CAMP00001,C0058,30-11-2024,Discount,Percentage Discount,5,19.75,1,1,1,0,
CAMP00002,C0461,28-07-2026,New Product,Free Item,1,23,1,1,0,0,
CAMP00003,C0777,21-07-2025,Win-back,Percentage Discount,15,29.25,1,0,0,0,
CAMP00004,C0358,11-11-2025,Festival,Percentage Discount,10,25.5,1,1,1,0,
CAMP00005,C0200,13-07-2026,Festival,Percentage Discount,30,32.5,1,1,0,0,
CAMP00006,C0817,12-09-2025,New Product,Free Item,1,23,1,1,0,0,
CAMP00007,C0542,14-07-2026,Birthday,Percentage Discount,10,18.5,1,1,0,0,
CAMP00008,C0523,13-06-2025,Festival,Percentage Discount,10,25.5,1,1,1,0,
CAMP00009,C0801,18-05-2025,Loyalty,Points,150,18,1,0,0,0,
CAMP00010,C0075,19-10-2025,Discount,Percentage Discount,20,25,1,1,1,0,
CAMP00011,C0432,29-11-2025,Win-back,Percentage Discount,10,27.5,1,1,1,0,
CAMP00012,C0583,23-01-2026,New Product,Free Item,1,23,1,0,0,0,
CAMP00013,C0144,26-07-2025,Discount,Percentage Discount,15,23.25,1,1,0,0,
CAMP00014,C0110,20-09-2025,New Product,Free Item,1,23,1,1,0,0,
CAMP00015,C0014,03-10-2025,New Product,Free Item,1,23,1,1,1,0,
CAMP00016,C0186,18-08-2026,Discount,Percentage Discount,10,21.5,1,1,0,0,
CAMP00017,C0225,29-05-2026,Win-back,Percentage Discount,20,31,1,1,1,1,01-06-2026
CAMP00018,C0351,22-11-2024,Loyalty,Points,50,14,1,1,0,0,
CAMP00019,C0045,17-09-2025,New Product,Free Item,1,23,1,1,0,0,
CAMP00020,C0791,05-08-2025,New Product,Free Item,1,23,1,1,1,0,
CAMP00021,C0983,13-07-2026,Loyalty,Points,150,18,1,1,0,0,
CAMP00022,C0778,08-01-2026,Birthday,Percentage Discount,20,22,1,1,0,0,
CAMP00023,C0148,07-06-2026,Win-back,Percentage Discount,10,27.5,1,1,0,0,
CAMP00024,C0008,09-08-2026,Discount,Percentage Discount,15,23.25,1,1,1,1,18-08-2026
CAMP00025,C0239,28-11-2025,Win-back,Percentage Discount,20,31,1,1,0,0,
CAMP00026,C0662,18-01-2025,Birthday,Percentage Discount,10,18.5,1,1,0,0,
CAMP00027,C0964,31-10-2025,New Product,Free Item,1,23,1,0,0,0,
CAMP00028,C0157,27-04-2026,Win-back,Percentage Discount,10,27.5,1,1,0,0,
CAMP00029,C0401,20-07-2025,New Product,Free Item,1,23,1,1,0,0,
CAMP00030,C0003,14-03-2026,Win-back,Percentage Discount,10,27.5,1,0,0,0,
CAMP00031,C0615,06-08-2026,Discount,Percentage Discount,20,25,1,1,1,0,
CAMP00032,C0387,20-08-2026,Win-back,Percentage Discount,25,32.75,1,0,0,0,
CAMP00033,C0889,13-03-2026,New Product,Free Item,1,23,1,1,1,0,
CAMP00034,C0563,23-08-2026,Festival,Percentage Discount,25,30.75,1,1,0,0,
CAMP00035,C0076,14-08-2024,Festival,Percentage Discount,30,32.5,1,1,0,0,
CAMP00036,C0469,02-06-2024,Loyalty,Points,50,14,1,1,0,0,
CAMP00037,C0950,29-06-2026,Festival,Percentage Discount,30,32.5,1,1,0,0,
CAMP00038,C0040,30-04-2026,Loyalty,Points,100,16,1,1,0,0,
CAMP00039,C0246,04-08-2026,Festival,Percentage Discount,20,29,1,0,0,0,
CAMP00040,C0101,10-06-2026,Birthday,Percentage Discount,20,22,1,0,0,0,
CAMP00041,C0314,19-10-2025,Loyalty,Points,250,22,1,1,0,0,
CAMP00042,C0587,19-07-2024,Win-back,Percentage Discount,10,27.5,1,1,0,0,
CAMP00043,C0264,21-01-2025,Loyalty,Points,100,16,1,1,1,1,27-01-2025
CAMP00044,C0747,17-08-2026,New Product,Free Item,1,23,1,0,0,0,
CAMP00045,C0584,19-11-2025,Win-back,Percentage Discount,15,29.25,1,1,1,0,
CAMP00046,C0124,05-02-2025,New Product,Free Item,1,23,1,1,0,0,
CAMP00047,C0979,11-08-2025,Discount,Percentage Discount,5,19.75,1,1,1,0,
CAMP00048,C0307,15-08-2026,Win-back,Percentage Discount,10,27.5,1,1,0,0,
CAMP00049,C0923,17-02-2024,Win-back,Percentage Discount,10,27.5,1,1,0,0,
CAMP00050,C0983,05-07-2026,Festival,Percentage Discount,25,30.75,1,1,0,0,
CAMP00051,C0997,11-07-2026,Loyalty,Points,250,22,1,1,1,0,
CAMP00052,C0839,22-06-2025,Festival,Percentage Discount,25,30.75,1,1,0,0,
CAMP00053,C0519,05-09-2025,Birthday,Percentage Discount,10,18.5,1,1,1,1,10-09-2025
CAMP00054,C0425,31-03-2025,Birthday,Percentage Discount,10,18.5,1,1,0,0,
CAMP00055,C0920,11-03-2026,Birthday,Percentage Discount,10,18.5,1,0,0,0,
CAMP00056,C0876,19-03-2025,Birthday,Percentage Discount,20,22,1,1,0,0,
CAMP00057,C0652,17-02-2025,Festival,Percentage Discount,30,32.5,1,1,0,0,
CAMP00058,C0050,30-06-2026,Loyalty,Points,100,16,1,1,0,0,
CAMP00059,C0571,19-07-2026,Festival,Percentage Discount,10,25.5,1,1,1,0,
CAMP00060,C0066,28-06-2026,New Product,Free Item,1,23,1,1,1,0,
CAMP00061,C0075,06-04-2026,Birthday,Percentage Discount,10,18.5,1,1,0,0,
CAMP00062,C0141,31-08-2026,Discount,Percentage Discount,5,19.75,1,1,0,0,
CAMP00063,C0503,14-05-2026,Win-back,Percentage Discount,25,32.75,1,1,0,0,
CAMP00064,C0398,07-10-2025,Win-back,Percentage Discount,15,29.25,1,1,0,0,
CAMP00065,C0670,07-11-2024,Loyalty,Points,150,18,1,1,0,0,
CAMP00066,C0513,23-01-2026,Win-back,Percentage Discount,15,29.25,1,1,1,1,26-01-2026
CAMP00067,C0088,23-07-2026,New Product,Free Item,1,23,1,1,0,0,
CAMP00068,C0962,22-06-2026,Win-back,Percentage Discount,15,29.25,1,1,0,0,
CAMP00069,C0158,12-08-2026,Discount,Percentage Discount,5,19.75,1,1,1,0,
CAMP00070,C0476,05-04-2026,Loyalty,Points,50,14,1,0,0,0,
CAMP00071,C0513,24-08-2026,Loyalty,Points,150,18,1,1,1,1,29-08-2026
CAMP00072,C0684,15-08-2026,Festival,Percentage Discount,30,32.5,1,1,0,0,
CAMP00073,C0481,06-10-2024,Discount,Percentage Discount,20,25,1,1,0,0,
CAMP00074,C0762,21-02-2026,Festival,Percentage Discount,10,25.5,1,1,0,0,
CAMP00075,C0773,17-03-2025,Birthday,Percentage Discount,20,22,1,1,1,0,
CAMP00076,C0317,12-08-2026,Loyalty,Points,150,18,1,1,0,0,
CAMP00077,C0094,15-01-2025,Birthday,Percentage Discount,20,22,1,1,1,0,
CAMP00078,C0763,09-07-2024,Win-back,Percentage Discount,10,27.5,1,1,0,0,
CAMP00079,C0654,18-05-2024,Festival,Percentage Discount,20,29,1,1,0,0,
CAMP00080,C0050,25-05-2026,New Product,Free Item,1,23,1,1,0,0,
CAMP00081,C0667,10-08-2026,New Product,Free Item,1,23,1,1,0,0,
CAMP00082,C0284,29-06-2026,Discount,Percentage Discount,15,23.25,1,1,0,0,
CAMP00083,C0023,15-09-2025,Festival,Percentage Discount,25,30.75,1,1,1,0,
CAMP00084,C0259,23-05-2026,Birthday,Percentage Discount,20,22,1,1,1,0,
CAMP00085,C0101,26-12-2025,Birthday,Percentage Discount,15,20.25,1,1,0,0,
CAMP00086,C0402,07-06-2025,New Product,Free Item,1,23,1,1,0,0,
CAMP00087,C0162,18-08-2026,Birthday,Percentage Discount,15,20.25,1,1,1,1,25-08-2026
CAMP00088,C0827,19-11-2024,Loyalty,Points,150,18,1,1,1,0,
CAMP00089,C0915,17-01-2025,Win-back,Percentage Discount,25,32.75,1,1,0,0,
CAMP00090,C0725,21-08-2026,Loyalty,Points,150,18,1,1,0,0,
CAMP00091,C0804,12-09-2025,Festival,Percentage Discount,10,25.5,1,1,0,0,
CAMP00092,C0811,16-04-2026,Birthday,Percentage Discount,15,20.25,1,1,1,0,
CAMP00093,C0237,31-05-2025,Festival,Percentage Discount,20,29,1,1,1,0,
CAMP00094,C0455,29-05-2026,New Product,Free Item,1,23,1,1,0,0,
CAMP00095,C0127,13-03-2025,Win-back,Percentage Discount,20,31,1,1,0,0,
CAMP00096,C0003,18-04-2025,Birthday,Percentage Discount,20,22,1,0,0,0,
CAMP00097,C0539,26-04-2026,Festival,Percentage Discount,25,30.75,1,1,1,1,02-05-2026
CAMP00098,C0472,22-07-2026,Festival,Percentage Discount,20,29,1,1,1,0,
CAMP00099,C0820,08-08-2026,Festival,Percentage Discount,25,30.75,1,1,0,0,
CAMP00100,C0824,15-06-2026,Loyalty,Points,150,18,1,1,0,0,
CAMP00101,C0373,23-10-2024,Loyalty,Points,50,14,1,1,0,0,
CAMP00102,C0251,13-05-2026,Festival,Percentage Discount,15,27.25,1,1,0,0,
CAMP00103,C0143,27-07-2024,Loyalty,Points,250,22,1,1,0,0,
CAMP00104,C0574,24-10-2025,Loyalty,Points,150,18,1,1,1,0,
CAMP00105,C0755,01-03-2026,Loyalty,Points,100,16,1,1,0,0,
CAMP00106,C0851,23-02-2025,New Product,Free Item,1,23,1,1,0,0,
CAMP00107,C0153,11-08-2026,Discount,Percentage Discount,15,23.25,1,1,1,1,19-08-2026
CAMP00108,C0539,16-03-2026,Festival,Percentage Discount,10,25.5,1,1,0,0,
CAMP00109,C0376,21-04-2026,Win-back,Percentage Discount,15,29.25,1,1,1,0,
CAMP00110,C0034,07-08-2026,Win-back,Percentage Discount,10,27.5,1,0,0,0,
CAMP00111,C0393,13-02-2024,Win-back,Percentage Discount,15,29.25,1,1,0,0,
CAMP00112,C0579,15-06-2026,New Product,Free Item,1,23,1,1,0,0,
CAMP00113,C0897,10-05-2024,New Product,Free Item,1,23,1,1,0,0,
CAMP00114,C0844,31-01-2025,Festival,Percentage Discount,20,29,1,1,0,0,
CAMP00115,C0009,24-03-2026,Festival,Percentage Discount,30,32.5,1,1,0,0,
CAMP00116,C0098,23-02-2026,Festival,Percentage Discount,25,30.75,1,1,0,0,
CAMP00117,C0374,16-02-2024,Discount,Percentage Discount,10,21.5,1,1,0,0,
CAMP00118,C0984,28-07-2026,Loyalty,Points,150,18,1,1,0,0,
CAMP00119,C0313,21-07-2026,Win-back,Percentage Discount,20,31,1,1,0,0,
CAMP00120,C0111,13-03-2025,Festival,Percentage Discount,30,32.5,1,1,1,0,
CAMP00121,C0008,26-08-2026,New Product,Free Item,1,23,1,1,0,0,
CAMP00122,C0951,28-08-2026,Win-back,Percentage Discount,15,29.25,1,1,0,0,
CAMP00123,C0029,17-07-2026,New Product,Free Item,1,23,1,1,0,0,
CAMP00124,C0938,02-11-2024,Loyalty,Points,250,22,1,1,0,0,
CAMP00125,C0790,31-08-2026,Discount,Percentage Discount,15,23.25,1,1,0,0,
CAMP00126,C0665,28-04-2025,Festival,Percentage Discount,25,30.75,1,1,0,0,
CAMP00127,C0159,06-06-2026,New Product,Free Item,1,23,1,1,0,0,
CAMP00128,C0747,07-07-2026,Win-back,Percentage Discount,25,32.75,1,1,1,0,
CAMP00129,C0472,24-06-2026,Festival,Percentage Discount,30,32.5,1,0,0,0,
CAMP00130,C0108,22-07-2026,Birthday,Percentage Discount,15,20.25,1,1,1,0,
CAMP00131,C0936,24-10-2025,Win-back,Percentage Discount,20,31,1,0,0,0,
CAMP00132,C0776,27-02-2026,New Product,Free Item,1,23,1,1,0,0,
CAMP00133,C0580,07-08-2026,Festival,Percentage Discount,10,25.5,1,1,0,0,
CAMP00134,C0712,17-06-2025,Win-back,Percentage Discount,25,32.75,1,1,0,0,
CAMP00135,C0222,19-02-2024,Birthday,Percentage Discount,15,20.25,1,1,1,1,03-03-2024
CAMP00136,C0647,31-08-2026,New Product,Free Item,1,23,1,0,0,0,
CAMP00137,C0530,19-01-2026,Loyalty,Points,100,16,1,1,0,0,
CAMP00138,C0324,09-06-2026,Festival,Percentage Discount,10,25.5,1,1,0,0,
CAMP00139,C0255,20-12-2025,Discount,Percentage Discount,10,21.5,1,1,0,0,
CAMP00140,C0354,28-07-2026,Discount,Percentage Discount,20,25,1,1,0,0,
CAMP00141,C0328,15-12-2023,Festival,Percentage Discount,20,29,1,1,0,0,
CAMP00142,C0469,06-02-2025,Festival,Percentage Discount,10,25.5,1,1,1,0,
CAMP00143,C0344,18-06-2026,Win-back,Percentage Discount,15,29.25,1,1,0,0,
CAMP00144,C0915,23-08-2025,Birthday,Percentage Discount,10,18.5,1,1,1,0,
CAMP00145,C0462,26-12-2025,Win-back,Percentage Discount,20,31,1,1,0,0,
CAMP00146,C0827,27-05-2024,Discount,Percentage Discount,15,23.25,1,1,0,0,
CAMP00147,C0942,02-06-2026,Birthday,Percentage Discount,20,22,1,1,0,0,
CAMP00148,C0290,26-11-2025,Discount,Percentage Discount,20,25,1,1,1,1,08-12-2025
CAMP00149,C0112,19-08-2025,Birthday,Percentage Discount,20,22,1,1,0,0,
CAMP00150,C0499,19-07-2025,Win-back,Percentage Discount,25,32.75,1,1,0,0,
CAMP00151,C0443,09-09-2025,Birthday,Percentage Discount,10,18.5,1,1,1,0,
CAMP00152,C0143,08-08-2025,Birthday,Percentage Discount,15,20.25,1,1,0,0,
CAMP00153,C0625,22-08-2026,Birthday,Percentage Discount,20,22,1,0,0,0,
CAMP00154,C0312,08-06-2026,Birthday,Percentage Discount,20,22,1,1,1,1,10-06-2026
CAMP00155,C0511,23-12-2024,Loyalty,Points,100,16,1,1,1,0,
CAMP00156,C0449,19-07-2026,Win-back,Percentage Discount,20,31,1,1,1,1,24-07-2026
CAMP00157,C0504,03-05-2026,Festival,Percentage Discount,10,25.5,1,1,1,0,
CAMP00158,C0080,22-07-2024,New Product,Free Item,1,23,1,1,0,0,
CAMP00159,C0762,06-04-2026,Discount,Percentage Discount,20,25,1,1,0,0,
CAMP00160,C0050,04-06-2026,Discount,Percentage Discount,15,23.25,1,1,1,1,17-06-2026
CAMP00161,C0293,22-01-2025,Discount,Percentage Discount,5,19.75,1,1,1,0,
CAMP00162,C0424,21-03-2026,Festival,Percentage Discount,10,25.5,1,0,0,0,
CAMP00163,C0560,05-05-2026,New Product,Free Item,1,23,1,1,0,0,
CAMP00164,C0587,10-09-2024,Discount,Percentage Discount,10,21.5,1,1,1,0,
CAMP00165,C0597,01-04-2025,New Product,Free Item,1,23,1,0,0,0,
CAMP00166,C0582,21-03-2026,Win-back,Percentage Discount,20,31,1,1,0,0,
CAMP00167,C0500,25-04-2026,Loyalty,Points,100,16,1,1,0,0,
CAMP00168,C0440,11-12-2025,Festival,Percentage Discount,30,32.5,1,0,0,0,
CAMP00169,C0368,07-12-2024,Win-back,Percentage Discount,10,27.5,1,1,0,0,
CAMP00170,C0516,24-10-2024,Loyalty,Points,100,16,1,1,0,0,
CAMP00171,C0213,17-05-2024,New Product,Free Item,1,23,1,1,1,0,
CAMP00172,C0659,14-09-2025,Discount,Percentage Discount,20,25,1,1,0,0,
CAMP00173,C0928,26-03-2026,Discount,Percentage Discount,20,25,1,1,1,0,
CAMP00174,C0358,15-04-2026,Discount,Percentage Discount,5,19.75,1,1,1,0,
CAMP00175,C0725,26-06-2026,Discount,Percentage Discount,15,23.25,1,1,1,0,
CAMP00176,C0575,30-11-2023,Loyalty,Points,100,16,1,1,1,1,03-12-2023
CAMP00177,C0213,21-11-2025,Loyalty,Points,100,16,1,1,0,0,
CAMP00178,C0917,10-06-2026,Festival,Percentage Discount,15,27.25,1,1,0,0,
CAMP00179,C0807,30-11-2025,Discount,Percentage Discount,15,23.25,1,1,1,0,
CAMP00180,C0452,19-04-2025,New Product,Free Item,1,23,1,1,0,0,
CAMP00181,C0449,04-05-2026,Festival,Percentage Discount,20,29,1,1,1,0,
CAMP00182,C0092,30-11-2025,New Product,Free Item,1,23,1,1,1,0,
CAMP00183,C0571,19-05-2025,Birthday,Percentage Discount,10,18.5,1,1,0,0,
CAMP00184,C0027,03-03-2026,New Product,Free Item,1,23,1,0,0,0,
CAMP00185,C0915,13-02-2025,Festival,Percentage Discount,15,27.25,1,1,1,1,25-02-2025
CAMP00186,C0516,26-07-2026,Win-back,Percentage Discount,15,29.25,1,1,0,0,
CAMP00187,C0670,24-05-2026,Win-back,Percentage Discount,10,27.5,1,1,1,0,
CAMP00188,C0033,12-05-2026,Discount,Percentage Discount,10,21.5,1,1,0,0,
CAMP00189,C0578,31-07-2024,Loyalty,Points,250,22,1,1,0,0,
CAMP00190,C0068,14-08-2025,Loyalty,Points,100,16,1,1,1,0,
CAMP00191,C0375,17-03-2025,Birthday,Percentage Discount,10,18.5,1,1,0,0,
CAMP00192,C0998,02-07-2026,New Product,Free Item,1,23,1,1,0,0,
CAMP00193,C0485,21-05-2026,Discount,Percentage Discount,15,23.25,1,1,0,0,
CAMP00194,C0058,16-03-2025,Discount,Percentage Discount,15,23.25,1,1,1,0,
CAMP00195,C0510,06-08-2026,Birthday,Percentage Discount,15,20.25,1,1,1,0,
CAMP00196,C0974,02-07-2026,Festival,Percentage Discount,30,32.5,1,1,0,0,
CAMP00197,C0329,09-10-2025,Festival,Percentage Discount,25,30.75,1,1,0,0,
CAMP00198,C0245,01-11-2025,Festival,Percentage Discount,20,29,1,1,0,0,
CAMP00199,C0656,10-10-2025,Festival,Percentage Discount,25,30.75,1,1,0,0,
CAMP00200,C0372,07-06-2025,Festival,Percentage Discount,30,32.5,1,1,0,0,
CAMP00201,C0159,30-12-2025,Festival,Percentage Discount,20,29,1,1,0,0,
CAMP00202,C0895,23-09-2024,Festival,Percentage Discount,10,25.5,1,1,1,0,
CAMP00203,C0260,09-10-2025,Festival,Percentage Discount,25,30.75,1,1,0,0,
CAMP00204,C0558,22-02-2025,Discount,Percentage Discount,15,23.25,1,1,0,0,
CAMP00205,C0911,12-08-2026,Festival,Percentage Discount,15,27.25,1,1,1,1,20-08-2026
CAMP00206,C0655,24-09-2025,Discount,Percentage Discount,20,25,1,0,0,0,
CAMP00207,C0301,01-01-2026,Discount,Percentage Discount,5,19.75,1,1,1,0,
CAMP00208,C0769,27-12-2025,Loyalty,Points,250,22,1,1,0,0,
CAMP00209,C0434,07-04-2026,Festival,Percentage Discount,25,30.75,1,1,0,0,
CAMP00210,C0358,17-10-2024,New Product,Free Item,1,23,1,1,1,0,
CAMP00211,C0841,10-12-2025,Discount,Percentage Discount,20,25,1,1,0,0,
CAMP00212,C0753,15-10-2025,Discount,Percentage Discount,10,21.5,1,1,0,0,
CAMP00213,C0749,17-06-2025,Birthday,Percentage Discount,10,18.5,1,1,0,0,
CAMP00214,C0123,06-08-2024,Win-back,Percentage Discount,20,31,1,1,1,0,
CAMP00215,C0489,09-10-2025,Win-back,Percentage Discount,15,29.25,1,1,0,0,
CAMP00216,C0247,14-09-2025,Birthday,Percentage Discount,20,22,1,1,0,0,
CAMP00217,C0814,02-04-2026,Loyalty,Points,250,22,1,1,0,0,
CAMP00218,C0140,29-03-2025,New Product,Free Item,1,23,1,1,0,0,
CAMP00219,C0304,08-05-2025,New Product,Free Item,1,23,1,1,0,0,
CAMP00220,C0498,26-07-2026,Birthday,Percentage Discount,20,22,1,0,0,0,
CAMP00221,C0118,04-06-2026,Loyalty,Points,250,22,1,1,0,0,
CAMP00222,C0631,24-04-2026,Win-back,Percentage Discount,15,29.25,1,0,0,0,
CAMP00223,C0310,17-09-2025,Discount,Percentage Discount,5,19.75,1,1,1,1,27-09-2025
CAMP00224,C0921,06-01-2026,Festival,Percentage Discount,25,30.75,1,1,0,0,
CAMP00225,C0469,10-11-2023,Win-back,Percentage Discount,15,29.25,1,1,0,0,
CAMP00226,C0851,27-10-2025,Loyalty,Points,100,16,1,1,0,0,
CAMP00227,C0358,31-07-2026,Win-back,Percentage Discount,20,31,1,1,0,0,
CAMP00228,C0958,02-01-2026,Win-back,Percentage Discount,25,32.75,1,1,0,0,
CAMP00229,C0606,04-11-2025,Birthday,Percentage Discount,20,22,1,1,0,0,
CAMP00230,C0539,24-08-2026,Festival,Percentage Discount,25,30.75,1,1,0,0,
CAMP00231,C0837,24-06-2026,Discount,Percentage Discount,10,21.5,1,1,0,0,
CAMP00232,C0820,28-12-2025,Birthday,Percentage Discount,20,22,1,1,0,0,
CAMP00233,C0787,11-12-2023,Win-back,Percentage Discount,15,29.25,1,1,0,0,
CAMP00234,C0159,31-01-2026,Festival,Percentage Discount,15,27.25,1,1,0,0,
CAMP00235,C0558,24-07-2025,Win-back,Percentage Discount,10,27.5,1,1,1,1,31-07-2025
CAMP00236,C0976,22-06-2026,Festival,Percentage Discount,15,27.25,1,1,0,0,
CAMP00237,C0155,16-08-2024,Discount,Percentage Discount,5,19.75,1,1,0,0,
CAMP00238,C0018,05-02-2025,Birthday,Percentage Discount,20,22,1,1,0,0,
CAMP00239,C0607,02-08-2025,Birthday,Percentage Discount,15,20.25,1,1,0,0,
CAMP00240,C0816,20-06-2026,Discount,Percentage Discount,15,23.25,1,1,0,0,
CAMP00241,C0821,13-03-2024,Birthday,Percentage Discount,15,20.25,1,1,0,0,
CAMP00242,C0473,07-03-2026,Festival,Percentage Discount,15,27.25,1,1,0,0,
CAMP00243,C0901,15-08-2026,New Product,Free Item,1,23,1,1,1,0,
CAMP00244,C0780,12-06-2024,Festival,Percentage Discount,10,25.5,1,1,0,0,
CAMP00245,C0765,19-02-2026,Birthday,Percentage Discount,15,20.25,1,1,1,0,
CAMP00246,C0406,24-10-2024,Discount,Percentage Discount,10,21.5,1,1,0,0,
CAMP00247,C0748,13-03-2026,Loyalty,Points,250,22,1,1,0,0,
CAMP00248,C0120,26-05-2026,Festival,Percentage Discount,10,25.5,1,1,1,1,02-06-2026
CAMP00249,C0007,20-07-2026,Festival,Percentage Discount,10,25.5,1,1,1,1,25-07-2026
CAMP00250,C0421,16-07-2026,Festival,Percentage Discount,10,25.5,1,1,1,1,24-07-2026
CAMP00251,C0861,18-08-2026,Birthday,Percentage Discount,20,22,1,1,0,0,
CAMP00252,C0972,03-08-2026,Discount,Percentage Discount,15,23.25,1,1,0,0,
CAMP00253,C0217,05-01-2026,Loyalty,Points,50,14,1,0,0,0,
CAMP00254,C0058,26-11-2025,Festival,Percentage Discount,15,27.25,1,1,0,0,
CAMP00255,C0421,09-01-2026,Loyalty,Points,50,14,1,1,1,1,12-01-2026
CAMP00256,C0803,02-04-2026,New Product,Free Item,1,23,1,0,0,0,
CAMP00257,C0128,17-05-2026,Discount,Percentage Discount,20,25,1,1,0,0,
CAMP00258,C0996,24-07-2025,Discount,Percentage Discount,10,21.5,1,0,0,0,
CAMP00259,C0479,02-10-2025,New Product,Free Item,1,23,1,1,0,0,
CAMP00260,C0742,02-08-2026,Loyalty,Points,100,16,1,1,1,0,
CAMP00261,C0680,23-07-2024,New Product,Free Item,1,23,1,1,1,0,
CAMP00262,C0200,07-01-2025,Win-back,Percentage Discount,10,27.5,1,1,1,0,
CAMP00263,C0329,08-07-2026,Win-back,Percentage Discount,25,32.75,1,1,0,0,
CAMP00264,C0845,21-07-2026,Win-back,Percentage Discount,10,27.5,1,1,0,0,
CAMP00265,C0773,17-12-2024,Festival,Percentage Discount,20,29,1,1,1,1,23-12-2024
CAMP00266,C0773,27-02-2025,Birthday,Percentage Discount,15,20.25,1,1,0,0,
CAMP00267,C0933,25-08-2026,Win-back,Percentage Discount,15,29.25,1,1,0,0,
CAMP00268,C0937,06-04-2026,Festival,Percentage Discount,20,29,1,1,0,0,
CAMP00269,C0078,10-08-2025,New Product,Free Item,1,23,1,1,0,0,
CAMP00270,C0393,06-09-2025,Festival,Percentage Discount,20,29,1,1,0,0,
CAMP00271,C0356,13-07-2026,Win-back,Percentage Discount,25,32.75,1,1,0,0,
CAMP00272,C0507,11-04-2024,Birthday,Percentage Discount,10,18.5,1,1,0,0,
CAMP00273,C0459,09-07-2026,Win-back,Percentage Discount,15,29.25,1,0,0,0,
CAMP00274,C0975,22-08-2026,Loyalty,Points,50,14,1,1,0,0,
CAMP00275,C0266,22-10-2025,Win-back,Percentage Discount,20,31,1,1,0,0,
CAMP00276,C0358,29-08-2025,New Product,Free Item,1,23,1,1,0,0,
CAMP00277,C0161,30-08-2026,New Product,Free Item,1,23,1,1,1,0,
CAMP00278,C0344,13-05-2026,Festival,Percentage Discount,15,27.25,1,1,0,0,
CAMP00279,C0065,21-11-2023,Win-back,Percentage Discount,10,27.5,1,0,0,0,
CAMP00280,C0506,17-02-2026,Birthday,Percentage Discount,20,22,1,1,0,0,
CAMP00281,C0876,19-07-2026,Loyalty,Points,100,16,1,1,0,0,
CAMP00282,C0715,08-03-2025,New Product,Free Item,1,23,1,1,0,0,
CAMP00283,C0742,30-07-2026,Loyalty,Points,100,16,1,1,0,0,
CAMP00284,C0400,24-06-2026,Win-back,Percentage Discount,15,29.25,1,1,0,0,
CAMP00285,C0416,30-07-2026,Loyalty,Points,100,16,1,1,0,0,
CAMP00286,C0338,13-10-2025,Festival,Percentage Discount,30,32.5,1,1,0,0,
CAMP00287,C0442,17-05-2026,New Product,Free Item,1,23,1,1,0,0,
CAMP00288,C0494,20-01-2026,New Product,Free Item,1,23,1,1,0,0,
CAMP00289,C0567,06-02-2026,Win-back,Percentage Discount,20,31,1,1,0,0,
CAMP00290,C0782,31-03-2026,New Product,Free Item,1,23,1,1,0,0,
CAMP00291,C0483,02-03-2026,New Product,Free Item,1,23,1,1,0,0,
CAMP00292,C0121,02-01-2026,Discount,Percentage Discount,20,25,1,1,0,0,
CAMP00293,C0460,09-11-2025,Loyalty,Points,150,18,1,1,0,0,
CAMP00294,C0242,12-06-2026,Loyalty,Points,250,22,1,1,0,0,
CAMP00295,C0804,27-03-2025,Win-back,Percentage Discount,10,27.5,1,1,0,0,
CAMP00296,C0014,27-05-2026,Win-back,Percentage Discount,10,27.5,1,1,0,0,
CAMP00297,C0093,10-09-2025,Win-back,Percentage Discount,20,31,1,1,1,0,
CAMP00298,C0380,04-01-2025,Festival,Percentage Discount,20,29,1,0,0,0,
CAMP00299,C0828,12-01-2026,Discount,Percentage Discount,20,25,1,1,0,0,
CAMP00300,C0615,11-05-2026,Birthday,Percentage Discount,20,22,1,1,0,0,
CAMP00301,C0734,24-06-2026,Win-back,Percentage Discount,25,32.75,1,1,0,0,
CAMP00302,C0378,03-07-2026,New Product,Free Item,1,23,1,0,0,0,
CAMP00303,C0662,03-01-2026,Win-back,Percentage Discount,10,27.5,1,1,0,0,
CAMP00304,C0004,09-08-2026,Win-back,Percentage Discount,20,31,1,1,0,0,
CAMP00305,C0565,12-03-2026,Win-back,Percentage Discount,20,31,1,1,0,0,
CAMP00306,C0026,25-01-2026,Loyalty,Points,100,16,1,1,1,0,
CAMP00307,C0647,24-06-2026,Festival,Percentage Discount,25,30.75,1,1,0,0,
CAMP00308,C0437,22-08-2026,Festival,Percentage Discount,20,29,1,1,0,0,
CAMP00309,C0103,15-08-2026,Win-back,Percentage Discount,10,27.5,1,1,0,0,
CAMP00310,C0795,08-11-2025,Festival,Percentage Discount,25,30.75,1,1,0,0,
CAMP00311,C0459,04-01-2026,Festival,Percentage Discount,20,29,1,1,1,0,
CAMP00312,C0965,16-10-2025,New Product,Free Item,1,23,1,1,1,0,
CAMP00313,C0462,28-02-2026,Loyalty,Points,100,16,1,1,0,0,
CAMP00314,C0960,04-03-2025,New Product,Free Item,1,23,1,1,1,0,
CAMP00315,C0169,07-08-2026,Birthday,Percentage Discount,20,22,1,1,0,0,
CAMP00316,C0528,01-07-2026,New Product,Free Item,1,23,1,1,0,0,
CAMP00317,C0988,29-08-2026,New Product,Free Item,1,23,1,1,1,1,31-08-2026
CAMP00318,C0392,21-04-2026,Win-back,Percentage Discount,25,32.75,1,1,1,0,
CAMP00319,C0136,10-08-2026,Festival,Percentage Discount,10,25.5,1,1,1,0,
CAMP00320,C0230,06-08-2026,Win-back,Percentage Discount,20,31,1,1,0,0,
CAMP00321,C0747,24-08-2026,Win-back,Percentage Discount,15,29.25,1,1,0,0,
CAMP00322,C0481,04-04-2026,Discount,Percentage Discount,15,23.25,1,1,0,0,
CAMP00323,C0429,30-01-2025,Loyalty,Points,250,22,1,1,1,1,05-02-2025
CAMP00324,C0638,03-07-2026,Loyalty,Points,100,16,1,1,0,0,
CAMP00325,C0653,29-05-2026,Birthday,Percentage Discount,20,22,1,1,0,0,
CAMP00326,C0781,13-07-2026,Birthday,Percentage Discount,15,20.25,1,1,0,0,
CAMP00327,C0371,10-03-2025,New Product,Free Item,1,23,1,1,0,0,
CAMP00328,C0177,10-07-2026,Discount,Percentage Discount,15,23.25,1,1,0,0,
CAMP00329,C0194,03-02-2026,Loyalty,Points,100,16,1,1,0,0,
CAMP00330,C0499,23-07-2026,Festival,Percentage Discount,15,27.25,1,1,0,0,
CAMP00331,C0261,13-08-2026,Discount,Percentage Discount,20,25,1,1,0,0,
CAMP00332,C0171,11-08-2026,Discount,Percentage Discount,5,19.75,1,1,1,0,
CAMP00333,C0334,03-10-2025,Win-back,Percentage Discount,25,32.75,1,1,0,0,
CAMP00334,C0314,26-06-2026,Festival,Percentage Discount,20,29,1,1,1,0,
CAMP00335,C0197,25-12-2025,New Product,Free Item,1,23,1,1,0,0,
CAMP00336,C0372,09-08-2026,New Product,Free Item,1,23,1,1,1,1,19-08-2026
CAMP00337,C0318,28-08-2026,Festival,Percentage Discount,25,30.75,1,0,0,0,
CAMP00338,C0479,10-11-2024,Birthday,Percentage Discount,20,22,1,1,0,0,
CAMP00339,C0272,09-06-2026,Loyalty,Points,150,18,1,1,0,0,
CAMP00340,C0067,05-10-2024,Loyalty,Points,250,22,1,1,0,0,
CAMP00341,C0077,03-11-2025,Discount,Percentage Discount,5,19.75,1,1,0,0,
CAMP00342,C0919,28-08-2026,Birthday,Percentage Discount,20,22,1,1,0,0,
CAMP00343,C0685,13-01-2026,New Product,Free Item,1,23,1,1,0,0,
CAMP00344,C0280,14-05-2026,Win-back,Percentage Discount,25,32.75,1,0,0,0,
CAMP00345,C0440,01-01-2026,Loyalty,Points,100,16,1,1,0,0,
CAMP00346,C0699,15-12-2023,Loyalty,Points,250,22,1,1,0,0,
CAMP00347,C0448,21-05-2026,Win-back,Percentage Discount,15,29.25,1,1,0,0,
CAMP00348,C0541,06-07-2026,Birthday,Percentage Discount,10,18.5,1,1,0,0,
CAMP00349,C0660,22-03-2026,New Product,Free Item,1,23,1,1,0,0,
CAMP00350,C0112,29-06-2026,Discount,Percentage Discount,15,23.25,1,1,0,0,
CAMP00351,C0897,18-06-2024,New Product,Free Item,1,23,1,1,0,0,
CAMP00352,C0894,02-05-2026,Birthday,Percentage Discount,15,20.25,1,1,0,0,
CAMP00353,C0408,15-05-2025,Discount,Percentage Discount,5,19.75,1,1,0,0,
CAMP00354,C0598,11-05-2026,Discount,Percentage Discount,10,21.5,1,1,0,0,
CAMP00355,C0017,26-04-2026,Discount,Percentage Discount,20,25,1,1,1,0,
CAMP00356,C0793,17-05-2026,New Product,Free Item,1,23,1,1,0,0,
CAMP00357,C0298,08-07-2026,New Product,Free Item,1,23,1,1,0,0,
CAMP00358,C0412,25-08-2026,Birthday,Percentage Discount,15,20.25,1,1,0,0,
CAMP00359,C0815,13-08-2025,Discount,Percentage Discount,15,23.25,1,1,0,0,
CAMP00360,C0243,22-10-2024,Win-back,Percentage Discount,25,32.75,1,1,0,0,
CAMP00361,C0230,02-03-2026,New Product,Free Item,1,23,1,1,0,0,
CAMP00362,C0447,30-04-2025,Festival,Percentage Discount,10,25.5,1,1,1,0,
CAMP00363,C0681,26-10-2024,Discount,Percentage Discount,20,25,1,1,0,0,
CAMP00364,C0489,05-03-2025,Win-back,Percentage Discount,25,32.75,1,0,0,0,
CAMP00365,C0590,01-02-2026,Birthday,Percentage Discount,10,18.5,1,1,1,0,
CAMP00366,C0144,31-08-2026,Birthday,Percentage Discount,10,18.5,1,1,0,0,
CAMP00367,C0513,10-03-2026,Discount,Percentage Discount,20,25,1,1,0,0,
CAMP00368,C0243,05-02-2025,Loyalty,Points,250,22,1,1,0,0,
CAMP00369,C0663,17-06-2026,Loyalty,Points,250,22,1,1,0,0,
CAMP00370,C0660,20-01-2026,New Product,Free Item,1,23,1,1,1,0,
CAMP00371,C0558,18-06-2024,New Product,Free Item,1,23,1,1,0,0,
CAMP00372,C0296,20-11-2024,Festival,Percentage Discount,10,25.5,1,1,1,0,
CAMP00373,C0308,17-05-2025,Festival,Percentage Discount,30,32.5,1,0,0,0,
CAMP00374,C0116,04-05-2024,Loyalty,Points,250,22,1,1,1,0,
CAMP00375,C0415,19-12-2025,Win-back,Percentage Discount,20,31,1,1,1,0,
CAMP00376,C0089,01-08-2026,Win-back,Percentage Discount,20,31,1,1,0,0,
CAMP00377,C0355,04-05-2026,Win-back,Percentage Discount,15,29.25,1,1,0,0,
CAMP00378,C0094,05-06-2026,New Product,Free Item,1,23,1,1,0,0,
CAMP00379,C0505,17-05-2026,New Product,Free Item,1,23,1,1,1,1,21-05-2026
CAMP00380,C0607,12-07-2024,Festival,Percentage Discount,15,27.25,1,1,1,1,21-07-2024
CAMP00381,C0953,25-06-2026,Birthday,Percentage Discount,10,18.5,1,1,0,0,
CAMP00382,C0154,02-04-2026,Birthday,Percentage Discount,15,20.25,1,1,1,0,
CAMP00383,C0861,12-02-2026,Win-back,Percentage Discount,15,29.25,1,1,0,0,
CAMP00384,C0119,10-04-2025,Win-back,Percentage Discount,25,32.75,1,1,0,0,
CAMP00385,C0056,10-01-2026,Birthday,Percentage Discount,10,18.5,1,1,0,0,
CAMP00386,C0202,10-03-2026,Birthday,Percentage Discount,10,18.5,1,1,0,0,
CAMP00387,C0367,28-08-2026,Festival,Percentage Discount,15,27.25,1,0,0,0,
CAMP00388,C0446,19-04-2026,Win-back,Percentage Discount,25,32.75,1,0,0,0,
CAMP00389,C0140,01-08-2025,Festival,Percentage Discount,25,30.75,1,1,1,0,
CAMP00390,C0696,06-08-2026,Win-back,Percentage Discount,15,29.25,1,1,0,0,
CAMP00391,C0014,11-04-2025,Loyalty,Points,150,18,1,1,0,0,
CAMP00392,C0621,11-08-2026,Discount,Percentage Discount,15,23.25,1,1,0,0,
CAMP00393,C0267,19-05-2026,Win-back,Percentage Discount,15,29.25,1,1,1,0,
CAMP00394,C0775,27-02-2025,Win-back,Percentage Discount,20,31,1,0,0,0,
CAMP00395,C0620,22-04-2026,Discount,Percentage Discount,15,23.25,1,1,1,0,
CAMP00396,C0506,03-11-2025,Win-back,Percentage Discount,20,31,1,1,1,1,15-11-2025
CAMP00397,C0717,27-09-2025,Festival,Percentage Discount,25,30.75,1,1,0,0,
CAMP00398,C0555,25-01-2026,New Product,Free Item,1,23,1,0,0,0,
CAMP00399,C0108,17-01-2026,Loyalty,Points,250,22,1,1,0,0,
CAMP00400,C0475,06-06-2025,Loyalty,Points,150,18,1,1,0,0,
CAMP00401,C0257,19-05-2026,Win-back,Percentage Discount,10,27.5,1,1,0,0,
CAMP00402,C0636,25-05-2026,Festival,Percentage Discount,10,25.5,1,1,0,0,
CAMP00403,C0182,11-08-2026,New Product,Free Item,1,23,1,0,0,0,
CAMP00404,C0288,07-12-2025,New Product,Free Item,1,23,1,1,0,0,
CAMP00405,C0785,13-08-2026,Festival,Percentage Discount,20,29,1,1,1,1,14-08-2026
CAMP00406,C0439,02-06-2026,Birthday,Percentage Discount,20,22,1,1,0,0,
CAMP00407,C0669,16-02-2025,Loyalty,Points,250,22,1,1,0,0,
CAMP00408,C0649,28-10-2025,Discount,Percentage Discount,20,25,1,1,1,1,07-11-2025
CAMP00409,C0867,20-03-2025,Loyalty,Points,150,18,1,1,1,0,
CAMP00410,C0632,10-02-2026,Win-back,Percentage Discount,25,32.75,1,1,0,0,
CAMP00411,C0822,20-08-2026,Loyalty,Points,50,14,1,1,0,0,
CAMP00412,C0063,07-03-2026,New Product,Free Item,1,23,1,1,0,0,
CAMP00413,C0022,26-12-2025,Loyalty,Points,50,14,1,1,0,0,
CAMP00414,C0219,12-09-2024,New Product,Free Item,1,23,1,1,0,0,
CAMP00415,C0709,13-06-2026,Discount,Percentage Discount,15,23.25,1,1,1,0,
CAMP00416,C0139,14-06-2026,Birthday,Percentage Discount,10,18.5,1,1,1,0,
CAMP00417,C0341,14-01-2026,Win-back,Percentage Discount,20,31,1,1,0,0,
CAMP00418,C0337,29-03-2025,New Product,Free Item,1,23,1,1,0,0,
CAMP00419,C0558,22-07-2026,Discount,Percentage Discount,20,25,1,1,0,0,
CAMP00420,C0045,14-12-2025,Discount,Percentage Discount,15,23.25,1,1,1,0,
CAMP00421,C0521,05-09-2024,Loyalty,Points,150,18,1,1,1,0,
CAMP00422,C0933,13-08-2025,New Product,Free Item,1,23,1,1,0,0,
CAMP00423,C0071,24-04-2026,Loyalty,Points,250,22,1,1,0,0,
CAMP00424,C0752,13-01-2025,Loyalty,Points,50,14,1,1,0,0,
CAMP00425,C0612,19-08-2026,Win-back,Percentage Discount,20,31,1,1,0,0,
CAMP00426,C0302,08-02-2026,New Product,Free Item,1,23,1,1,0,0,
CAMP00427,C0480,29-05-2026,Loyalty,Points,100,16,1,1,0,0,
CAMP00428,C0839,29-05-2025,Festival,Percentage Discount,15,27.25,1,1,0,0,
CAMP00429,C0586,23-02-2026,Loyalty,Points,100,16,1,1,0,0,
CAMP00430,C0663,19-03-2026,Loyalty,Points,150,18,1,1,1,1,28-03-2026
CAMP00431,C0270,14-02-2026,Festival,Percentage Discount,25,30.75,1,1,0,0,
CAMP00432,C0623,19-08-2026,Discount,Percentage Discount,20,25,1,1,1,0,
CAMP00433,C0409,25-05-2026,Festival,Percentage Discount,20,29,1,0,0,0,
CAMP00434,C0244,20-07-2025,Win-back,Percentage Discount,20,31,1,1,1,1,28-07-2025
CAMP00435,C0379,21-10-2025,Win-back,Percentage Discount,20,31,1,1,1,0,
CAMP00436,C0186,03-03-2025,Birthday,Percentage Discount,15,20.25,1,1,1,1,10-03-2025
CAMP00437,C0004,15-08-2025,Festival,Percentage Discount,10,25.5,1,1,1,0,
CAMP00438,C0580,10-04-2024,New Product,Free Item,1,23,1,1,0,0,
CAMP00439,C0175,11-06-2026,Festival,Percentage Discount,30,32.5,1,1,0,0,
CAMP00440,C0445,24-03-2026,Loyalty,Points,100,16,1,1,0,0,
CAMP00441,C0027,20-08-2026,Win-back,Percentage Discount,20,31,1,1,0,0,
CAMP00442,C0668,30-08-2026,Discount,Percentage Discount,15,23.25,1,1,1,0,
CAMP00443,C0301,23-12-2025,New Product,Free Item,1,23,1,1,0,0,
CAMP00444,C0919,15-04-2025,New Product,Free Item,1,23,1,0,0,0,
CAMP00445,C0008,23-07-2026,Loyalty,Points,100,16,1,1,1,1,05-08-2026
CAMP00446,C0833,15-10-2025,Loyalty,Points,100,16,1,1,0,0,
CAMP00447,C0079,04-07-2026,Loyalty,Points,100,16,1,1,0,0,
CAMP00448,C0450,28-07-2026,Festival,Percentage Discount,10,25.5,1,1,1,1,01-08-2026
CAMP00449,C0903,30-07-2026,Loyalty,Points,50,14,1,1,0,0,
CAMP00450,C0725,26-08-2026,New Product,Free Item,1,23,1,1,1,1,30-08-2026
CAMP00451,C0346,19-10-2025,Festival,Percentage Discount,25,30.75,1,1,0,0,
CAMP00452,C0888,16-08-2026,Birthday,Percentage Discount,10,18.5,1,1,0,0,
CAMP00453,C0110,28-03-2026,Festival,Percentage Discount,25,30.75,1,1,0,0,
CAMP00454,C0573,30-04-2026,Birthday,Percentage Discount,15,20.25,1,1,0,0,
CAMP00455,C0694,11-05-2026,New Product,Free Item,1,23,1,1,0,0,
CAMP00456,C0712,26-06-2026,Loyalty,Points,100,16,1,1,0,0,
CAMP00457,C0329,08-02-2025,New Product,Free Item,1,23,1,1,0,0,
CAMP00458,C0635,23-05-2025,Discount,Percentage Discount,5,19.75,1,1,1,0,
CAMP00459,C0525,24-10-2025,New Product,Free Item,1,23,1,1,1,0,
CAMP00460,C0745,23-10-2025,Festival,Percentage Discount,15,27.25,1,1,0,0,
CAMP00461,C0512,15-06-2026,Discount,Percentage Discount,20,25,1,1,0,0,
CAMP00462,C0111,27-07-2025,Win-back,Percentage Discount,25,32.75,1,1,0,0,
CAMP00463,C0562,23-11-2025,Loyalty,Points,100,16,1,1,0,0,
CAMP00464,C0807,10-12-2025,Festival,Percentage Discount,25,30.75,1,0,0,0,
CAMP00465,C0928,17-06-2026,Discount,Percentage Discount,20,25,1,1,0,0,
CAMP00466,C0434,18-10-2025,Discount,Percentage Discount,5,19.75,1,1,1,0,
CAMP00467,C0358,08-08-2025,Festival,Percentage Discount,15,27.25,1,1,1,1,19-08-2025
CAMP00468,C0591,03-07-2026,Discount,Percentage Discount,10,21.5,1,1,0,0,
CAMP00469,C0699,12-05-2024,Win-back,Percentage Discount,15,29.25,1,1,1,0,
CAMP00470,C0993,25-07-2026,New Product,Free Item,1,23,1,1,0,0,
CAMP00471,C0150,27-03-2026,Festival,Percentage Discount,25,30.75,1,1,1,0,
CAMP00472,C0902,28-04-2025,Festival,Percentage Discount,20,29,1,0,0,0,
CAMP00473,C0131,01-07-2026,New Product,Free Item,1,23,1,0,0,0,
CAMP00474,C0219,23-03-2025,Birthday,Percentage Discount,10,18.5,1,1,0,0,
CAMP00475,C0436,22-01-2026,New Product,Free Item,1,23,1,0,0,0,
CAMP00476,C0599,28-04-2026,Discount,Percentage Discount,5,19.75,1,1,0,0,
CAMP00477,C0323,13-07-2026,Discount,Percentage Discount,5,19.75,1,1,0,0,
CAMP00478,C0610,29-06-2026,Discount,Percentage Discount,5,19.75,1,1,0,0,
CAMP00479,C0272,30-10-2025,Discount,Percentage Discount,15,23.25,1,1,0,0,
CAMP00480,C0852,27-08-2025,Discount,Percentage Discount,20,25,1,1,0,0,
CAMP00481,C0777,26-07-2025,Win-back,Percentage Discount,10,27.5,1,1,1,0,
CAMP00482,C0095,08-08-2024,Festival,Percentage Discount,15,27.25,1,1,1,0,
CAMP00483,C0782,17-07-2025,Loyalty,Points,100,16,1,1,0,0,
CAMP00484,C0972,14-04-2026,Birthday,Percentage Discount,10,18.5,1,1,0,0,
CAMP00485,C0324,14-11-2024,Birthday,Percentage Discount,15,20.25,1,1,1,1,20-11-2024
CAMP00486,C0809,24-05-2026,New Product,Free Item,1,23,1,1,1,1,03-06-2026
CAMP00487,C0708,24-02-2025,Discount,Percentage Discount,5,19.75,1,1,0,0,
CAMP00488,C0453,08-07-2025,Win-back,Percentage Discount,20,31,1,1,1,0,
CAMP00489,C0680,08-07-2024,New Product,Free Item,1,23,1,1,0,0,
CAMP00490,C0753,04-03-2026,Win-back,Percentage Discount,10,27.5,1,1,0,0,
CAMP00491,C0753,05-07-2026,New Product,Free Item,1,23,1,1,0,0,
CAMP00492,C0684,19-08-2025,Win-back,Percentage Discount,15,29.25,1,1,1,1,20-08-2025
CAMP00493,C0047,02-08-2026,New Product,Free Item,1,23,1,1,1,0,
CAMP00494,C0130,28-06-2024,Birthday,Percentage Discount,20,22,1,1,0,0,
CAMP00495,C0009,23-09-2025,Win-back,Percentage Discount,20,31,1,1,1,0,
CAMP00496,C0501,17-07-2025,Festival,Percentage Discount,10,25.5,1,1,1,1,28-07-2025
CAMP00497,C0694,07-05-2026,Festival,Percentage Discount,20,29,1,1,0,0,
CAMP00498,C0036,22-10-2025,Birthday,Percentage Discount,15,20.25,1,1,0,0,
CAMP00499,C0683,12-11-2025,Loyalty,Points,150,18,1,1,1,0,
CAMP00500,C0685,07-07-2026,Discount,Percentage Discount,20,25,1,1,0,0,
CAMP00501,C0604,19-07-2026,Discount,Percentage Discount,20,25,1,1,0,0,
CAMP00502,C0641,18-09-2024,New Product,Free Item,1,23,1,1,1,1,26-09-2024
CAMP00503,C0250,21-02-2026,Birthday,Percentage Discount,20,22,1,1,0,0,
CAMP00504,C0719,10-07-2026,New Product,Free Item,1,23,1,1,0,0,
CAMP00505,C0243,01-04-2025,Discount,Percentage Discount,5,19.75,1,0,0,0,
CAMP00506,C0223,06-07-2025,Loyalty,Points,250,22,1,1,1,0,
CAMP00507,C0199,06-05-2026,New Product,Free Item,1,23,1,1,1,0,
CAMP00508,C0144,13-08-2026,Birthday,Percentage Discount,10,18.5,1,1,1,0,
CAMP00509,C0365,23-02-2026,Festival,Percentage Discount,20,29,1,1,1,0,
CAMP00510,C0775,20-03-2026,Festival,Percentage Discount,25,30.75,1,1,0,0,
CAMP00511,C0904,13-06-2024,Loyalty,Points,50,14,1,1,0,0,
CAMP00512,C0193,28-08-2026,Win-back,Percentage Discount,10,27.5,1,1,0,0,
CAMP00513,C0065,20-05-2026,Festival,Percentage Discount,15,27.25,1,1,1,1,26-05-2026
CAMP00514,C0615,12-07-2025,Festival,Percentage Discount,25,30.75,1,1,1,1,14-07-2025
CAMP00515,C0354,23-05-2026,Birthday,Percentage Discount,15,20.25,1,1,0,0,
CAMP00516,C0923,06-01-2024,Birthday,Percentage Discount,15,20.25,1,1,0,0,
CAMP00517,C0191,07-08-2025,Discount,Percentage Discount,10,21.5,1,1,1,0,
CAMP00518,C0013,01-11-2025,Birthday,Percentage Discount,15,20.25,1,1,0,0,
CAMP00519,C0780,23-06-2024,Win-back,Percentage Discount,15,29.25,1,1,0,0,
CAMP00520,C0752,08-12-2025,Loyalty,Points,150,18,1,1,0,0,
CAMP00521,C0054,17-02-2024,Win-back,Percentage Discount,25,32.75,1,1,0,0,
CAMP00522,C0868,19-05-2026,Festival,Percentage Discount,15,27.25,1,1,0,0,
CAMP00523,C0982,15-07-2025,Festival,Percentage Discount,30,32.5,1,1,1,1,17-07-2025
CAMP00524,C0125,19-08-2026,Discount,Percentage Discount,15,23.25,1,1,1,1,20-08-2026
CAMP00525,C0618,08-03-2026,Loyalty,Points,50,14,1,1,1,0,
CAMP00526,C0213,04-09-2024,Festival,Percentage Discount,10,25.5,1,1,0,0,
CAMP00527,C0927,01-10-2025,Loyalty,Points,250,22,1,1,0,0,
CAMP00528,C0023,22-06-2026,Birthday,Percentage Discount,15,20.25,1,0,0,0,
CAMP00529,C0669,04-03-2026,Discount,Percentage Discount,20,25,1,1,0,0,
CAMP00530,C0816,24-05-2026,Birthday,Percentage Discount,15,20.25,1,1,0,0,
CAMP00531,C0835,10-08-2025,Loyalty,Points,100,16,1,1,0,0,
CAMP00532,C0966,12-06-2026,Win-back,Percentage Discount,25,32.75,1,1,1,0,
CAMP00533,C0148,05-07-2026,Festival,Percentage Discount,20,29,1,1,0,0,
CAMP00534,C0352,05-05-2026,Loyalty,Points,250,22,1,1,0,0,
CAMP00535,C0020,28-10-2025,Loyalty,Points,50,14,1,1,0,0,
CAMP00536,C0304,23-02-2025,Discount,Percentage Discount,15,23.25,1,1,0,0,
CAMP00537,C0566,22-03-2026,Win-back,Percentage Discount,10,27.5,1,1,1,1,29-03-2026
CAMP00538,C0525,20-12-2025,New Product,Free Item,1,23,1,1,1,1,28-12-2025
CAMP00539,C0160,09-04-2026,Birthday,Percentage Discount,15,20.25,1,1,0,0,
CAMP00540,C0982,25-07-2025,Loyalty,Points,250,22,1,1,1,0,
CAMP00541,C0981,19-02-2026,Birthday,Percentage Discount,20,22,1,1,0,0,
CAMP00542,C0614,04-05-2026,Win-back,Percentage Discount,15,29.25,1,1,1,0,
CAMP00543,C0973,28-05-2026,Birthday,Percentage Discount,20,22,1,1,1,0,
CAMP00544,C0118,12-06-2024,Festival,Percentage Discount,15,27.25,1,1,0,0,
CAMP00545,C0024,13-08-2026,New Product,Free Item,1,23,1,1,1,0,
CAMP00546,C0186,13-03-2025,Discount,Percentage Discount,10,21.5,1,1,0,0,
CAMP00547,C0419,05-02-2025,Win-back,Percentage Discount,20,31,1,1,1,0,
CAMP00548,C0068,05-03-2026,Festival,Percentage Discount,30,32.5,1,1,1,1,08-03-2026
CAMP00549,C0799,24-08-2026,Win-back,Percentage Discount,15,29.25,1,1,0,0,
CAMP00550,C0079,13-02-2026,New Product,Free Item,1,23,1,1,0,0,
CAMP00551,C0311,07-07-2025,Loyalty,Points,100,16,1,1,1,0,
CAMP00552,C0478,16-03-2026,Birthday,Percentage Discount,15,20.25,1,1,1,0,
CAMP00553,C0813,05-04-2026,Win-back,Percentage Discount,10,27.5,1,1,1,1,14-04-2026
CAMP00554,C0107,20-01-2026,New Product,Free Item,1,23,1,1,0,0,
CAMP00555,C0917,28-02-2026,New Product,Free Item,1,23,1,1,0,0,
CAMP00556,C0560,29-08-2026,New Product,Free Item,1,23,1,1,0,0,
CAMP00557,C0051,02-03-2025,Win-back,Percentage Discount,20,31,1,1,0,0,
CAMP00558,C0372,23-12-2024,New Product,Free Item,1,23,1,1,0,0,
CAMP00559,C0786,17-11-2024,Discount,Percentage Discount,20,25,1,1,0,0,
CAMP00560,C0402,14-05-2026,Loyalty,Points,150,18,1,1,1,1,25-05-2026
CAMP00561,C0284,12-06-2026,Loyalty,Points,150,18,1,1,1,1,15-06-2026
CAMP00562,C0607,30-11-2025,Discount,Percentage Discount,5,19.75,1,1,0,0,
CAMP00563,C0847,05-06-2026,Loyalty,Points,50,14,1,1,1,0,
CAMP00564,C0788,25-09-2025,Festival,Percentage Discount,20,29,1,1,1,0,
CAMP00565,C0610,13-08-2026,Festival,Percentage Discount,20,29,1,0,0,0,
CAMP00566,C0371,12-12-2024,Win-back,Percentage Discount,25,32.75,1,1,0,0,
CAMP00567,C0583,09-07-2025,Discount,Percentage Discount,15,23.25,1,0,0,0,
CAMP00568,C0434,30-08-2025,Festival,Percentage Discount,30,32.5,1,1,1,0,
CAMP00569,C0210,09-03-2026,New Product,Free Item,1,23,1,1,0,0,
CAMP00570,C0891,13-06-2026,Loyalty,Points,50,14,1,1,0,0,
CAMP00571,C0610,17-08-2026,Discount,Percentage Discount,15,23.25,1,0,0,0,
CAMP00572,C0106,27-01-2024,Festival,Percentage Discount,20,29,1,1,1,0,
CAMP00573,C0922,02-08-2026,Win-back,Percentage Discount,15,29.25,1,1,0,0,
CAMP00574,C0356,21-07-2024,Birthday,Percentage Discount,10,18.5,1,1,0,0,
CAMP00575,C0082,17-07-2025,New Product,Free Item,1,23,1,1,1,0,
CAMP00576,C0346,18-04-2025,Festival,Percentage Discount,30,32.5,1,1,0,0,
CAMP00577,C0891,23-06-2026,Win-back,Percentage Discount,25,32.75,1,1,0,0,
CAMP00578,C0911,21-08-2026,Loyalty,Points,250,22,1,1,0,0,
CAMP00579,C0832,23-06-2025,Birthday,Percentage Discount,20,22,1,1,1,1,03-07-2025
CAMP00580,C0563,04-06-2026,New Product,Free Item,1,23,1,1,0,0,
CAMP00581,C0508,20-03-2026,Birthday,Percentage Discount,20,22,1,1,0,0,
CAMP00582,C0136,29-08-2025,Loyalty,Points,100,16,1,1,0,0,
CAMP00583,C0264,15-04-2025,Birthday,Percentage Discount,10,18.5,1,1,1,0,
CAMP00584,C0462,30-06-2026,Festival,Percentage Discount,10,25.5,1,1,1,0,
CAMP00585,C0138,10-08-2024,Loyalty,Points,150,18,1,1,1,0,
CAMP00586,C0255,23-06-2026,New Product,Free Item,1,23,1,1,0,0,
CAMP00587,C0326,11-12-2025,New Product,Free Item,1,23,1,1,0,0,
CAMP00588,C0348,21-07-2025,Discount,Percentage Discount,20,25,1,1,1,1,02-08-2025
CAMP00589,C0278,24-07-2026,Discount,Percentage Discount,10,21.5,1,1,1,0,
CAMP00590,C0102,28-05-2025,Loyalty,Points,150,18,1,1,0,0,
CAMP00591,C0327,20-07-2026,New Product,Free Item,1,23,1,1,0,0,
CAMP00592,C0052,22-07-2026,Loyalty,Points,50,14,1,1,1,1,02-08-2026
CAMP00593,C0458,04-08-2026,Loyalty,Points,50,14,1,1,0,0,
CAMP00594,C0593,30-08-2026,New Product,Free Item,1,23,1,1,0,0,
CAMP00595,C0479,08-12-2025,Birthday,Percentage Discount,15,20.25,1,1,1,1,19-12-2025
CAMP00596,C0040,31-05-2026,Discount,Percentage Discount,5,19.75,1,0,0,0,
CAMP00597,C0673,06-04-2025,Win-back,Percentage Discount,25,32.75,1,1,1,0,
CAMP00598,C0416,24-08-2026,Festival,Percentage Discount,30,32.5,1,1,0,0,
CAMP00599,C0124,29-06-2026,Birthday,Percentage Discount,20,22,1,1,1,0,
CAMP00600,C0285,24-09-2025,New Product,Free Item,1,23,1,1,0,0,
CAMP00601,C0152,04-03-2026,Win-back,Percentage Discount,25,32.75,1,0,0,0,
CAMP00602,C0048,10-12-2024,Birthday,Percentage Discount,15,20.25,1,1,0,0,
CAMP00603,C0204,27-08-2026,Win-back,Percentage Discount,10,27.5,1,1,1,0,
CAMP00604,C0222,24-03-2025,Birthday,Percentage Discount,20,22,1,1,0,0,
CAMP00605,C0620,15-04-2026,Discount,Percentage Discount,10,21.5,1,1,0,0,
CAMP00606,C0551,25-04-2026,Festival,Percentage Discount,10,25.5,1,1,0,0,
CAMP00607,C0363,05-05-2026,Birthday,Percentage Discount,10,18.5,1,0,0,0,
CAMP00608,C0615,21-01-2026,Loyalty,Points,50,14,1,1,0,0,
CAMP00609,C0222,01-08-2025,New Product,Free Item,1,23,1,1,1,0,
CAMP00610,C0028,28-06-2025,New Product,Free Item,1,23,1,1,0,0,
CAMP00611,C0311,26-09-2024,Festival,Percentage Discount,25,30.75,1,1,1,0,
CAMP00612,C0741,07-07-2026,Festival,Percentage Discount,30,32.5,1,1,0,0,
CAMP00613,C0777,02-06-2025,Loyalty,Points,150,18,1,1,0,0,
CAMP00614,C0001,04-04-2026,New Product,Free Item,1,23,1,1,0,0,
CAMP00615,C0847,20-05-2026,New Product,Free Item,1,23,1,1,0,0,
CAMP00616,C0823,15-01-2026,Birthday,Percentage Discount,20,22,1,0,0,0,
CAMP00617,C0890,04-08-2024,Festival,Percentage Discount,15,27.25,1,0,0,0,
CAMP00618,C0793,03-04-2026,Birthday,Percentage Discount,10,18.5,1,1,0,0,
CAMP00619,C0721,11-06-2026,Discount,Percentage Discount,5,19.75,1,1,0,0,
CAMP00620,C0084,31-08-2025,Loyalty,Points,50,14,1,1,0,0,
CAMP00621,C0326,03-10-2025,Discount,Percentage Discount,20,25,1,1,0,0,
CAMP00622,C0191,03-02-2026,New Product,Free Item,1,23,1,1,0,0,
CAMP00623,C0778,10-10-2025,Birthday,Percentage Discount,10,18.5,1,0,0,0,
CAMP00624,C0547,04-01-2025,Loyalty,Points,100,16,1,1,1,0,
CAMP00625,C0581,07-05-2026,Win-back,Percentage Discount,10,27.5,1,1,1,0,
CAMP00626,C0909,27-07-2026,Birthday,Percentage Discount,20,22,1,1,0,0,
CAMP00627,C0589,19-02-2026,New Product,Free Item,1,23,1,1,0,0,
CAMP00628,C0741,29-05-2026,New Product,Free Item,1,23,1,1,1,0,
CAMP00629,C0750,18-06-2026,Birthday,Percentage Discount,15,20.25,1,1,0,0,
CAMP00630,C0978,12-12-2025,Win-back,Percentage Discount,15,29.25,1,1,1,0,
CAMP00631,C0593,12-08-2026,New Product,Free Item,1,23,1,1,1,1,20-08-2026
CAMP00632,C0984,24-08-2026,Loyalty,Points,150,18,1,1,0,0,
CAMP00633,C0646,20-09-2024,New Product,Free Item,1,23,1,1,0,0,
CAMP00634,C0070,15-06-2026,Win-back,Percentage Discount,25,32.75,1,1,0,0,
CAMP00635,C0711,01-08-2026,Birthday,Percentage Discount,20,22,1,1,0,0,
CAMP00636,C0080,17-08-2025,Birthday,Percentage Discount,10,18.5,1,0,0,0,
CAMP00637,C0142,13-03-2026,Loyalty,Points,100,16,1,1,1,1,19-03-2026
CAMP00638,C0419,09-10-2024,Festival,Percentage Discount,10,25.5,1,1,1,0,
CAMP00639,C0199,24-03-2026,Birthday,Percentage Discount,15,20.25,1,0,0,0,
CAMP00640,C1000,19-08-2026,New Product,Free Item,1,23,1,1,0,0,
CAMP00641,C0637,25-04-2026,Discount,Percentage Discount,15,23.25,1,1,0,0,
CAMP00642,C0739,04-08-2026,Win-back,Percentage Discount,20,31,1,1,1,0,
CAMP00643,C0754,06-03-2026,New Product,Free Item,1,23,1,1,0,0,
CAMP00644,C0843,23-08-2026,Festival,Percentage Discount,10,25.5,1,1,1,1,27-08-2026
CAMP00645,C0861,25-05-2026,Birthday,Percentage Discount,15,20.25,1,1,0,0,
CAMP00646,C0403,12-05-2025,Birthday,Percentage Discount,10,18.5,1,1,0,0,
CAMP00647,C0484,13-12-2025,Festival,Percentage Discount,10,25.5,1,0,0,0,
CAMP00648,C0412,29-07-2026,Win-back,Percentage Discount,25,32.75,1,1,0,0,
CAMP00649,C0344,17-06-2026,Win-back,Percentage Discount,25,32.75,1,1,1,0,
CAMP00650,C0932,03-04-2025,New Product,Free Item,1,23,1,1,1,0,
CAMP00651,C0921,20-09-2025,New Product,Free Item,1,23,1,1,0,0,
CAMP00652,C0464,10-08-2025,Loyalty,Points,150,18,1,1,1,1,11-08-2025
CAMP00653,C0963,17-05-2026,Loyalty,Points,250,22,1,1,0,0,
CAMP00654,C0016,09-08-2026,Festival,Percentage Discount,20,29,1,1,0,0,
CAMP00655,C0825,19-08-2026,Festival,Percentage Discount,15,27.25,1,1,0,0,
CAMP00656,C0782,06-06-2026,Discount,Percentage Discount,20,25,1,1,0,0,
CAMP00657,C0394,16-05-2026,Festival,Percentage Discount,30,32.5,1,1,1,0,
CAMP00658,C0179,31-10-2025,Birthday,Percentage Discount,15,20.25,1,1,0,0,
CAMP00659,C0477,27-01-2025,Birthday,Percentage Discount,20,22,1,1,1,0,
CAMP00660,C0735,18-07-2026,Discount,Percentage Discount,10,21.5,1,1,0,0,
CAMP00661,C0900,15-04-2026,Festival,Percentage Discount,15,27.25,1,1,0,0,
CAMP00662,C0528,13-06-2026,Birthday,Percentage Discount,10,18.5,1,1,0,0,
CAMP00663,C0431,03-02-2026,Birthday,Percentage Discount,20,22,1,1,0,0,
CAMP00664,C0582,09-04-2026,Birthday,Percentage Discount,10,18.5,1,1,0,0,
CAMP00665,C0550,27-11-2025,Win-back,Percentage Discount,20,31,1,1,0,0,
CAMP00666,C0631,28-04-2026,Festival,Percentage Discount,20,29,1,1,1,0,
CAMP00667,C0905,21-06-2026,New Product,Free Item,1,23,1,1,0,0,
CAMP00668,C0246,20-03-2026,Discount,Percentage Discount,5,19.75,1,1,0,0,
CAMP00669,C0931,16-12-2025,Loyalty,Points,50,14,1,1,0,0,
CAMP00670,C0776,18-05-2026,Win-back,Percentage Discount,25,32.75,1,1,1,0,
CAMP00671,C0125,07-05-2026,Win-back,Percentage Discount,10,27.5,1,1,0,0,
CAMP00672,C0557,05-06-2026,Loyalty,Points,250,22,1,1,1,1,09-06-2026
CAMP00673,C0197,30-12-2025,Birthday,Percentage Discount,20,22,1,1,0,0,
CAMP00674,C0981,29-12-2025,Loyalty,Points,150,18,1,1,0,0,
CAMP00675,C0925,02-08-2024,Birthday,Percentage Discount,10,18.5,1,1,0,0,
CAMP00676,C0679,03-06-2026,New Product,Free Item,1,23,1,1,0,0,
CAMP00677,C0872,30-05-2025,New Product,Free Item,1,23,1,1,0,0,
CAMP00678,C0540,08-07-2026,Win-back,Percentage Discount,25,32.75,1,1,0,0,
CAMP00679,C0490,28-04-2026,Discount,Percentage Discount,15,23.25,1,0,0,0,
CAMP00680,C0216,28-06-2026,Discount,Percentage Discount,20,25,1,1,0,0,
CAMP00681,C0196,04-04-2026,Win-back,Percentage Discount,10,27.5,1,1,1,0,
CAMP00682,C0683,23-03-2025,Festival,Percentage Discount,10,25.5,1,1,0,0,
CAMP00683,C0803,26-08-2025,New Product,Free Item,1,23,1,1,0,0,
CAMP00684,C0037,02-02-2026,Discount,Percentage Discount,20,25,1,1,0,0,
CAMP00685,C0124,13-05-2026,New Product,Free Item,1,23,1,1,0,0,
CAMP00686,C0951,21-04-2026,Win-back,Percentage Discount,25,32.75,1,1,0,0,
CAMP00687,C0795,26-10-2024,Birthday,Percentage Discount,15,20.25,1,1,1,1,27-10-2024
CAMP00688,C0430,08-06-2024,Festival,Percentage Discount,20,29,1,1,0,0,
CAMP00689,C0882,02-09-2024,New Product,Free Item,1,23,1,1,1,1,16-09-2024
CAMP00690,C0491,20-08-2026,Discount,Percentage Discount,15,23.25,1,1,0,0,
CAMP00691,C0982,10-04-2026,Win-back,Percentage Discount,20,31,1,1,0,0,
CAMP00692,C0232,06-05-2026,Win-back,Percentage Discount,20,31,1,1,0,0,
CAMP00693,C0996,15-05-2025,Win-back,Percentage Discount,10,27.5,1,1,1,0,
CAMP00694,C0537,23-03-2024,Win-back,Percentage Discount,20,31,1,1,0,0,
CAMP00695,C0882,25-11-2023,Loyalty,Points,150,18,1,1,0,0,
CAMP00696,C0696,15-07-2026,Birthday,Percentage Discount,20,22,1,1,0,0,
CAMP00697,C0198,25-02-2025,Discount,Percentage Discount,10,21.5,1,1,1,0,
CAMP00698,C0982,26-03-2026,Win-back,Percentage Discount,20,31,1,1,0,0,
CAMP00699,C0671,20-10-2025,Win-back,Percentage Discount,20,31,1,1,1,1,23-10-2025
CAMP00700,C0262,01-07-2026,Loyalty,Points,100,16,1,1,0,0,
CAMP00701,C0984,28-08-2026,Birthday,Percentage Discount,20,22,1,0,0,0,
CAMP00702,C0972,22-08-2026,Discount,Percentage Discount,20,25,1,1,1,1,31-08-2026
CAMP00703,C0813,21-06-2026,Win-back,Percentage Discount,20,31,1,1,1,0,
CAMP00704,C0202,16-01-2026,New Product,Free Item,1,23,1,1,0,0,
CAMP00705,C0261,20-08-2026,Win-back,Percentage Discount,25,32.75,1,1,0,0,
CAMP00706,C0568,19-04-2024,New Product,Free Item,1,23,1,1,1,1,20-04-2024
CAMP00707,C0486,02-08-2025,Loyalty,Points,150,18,1,1,1,1,06-08-2025
CAMP00708,C0606,25-03-2026,New Product,Free Item,1,23,1,1,0,0,
CAMP00709,C0632,11-12-2024,New Product,Free Item,1,23,1,1,1,1,16-12-2024
CAMP00710,C0337,02-12-2025,Win-back,Percentage Discount,25,32.75,1,1,0,0,
CAMP00711,C0536,22-02-2026,Discount,Percentage Discount,10,21.5,1,1,0,0,
CAMP00712,C0233,18-05-2025,New Product,Free Item,1,23,1,1,1,0,
CAMP00713,C0704,29-10-2025,Festival,Percentage Discount,10,25.5,1,1,0,0,
CAMP00714,C0632,17-11-2024,Festival,Percentage Discount,30,32.5,1,0,0,0,
CAMP00715,C0907,03-01-2026,New Product,Free Item,1,23,1,1,0,0,
CAMP00716,C0589,20-04-2025,Birthday,Percentage Discount,15,20.25,1,0,0,0,
CAMP00717,C0075,05-08-2025,Birthday,Percentage Discount,20,22,1,1,1,0,
CAMP00718,C0779,11-05-2026,Festival,Percentage Discount,15,27.25,1,1,0,0,
CAMP00719,C0689,20-12-2025,Loyalty,Points,150,18,1,1,0,0,
CAMP00720,C0304,05-09-2025,Win-back,Percentage Discount,15,29.25,1,1,0,0,
CAMP00721,C0245,17-05-2026,Loyalty,Points,100,16,1,1,0,0,
CAMP00722,C0595,24-04-2026,Win-back,Percentage Discount,15,29.25,1,1,1,0,
CAMP00723,C0612,23-08-2026,Loyalty,Points,100,16,1,1,0,0,
CAMP00724,C0105,24-11-2025,Loyalty,Points,100,16,1,1,0,0,
CAMP00725,C0888,16-08-2026,Win-back,Percentage Discount,25,32.75,1,1,0,0,
CAMP00726,C0296,23-06-2025,Loyalty,Points,250,22,1,1,0,0,
CAMP00727,C0785,26-12-2025,Win-back,Percentage Discount,20,31,1,0,0,0,
CAMP00728,C0613,17-07-2026,Discount,Percentage Discount,10,21.5,1,0,0,0,
CAMP00729,C0995,15-01-2026,Discount,Percentage Discount,10,21.5,1,1,0,0,
CAMP00730,C0947,28-11-2025,Win-back,Percentage Discount,25,32.75,1,0,0,0,
CAMP00731,C0530,28-11-2025,Birthday,Percentage Discount,10,18.5,1,1,1,1,01-12-2025
CAMP00732,C0959,29-07-2026,New Product,Free Item,1,23,1,1,0,0,
CAMP00733,C0722,21-07-2026,Win-back,Percentage Discount,15,29.25,1,1,0,0,
CAMP00734,C0548,11-05-2026,Loyalty,Points,100,16,1,1,1,1,21-05-2026
CAMP00735,C0919,21-10-2025,Birthday,Percentage Discount,10,18.5,1,1,0,0,
CAMP00736,C0605,03-04-2025,Festival,Percentage Discount,30,32.5,1,1,0,0,
CAMP00737,C0591,21-04-2026,Win-back,Percentage Discount,15,29.25,1,1,0,0,
CAMP00738,C0440,20-05-2026,Loyalty,Points,50,14,1,1,1,0,
CAMP00739,C0987,26-05-2026,Discount,Percentage Discount,10,21.5,1,1,0,0,
CAMP00740,C0362,30-03-2025,Birthday,Percentage Discount,15,20.25,1,1,1,1,02-04-2025
CAMP00741,C0071,02-10-2025,Festival,Percentage Discount,20,29,1,1,0,0,
CAMP00742,C0805,18-12-2024,Discount,Percentage Discount,20,25,1,1,0,0,
CAMP00743,C0883,13-06-2026,Loyalty,Points,150,18,1,1,0,0,
CAMP00744,C0587,16-09-2025,Birthday,Percentage Discount,15,20.25,1,1,0,0,
CAMP00745,C0410,02-10-2024,Loyalty,Points,250,22,1,0,0,0,
CAMP00746,C0563,09-06-2026,Birthday,Percentage Discount,20,22,1,1,1,0,
CAMP00747,C0468,11-08-2026,Festival,Percentage Discount,30,32.5,1,1,0,0,
CAMP00748,C0683,08-01-2025,Festival,Percentage Discount,20,29,1,1,0,0,
CAMP00749,C0138,22-10-2024,Festival,Percentage Discount,20,29,1,1,1,0,
CAMP00750,C0440,13-04-2026,Win-back,Percentage Discount,20,31,1,1,0,0,
CAMP00751,C0605,21-03-2025,Birthday,Percentage Discount,15,20.25,1,1,0,0,
CAMP00752,C0662,18-10-2025,New Product,Free Item,1,23,1,1,0,0,
CAMP00753,C0319,29-03-2025,New Product,Free Item,1,23,1,1,0,0,
CAMP00754,C0854,25-08-2026,New Product,Free Item,1,23,1,1,1,1,26-08-2026
CAMP00755,C0623,17-09-2025,Festival,Percentage Discount,30,32.5,1,1,1,0,
CAMP00756,C0552,11-06-2026,Loyalty,Points,100,16,1,1,0,0,
CAMP00757,C0616,26-05-2026,Loyalty,Points,150,18,1,1,1,0,
CAMP00758,C0546,04-11-2025,New Product,Free Item,1,23,1,1,0,0,
CAMP00759,C0856,28-05-2026,Festival,Percentage Discount,20,29,1,0,0,0,
CAMP00760,C0916,25-05-2026,Birthday,Percentage Discount,20,22,1,1,0,0,
CAMP00761,C0100,06-08-2024,Discount,Percentage Discount,20,25,1,1,0,0,
CAMP00762,C0142,07-12-2025,Discount,Percentage Discount,5,19.75,1,1,1,0,
CAMP00763,C0709,30-06-2026,Discount,Percentage Discount,5,19.75,1,1,0,0,
CAMP00764,C0857,19-11-2024,Festival,Percentage Discount,10,25.5,1,1,1,1,03-12-2024
CAMP00765,C0608,27-09-2025,Discount,Percentage Discount,20,25,1,1,1,1,30-09-2025
CAMP00766,C0301,17-03-2026,Discount,Percentage Discount,10,21.5,1,1,0,0,
CAMP00767,C0291,14-05-2026,Birthday,Percentage Discount,20,22,1,0,0,0,
CAMP00768,C0008,06-08-2026,Win-back,Percentage Discount,10,27.5,1,1,0,0,
CAMP00769,C0686,03-08-2025,Loyalty,Points,150,18,1,1,0,0,
CAMP00770,C0157,06-07-2026,Festival,Percentage Discount,25,30.75,1,1,0,0,
CAMP00771,C0881,17-12-2024,Discount,Percentage Discount,5,19.75,1,1,1,0,
CAMP00772,C0127,16-07-2024,Birthday,Percentage Discount,15,20.25,1,1,0,0,
CAMP00773,C0164,03-07-2026,New Product,Free Item,1,23,1,1,0,0,
CAMP00774,C0864,14-10-2025,New Product,Free Item,1,23,1,1,0,0,
CAMP00775,C0530,25-11-2025,Discount,Percentage Discount,10,21.5,1,1,1,0,
CAMP00776,C0368,03-11-2024,Birthday,Percentage Discount,20,22,1,1,1,0,
CAMP00777,C0845,02-07-2026,Win-back,Percentage Discount,10,27.5,1,1,1,0,
CAMP00778,C0138,14-08-2024,Loyalty,Points,50,14,1,1,1,1,16-08-2024
CAMP00779,C0112,18-02-2025,Birthday,Percentage Discount,15,20.25,1,1,0,0,
CAMP00780,C0145,25-07-2025,Win-back,Percentage Discount,10,27.5,1,1,0,0,
CAMP00781,C0859,23-06-2026,Discount,Percentage Discount,5,19.75,1,1,1,1,06-07-2026
CAMP00782,C0648,15-02-2026,Discount,Percentage Discount,15,23.25,1,1,0,0,
CAMP00783,C0281,05-03-2025,Birthday,Percentage Discount,15,20.25,1,1,0,0,
CAMP00784,C0694,12-03-2026,Festival,Percentage Discount,20,29,1,0,0,0,
CAMP00785,C0144,24-01-2026,Win-back,Percentage Discount,15,29.25,1,1,1,1,29-01-2026
CAMP00786,C0685,23-07-2026,Win-back,Percentage Discount,25,32.75,1,1,0,0,
CAMP00787,C0229,30-01-2025,Festival,Percentage Discount,10,25.5,1,1,0,0,
CAMP00788,C0749,01-12-2025,Birthday,Percentage Discount,10,18.5,1,1,0,0,
CAMP00789,C0904,21-06-2024,Win-back,Percentage Discount,10,27.5,1,1,0,0,
CAMP00790,C0672,11-07-2025,New Product,Free Item,1,23,1,0,0,0,
CAMP00791,C0624,01-08-2026,Festival,Percentage Discount,30,32.5,1,1,0,0,
CAMP00792,C0478,03-09-2024,Loyalty,Points,250,22,1,1,1,0,
CAMP00793,C0029,17-04-2026,Loyalty,Points,50,14,1,1,0,0,
CAMP00794,C0181,16-09-2024,Win-back,Percentage Discount,15,29.25,1,1,0,0,
CAMP00795,C0309,17-11-2025,Discount,Percentage Discount,20,25,1,1,0,0,
CAMP00796,C0985,31-07-2026,Win-back,Percentage Discount,25,32.75,1,1,0,0,
CAMP00797,C0462,15-04-2026,Win-back,Percentage Discount,25,32.75,1,1,0,0,
CAMP00798,C0261,27-02-2026,Discount,Percentage Discount,20,25,1,0,0,0,
CAMP00799,C0382,16-03-2026,New Product,Free Item,1,23,1,1,1,0,
CAMP00800,C0661,27-11-2025,New Product,Free Item,1,23,1,1,0,0,
CAMP00801,C0750,23-01-2026,Birthday,Percentage Discount,10,18.5,1,1,0,0,
CAMP00802,C0459,11-09-2025,Birthday,Percentage Discount,15,20.25,1,1,0,0,
CAMP00803,C0613,04-08-2026,Birthday,Percentage Discount,10,18.5,1,1,1,1,13-08-2026
CAMP00804,C0402,09-06-2026,New Product,Free Item,1,23,1,1,0,0,
CAMP00805,C0179,10-11-2025,Win-back,Percentage Discount,20,31,1,1,0,0,
CAMP00806,C1000,04-08-2026,Loyalty,Points,50,14,1,1,0,0,
CAMP00807,C0958,16-04-2026,Birthday,Percentage Discount,15,20.25,1,1,0,0,
CAMP00808,C0127,19-07-2026,Birthday,Percentage Discount,15,20.25,1,1,0,0,
CAMP00809,C0161,26-11-2025,Birthday,Percentage Discount,10,18.5,1,0,0,0,
CAMP00810,C0293,22-02-2025,Discount,Percentage Discount,5,19.75,1,1,0,0,
CAMP00811,C0177,16-08-2026,Discount,Percentage Discount,15,23.25,1,1,1,1,26-08-2026
CAMP00812,C0086,09-08-2025,Birthday,Percentage Discount,20,22,1,1,1,0,
CAMP00813,C0048,24-04-2025,Birthday,Percentage Discount,20,22,1,1,1,0,
CAMP00814,C0662,15-05-2025,New Product,Free Item,1,23,1,1,0,0,
CAMP00815,C0549,27-05-2024,Loyalty,Points,100,16,1,1,1,0,
CAMP00816,C0655,22-04-2024,Festival,Percentage Discount,10,25.5,1,1,0,0,
CAMP00817,C0648,22-04-2026,New Product,Free Item,1,23,1,1,0,0,
CAMP00818,C0106,07-12-2025,Festival,Percentage Discount,10,25.5,1,0,0,0,
CAMP00819,C0535,17-11-2024,Birthday,Percentage Discount,20,22,1,1,0,0,
CAMP00820,C0916,24-08-2026,Festival,Percentage Discount,30,32.5,1,1,1,0,
CAMP00821,C0857,21-09-2025,Loyalty,Points,150,18,1,1,1,0,
CAMP00822,C0728,08-12-2025,Loyalty,Points,250,22,1,1,0,0,
CAMP00823,C0980,24-07-2026,Birthday,Percentage Discount,15,20.25,1,0,0,0,
CAMP00824,C0193,12-06-2026,Discount,Percentage Discount,15,23.25,1,1,0,0,
CAMP00825,C0564,19-01-2026,Festival,Percentage Discount,15,27.25,1,1,0,0,
CAMP00826,C0655,31-03-2024,New Product,Free Item,1,23,1,1,0,0,
CAMP00827,C0782,20-07-2026,Birthday,Percentage Discount,20,22,1,1,0,0,
CAMP00828,C0311,09-08-2026,Discount,Percentage Discount,10,21.5,1,1,0,0,
CAMP00829,C0787,02-03-2024,New Product,Free Item,1,23,1,1,1,0,
CAMP00830,C0224,24-11-2025,Loyalty,Points,150,18,1,1,0,0,
CAMP00831,C0240,28-07-2025,Birthday,Percentage Discount,15,20.25,1,1,0,0,
CAMP00832,C0340,18-08-2026,Birthday,Percentage Discount,15,20.25,1,1,0,0,
CAMP00833,C0710,22-11-2025,Birthday,Percentage Discount,10,18.5,1,1,0,0,
CAMP00834,C0614,09-06-2026,Birthday,Percentage Discount,15,20.25,1,1,0,0,
CAMP00835,C0900,21-08-2025,Discount,Percentage Discount,20,25,1,1,0,0,
CAMP00836,C0733,24-08-2025,Win-back,Percentage Discount,20,31,1,1,1,1,03-09-2025
CAMP00837,C0689,03-08-2026,Birthday,Percentage Discount,10,18.5,1,1,0,0,
CAMP00838,C0201,11-07-2026,Loyalty,Points,150,18,1,1,0,0,
CAMP00839,C0210,15-06-2026,Win-back,Percentage Discount,10,27.5,1,1,0,0,
CAMP00840,C0389,20-04-2025,Loyalty,Points,100,16,1,1,0,0,
CAMP00841,C0046,23-04-2026,Festival,Percentage Discount,25,30.75,1,1,0,0,
CAMP00842,C0023,26-02-2025,Loyalty,Points,250,22,1,1,0,0,
CAMP00843,C0943,14-07-2026,Win-back,Percentage Discount,20,31,1,1,0,0,
CAMP00844,C0199,11-02-2026,New Product,Free Item,1,23,1,1,1,0,
CAMP00845,C0517,11-06-2026,Loyalty,Points,50,14,1,1,1,0,
CAMP00846,C0408,11-06-2026,Win-back,Percentage Discount,20,31,1,1,0,0,
CAMP00847,C0258,01-02-2026,Win-back,Percentage Discount,25,32.75,1,1,1,0,
CAMP00848,C0710,31-05-2026,Birthday,Percentage Discount,10,18.5,1,1,0,0,
CAMP00849,C0569,14-04-2025,Loyalty,Points,250,22,1,1,0,0,
CAMP00850,C0958,03-04-2026,Festival,Percentage Discount,10,25.5,1,1,0,0,
CAMP00851,C0289,05-12-2025,New Product,Free Item,1,23,1,1,0,0,
CAMP00852,C0370,02-07-2026,Festival,Percentage Discount,15,27.25,1,0,0,0,
CAMP00853,C0185,22-03-2026,Birthday,Percentage Discount,20,22,1,1,1,0,
CAMP00854,C0161,15-06-2026,Discount,Percentage Discount,10,21.5,1,1,0,0,
CAMP00855,C0071,18-05-2026,New Product,Free Item,1,23,1,1,0,0,
CAMP00856,C0511,29-09-2025,New Product,Free Item,1,23,1,1,0,0,
CAMP00857,C0844,15-04-2026,Festival,Percentage Discount,30,32.5,1,1,1,0,
CAMP00858,C0508,12-11-2025,New Product,Free Item,1,23,1,1,1,0,
CAMP00859,C0378,31-07-2026,Discount,Percentage Discount,20,25,1,1,1,0,
CAMP00860,C0382,27-06-2025,Loyalty,Points,250,22,1,1,0,0,
CAMP00861,C0897,24-05-2024,Birthday,Percentage Discount,10,18.5,1,1,0,0,
CAMP00862,C0609,21-03-2024,Discount,Percentage Discount,5,19.75,1,1,1,0,
CAMP00863,C0809,18-08-2025,Discount,Percentage Discount,15,23.25,1,1,0,0,
CAMP00864,C0760,15-08-2026,Win-back,Percentage Discount,15,29.25,1,1,0,0,
CAMP00865,C0766,17-05-2026,Loyalty,Points,100,16,1,1,1,0,
CAMP00866,C0909,23-06-2026,Discount,Percentage Discount,20,25,1,1,0,0,
CAMP00867,C0993,01-08-2026,Festival,Percentage Discount,20,29,1,1,0,0,
CAMP00868,C0253,29-11-2025,Discount,Percentage Discount,10,21.5,1,1,1,1,08-12-2025
CAMP00869,C0506,27-11-2025,Birthday,Percentage Discount,10,18.5,1,1,1,1,07-12-2025
CAMP00870,C0568,31-08-2025,Loyalty,Points,150,18,1,1,1,0,
CAMP00871,C0617,18-05-2024,Discount,Percentage Discount,15,23.25,1,1,0,0,
CAMP00872,C0097,31-03-2026,New Product,Free Item,1,23,1,1,0,0,
CAMP00873,C0144,10-04-2026,Win-back,Percentage Discount,15,29.25,1,1,0,0,
CAMP00874,C0100,11-01-2024,Birthday,Percentage Discount,20,22,1,1,0,0,
CAMP00875,C0877,28-05-2026,Loyalty,Points,150,18,1,1,0,0,
CAMP00876,C0759,10-01-2026,Loyalty,Points,100,16,1,1,0,0,
CAMP00877,C0736,07-07-2025,New Product,Free Item,1,23,1,1,0,0,
CAMP00878,C0444,02-08-2026,Win-back,Percentage Discount,25,32.75,1,1,1,0,
CAMP00879,C0215,30-05-2026,Loyalty,Points,50,14,1,1,1,1,09-06-2026
CAMP00880,C0860,10-06-2026,Discount,Percentage Discount,5,19.75,1,1,0,0,
CAMP00881,C0233,16-03-2024,Win-back,Percentage Discount,25,32.75,1,1,0,0,
CAMP00882,C0597,28-08-2025,Birthday,Percentage Discount,15,20.25,1,1,0,0,
CAMP00883,C0121,14-03-2026,Loyalty,Points,100,16,1,1,0,0,
CAMP00884,C0820,04-11-2025,Discount,Percentage Discount,15,23.25,1,1,0,0,
CAMP00885,C0651,05-04-2026,Festival,Percentage Discount,20,29,1,1,0,0,
CAMP00886,C0790,18-07-2026,Win-back,Percentage Discount,25,32.75,1,0,0,0,
CAMP00887,C0458,03-06-2025,Discount,Percentage Discount,15,23.25,1,1,0,0,
CAMP00888,C0567,23-07-2024,Festival,Percentage Discount,20,29,1,1,1,1,25-07-2024
CAMP00889,C0703,14-05-2025,Win-back,Percentage Discount,25,32.75,1,1,1,0,
CAMP00890,C0602,20-10-2025,Birthday,Percentage Discount,10,18.5,1,1,0,0,
CAMP00891,C0919,07-05-2026,New Product,Free Item,1,23,1,1,1,0,
CAMP00892,C0843,23-08-2026,New Product,Free Item,1,23,1,1,1,0,
CAMP00893,C0638,11-03-2026,Loyalty,Points,100,16,1,1,1,0,
CAMP00894,C0729,04-10-2025,Birthday,Percentage Discount,20,22,1,0,0,0,
CAMP00895,C0276,31-07-2026,New Product,Free Item,1,23,1,1,1,0,
CAMP00896,C0303,12-08-2026,Birthday,Percentage Discount,10,18.5,1,1,0,0,
CAMP00897,C0506,16-05-2026,New Product,Free Item,1,23,1,1,0,0,
CAMP00898,C0443,12-02-2026,Festival,Percentage Discount,25,30.75,1,1,0,0,
CAMP00899,C0828,15-07-2025,Festival,Percentage Discount,20,29,1,1,0,0,
CAMP00900,C0108,05-07-2024,Loyalty,Points,50,14,1,1,0,0,
CAMP00901,C0202,25-05-2025,New Product,Free Item,1,23,1,1,0,0,
CAMP00902,C0918,12-11-2025,Win-back,Percentage Discount,10,27.5,1,0,0,0,
CAMP00903,C0341,16-06-2026,Win-back,Percentage Discount,20,31,1,1,1,1,22-06-2026
CAMP00904,C0295,26-02-2025,Loyalty,Points,50,14,1,1,1,0,
CAMP00905,C0025,18-04-2026,Loyalty,Points,150,18,1,1,0,0,
CAMP00906,C0760,31-07-2026,Win-back,Percentage Discount,20,31,1,1,1,0,
CAMP00907,C0387,20-08-2026,New Product,Free Item,1,23,1,1,0,0,
CAMP00908,C0204,27-07-2026,Win-back,Percentage Discount,25,32.75,1,1,1,0,
CAMP00909,C0405,24-12-2024,Birthday,Percentage Discount,15,20.25,1,1,0,0,
CAMP00910,C0467,15-08-2025,Win-back,Percentage Discount,15,29.25,1,1,1,0,
CAMP00911,C0733,22-04-2026,New Product,Free Item,1,23,1,1,0,0,
CAMP00912,C0613,02-07-2026,New Product,Free Item,1,23,1,1,0,0,
CAMP00913,C0765,08-06-2026,Festival,Percentage Discount,15,27.25,1,1,0,0,
CAMP00914,C0987,26-03-2026,Win-back,Percentage Discount,10,27.5,1,0,0,0,
CAMP00915,C0995,14-05-2026,Birthday,Percentage Discount,20,22,1,1,0,0,
CAMP00916,C0652,19-01-2026,Discount,Percentage Discount,5,19.75,1,0,0,0,
CAMP00917,C0070,20-08-2025,Festival,Percentage Discount,15,27.25,1,1,0,0,
CAMP00918,C0329,26-04-2024,Festival,Percentage Discount,30,32.5,1,1,0,0,
CAMP00919,C0115,30-05-2025,Festival,Percentage Discount,15,27.25,1,1,0,0,
CAMP00920,C0835,15-09-2025,Loyalty,Points,100,16,1,1,0,0,
CAMP00921,C0283,20-01-2026,Festival,Percentage Discount,25,30.75,1,1,0,0,
CAMP00922,C0617,25-08-2025,Win-back,Percentage Discount,15,29.25,1,0,0,0,
CAMP00923,C0534,16-05-2025,Win-back,Percentage Discount,10,27.5,1,1,0,0,
CAMP00924,C0446,27-04-2026,Win-back,Percentage Discount,20,31,1,0,0,0,
CAMP00925,C0559,25-04-2026,New Product,Free Item,1,23,1,1,1,0,
CAMP00926,C0778,16-01-2026,Birthday,Percentage Discount,15,20.25,1,1,1,0,
CAMP00927,C0350,19-05-2026,Loyalty,Points,250,22,1,1,0,0,
CAMP00928,C0032,20-12-2023,Discount,Percentage Discount,10,21.5,1,1,0,0,
CAMP00929,C0638,04-09-2025,Festival,Percentage Discount,20,29,1,1,0,0,
CAMP00930,C0451,24-08-2026,Loyalty,Points,250,22,1,1,0,0,
CAMP00931,C0868,04-02-2026,Loyalty,Points,100,16,1,1,1,1,14-02-2026
CAMP00932,C0371,02-05-2026,Win-back,Percentage Discount,10,27.5,1,1,1,1,08-05-2026
CAMP00933,C0796,27-06-2026,Discount,Percentage Discount,20,25,1,1,1,1,11-07-2026
CAMP00934,C0250,15-02-2026,Birthday,Percentage Discount,10,18.5,1,1,0,0,
CAMP00935,C0577,11-05-2026,Loyalty,Points,50,14,1,1,0,0,
CAMP00936,C0224,14-04-2026,Loyalty,Points,50,14,1,1,0,0,
CAMP00937,C0225,05-08-2026,Win-back,Percentage Discount,10,27.5,1,0,0,0,
CAMP00938,C0405,16-11-2024,Birthday,Percentage Discount,15,20.25,1,1,0,0,
CAMP00939,C0679,29-12-2025,New Product,Free Item,1,23,1,1,1,0,
CAMP00940,C0201,27-08-2026,New Product,Free Item,1,23,1,1,0,0,
CAMP00941,C0942,27-03-2026,Birthday,Percentage Discount,15,20.25,1,1,1,0,
CAMP00942,C0440,02-04-2026,New Product,Free Item,1,23,1,1,0,0,
CAMP00943,C0251,14-05-2026,New Product,Free Item,1,23,1,1,1,0,
CAMP00944,C0909,02-08-2026,Birthday,Percentage Discount,20,22,1,1,0,0,
CAMP00945,C0383,24-05-2025,Win-back,Percentage Discount,15,29.25,1,1,0,0,
CAMP00946,C0993,29-08-2026,Loyalty,Points,50,14,1,1,0,0,
CAMP00947,C0402,21-05-2026,Loyalty,Points,250,22,1,1,0,0,
CAMP00948,C0327,25-06-2026,Discount,Percentage Discount,10,21.5,1,1,0,0,
CAMP00949,C0633,20-10-2025,Loyalty,Points,50,14,1,1,0,0,
CAMP00950,C0749,13-12-2025,Loyalty,Points,150,18,1,1,0,0,
CAMP00951,C0594,15-03-2026,Loyalty,Points,50,14,1,1,0,0,
CAMP00952,C0648,28-04-2026,Win-back,Percentage Discount,25,32.75,1,1,0,0,
CAMP00953,C0725,03-08-2026,Discount,Percentage Discount,5,19.75,1,1,1,0,
CAMP00954,C0699,09-11-2024,New Product,Free Item,1,23,1,1,1,0,
CAMP00955,C0139,07-06-2025,Win-back,Percentage Discount,10,27.5,1,1,0,0,
CAMP00956,C0857,05-02-2026,New Product,Free Item,1,23,1,1,0,0,
CAMP00957,C0649,23-03-2026,Festival,Percentage Discount,30,32.5,1,0,0,0,
CAMP00958,C0443,06-08-2026,Loyalty,Points,250,22,1,1,1,0,
CAMP00959,C0145,08-07-2026,Birthday,Percentage Discount,10,18.5,1,1,1,0,
CAMP00960,C0892,24-07-2026,Birthday,Percentage Discount,10,18.5,1,1,1,1,29-07-2026
CAMP00961,C0854,01-02-2025,Birthday,Percentage Discount,15,20.25,1,0,0,0,
CAMP00962,C0104,06-07-2026,Discount,Percentage Discount,10,21.5,1,0,0,0,
CAMP00963,C0626,03-02-2026,Birthday,Percentage Discount,15,20.25,1,1,0,0,
CAMP00964,C0564,11-02-2026,Festival,Percentage Discount,20,29,1,1,0,0,
CAMP00965,C0555,07-02-2026,Win-back,Percentage Discount,10,27.5,1,1,1,0,
CAMP00966,C0675,05-10-2025,New Product,Free Item,1,23,1,1,0,0,
CAMP00967,C0858,06-08-2025,Festival,Percentage Discount,20,29,1,1,0,0,
CAMP00968,C0064,17-01-2026,Discount,Percentage Discount,20,25,1,1,1,0,
CAMP00969,C0691,31-05-2026,Win-back,Percentage Discount,15,29.25,1,1,1,0,
CAMP00970,C0836,23-11-2025,Win-back,Percentage Discount,20,31,1,1,0,0,
CAMP00971,C0257,13-07-2024,Festival,Percentage Discount,30,32.5,1,1,1,0,
CAMP00972,C0100,24-07-2024,Discount,Percentage Discount,15,23.25,1,1,0,0,
CAMP00973,C0351,25-06-2025,Win-back,Percentage Discount,20,31,1,1,0,0,
CAMP00974,C0943,03-08-2026,Festival,Percentage Discount,30,32.5,1,1,0,0,
CAMP00975,C0830,29-12-2025,Loyalty,Points,150,18,1,1,1,1,07-01-2026
CAMP00976,C0367,14-11-2025,Loyalty,Points,50,14,1,1,1,1,15-11-2025
CAMP00977,C0942,04-12-2025,Festival,Percentage Discount,10,25.5,1,1,0,0,
CAMP00978,C0614,27-10-2025,Festival,Percentage Discount,30,32.5,1,1,0,0,
CAMP00979,C0891,23-04-2026,Festival,Percentage Discount,30,32.5,1,1,0,0,
CAMP00980,C0315,19-08-2026,Festival,Percentage Discount,10,25.5,1,1,0,0,
CAMP00981,C0763,20-07-2024,Birthday,Percentage Discount,20,22,1,1,1,0,
CAMP00982,C0976,28-06-2026,Win-back,Percentage Discount,25,32.75,1,1,0,0,
CAMP00983,C0135,16-09-2024,Loyalty,Points,250,22,1,1,0,0,
CAMP00984,C0973,30-09-2025,New Product,Free Item,1,23,1,1,0,0,
CAMP00985,C0597,22-03-2025,Festival,Percentage Discount,20,29,1,1,0,0,
CAMP00986,C0464,08-04-2026,Win-back,Percentage Discount,20,31,1,1,1,1,21-04-2026
CAMP00987,C0505,07-07-2026,Birthday,Percentage Discount,15,20.25,1,1,0,0,
CAMP00988,C0043,31-05-2026,Festival,Percentage Discount,20,29,1,0,0,0,
CAMP00989,C0124,28-08-2026,Festival,Percentage Discount,10,25.5,1,1,0,0,
CAMP00990,C0063,21-02-2026,New Product,Free Item,1,23,1,1,0,0,
CAMP00991,C0050,03-07-2026,Birthday,Percentage Discount,20,22,1,1,0,0,
CAMP00992,C0902,05-12-2025,Loyalty,Points,100,16,1,1,0,0,
CAMP00993,C0201,19-07-2026,Festival,Percentage Discount,15,27.25,1,1,0,0,
CAMP00994,C0686,12-12-2025,Festival,Percentage Discount,20,29,1,1,1,1,16-12-2025
CAMP00995,C0738,12-01-2026,Birthday,Percentage Discount,15,20.25,1,1,0,0,
CAMP00996,C0352,12-05-2026,Birthday,Percentage Discount,15,20.25,1,1,0,0,
CAMP00997,C0551,13-05-2026,Discount,Percentage Discount,10,21.5,1,1,0,0,
CAMP00998,C0198,27-04-2025,Loyalty,Points,250,22,1,1,0,0,
CAMP00999,C0483,03-07-2026,Win-back,Percentage Discount,20,31,1,1,0,0,
CAMP01000,C0653,07-01-2026,Loyalty,Points,100,16,1,1,0,0,
CAMP01001,C0991,26-04-2026,Win-back,Percentage Discount,20,31,1,1,0,0,
CAMP01002,C0919,20-04-2025,Discount,Percentage Discount,15,23.25,1,1,0,0,
CAMP01003,C0026,04-11-2025,Festival,Percentage Discount,20,29,1,1,0,0,
CAMP01004,C0387,23-08-2026,Birthday,Percentage Discount,20,22,1,1,1,0,
CAMP01005,C0060,26-06-2026,New Product,Free Item,1,23,1,1,1,0,
CAMP01006,C0511,05-05-2026,New Product,Free Item,1,23,1,1,1,0,
CAMP01007,C0453,04-01-2026,Loyalty,Points,250,22,1,1,0,0,
CAMP01008,C0354,07-06-2026,Win-back,Percentage Discount,25,32.75,1,1,0,0,
CAMP01009,C0561,13-11-2023,Birthday,Percentage Discount,10,18.5,1,1,1,1,19-11-2023
CAMP01010,C0659,05-07-2026,Discount,Percentage Discount,5,19.75,1,1,0,0,
CAMP01011,C0862,12-08-2026,Festival,Percentage Discount,20,29,1,1,1,0,
CAMP01012,C0386,18-04-2026,Win-back,Percentage Discount,25,32.75,1,0,0,0,
CAMP01013,C0057,17-03-2025,Festival,Percentage Discount,30,32.5,1,1,1,0,
CAMP01014,C0344,23-07-2026,Birthday,Percentage Discount,10,18.5,1,1,1,0,
CAMP01015,C0003,23-07-2024,Win-back,Percentage Discount,25,32.75,1,1,1,0,
CAMP01016,C0791,02-04-2026,New Product,Free Item,1,23,1,1,1,0,
CAMP01017,C0347,10-06-2026,Festival,Percentage Discount,15,27.25,1,1,1,0,
CAMP01018,C0805,18-08-2024,Win-back,Percentage Discount,15,29.25,1,1,0,0,
CAMP01019,C0936,01-03-2026,New Product,Free Item,1,23,1,0,0,0,
CAMP01020,C0935,22-06-2025,Festival,Percentage Discount,10,25.5,1,1,0,0,
CAMP01021,C0354,01-06-2026,Discount,Percentage Discount,15,23.25,1,1,0,0,
CAMP01022,C0590,25-08-2025,New Product,Free Item,1,23,1,1,0,0,
CAMP01023,C0751,14-07-2026,Loyalty,Points,50,14,1,1,1,0,
CAMP01024,C0286,06-12-2024,Win-back,Percentage Discount,10,27.5,1,1,0,0,
CAMP01025,C0130,20-07-2026,New Product,Free Item,1,23,1,1,1,0,
CAMP01026,C0281,19-12-2024,Festival,Percentage Discount,20,29,1,1,0,0,
CAMP01027,C0315,18-04-2026,Birthday,Percentage Discount,20,22,1,1,0,0,
CAMP01028,C0231,29-12-2024,Win-back,Percentage Discount,10,27.5,1,1,1,1,11-01-2025
CAMP01029,C0478,03-03-2024,New Product,Free Item,1,23,1,1,0,0,
CAMP01030,C0045,28-01-2026,Loyalty,Points,100,16,1,1,0,0,
CAMP01031,C0818,27-04-2025,New Product,Free Item,1,23,1,1,1,0,
CAMP01032,C0133,19-07-2025,Loyalty,Points,250,22,1,1,1,1,24-07-2025
CAMP01033,C0742,16-08-2026,Discount,Percentage Discount,20,25,1,1,0,0,
CAMP01034,C0328,04-05-2025,Festival,Percentage Discount,15,27.25,1,1,0,0,
CAMP01035,C0930,13-08-2026,Birthday,Percentage Discount,10,18.5,1,1,0,0,
CAMP01036,C0085,19-01-2026,Birthday,Percentage Discount,15,20.25,1,0,0,0,
CAMP01037,C0652,10-12-2024,Win-back,Percentage Discount,20,31,1,1,0,0,
CAMP01038,C0397,27-06-2025,Discount,Percentage Discount,20,25,1,1,1,0,
CAMP01039,C0535,25-03-2026,New Product,Free Item,1,23,1,1,0,0,
CAMP01040,C0780,07-05-2026,Festival,Percentage Discount,25,30.75,1,1,0,0,
CAMP01041,C0125,17-01-2026,Festival,Percentage Discount,30,32.5,1,1,0,0,
CAMP01042,C0998,13-10-2025,Festival,Percentage Discount,20,29,1,1,0,0,
CAMP01043,C0936,16-07-2026,New Product,Free Item,1,23,1,1,0,0,
CAMP01044,C0225,16-07-2026,Birthday,Percentage Discount,15,20.25,1,1,1,1,21-07-2026
CAMP01045,C0945,24-07-2025,Festival,Percentage Discount,20,29,1,1,0,0,
CAMP01046,C0085,21-09-2025,Birthday,Percentage Discount,10,18.5,1,1,0,0,
CAMP01047,C0153,06-08-2026,Win-back,Percentage Discount,20,31,1,1,1,1,15-08-2026
CAMP01048,C0583,14-01-2026,Birthday,Percentage Discount,20,22,1,1,1,0,
CAMP01049,C0500,19-10-2025,Festival,Percentage Discount,25,30.75,1,1,0,0,
CAMP01050,C0215,24-01-2026,Festival,Percentage Discount,20,29,1,1,1,1,06-02-2026
CAMP01051,C0305,06-04-2026,New Product,Free Item,1,23,1,1,0,0,
CAMP01052,C0533,02-06-2026,Birthday,Percentage Discount,10,18.5,1,1,0,0,
CAMP01053,C0176,05-05-2026,Loyalty,Points,250,22,1,1,0,0,
CAMP01054,C0913,16-04-2025,Birthday,Percentage Discount,15,20.25,1,1,1,0,
CAMP01055,C0012,25-08-2026,Win-back,Percentage Discount,25,32.75,1,1,0,0,
CAMP01056,C0947,03-06-2026,Win-back,Percentage Discount,15,29.25,1,1,0,0,
CAMP01057,C0447,28-09-2025,Win-back,Percentage Discount,10,27.5,1,1,1,0,
CAMP01058,C0320,30-05-2025,Discount,Percentage Discount,15,23.25,1,1,0,0,
CAMP01059,C0003,11-03-2026,Win-back,Percentage Discount,15,29.25,1,1,0,0,
CAMP01060,C0801,29-05-2025,Discount,Percentage Discount,15,23.25,1,1,0,0,
CAMP01061,C0427,12-06-2026,Discount,Percentage Discount,5,19.75,1,1,0,0,
CAMP01062,C0694,19-04-2026,New Product,Free Item,1,23,1,1,0,0,
CAMP01063,C0934,07-07-2026,Win-back,Percentage Discount,25,32.75,1,1,0,0,
CAMP01064,C0416,20-07-2026,Win-back,Percentage Discount,25,32.75,1,1,0,0,
CAMP01065,C0908,31-03-2025,Win-back,Percentage Discount,20,31,1,1,0,0,
CAMP01066,C0299,31-01-2025,Win-back,Percentage Discount,20,31,1,1,0,0,
CAMP01067,C0288,28-05-2024,Discount,Percentage Discount,20,25,1,1,1,1,10-06-2024
CAMP01068,C0621,06-12-2025,New Product,Free Item,1,23,1,1,0,0,
CAMP01069,C0596,14-11-2024,New Product,Free Item,1,23,1,1,0,0,
CAMP01070,C0184,23-01-2025,Win-back,Percentage Discount,25,32.75,1,1,0,0,
CAMP01071,C0280,10-02-2026,New Product,Free Item,1,23,1,1,0,0,
CAMP01072,C0741,01-07-2026,New Product,Free Item,1,23,1,1,0,0,
CAMP01073,C0234,17-06-2026,Birthday,Percentage Discount,15,20.25,1,1,0,0,
CAMP01074,C0915,20-10-2025,Festival,Percentage Discount,25,30.75,1,1,1,0,
CAMP01075,C0865,02-07-2026,New Product,Free Item,1,23,1,1,1,0,
CAMP01076,C0322,03-02-2026,New Product,Free Item,1,23,1,1,0,0,
CAMP01077,C0319,26-06-2025,Discount,Percentage Discount,10,21.5,1,1,0,0,
CAMP01078,C0223,30-04-2026,Birthday,Percentage Discount,10,18.5,1,1,0,0,
CAMP01079,C0678,16-12-2025,Win-back,Percentage Discount,25,32.75,1,0,0,0,
CAMP01080,C0435,07-07-2026,Festival,Percentage Discount,20,29,1,1,0,0,
CAMP01081,C0118,30-04-2026,Festival,Percentage Discount,30,32.5,1,1,1,0,
CAMP01082,C0973,26-01-2026,New Product,Free Item,1,23,1,1,0,0,
CAMP01083,C0138,18-01-2026,Loyalty,Points,100,16,1,0,0,0,
CAMP01084,C0437,25-06-2026,Loyalty,Points,250,22,1,1,0,0,
CAMP01085,C0678,15-03-2026,Birthday,Percentage Discount,15,20.25,1,1,1,0,
CAMP01086,C0790,29-08-2026,Birthday,Percentage Discount,10,18.5,1,1,1,0,
CAMP01087,C0729,24-06-2026,Discount,Percentage Discount,20,25,1,1,0,0,
CAMP01088,C0837,14-07-2025,Birthday,Percentage Discount,10,18.5,1,1,0,0,
CAMP01089,C0191,06-05-2026,Loyalty,Points,250,22,1,1,0,0,
CAMP01090,C0450,16-08-2026,Birthday,Percentage Discount,10,18.5,1,1,1,0,
CAMP01091,C0056,12-01-2026,Festival,Percentage Discount,10,25.5,1,1,0,0,
CAMP01092,C0388,12-11-2025,Festival,Percentage Discount,20,29,1,1,0,0,
CAMP01093,C0313,19-08-2026,Festival,Percentage Discount,30,32.5,1,1,1,1,30-08-2026
CAMP01094,C0933,25-06-2025,Win-back,Percentage Discount,10,27.5,1,1,0,0,
CAMP01095,C0336,09-04-2025,Win-back,Percentage Discount,20,31,1,0,0,0,
CAMP01096,C0575,02-10-2025,Festival,Percentage Discount,20,29,1,1,1,0,
CAMP01097,C0869,31-03-2026,Loyalty,Points,250,22,1,1,0,0,
CAMP01098,C0416,19-07-2026,Discount,Percentage Discount,5,19.75,1,1,0,0,
CAMP01099,C0128,30-12-2025,Win-back,Percentage Discount,15,29.25,1,1,1,0,
CAMP01100,C0154,09-12-2023,Birthday,Percentage Discount,20,22,1,1,0,0,
CAMP01101,C0233,02-07-2026,Discount,Percentage Discount,15,23.25,1,0,0,0,
CAMP01102,C0568,17-03-2025,Win-back,Percentage Discount,20,31,1,1,0,0,
CAMP01103,C0213,24-04-2024,Birthday,Percentage Discount,10,18.5,1,1,0,0,
CAMP01104,C0298,19-07-2026,Win-back,Percentage Discount,20,31,1,1,1,1,02-08-2026
CAMP01105,C0179,12-02-2025,New Product,Free Item,1,23,1,1,0,0,
CAMP01106,C0391,11-05-2026,Birthday,Percentage Discount,10,18.5,1,0,0,0,
CAMP01107,C0432,27-11-2024,Festival,Percentage Discount,15,27.25,1,1,0,0,
CAMP01108,C0789,10-09-2025,New Product,Free Item,1,23,1,1,0,0,
CAMP01109,C0018,09-08-2026,Birthday,Percentage Discount,10,18.5,1,1,1,1,14-08-2026
CAMP01110,C0971,27-05-2026,Festival,Percentage Discount,20,29,1,1,0,0,
CAMP01111,C0341,05-04-2026,Loyalty,Points,100,16,1,1,0,0,
CAMP01112,C0119,09-03-2025,Birthday,Percentage Discount,20,22,1,1,0,0,
CAMP01113,C0799,15-08-2026,Festival,Percentage Discount,10,25.5,1,1,0,0,
CAMP01114,C0736,30-06-2025,Birthday,Percentage Discount,20,22,1,1,0,0,
CAMP01115,C0113,13-02-2026,Festival,Percentage Discount,25,30.75,1,1,0,0,
CAMP01116,C0695,27-07-2026,Loyalty,Points,250,22,1,1,0,0,
CAMP01117,C0825,26-06-2026,Discount,Percentage Discount,20,25,1,1,1,0,
CAMP01118,C0183,09-01-2026,Festival,Percentage Discount,10,25.5,1,1,1,0,
CAMP01119,C0974,11-08-2026,Win-back,Percentage Discount,15,29.25,1,1,0,0,
CAMP01120,C0423,11-12-2025,Discount,Percentage Discount,10,21.5,1,1,0,0,
CAMP01121,C0821,17-07-2025,Birthday,Percentage Discount,10,18.5,1,1,0,0,
CAMP01122,C0535,16-05-2025,Discount,Percentage Discount,10,21.5,1,1,0,0,
CAMP01123,C0423,30-01-2026,Loyalty,Points,250,22,1,1,0,0,
CAMP01124,C0469,15-04-2025,Win-back,Percentage Discount,10,27.5,1,1,1,0,
CAMP01125,C0254,20-07-2026,Birthday,Percentage Discount,20,22,1,1,0,0,
CAMP01126,C0710,02-01-2026,Festival,Percentage Discount,15,27.25,1,1,0,0,
CAMP01127,C0339,07-04-2026,Birthday,Percentage Discount,20,22,1,0,0,0,
CAMP01128,C0263,19-03-2026,Discount,Percentage Discount,5,19.75,1,1,0,0,
CAMP01129,C0138,16-06-2025,Festival,Percentage Discount,10,25.5,1,0,0,0,
CAMP01130,C0027,29-05-2026,Loyalty,Points,50,14,1,1,0,0,
CAMP01131,C0887,05-07-2025,New Product,Free Item,1,23,1,1,0,0,
CAMP01132,C0948,27-06-2026,Discount,Percentage Discount,20,25,1,1,1,0,
CAMP01133,C0373,10-01-2026,Loyalty,Points,100,16,1,1,0,0,
CAMP01134,C0047,24-09-2025,Discount,Percentage Discount,5,19.75,1,1,0,0,
CAMP01135,C0444,31-07-2025,New Product,Free Item,1,23,1,1,0,0,
CAMP01136,C0167,28-07-2026,Discount,Percentage Discount,10,21.5,1,1,0,0,
CAMP01137,C0098,07-04-2024,Discount,Percentage Discount,15,23.25,1,0,0,0,
CAMP01138,C0355,06-04-2026,Festival,Percentage Discount,10,25.5,1,1,0,0,
CAMP01139,C0376,20-09-2025,Festival,Percentage Discount,30,32.5,1,1,1,1,25-09-2025
CAMP01140,C0283,12-10-2025,Win-back,Percentage Discount,25,32.75,1,1,1,1,22-10-2025
CAMP01141,C0506,30-08-2025,New Product,Free Item,1,23,1,1,0,0,
CAMP01142,C0361,12-06-2026,Birthday,Percentage Discount,10,18.5,1,1,0,0,
CAMP01143,C0389,30-11-2025,Birthday,Percentage Discount,10,18.5,1,1,0,0,
CAMP01144,C0894,18-03-2026,Loyalty,Points,150,18,1,1,0,0,
CAMP01145,C0928,12-03-2026,Birthday,Percentage Discount,15,20.25,1,1,0,0,
CAMP01146,C0117,01-09-2025,Discount,Percentage Discount,20,25,1,1,0,0,
CAMP01147,C0447,05-11-2025,Festival,Percentage Discount,30,32.5,1,1,0,0,
CAMP01148,C0668,25-08-2026,Discount,Percentage Discount,20,25,1,1,1,0,
CAMP01149,C0872,20-02-2026,Discount,Percentage Discount,20,25,1,1,0,0,
CAMP01150,C0234,17-03-2026,Birthday,Percentage Discount,15,20.25,1,1,1,1,31-03-2026
CAMP01151,C0513,08-09-2024,Loyalty,Points,50,14,1,1,1,1,09-09-2024
CAMP01152,C0258,29-11-2025,Birthday,Percentage Discount,10,18.5,1,1,0,0,
CAMP01153,C0425,18-11-2024,Festival,Percentage Discount,10,25.5,1,1,1,0,
CAMP01154,C0204,05-11-2025,Festival,Percentage Discount,10,25.5,1,1,0,0,
CAMP01155,C0181,14-04-2025,New Product,Free Item,1,23,1,1,0,0,
CAMP01156,C0238,29-06-2026,Win-back,Percentage Discount,10,27.5,1,1,0,0,
CAMP01157,C0225,02-06-2026,Discount,Percentage Discount,20,25,1,1,0,0,
CAMP01158,C0312,16-08-2026,Win-back,Percentage Discount,15,29.25,1,0,0,0,
CAMP01159,C0852,01-06-2025,Win-back,Percentage Discount,10,27.5,1,1,0,0,
CAMP01160,C0935,05-08-2025,Discount,Percentage Discount,20,25,1,1,1,0,
CAMP01161,C0904,24-04-2024,Win-back,Percentage Discount,25,32.75,1,1,1,0,
CAMP01162,C0032,30-05-2026,Discount,Percentage Discount,10,21.5,1,1,0,0,
CAMP01163,C0380,09-05-2024,New Product,Free Item,1,23,1,1,0,0,
CAMP01164,C0018,25-01-2026,Win-back,Percentage Discount,25,32.75,1,1,0,0,
CAMP01165,C0764,22-08-2025,Festival,Percentage Discount,20,29,1,1,0,0,
CAMP01166,C0092,28-09-2024,Festival,Percentage Discount,20,29,1,1,0,0,
CAMP01167,C0987,23-12-2025,Loyalty,Points,50,14,1,1,0,0,
CAMP01168,C0894,04-04-2026,Win-back,Percentage Discount,20,31,1,1,0,0,
CAMP01169,C0715,22-01-2026,Discount,Percentage Discount,20,25,1,1,1,1,02-02-2026
CAMP01170,C0962,12-08-2025,Discount,Percentage Discount,10,21.5,1,1,0,0,
CAMP01171,C0402,02-12-2025,Discount,Percentage Discount,20,25,1,1,0,0,
CAMP01172,C0522,17-12-2025,Win-back,Percentage Discount,25,32.75,1,1,1,0,
CAMP01173,C0976,21-07-2026,Birthday,Percentage Discount,10,18.5,1,1,0,0,
CAMP01174,C0628,27-07-2026,Birthday,Percentage Discount,15,20.25,1,0,0,0,
CAMP01175,C0207,13-04-2026,Win-back,Percentage Discount,10,27.5,1,1,0,0,
CAMP01176,C0024,11-07-2026,Festival,Percentage Discount,20,29,1,1,0,0,
CAMP01177,C0519,05-05-2026,New Product,Free Item,1,23,1,1,1,0,
CAMP01178,C0805,04-01-2024,Birthday,Percentage Discount,15,20.25,1,1,1,0,
CAMP01179,C0192,09-06-2026,Birthday,Percentage Discount,10,18.5,1,1,0,0,
CAMP01180,C0827,05-09-2025,Birthday,Percentage Discount,10,18.5,1,1,0,0,
CAMP01181,C0058,02-02-2025,Loyalty,Points,100,16,1,1,1,1,13-02-2025
CAMP01182,C0004,01-12-2025,Loyalty,Points,150,18,1,1,0,0,
CAMP01183,C0603,19-02-2026,Loyalty,Points,100,16,1,1,1,0,
CAMP01184,C0553,19-07-2026,Win-back,Percentage Discount,15,29.25,1,0,0,0,
CAMP01185,C0574,09-10-2025,Discount,Percentage Discount,10,21.5,1,1,0,0,
CAMP01186,C0356,23-11-2025,New Product,Free Item,1,23,1,1,0,0,
CAMP01187,C0342,11-08-2026,Discount,Percentage Discount,10,21.5,1,1,0,0,
CAMP01188,C0287,22-02-2026,Loyalty,Points,50,14,1,0,0,0,
CAMP01189,C0898,31-12-2025,Birthday,Percentage Discount,20,22,1,1,1,0,
CAMP01190,C0348,22-09-2025,Birthday,Percentage Discount,15,20.25,1,1,0,0,
CAMP01191,C0500,10-01-2026,Loyalty,Points,50,14,1,1,0,0,
CAMP01192,C0991,10-07-2026,Win-back,Percentage Discount,10,27.5,1,1,1,0,
CAMP01193,C0854,04-11-2025,Discount,Percentage Discount,10,21.5,1,1,0,0,
CAMP01194,C0136,31-08-2026,Loyalty,Points,100,16,1,1,1,1,31-08-2026
CAMP01195,C0948,13-06-2026,Discount,Percentage Discount,15,23.25,1,1,1,1,19-06-2026
CAMP01196,C0554,29-08-2025,Loyalty,Points,100,16,1,0,0,0,
CAMP01197,C0679,21-08-2026,Festival,Percentage Discount,30,32.5,1,1,0,0,
CAMP01198,C0711,24-08-2026,New Product,Free Item,1,23,1,0,0,0,
CAMP01199,C0695,22-08-2026,New Product,Free Item,1,23,1,1,1,0,
CAMP01200,C0607,05-07-2026,Loyalty,Points,50,14,1,1,0,0,
CAMP01201,C0600,30-07-2025,Discount,Percentage Discount,5,19.75,1,0,0,0,
CAMP01202,C0017,29-07-2026,Birthday,Percentage Discount,10,18.5,1,1,0,0,
CAMP01203,C0502,16-08-2026,Discount,Percentage Discount,20,25,1,1,1,1,28-08-2026
CAMP01204,C0283,29-04-2025,Birthday,Percentage Discount,20,22,1,1,1,1,05-05-2025
CAMP01205,C0706,22-09-2024,Discount,Percentage Discount,15,23.25,1,1,0,0,
CAMP01206,C0188,21-08-2026,Loyalty,Points,50,14,1,1,0,0,
CAMP01207,C0472,21-04-2026,Birthday,Percentage Discount,10,18.5,1,1,0,0,
CAMP01208,C0298,06-07-2026,Discount,Percentage Discount,5,19.75,1,1,0,0,
CAMP01209,C0469,11-01-2025,Win-back,Percentage Discount,15,29.25,1,1,1,1,19-01-2025
CAMP01210,C0017,30-06-2025,Birthday,Percentage Discount,20,22,1,1,0,0,
CAMP01211,C0344,03-05-2026,Birthday,Percentage Discount,20,22,1,1,1,1,08-05-2026
CAMP01212,C0057,04-06-2024,New Product,Free Item,1,23,1,1,1,0,
CAMP01213,C0861,25-06-2026,Loyalty,Points,100,16,1,1,0,0,
CAMP01214,C0265,26-03-2026,Birthday,Percentage Discount,15,20.25,1,1,1,1,28-03-2026
CAMP01215,C0664,02-07-2026,Loyalty,Points,150,18,1,1,1,0,
CAMP01216,C0489,13-03-2026,Festival,Percentage Discount,10,25.5,1,0,0,0,
CAMP01217,C0475,17-08-2026,Win-back,Percentage Discount,10,27.5,1,1,0,0,
CAMP01218,C0316,29-04-2026,Birthday,Percentage Discount,15,20.25,1,1,0,0,
CAMP01219,C0806,23-11-2025,Discount,Percentage Discount,10,21.5,1,1,0,0,
CAMP01220,C0611,05-07-2026,New Product,Free Item,1,23,1,1,0,0,
CAMP01221,C0150,04-03-2026,Discount,Percentage Discount,20,25,1,1,1,1,18-03-2026
CAMP01222,C0053,20-11-2024,Birthday,Percentage Discount,15,20.25,1,1,0,0,
CAMP01223,C0545,25-02-2026,Discount,Percentage Discount,10,21.5,1,1,1,0,
CAMP01224,C0293,07-04-2026,New Product,Free Item,1,23,1,1,0,0,
CAMP01225,C0594,02-06-2026,Festival,Percentage Discount,25,30.75,1,1,1,0,
CAMP01226,C0949,30-05-2025,Birthday,Percentage Discount,10,18.5,1,1,0,0,
CAMP01227,C0778,24-10-2025,New Product,Free Item,1,23,1,1,0,0,
CAMP01228,C0372,08-02-2026,Birthday,Percentage Discount,15,20.25,1,1,0,0,
CAMP01229,C0177,24-06-2026,Discount,Percentage Discount,20,25,1,1,0,0,
CAMP01230,C0748,13-04-2025,Win-back,Percentage Discount,10,27.5,1,1,0,0,
CAMP01231,C0890,20-09-2024,Win-back,Percentage Discount,20,31,1,1,1,0,
CAMP01232,C0536,03-05-2026,Festival,Percentage Discount,15,27.25,1,1,0,0,
CAMP01233,C0730,10-07-2026,Discount,Percentage Discount,5,19.75,1,1,0,0,
CAMP01234,C0505,03-06-2026,Festival,Percentage Discount,30,32.5,1,1,0,0,
CAMP01235,C0173,23-08-2026,Discount,Percentage Discount,20,25,1,1,0,0,
CAMP01236,C0375,29-06-2024,Discount,Percentage Discount,20,25,1,0,0,0,
CAMP01237,C0609,20-08-2025,Birthday,Percentage Discount,15,20.25,1,1,1,0,
CAMP01238,C0443,08-06-2026,Birthday,Percentage Discount,20,22,1,1,0,0,
CAMP01239,C0216,25-02-2026,Discount,Percentage Discount,5,19.75,1,1,0,0,
CAMP01240,C0789,04-01-2026,New Product,Free Item,1,23,1,1,1,0,
CAMP01241,C0179,16-03-2025,Birthday,Percentage Discount,15,20.25,1,1,0,0,
CAMP01242,C0829,16-05-2025,Discount,Percentage Discount,15,23.25,1,1,1,0,
CAMP01243,C0671,30-07-2026,Loyalty,Points,250,22,1,1,0,0,
CAMP01244,C0471,10-06-2026,Discount,Percentage Discount,15,23.25,1,1,0,0,
CAMP01245,C0450,23-08-2026,Discount,Percentage Discount,10,21.5,1,1,1,0,
CAMP01246,C0034,21-08-2026,Festival,Percentage Discount,25,30.75,1,1,0,0,
CAMP01247,C0860,09-06-2026,New Product,Free Item,1,23,1,1,0,0,
CAMP01248,C0916,20-01-2026,Win-back,Percentage Discount,15,29.25,1,1,1,0,
CAMP01249,C0768,15-03-2025,Discount,Percentage Discount,20,25,1,0,0,0,
CAMP01250,C0608,26-03-2025,Win-back,Percentage Discount,10,27.5,1,1,0,0,
CAMP01251,C0535,05-11-2024,Festival,Percentage Discount,10,25.5,1,1,0,0,
CAMP01252,C0813,27-06-2026,Birthday,Percentage Discount,20,22,1,1,0,0,
CAMP01253,C0070,03-08-2025,Loyalty,Points,150,18,1,1,1,0,
CAMP01254,C0153,23-07-2026,Loyalty,Points,50,14,1,1,1,0,
CAMP01255,C0401,18-11-2025,Win-back,Percentage Discount,25,32.75,1,1,0,0,
CAMP01256,C0259,07-06-2026,Loyalty,Points,100,16,1,1,1,1,09-06-2026
CAMP01257,C0603,28-07-2025,New Product,Free Item,1,23,1,1,0,0,
CAMP01258,C0229,28-01-2026,New Product,Free Item,1,23,1,1,0,0,
CAMP01259,C0956,04-06-2025,Festival,Percentage Discount,15,27.25,1,1,0,0,
CAMP01260,C0831,30-07-2026,Festival,Percentage Discount,10,25.5,1,1,0,0,
CAMP01261,C0131,01-07-2026,New Product,Free Item,1,23,1,1,0,0,
CAMP01262,C0439,01-07-2026,New Product,Free Item,1,23,1,1,0,0,
CAMP01263,C0739,13-02-2026,Discount,Percentage Discount,15,23.25,1,0,0,0,
CAMP01264,C0873,12-02-2025,Discount,Percentage Discount,10,21.5,1,0,0,0,
CAMP01265,C0340,14-04-2026,Win-back,Percentage Discount,25,32.75,1,1,1,1,23-04-2026
CAMP01266,C0370,28-10-2025,Win-back,Percentage Discount,15,29.25,1,1,0,0,
CAMP01267,C0111,05-04-2025,Discount,Percentage Discount,20,25,1,0,0,0,
CAMP01268,C0206,20-02-2026,Discount,Percentage Discount,10,21.5,1,1,1,0,
CAMP01269,C0438,18-08-2026,Loyalty,Points,150,18,1,1,0,0,
CAMP01270,C0616,26-04-2025,Festival,Percentage Discount,30,32.5,1,1,1,0,
CAMP01271,C0782,19-07-2024,Loyalty,Points,100,16,1,1,0,0,
CAMP01272,C0608,10-06-2025,Discount,Percentage Discount,10,21.5,1,1,1,0,
CAMP01273,C0033,27-07-2026,Festival,Percentage Discount,15,27.25,1,1,1,0,
CAMP01274,C0438,26-07-2026,Loyalty,Points,50,14,1,1,1,1,28-07-2026
CAMP01275,C0215,27-01-2026,New Product,Free Item,1,23,1,1,0,0,
CAMP01276,C0307,25-08-2026,Loyalty,Points,100,16,1,1,0,0,
CAMP01277,C0360,09-06-2024,Birthday,Percentage Discount,10,18.5,1,1,0,0,
CAMP01278,C0695,18-08-2026,Birthday,Percentage Discount,10,18.5,1,1,0,0,
CAMP01279,C0638,07-01-2026,Birthday,Percentage Discount,10,18.5,1,1,0,0,
CAMP01280,C0638,03-01-2026,Loyalty,Points,50,14,1,1,1,0,
CAMP01281,C0336,02-04-2025,Loyalty,Points,250,22,1,1,1,1,04-04-2025
CAMP01282,C0026,23-01-2026,Discount,Percentage Discount,20,25,1,1,0,0,
CAMP01283,C0642,03-06-2026,Win-back,Percentage Discount,25,32.75,1,1,0,0,
CAMP01284,C0157,04-06-2026,Discount,Percentage Discount,5,19.75,1,1,0,0,
CAMP01285,C0771,27-06-2025,Discount,Percentage Discount,15,23.25,1,0,0,0,
CAMP01286,C0806,18-03-2026,Festival,Percentage Discount,20,29,1,1,0,0,
CAMP01287,C0283,12-12-2024,Loyalty,Points,100,16,1,1,0,0,
CAMP01288,C0788,11-04-2025,New Product,Free Item,1,23,1,1,0,0,
CAMP01289,C0023,30-08-2026,Festival,Percentage Discount,20,29,1,1,0,0,
CAMP01290,C0480,23-04-2026,Discount,Percentage Discount,20,25,1,1,1,0,
CAMP01291,C0762,03-07-2026,New Product,Free Item,1,23,1,1,0,0,
CAMP01292,C0370,09-03-2026,Win-back,Percentage Discount,20,31,1,0,0,0,
CAMP01293,C0234,23-09-2025,New Product,Free Item,1,23,1,1,0,0,
CAMP01294,C0485,17-07-2026,Loyalty,Points,250,22,1,1,0,0,
CAMP01295,C0835,05-09-2025,Loyalty,Points,150,18,1,1,0,0,
CAMP01296,C0936,02-07-2026,Discount,Percentage Discount,5,19.75,1,1,0,0,
CAMP01297,C0085,10-11-2025,Birthday,Percentage Discount,20,22,1,1,0,0,
CAMP01298,C0546,13-04-2026,Win-back,Percentage Discount,20,31,1,1,0,0,
CAMP01299,C0914,18-01-2025,Win-back,Percentage Discount,15,29.25,1,1,0,0,
CAMP01300,C0572,18-03-2025,New Product,Free Item,1,23,1,1,0,0,
CAMP01301,C0939,03-03-2026,Birthday,Percentage Discount,10,18.5,1,1,1,0,
CAMP01302,C0834,15-10-2025,New Product,Free Item,1,23,1,1,0,0,
CAMP01303,C0569,17-06-2026,Festival,Percentage Discount,10,25.5,1,1,0,0,
CAMP01304,C0612,21-08-2026,Win-back,Percentage Discount,15,29.25,1,1,0,0,
CAMP01305,C0231,05-12-2024,Win-back,Percentage Discount,25,32.75,1,1,1,0,
CAMP01306,C0203,02-07-2026,Discount,Percentage Discount,10,21.5,1,1,1,1,10-07-2026
CAMP01307,C0643,10-03-2026,Win-back,Percentage Discount,10,27.5,1,1,1,0,
CAMP01308,C0350,11-10-2025,Discount,Percentage Discount,15,23.25,1,1,1,1,21-10-2025
CAMP01309,C0812,01-03-2026,Loyalty,Points,50,14,1,1,1,0,
CAMP01310,C0760,15-07-2026,New Product,Free Item,1,23,1,1,0,0,
CAMP01311,C0035,19-08-2025,Loyalty,Points,150,18,1,1,1,0,
CAMP01312,C0255,28-03-2026,New Product,Free Item,1,23,1,1,0,0,
CAMP01313,C0621,30-12-2024,Birthday,Percentage Discount,10,18.5,1,0,0,0,
CAMP01314,C0878,22-08-2026,Discount,Percentage Discount,5,19.75,1,1,1,1,23-08-2026
CAMP01315,C0535,18-05-2024,Festival,Percentage Discount,20,29,1,0,0,0,
CAMP01316,C0714,22-05-2025,Discount,Percentage Discount,20,25,1,1,0,0,
CAMP01317,C0001,26-10-2025,New Product,Free Item,1,23,1,1,0,0,
CAMP01318,C0510,09-01-2024,New Product,Free Item,1,23,1,1,0,0,
CAMP01319,C0139,16-08-2026,Festival,Percentage Discount,15,27.25,1,1,1,1,30-08-2026
CAMP01320,C0627,30-06-2026,New Product,Free Item,1,23,1,0,0,0,
CAMP01321,C0242,22-06-2026,Festival,Percentage Discount,10,25.5,1,1,1,0,
CAMP01322,C0466,01-06-2025,Birthday,Percentage Discount,10,18.5,1,1,0,0,
CAMP01323,C0676,24-09-2025,Discount,Percentage Discount,15,23.25,1,0,0,0,
CAMP01324,C0812,09-03-2025,Festival,Percentage Discount,20,29,1,1,1,0,
CAMP01325,C0724,10-03-2026,New Product,Free Item,1,23,1,1,0,0,
CAMP01326,C0142,12-01-2026,New Product,Free Item,1,23,1,1,0,0,
CAMP01327,C0117,31-03-2026,Loyalty,Points,100,16,1,1,0,0,
CAMP01328,C0583,05-12-2025,Loyalty,Points,50,14,1,1,0,0,
CAMP01329,C0787,15-06-2026,New Product,Free Item,1,23,1,1,0,0,
CAMP01330,C0764,10-10-2025,Loyalty,Points,100,16,1,1,0,0,
CAMP01331,C0826,28-10-2025,Loyalty,Points,100,16,1,1,1,0,
CAMP01332,C0050,28-08-2026,Birthday,Percentage Discount,10,18.5,1,1,0,0,
CAMP01333,C0357,29-08-2026,Discount,Percentage Discount,20,25,1,1,0,0,
CAMP01334,C0853,24-06-2026,Loyalty,Points,50,14,1,1,0,0,
CAMP01335,C0777,14-10-2025,New Product,Free Item,1,23,1,1,0,0,
CAMP01336,C0233,29-08-2024,Win-back,Percentage Discount,20,31,1,0,0,0,
CAMP01337,C0583,24-08-2026,New Product,Free Item,1,23,1,1,0,0,
CAMP01338,C0088,16-07-2026,Festival,Percentage Discount,10,25.5,1,1,0,0,
CAMP01339,C0846,02-08-2026,Loyalty,Points,250,22,1,1,0,0,
CAMP01340,C0459,22-08-2025,Birthday,Percentage Discount,15,20.25,1,1,1,0,
CAMP01341,C0094,18-09-2025,Win-back,Percentage Discount,15,29.25,1,1,1,1,23-09-2025
CAMP01342,C0883,13-10-2025,Birthday,Percentage Discount,10,18.5,1,1,1,0,
CAMP01343,C0392,14-07-2026,Loyalty,Points,100,16,1,1,0,0,
CAMP01344,C0185,30-05-2025,Discount,Percentage Discount,10,21.5,1,1,1,0,
CAMP01345,C0613,24-06-2026,New Product,Free Item,1,23,1,1,0,0,
CAMP01346,C0188,03-08-2026,Discount,Percentage Discount,20,25,1,1,0,0,
CAMP01347,C0491,04-07-2026,Loyalty,Points,100,16,1,1,1,1,05-07-2026
CAMP01348,C0085,23-01-2025,New Product,Free Item,1,23,1,1,0,0,
CAMP01349,C0563,03-08-2026,Loyalty,Points,150,18,1,1,0,0,
CAMP01350,C0399,07-01-2026,Discount,Percentage Discount,20,25,1,1,0,0,
CAMP01351,C0301,25-01-2026,Birthday,Percentage Discount,15,20.25,1,1,0,0,
CAMP01352,C0474,04-04-2026,Discount,Percentage Discount,20,25,1,1,0,0,
CAMP01353,C0993,26-08-2026,Birthday,Percentage Discount,10,18.5,1,1,0,0,
CAMP01354,C0744,23-08-2026,New Product,Free Item,1,23,1,1,1,0,
CAMP01355,C0894,27-05-2026,Discount,Percentage Discount,20,25,1,0,0,0,
CAMP01356,C0801,29-05-2025,New Product,Free Item,1,23,1,1,0,0,
CAMP01357,C0491,13-07-2026,Discount,Percentage Discount,10,21.5,1,1,1,1,15-07-2026
CAMP01358,C0100,19-04-2025,Discount,Percentage Discount,15,23.25,1,1,0,0,
CAMP01359,C0363,02-10-2025,Discount,Percentage Discount,20,25,1,1,0,0,
CAMP01360,C0621,27-07-2026,Festival,Percentage Discount,30,32.5,1,1,0,0,
CAMP01361,C0527,03-08-2026,Birthday,Percentage Discount,15,20.25,1,1,0,0,
CAMP01362,C0860,27-07-2025,Discount,Percentage Discount,20,25,1,1,0,0,
CAMP01363,C0598,03-04-2026,Festival,Percentage Discount,25,30.75,1,1,0,0,
CAMP01364,C0611,12-07-2026,Birthday,Percentage Discount,15,20.25,1,1,1,0,
CAMP01365,C0843,04-08-2026,Birthday,Percentage Discount,20,22,1,0,0,0,
CAMP01366,C0603,30-04-2026,Win-back,Percentage Discount,25,32.75,1,1,0,0,
CAMP01367,C0033,11-01-2026,Loyalty,Points,250,22,1,1,1,0,
CAMP01368,C0352,30-04-2026,New Product,Free Item,1,23,1,1,0,0,
CAMP01369,C0220,12-06-2025,Birthday,Percentage Discount,20,22,1,1,1,0,
CAMP01370,C0251,17-07-2026,Festival,Percentage Discount,30,32.5,1,1,0,0,
CAMP01371,C0754,19-05-2026,New Product,Free Item,1,23,1,1,1,0,
CAMP01372,C0767,03-07-2025,Festival,Percentage Discount,10,25.5,1,0,0,0,
CAMP01373,C0971,09-04-2026,Festival,Percentage Discount,20,29,1,1,0,0,
CAMP01374,C0454,03-04-2025,Loyalty,Points,100,16,1,1,1,1,17-04-2025
CAMP01375,C0681,14-04-2025,New Product,Free Item,1,23,1,1,0,0,
CAMP01376,C0949,08-08-2026,Birthday,Percentage Discount,20,22,1,0,0,0,
CAMP01377,C0444,14-06-2026,New Product,Free Item,1,23,1,1,1,0,
CAMP01378,C0757,15-02-2026,Win-back,Percentage Discount,25,32.75,1,1,0,0,
CAMP01379,C0864,14-05-2025,Festival,Percentage Discount,30,32.5,1,1,0,0,
CAMP01380,C0053,18-05-2026,Win-back,Percentage Discount,10,27.5,1,1,1,0,
CAMP01381,C0962,05-07-2025,Win-back,Percentage Discount,25,32.75,1,1,0,0,
CAMP01382,C0362,22-10-2025,Loyalty,Points,250,22,1,1,1,0,
CAMP01383,C0042,05-04-2026,Festival,Percentage Discount,20,29,1,1,0,0,
CAMP01384,C0610,08-05-2026,Festival,Percentage Discount,20,29,1,1,0,0,
CAMP01385,C0525,06-09-2025,Festival,Percentage Discount,20,29,1,0,0,0,
CAMP01386,C0288,20-10-2024,Loyalty,Points,50,14,1,1,0,0,
CAMP01387,C0334,18-02-2026,Birthday,Percentage Discount,10,18.5,1,0,0,0,
CAMP01388,C0054,12-06-2024,Loyalty,Points,50,14,1,1,0,0,
CAMP01389,C0784,23-03-2026,Loyalty,Points,50,14,1,0,0,0,
CAMP01390,C0188,30-06-2026,Festival,Percentage Discount,10,25.5,1,1,0,0,
CAMP01391,C0674,07-09-2025,Birthday,Percentage Discount,10,18.5,1,1,1,0,
CAMP01392,C0446,20-02-2026,Festival,Percentage Discount,10,25.5,1,1,0,0,
CAMP01393,C0160,03-01-2026,Loyalty,Points,250,22,1,1,0,0,
CAMP01394,C0805,15-06-2024,Birthday,Percentage Discount,15,20.25,1,1,0,0,
CAMP01395,C0994,09-11-2025,Birthday,Percentage Discount,20,22,1,0,0,0,
CAMP01396,C0611,11-06-2026,Win-back,Percentage Discount,20,31,1,1,1,0,
CAMP01397,C0368,04-03-2026,Discount,Percentage Discount,10,21.5,1,1,1,0,
CAMP01398,C0111,03-12-2025,Birthday,Percentage Discount,10,18.5,1,0,0,0,
CAMP01399,C0390,18-07-2025,Win-back,Percentage Discount,10,27.5,1,1,1,0,
CAMP01400,C0587,17-04-2025,Discount,Percentage Discount,10,21.5,1,1,0,0,
CAMP01401,C0228,08-04-2024,Win-back,Percentage Discount,10,27.5,1,1,1,0,
CAMP01402,C0271,27-07-2026,Win-back,Percentage Discount,20,31,1,1,1,1,08-08-2026
CAMP01403,C0913,21-12-2025,Loyalty,Points,50,14,1,1,0,0,
CAMP01404,C0741,08-07-2026,New Product,Free Item,1,23,1,1,1,0,
CAMP01405,C0594,22-05-2026,Win-back,Percentage Discount,15,29.25,1,1,1,0,
CAMP01406,C0037,10-05-2026,Birthday,Percentage Discount,10,18.5,1,1,1,0,
CAMP01407,C0461,13-10-2025,Discount,Percentage Discount,20,25,1,1,1,0,
CAMP01408,C0538,20-07-2026,Festival,Percentage Discount,30,32.5,1,1,1,1,24-07-2026
CAMP01409,C0629,30-08-2025,Birthday,Percentage Discount,20,22,1,1,0,0,
CAMP01410,C0362,25-08-2026,Win-back,Percentage Discount,20,31,1,1,1,0,
CAMP01411,C0534,11-12-2025,New Product,Free Item,1,23,1,1,1,0,
CAMP01412,C0560,09-07-2026,Birthday,Percentage Discount,10,18.5,1,0,0,0,
CAMP01413,C0019,13-08-2026,Birthday,Percentage Discount,20,22,1,1,1,0,
CAMP01414,C0509,05-06-2026,Win-back,Percentage Discount,20,31,1,1,0,0,
CAMP01415,C0393,21-08-2025,Birthday,Percentage Discount,10,18.5,1,1,0,0,
CAMP01416,C0635,01-01-2026,Win-back,Percentage Discount,25,32.75,1,1,0,0,
CAMP01417,C0171,31-08-2026,Birthday,Percentage Discount,15,20.25,1,1,0,0,
CAMP01418,C0309,03-11-2024,Discount,Percentage Discount,10,21.5,1,1,0,0,
CAMP01419,C0792,02-12-2025,New Product,Free Item,1,23,1,1,1,1,07-12-2025
CAMP01420,C0207,04-09-2025,Loyalty,Points,100,16,1,1,0,0,
CAMP01421,C0340,07-07-2026,New Product,Free Item,1,23,1,1,1,0,
CAMP01422,C0251,26-03-2026,New Product,Free Item,1,23,1,1,0,0,
CAMP01423,C0701,20-08-2025,Win-back,Percentage Discount,15,29.25,1,1,1,0,
CAMP01424,C0422,12-02-2026,Discount,Percentage Discount,10,21.5,1,1,1,0,
CAMP01425,C0041,23-01-2026,Discount,Percentage Discount,10,21.5,1,0,0,0,
CAMP01426,C0993,19-07-2026,Loyalty,Points,150,18,1,1,0,0,
CAMP01427,C0437,30-06-2026,Birthday,Percentage Discount,15,20.25,1,0,0,0,
CAMP01428,C0140,19-12-2024,Loyalty,Points,100,16,1,1,0,0,
CAMP01429,C0245,27-03-2026,Festival,Percentage Discount,10,25.5,1,1,0,0,
CAMP01430,C0140,15-05-2025,Discount,Percentage Discount,15,23.25,1,1,0,0,
CAMP01431,C0841,29-10-2025,Discount,Percentage Discount,5,19.75,1,1,0,0,
CAMP01432,C0427,04-11-2025,Win-back,Percentage Discount,15,29.25,1,0,0,0,
CAMP01433,C0783,14-06-2026,New Product,Free Item,1,23,1,1,0,0,
CAMP01434,C0031,22-08-2026,Birthday,Percentage Discount,20,22,1,1,0,0,
CAMP01435,C0308,17-11-2025,Festival,Percentage Discount,20,29,1,1,0,0,
CAMP01436,C0469,01-08-2024,Discount,Percentage Discount,10,21.5,1,1,0,0,
CAMP01437,C0186,17-07-2026,Birthday,Percentage Discount,10,18.5,1,0,0,0,
CAMP01438,C0040,04-05-2026,Festival,Percentage Discount,15,27.25,1,1,0,0,
CAMP01439,C0194,07-03-2026,Win-back,Percentage Discount,10,27.5,1,1,0,0,
CAMP01440,C0878,15-03-2026,Discount,Percentage Discount,20,25,1,1,0,0,
CAMP01441,C0352,04-08-2026,Festival,Percentage Discount,30,32.5,1,1,0,0,
CAMP01442,C0642,19-07-2025,New Product,Free Item,1,23,1,1,0,0,
CAMP01443,C0743,15-10-2025,New Product,Free Item,1,23,1,1,0,0,
CAMP01444,C0198,24-12-2025,Festival,Percentage Discount,20,29,1,1,0,0,
CAMP01445,C0646,24-04-2025,Loyalty,Points,100,16,1,1,0,0,
CAMP01446,C0846,13-03-2026,Win-back,Percentage Discount,10,27.5,1,1,0,0,
CAMP01447,C0879,14-08-2024,Festival,Percentage Discount,30,32.5,1,1,0,0,
CAMP01448,C0590,11-06-2026,Loyalty,Points,50,14,1,1,1,1,20-06-2026
CAMP01449,C0207,29-07-2025,Discount,Percentage Discount,5,19.75,1,1,0,0,
CAMP01450,C0886,12-03-2026,New Product,Free Item,1,23,1,1,0,0,
CAMP01451,C0685,15-03-2026,Birthday,Percentage Discount,20,22,1,1,0,0,
CAMP01452,C0386,11-02-2026,Loyalty,Points,250,22,1,1,0,0,
CAMP01453,C0255,18-10-2025,Win-back,Percentage Discount,15,29.25,1,1,1,0,
CAMP01454,C0056,30-11-2025,New Product,Free Item,1,23,1,1,0,0,
CAMP01455,C0413,20-06-2026,Win-back,Percentage Discount,20,31,1,1,0,0,
CAMP01456,C0789,14-08-2025,Birthday,Percentage Discount,20,22,1,1,0,0,
CAMP01457,C0016,30-04-2025,Birthday,Percentage Discount,10,18.5,1,1,1,0,
CAMP01458,C0280,04-02-2026,Discount,Percentage Discount,5,19.75,1,0,0,0,
CAMP01459,C0500,06-11-2025,Win-back,Percentage Discount,25,32.75,1,1,1,0,
CAMP01460,C0029,28-10-2023,Discount,Percentage Discount,15,23.25,1,0,0,0,
CAMP01461,C0386,03-12-2025,New Product,Free Item,1,23,1,1,0,0,
CAMP01462,C0170,06-07-2026,Festival,Percentage Discount,20,29,1,1,0,0,
CAMP01463,C0586,25-05-2025,New Product,Free Item,1,23,1,1,0,0,
CAMP01464,C0778,15-05-2026,Festival,Percentage Discount,25,30.75,1,1,1,0,
CAMP01465,C0264,23-11-2025,Festival,Percentage Discount,20,29,1,1,0,0,
CAMP01466,C0420,04-11-2025,Birthday,Percentage Discount,15,20.25,1,1,1,0,
CAMP01467,C0693,27-06-2026,Discount,Percentage Discount,10,21.5,1,1,1,0,
CAMP01468,C0283,20-03-2025,New Product,Free Item,1,23,1,1,0,0,
CAMP01469,C0744,08-06-2026,New Product,Free Item,1,23,1,1,1,0,
CAMP01470,C0400,06-08-2026,New Product,Free Item,1,23,1,1,0,0,
CAMP01471,C0268,17-03-2024,Birthday,Percentage Discount,10,18.5,1,1,0,0,
CAMP01472,C0195,25-11-2025,New Product,Free Item,1,23,1,1,0,0,
CAMP01473,C0963,26-08-2026,Birthday,Percentage Discount,15,20.25,1,1,1,0,
CAMP01474,C0844,14-01-2026,Win-back,Percentage Discount,25,32.75,1,1,0,0,
CAMP01475,C0988,25-05-2026,Birthday,Percentage Discount,10,18.5,1,1,0,0,
CAMP01476,C0149,10-04-2026,Birthday,Percentage Discount,15,20.25,1,1,1,1,18-04-2026
CAMP01477,C0219,11-10-2024,New Product,Free Item,1,23,1,0,0,0,
CAMP01478,C0734,13-08-2026,Loyalty,Points,250,22,1,1,0,0,
CAMP01479,C0135,07-05-2024,Loyalty,Points,50,14,1,1,0,0,
CAMP01480,C0835,20-08-2025,Discount,Percentage Discount,20,25,1,1,1,1,01-09-2025
CAMP01481,C0754,17-02-2026,Discount,Percentage Discount,5,19.75,1,1,1,0,
CAMP01482,C0544,23-07-2025,Loyalty,Points,50,14,1,1,0,0,
CAMP01483,C0867,14-06-2025,Win-back,Percentage Discount,25,32.75,1,1,0,0,
CAMP01484,C0865,17-08-2026,Festival,Percentage Discount,15,27.25,1,1,1,0,
CAMP01485,C0311,20-08-2025,Discount,Percentage Discount,20,25,1,1,0,0,
CAMP01486,C0335,20-03-2025,Win-back,Percentage Discount,10,27.5,1,1,0,0,
CAMP01487,C0825,30-05-2026,Festival,Percentage Discount,10,25.5,1,1,0,0,
CAMP01488,C0804,30-12-2024,Win-back,Percentage Discount,10,27.5,1,1,0,0,
CAMP01489,C0213,19-07-2025,Win-back,Percentage Discount,15,29.25,1,1,0,0,
CAMP01490,C0018,31-07-2026,Win-back,Percentage Discount,20,31,1,1,1,1,11-08-2026
CAMP01491,C0887,14-03-2025,Loyalty,Points,150,18,1,1,1,0,
CAMP01492,C0377,20-05-2026,Win-back,Percentage Discount,15,29.25,1,1,0,0,
CAMP01493,C0631,01-05-2026,Discount,Percentage Discount,15,23.25,1,1,0,0,
CAMP01494,C0174,10-04-2026,Discount,Percentage Discount,5,19.75,1,1,1,0,
CAMP01495,C0598,03-11-2025,Loyalty,Points,50,14,1,1,0,0,
CAMP01496,C0085,02-11-2024,Discount,Percentage Discount,5,19.75,1,1,1,0,
CAMP01497,C0844,11-08-2026,Birthday,Percentage Discount,20,22,1,1,0,0,
CAMP01498,C0375,17-10-2024,Loyalty,Points,50,14,1,1,0,0,
CAMP01499,C0418,20-07-2025,Win-back,Percentage Discount,10,27.5,1,1,1,0,
CAMP01500,C0894,22-08-2026,Birthday,Percentage Discount,20,22,1,1,1,0,
CAMP01501,C0406,31-03-2026,New Product,Free Item,1,23,1,1,1,0,
CAMP01502,C0754,14-10-2024,Win-back,Percentage Discount,15,29.25,1,1,1,1,20-10-2024
CAMP01503,C0426,15-01-2026,Loyalty,Points,150,18,1,1,0,0,
CAMP01504,C0418,15-10-2025,New Product,Free Item,1,23,1,1,0,0,
CAMP01505,C0124,31-10-2025,Win-back,Percentage Discount,15,29.25,1,1,0,0,
CAMP01506,C0780,12-03-2026,Birthday,Percentage Discount,20,22,1,1,0,0,
CAMP01507,C0580,13-09-2025,Birthday,Percentage Discount,20,22,1,1,0,0,
CAMP01508,C0165,07-04-2026,Loyalty,Points,150,18,1,1,1,0,
CAMP01509,C0421,01-02-2026,Festival,Percentage Discount,15,27.25,1,1,0,0,
CAMP01510,C0146,16-01-2026,Loyalty,Points,100,16,1,1,0,0,
CAMP01511,C0721,24-05-2024,Win-back,Percentage Discount,10,27.5,1,1,0,0,
CAMP01512,C0678,30-10-2025,Festival,Percentage Discount,15,27.25,1,1,0,0,
CAMP01513,C0957,14-12-2025,Birthday,Percentage Discount,15,20.25,1,1,1,0,
CAMP01514,C0397,06-09-2025,New Product,Free Item,1,23,1,1,1,1,13-09-2025
CAMP01515,C0158,21-03-2026,Win-back,Percentage Discount,20,31,1,1,0,0,
CAMP01516,C0020,03-04-2026,Birthday,Percentage Discount,10,18.5,1,1,1,0,
CAMP01517,C0186,03-02-2026,Birthday,Percentage Discount,15,20.25,1,0,0,0,
CAMP01518,C0324,06-12-2024,Discount,Percentage Discount,15,23.25,1,1,0,0,
CAMP01519,C0098,04-02-2024,Win-back,Percentage Discount,20,31,1,1,0,0,
CAMP01520,C0744,03-08-2026,Birthday,Percentage Discount,20,22,1,1,0,0,
CAMP01521,C0696,04-05-2026,Win-back,Percentage Discount,20,31,1,0,0,0,
CAMP01522,C0397,11-05-2026,Festival,Percentage Discount,10,25.5,1,0,0,0,
CAMP01523,C0231,17-08-2024,Festival,Percentage Discount,10,25.5,1,1,0,0,
CAMP01524,C0233,08-10-2024,Discount,Percentage Discount,15,23.25,1,1,0,0,
CAMP01525,C0248,12-07-2026,Win-back,Percentage Discount,15,29.25,1,1,0,0,
CAMP01526,C0595,23-05-2026,Discount,Percentage Discount,20,25,1,1,0,0,
CAMP01527,C0031,19-03-2026,Loyalty,Points,150,18,1,0,0,0,
CAMP01528,C0382,07-03-2025,Festival,Percentage Discount,15,27.25,1,1,1,1,20-03-2025
CAMP01529,C0155,29-07-2025,New Product,Free Item,1,23,1,1,0,0,
CAMP01530,C0714,28-07-2026,Win-back,Percentage Discount,15,29.25,1,1,0,0,
CAMP01531,C0351,14-11-2024,Loyalty,Points,250,22,1,1,0,0,
CAMP01532,C0918,19-06-2026,New Product,Free Item,1,23,1,1,0,0,
CAMP01533,C1000,13-08-2026,Festival,Percentage Discount,25,30.75,1,1,0,0,
CAMP01534,C0251,05-04-2026,Loyalty,Points,250,22,1,1,0,0,
CAMP01535,C0068,26-05-2025,Win-back,Percentage Discount,15,29.25,1,1,0,0,
CAMP01536,C0645,20-03-2026,Festival,Percentage Discount,15,27.25,1,1,0,0,
CAMP01537,C0470,17-06-2025,Loyalty,Points,50,14,1,1,1,0,
CAMP01538,C0314,07-07-2026,New Product,Free Item,1,23,1,0,0,0,
CAMP01539,C0605,26-12-2025,Festival,Percentage Discount,10,25.5,1,1,0,0,
CAMP01540,C0275,13-03-2025,Loyalty,Points,100,16,1,1,0,0,
CAMP01541,C0837,12-05-2026,Birthday,Percentage Discount,10,18.5,1,1,0,0,
CAMP01542,C0849,23-10-2023,Discount,Percentage Discount,5,19.75,1,1,0,0,
CAMP01543,C0489,12-09-2025,Birthday,Percentage Discount,15,20.25,1,1,0,0,
CAMP01544,C0226,02-03-2026,Discount,Percentage Discount,15,23.25,1,1,0,0,
CAMP01545,C0398,15-03-2025,Win-back,Percentage Discount,20,31,1,1,1,1,28-03-2025
CAMP01546,C0459,30-11-2025,New Product,Free Item,1,23,1,1,0,0,
CAMP01547,C0124,26-04-2026,Win-back,Percentage Discount,10,27.5,1,1,0,0,
CAMP01548,C0467,09-03-2025,New Product,Free Item,1,23,1,1,0,0,
CAMP01549,C0180,27-04-2025,Festival,Percentage Discount,30,32.5,1,1,1,0,
CAMP01550,C0513,18-07-2026,Discount,Percentage Discount,15,23.25,1,1,0,0,
CAMP01551,C0373,17-12-2024,New Product,Free Item,1,23,1,1,0,0,
CAMP01552,C0215,09-06-2026,Loyalty,Points,100,16,1,1,0,0,
CAMP01553,C0252,14-08-2026,Loyalty,Points,250,22,1,1,1,0,
CAMP01554,C0494,03-07-2026,Loyalty,Points,100,16,1,1,1,0,
CAMP01555,C0870,03-08-2026,New Product,Free Item,1,23,1,1,1,0,
CAMP01556,C0841,09-03-2024,Discount,Percentage Discount,10,21.5,1,1,1,1,19-03-2024
CAMP01557,C0886,23-08-2026,Loyalty,Points,100,16,1,1,0,0,
CAMP01558,C0529,28-06-2026,Birthday,Percentage Discount,15,20.25,1,1,1,1,07-07-2026
CAMP01559,C0096,02-02-2025,Festival,Percentage Discount,20,29,1,0,0,0,
CAMP01560,C0352,17-08-2026,Loyalty,Points,150,18,1,1,0,0,
CAMP01561,C0156,01-08-2026,Win-back,Percentage Discount,25,32.75,1,1,0,0,
CAMP01562,C0014,31-01-2026,Win-back,Percentage Discount,20,31,1,1,0,0,
CAMP01563,C0058,18-03-2025,Birthday,Percentage Discount,10,18.5,1,1,0,0,
CAMP01564,C0584,04-10-2025,Festival,Percentage Discount,25,30.75,1,0,0,0,
CAMP01565,C0916,07-03-2026,Discount,Percentage Discount,5,19.75,1,1,0,0,
CAMP01566,C0330,25-06-2024,Loyalty,Points,50,14,1,1,1,0,
CAMP01567,C0476,27-12-2025,Discount,Percentage Discount,5,19.75,1,1,0,0,
CAMP01568,C0347,31-05-2026,New Product,Free Item,1,23,1,1,0,0,
CAMP01569,C0257,26-11-2024,Win-back,Percentage Discount,15,29.25,1,1,1,0,
CAMP01570,C0930,31-07-2026,Win-back,Percentage Discount,25,32.75,1,1,0,0,
CAMP01571,C0175,14-02-2026,Win-back,Percentage Discount,25,32.75,1,1,0,0,
CAMP01572,C0341,13-04-2026,Win-back,Percentage Discount,10,27.5,1,0,0,0,
CAMP01573,C0467,16-12-2025,New Product,Free Item,1,23,1,1,0,0,
CAMP01574,C0077,11-09-2025,Festival,Percentage Discount,30,32.5,1,1,0,0,
CAMP01575,C0956,08-02-2026,Loyalty,Points,100,16,1,1,0,0,
CAMP01576,C0372,21-09-2025,Loyalty,Points,250,22,1,1,0,0,
CAMP01577,C0267,04-04-2026,Discount,Percentage Discount,20,25,1,1,1,0,
CAMP01578,C0680,17-04-2024,Loyalty,Points,250,22,1,1,0,0,
CAMP01579,C0538,16-12-2025,Win-back,Percentage Discount,25,32.75,1,1,0,0,
CAMP01580,C0145,01-05-2025,Festival,Percentage Discount,30,32.5,1,0,0,0,
CAMP01581,C0706,04-02-2025,New Product,Free Item,1,23,1,1,0,0,
CAMP01582,C0154,01-05-2025,New Product,Free Item,1,23,1,1,0,0,
CAMP01583,C0231,07-12-2025,Birthday,Percentage Discount,10,18.5,1,1,0,0,
CAMP01584,C0995,09-05-2026,Loyalty,Points,150,18,1,1,0,0,
CAMP01585,C0228,16-07-2026,Loyalty,Points,100,16,1,1,0,0,
CAMP01586,C0740,29-06-2026,New Product,Free Item,1,23,1,1,0,0,
CAMP01587,C0984,10-08-2026,Festival,Percentage Discount,30,32.5,1,1,0,0,
CAMP01588,C0359,30-08-2025,Festival,Percentage Discount,30,32.5,1,0,0,0,
CAMP01589,C0816,24-04-2026,Festival,Percentage Discount,25,30.75,1,1,0,0,
CAMP01590,C0978,11-06-2025,Discount,Percentage Discount,10,21.5,1,1,0,0,
CAMP01591,C0852,21-02-2026,Discount,Percentage Discount,5,19.75,1,1,0,0,
CAMP01592,C0519,14-07-2025,Festival,Percentage Discount,20,29,1,1,1,1,17-07-2025
CAMP01593,C0205,10-11-2025,Loyalty,Points,250,22,1,1,1,1,16-11-2025
CAMP01594,C0783,03-02-2026,Birthday,Percentage Discount,20,22,1,0,0,0,
CAMP01595,C0326,27-10-2025,Festival,Percentage Discount,30,32.5,1,1,0,0,
CAMP01596,C0189,19-04-2026,Discount,Percentage Discount,15,23.25,1,1,0,0,
CAMP01597,C0379,19-03-2026,Discount,Percentage Discount,5,19.75,1,1,0,0,
CAMP01598,C0965,17-03-2026,Win-back,Percentage Discount,10,27.5,1,1,0,0,
CAMP01599,C0179,03-08-2026,Win-back,Percentage Discount,15,29.25,1,1,0,0,
CAMP01600,C0745,18-08-2026,Festival,Percentage Discount,30,32.5,1,1,1,0,
CAMP01601,C0200,13-04-2024,New Product,Free Item,1,23,1,1,0,0,
CAMP01602,C0744,13-07-2026,Festival,Percentage Discount,10,25.5,1,1,1,1,14-07-2026
CAMP01603,C0640,20-03-2026,New Product,Free Item,1,23,1,1,0,0,
CAMP01604,C0123,29-12-2024,Discount,Percentage Discount,10,21.5,1,1,0,0,
CAMP01605,C0869,26-06-2026,Discount,Percentage Discount,20,25,1,1,0,0,
CAMP01606,C0207,01-05-2026,Discount,Percentage Discount,5,19.75,1,1,1,0,
CAMP01607,C0526,02-01-2026,Birthday,Percentage Discount,20,22,1,1,0,0,
CAMP01608,C0102,23-02-2024,Birthday,Percentage Discount,10,18.5,1,1,0,0,
CAMP01609,C0893,21-10-2025,Birthday,Percentage Discount,10,18.5,1,1,0,0,
CAMP01610,C0120,01-06-2026,Loyalty,Points,50,14,1,1,0,0,
CAMP01611,C0761,18-07-2026,Win-back,Percentage Discount,15,29.25,1,1,1,0,
CAMP01612,C0499,06-11-2025,Loyalty,Points,50,14,1,0,0,0,
CAMP01613,C0338,03-03-2026,Birthday,Percentage Discount,15,20.25,1,1,0,0,
CAMP01614,C0062,29-08-2025,Loyalty,Points,150,18,1,1,0,0,
CAMP01615,C0880,07-12-2025,Birthday,Percentage Discount,15,20.25,1,1,1,0,
CAMP01616,C0704,08-07-2025,Win-back,Percentage Discount,25,32.75,1,1,0,0,
CAMP01617,C0183,12-07-2026,Loyalty,Points,50,14,1,1,1,1,19-07-2026
CAMP01618,C0198,16-11-2025,Loyalty,Points,250,22,1,1,0,0,
CAMP01619,C0173,20-04-2026,New Product,Free Item,1,23,1,1,0,0,
CAMP01620,C0955,30-11-2024,Win-back,Percentage Discount,25,32.75,1,1,1,0,
CAMP01621,C0726,07-01-2025,New Product,Free Item,1,23,1,1,0,0,
CAMP01622,C0045,26-12-2025,New Product,Free Item,1,23,1,1,0,0,
CAMP01623,C0795,04-03-2026,Win-back,Percentage Discount,15,29.25,1,1,1,0,
CAMP01624,C0207,24-06-2026,Festival,Percentage Discount,10,25.5,1,1,0,0,
CAMP01625,C0695,20-05-2026,Win-back,Percentage Discount,15,29.25,1,1,0,0,
CAMP01626,C0991,01-05-2026,Festival,Percentage Discount,15,27.25,1,1,0,0,
CAMP01627,C0060,24-03-2026,Loyalty,Points,100,16,1,0,0,0,
CAMP01628,C0555,08-06-2026,New Product,Free Item,1,23,1,1,1,0,
CAMP01629,C0119,09-02-2026,Loyalty,Points,50,14,1,0,0,0,
CAMP01630,C0016,24-10-2024,Win-back,Percentage Discount,15,29.25,1,1,0,0,
CAMP01631,C0685,09-04-2026,New Product,Free Item,1,23,1,1,0,0,
CAMP01632,C0661,05-09-2025,Birthday,Percentage Discount,10,18.5,1,1,0,0,
CAMP01633,C0910,30-11-2025,Win-back,Percentage Discount,25,32.75,1,1,0,0,
CAMP01634,C0019,28-08-2026,Discount,Percentage Discount,10,21.5,1,1,0,0,
CAMP01635,C0337,06-11-2024,New Product,Free Item,1,23,1,1,0,0,
CAMP01636,C0204,26-03-2026,Win-back,Percentage Discount,20,31,1,1,1,0,
CAMP01637,C0555,04-06-2026,New Product,Free Item,1,23,1,1,1,1,05-06-2026
CAMP01638,C0998,16-07-2026,Birthday,Percentage Discount,10,18.5,1,1,0,0,
CAMP01639,C0547,09-01-2025,Birthday,Percentage Discount,10,18.5,1,1,0,0,
CAMP01640,C0135,25-05-2024,Birthday,Percentage Discount,10,18.5,1,1,0,0,
CAMP01641,C0654,09-06-2024,Discount,Percentage Discount,20,25,1,1,1,0,
CAMP01642,C0295,24-04-2025,Birthday,Percentage Discount,15,20.25,1,1,0,0,
CAMP01643,C0391,26-04-2026,Discount,Percentage Discount,15,23.25,1,1,1,0,
CAMP01644,C0794,30-07-2025,Birthday,Percentage Discount,20,22,1,1,0,0,
CAMP01645,C0929,09-03-2026,New Product,Free Item,1,23,1,1,0,0,
CAMP01646,C0195,18-08-2026,New Product,Free Item,1,23,1,1,0,0,
CAMP01647,C0552,19-05-2026,New Product,Free Item,1,23,1,1,0,0,
CAMP01648,C0832,25-06-2026,Birthday,Percentage Discount,10,18.5,1,1,1,1,26-06-2026
CAMP01649,C0993,05-08-2026,New Product,Free Item,1,23,1,1,0,0,
CAMP01650,C0808,10-05-2026,Discount,Percentage Discount,10,21.5,1,1,1,0,
CAMP01651,C0709,31-08-2026,Birthday,Percentage Discount,20,22,1,1,0,0,
CAMP01652,C0835,05-04-2025,Festival,Percentage Discount,15,27.25,1,1,0,0,
CAMP01653,C0865,01-07-2026,New Product,Free Item,1,23,1,1,1,1,06-07-2026
CAMP01654,C0810,17-09-2025,Discount,Percentage Discount,15,23.25,1,1,1,0,
CAMP01655,C0778,08-11-2025,Win-back,Percentage Discount,10,27.5,1,1,0,0,
CAMP01656,C0808,21-06-2026,Birthday,Percentage Discount,10,18.5,1,1,0,0,
CAMP01657,C0940,13-03-2025,Win-back,Percentage Discount,20,31,1,0,0,0,
CAMP01658,C0289,09-03-2026,Loyalty,Points,100,16,1,1,0,0,
CAMP01659,C0886,22-05-2026,New Product,Free Item,1,23,1,1,0,0,
CAMP01660,C0224,01-11-2025,Festival,Percentage Discount,30,32.5,1,1,0,0,
CAMP01661,C0162,08-11-2025,Discount,Percentage Discount,10,21.5,1,1,0,0,
CAMP01662,C0344,24-06-2026,Loyalty,Points,100,16,1,1,1,0,
CAMP01663,C0666,12-03-2025,Win-back,Percentage Discount,15,29.25,1,1,0,0,
CAMP01664,C0756,03-10-2025,Loyalty,Points,100,16,1,1,1,0,
CAMP01665,C0924,21-08-2026,New Product,Free Item,1,23,1,1,0,0,
CAMP01666,C0069,21-11-2024,New Product,Free Item,1,23,1,1,0,0,
CAMP01667,C0401,06-03-2026,Festival,Percentage Discount,25,30.75,1,1,1,0,
CAMP01668,C0791,23-01-2026,Discount,Percentage Discount,20,25,1,1,1,0,
CAMP01669,C0224,23-12-2025,Win-back,Percentage Discount,15,29.25,1,1,0,0,
CAMP01670,C0588,03-12-2025,New Product,Free Item,1,23,1,0,0,0,
CAMP01671,C0623,20-04-2025,New Product,Free Item,1,23,1,1,0,0,
CAMP01672,C0137,12-05-2026,Festival,Percentage Discount,10,25.5,1,1,0,0,
CAMP01673,C0098,16-03-2026,Win-back,Percentage Discount,20,31,1,1,0,0,
CAMP01674,C0263,16-07-2026,Loyalty,Points,150,18,1,1,1,0,
CAMP01675,C0723,06-03-2025,Discount,Percentage Discount,20,25,1,1,0,0,
CAMP01676,C0158,15-06-2026,Discount,Percentage Discount,15,23.25,1,1,1,1,17-06-2026
CAMP01677,C0171,13-08-2026,Festival,Percentage Discount,30,32.5,1,1,1,1,18-08-2026
CAMP01678,C0281,17-04-2026,Loyalty,Points,100,16,1,1,0,0,
CAMP01679,C0209,20-12-2024,Festival,Percentage Discount,25,30.75,1,1,1,1,28-12-2024
CAMP01680,C0862,07-08-2026,Festival,Percentage Discount,10,25.5,1,1,0,0,
CAMP01681,C0087,26-03-2024,New Product,Free Item,1,23,1,1,0,0,
CAMP01682,C0635,28-05-2025,Loyalty,Points,100,16,1,1,0,0,
CAMP01683,C0596,06-07-2024,Festival,Percentage Discount,25,30.75,1,1,0,0,
CAMP01684,C0459,17-07-2025,Win-back,Percentage Discount,15,29.25,1,1,1,0,
CAMP01685,C0041,14-10-2025,Discount,Percentage Discount,10,21.5,1,1,0,0,
CAMP01686,C0154,29-03-2025,Festival,Percentage Discount,30,32.5,1,1,0,0,
CAMP01687,C0631,02-04-2026,Loyalty,Points,150,18,1,1,0,0,
CAMP01688,C0445,14-01-2024,New Product,Free Item,1,23,1,1,0,0,
CAMP01689,C0517,17-12-2025,Loyalty,Points,250,22,1,1,0,0,
CAMP01690,C0418,08-09-2025,Loyalty,Points,100,16,1,0,0,0,
CAMP01691,C0900,28-02-2026,Birthday,Percentage Discount,15,20.25,1,1,1,0,
CAMP01692,C0474,15-04-2026,Festival,Percentage Discount,20,29,1,1,0,0,
CAMP01693,C0774,28-03-2024,New Product,Free Item,1,23,1,1,0,0,
CAMP01694,C0940,08-11-2025,New Product,Free Item,1,23,1,1,1,0,
CAMP01695,C0848,29-10-2025,New Product,Free Item,1,23,1,1,1,0,
CAMP01696,C0639,31-07-2026,Loyalty,Points,150,18,1,1,0,0,
CAMP01697,C0752,27-05-2025,Win-back,Percentage Discount,25,32.75,1,1,0,0,
CAMP01698,C0222,24-06-2026,Loyalty,Points,50,14,1,1,0,0,
CAMP01699,C0177,16-05-2026,Festival,Percentage Discount,15,27.25,1,1,1,0,
CAMP01700,C0880,11-04-2026,Loyalty,Points,250,22,1,1,0,0,
CAMP01701,C0154,13-03-2024,Win-back,Percentage Discount,15,29.25,1,1,1,0,
CAMP01702,C0769,21-09-2025,Festival,Percentage Discount,30,32.5,1,1,1,0,
CAMP01703,C0495,24-03-2026,Loyalty,Points,250,22,1,1,0,0,
CAMP01704,C0936,16-06-2026,Festival,Percentage Discount,30,32.5,1,1,0,0,
CAMP01705,C0637,08-04-2026,Birthday,Percentage Discount,20,22,1,1,0,0,
CAMP01706,C0825,26-08-2026,Win-back,Percentage Discount,20,31,1,0,0,0,
CAMP01707,C0303,06-08-2025,New Product,Free Item,1,23,1,1,0,0,
CAMP01708,C0080,05-06-2024,Birthday,Percentage Discount,15,20.25,1,1,1,1,13-06-2024
CAMP01709,C0688,15-05-2026,Festival,Percentage Discount,10,25.5,1,1,0,0,
CAMP01710,C0823,17-11-2025,Birthday,Percentage Discount,15,20.25,1,1,0,0,
CAMP01711,C0931,29-09-2025,Win-back,Percentage Discount,25,32.75,1,1,0,0,
CAMP01712,C0866,15-02-2025,Win-back,Percentage Discount,15,29.25,1,1,0,0,
CAMP01713,C0052,21-08-2026,Loyalty,Points,50,14,1,1,1,0,
CAMP01714,C0102,05-03-2025,Loyalty,Points,100,16,1,1,1,0,
CAMP01715,C0572,29-04-2025,Birthday,Percentage Discount,15,20.25,1,0,0,0,
CAMP01716,C0082,25-04-2026,Festival,Percentage Discount,10,25.5,1,1,1,0,
CAMP01717,C0316,14-06-2026,New Product,Free Item,1,23,1,1,1,1,17-06-2026
CAMP01718,C0034,20-08-2026,New Product,Free Item,1,23,1,1,1,0,
CAMP01719,C0516,24-05-2024,New Product,Free Item,1,23,1,1,0,0,
CAMP01720,C0186,27-02-2026,Win-back,Percentage Discount,15,29.25,1,1,0,0,
CAMP01721,C0035,09-09-2025,Win-back,Percentage Discount,15,29.25,1,1,0,0,
CAMP01722,C0008,23-08-2026,Loyalty,Points,150,18,1,1,1,1,31-08-2026
CAMP01723,C0168,06-03-2026,Birthday,Percentage Discount,10,18.5,1,1,0,0,
CAMP01724,C0859,28-07-2026,Loyalty,Points,150,18,1,1,0,0,
CAMP01725,C0600,30-04-2025,Win-back,Percentage Discount,15,29.25,1,1,0,0,
CAMP01726,C0121,29-06-2026,Win-back,Percentage Discount,10,27.5,1,1,0,0,
CAMP01727,C0385,02-06-2026,Loyalty,Points,50,14,1,1,0,0,
CAMP01728,C0766,08-02-2026,Festival,Percentage Discount,10,25.5,1,1,1,0,
CAMP01729,C0329,08-06-2025,New Product,Free Item,1,23,1,1,0,0,
CAMP01730,C0307,29-07-2026,Festival,Percentage Discount,20,29,1,1,1,0,
CAMP01731,C0100,11-01-2025,Festival,Percentage Discount,15,27.25,1,1,0,0,
CAMP01732,C0420,08-05-2025,Discount,Percentage Discount,20,25,1,1,0,0,
CAMP01733,C0939,12-02-2024,Loyalty,Points,50,14,1,1,1,0,
CAMP01734,C0100,04-03-2025,New Product,Free Item,1,23,1,0,0,0,
CAMP01735,C0427,03-07-2025,Birthday,Percentage Discount,10,18.5,1,1,0,0,
CAMP01736,C0740,07-08-2026,New Product,Free Item,1,23,1,1,1,0,
CAMP01737,C0454,11-10-2025,Festival,Percentage Discount,20,29,1,1,0,0,
CAMP01738,C0771,20-07-2026,Festival,Percentage Discount,25,30.75,1,0,0,0,
CAMP01739,C0473,26-09-2025,Discount,Percentage Discount,15,23.25,1,1,0,0,
CAMP01740,C0100,09-03-2025,Win-back,Percentage Discount,20,31,1,0,0,0,
CAMP01741,C0801,10-04-2025,Loyalty,Points,100,16,1,1,0,0,
CAMP01742,C0213,13-04-2025,Loyalty,Points,100,16,1,1,1,0,
CAMP01743,C0841,08-02-2026,Festival,Percentage Discount,15,27.25,1,0,0,0,
CAMP01744,C0001,05-02-2025,New Product,Free Item,1,23,1,1,1,0,
CAMP01745,C0816,16-07-2026,Festival,Percentage Discount,20,29,1,1,1,0,
CAMP01746,C0046,08-02-2026,Discount,Percentage Discount,5,19.75,1,1,1,0,
CAMP01747,C0699,01-07-2026,New Product,Free Item,1,23,1,1,0,0,
CAMP01748,C0369,08-11-2025,Birthday,Percentage Discount,20,22,1,1,1,0,
CAMP01749,C0717,14-06-2026,Discount,Percentage Discount,15,23.25,1,1,0,0,
CAMP01750,C0348,26-12-2025,New Product,Free Item,1,23,1,1,0,0,
CAMP01751,C0514,30-07-2026,Discount,Percentage Discount,15,23.25,1,1,0,0,
CAMP01752,C0492,08-09-2024,Loyalty,Points,250,22,1,1,0,0,
CAMP01753,C0278,07-06-2026,New Product,Free Item,1,23,1,1,0,0,
CAMP01754,C0103,08-08-2026,Loyalty,Points,100,16,1,1,0,0,
CAMP01755,C0523,13-01-2026,Loyalty,Points,250,22,1,1,0,0,
CAMP01756,C0534,28-08-2025,Discount,Percentage Discount,20,25,1,1,1,1,09-09-2025
CAMP01757,C0958,03-06-2026,New Product,Free Item,1,23,1,0,0,0,
CAMP01758,C0054,28-10-2025,Birthday,Percentage Discount,20,22,1,1,0,0,
CAMP01759,C0584,19-01-2026,Loyalty,Points,150,18,1,1,0,0,
CAMP01760,C0853,10-08-2026,Discount,Percentage Discount,20,25,1,1,0,0,
CAMP01761,C0965,01-11-2025,Birthday,Percentage Discount,10,18.5,1,1,1,0,
CAMP01762,C0505,30-07-2026,Birthday,Percentage Discount,15,20.25,1,1,0,0,
CAMP01763,C0293,03-06-2026,Festival,Percentage Discount,30,32.5,1,1,0,0,
CAMP01764,C0228,19-12-2024,Win-back,Percentage Discount,10,27.5,1,1,0,0,
CAMP01765,C0522,09-07-2026,New Product,Free Item,1,23,1,1,0,0,
CAMP01766,C0367,04-02-2026,Win-back,Percentage Discount,25,32.75,1,1,1,0,
CAMP01767,C0846,24-04-2026,Discount,Percentage Discount,5,19.75,1,1,0,0,
CAMP01768,C0611,25-05-2026,Win-back,Percentage Discount,25,32.75,1,1,1,0,
CAMP01769,C0498,12-06-2026,Win-back,Percentage Discount,15,29.25,1,1,0,0,
CAMP01770,C0085,04-11-2024,Loyalty,Points,150,18,1,0,0,0,
CAMP01771,C0626,02-09-2025,New Product,Free Item,1,23,1,0,0,0,
CAMP01772,C0012,05-03-2026,Festival,Percentage Discount,30,32.5,1,1,0,0,
CAMP01773,C0478,31-03-2024,Birthday,Percentage Discount,15,20.25,1,1,0,0,
CAMP01774,C0338,10-11-2025,Festival,Percentage Discount,10,25.5,1,1,1,0,
CAMP01775,C0405,08-06-2026,New Product,Free Item,1,23,1,1,0,0,
CAMP01776,C0466,16-10-2025,Discount,Percentage Discount,10,21.5,1,1,1,0,
CAMP01777,C0024,27-08-2026,Festival,Percentage Discount,20,29,1,1,1,1,31-08-2026
CAMP01778,C0977,13-05-2026,Loyalty,Points,50,14,1,1,0,0,
CAMP01779,C0758,07-08-2025,Festival,Percentage Discount,25,30.75,1,1,0,0,
CAMP01780,C0826,11-12-2024,Birthday,Percentage Discount,20,22,1,1,1,0,
CAMP01781,C0028,14-01-2025,Win-back,Percentage Discount,10,27.5,1,1,1,0,
CAMP01782,C0923,04-11-2024,Birthday,Percentage Discount,20,22,1,1,1,0,
CAMP01783,C0206,31-07-2026,Win-back,Percentage Discount,20,31,1,1,1,1,06-08-2026
CAMP01784,C0184,14-05-2025,Birthday,Percentage Discount,20,22,1,1,0,0,
CAMP01785,C0362,13-02-2025,Win-back,Percentage Discount,15,29.25,1,1,0,0,
CAMP01786,C0882,24-04-2025,New Product,Free Item,1,23,1,1,0,0,
CAMP01787,C0420,09-02-2026,New Product,Free Item,1,23,1,1,1,0,
CAMP01788,C0272,27-04-2026,Loyalty,Points,100,16,1,1,0,0,
CAMP01789,C0896,16-01-2026,Loyalty,Points,100,16,1,1,0,0,
CAMP01790,C0979,10-12-2025,Festival,Percentage Discount,20,29,1,0,0,0,
CAMP01791,C0301,05-10-2025,Birthday,Percentage Discount,20,22,1,1,0,0,
CAMP01792,C0649,17-11-2024,Win-back,Percentage Discount,15,29.25,1,1,1,0,
CAMP01793,C0212,16-08-2025,Discount,Percentage Discount,20,25,1,1,0,0,
CAMP01794,C0779,07-08-2026,Birthday,Percentage Discount,10,18.5,1,0,0,0,
CAMP01795,C0652,01-05-2026,Win-back,Percentage Discount,25,32.75,1,1,0,0,
CAMP01796,C0299,31-07-2024,Discount,Percentage Discount,10,21.5,1,1,0,0,
CAMP01797,C0862,06-08-2026,Win-back,Percentage Discount,20,31,1,1,1,1,15-08-2026
CAMP01798,C0961,07-08-2026,Discount,Percentage Discount,10,21.5,1,1,1,0,
CAMP01799,C0226,16-03-2026,Discount,Percentage Discount,5,19.75,1,1,0,0,
CAMP01800,C0714,21-04-2025,New Product,Free Item,1,23,1,1,1,0,
CAMP01801,C0418,19-07-2026,Loyalty,Points,50,14,1,1,0,0,
CAMP01802,C0884,24-01-2026,Discount,Percentage Discount,10,21.5,1,0,0,0,
CAMP01803,C0359,17-08-2024,Discount,Percentage Discount,10,21.5,1,1,1,0,
CAMP01804,C0578,27-06-2025,Discount,Percentage Discount,5,19.75,1,1,0,0,
CAMP01805,C0316,17-08-2026,Festival,Percentage Discount,15,27.25,1,1,0,0,
CAMP01806,C0480,09-06-2026,Win-back,Percentage Discount,20,31,1,1,1,0,
CAMP01807,C0922,18-06-2025,Win-back,Percentage Discount,10,27.5,1,1,1,0,
CAMP01808,C0692,12-06-2026,Win-back,Percentage Discount,15,29.25,1,1,0,0,
CAMP01809,C0923,18-03-2024,Birthday,Percentage Discount,15,20.25,1,1,1,0,
CAMP01810,C0835,11-04-2025,Festival,Percentage Discount,25,30.75,1,1,0,0,
CAMP01811,C0919,18-10-2025,Win-back,Percentage Discount,20,31,1,1,0,0,
CAMP01812,C0303,11-08-2026,Festival,Percentage Discount,10,25.5,1,1,0,0,
CAMP01813,C0478,15-07-2024,Win-back,Percentage Discount,25,32.75,1,1,1,0,
CAMP01814,C0213,02-12-2023,Birthday,Percentage Discount,20,22,1,1,1,1,07-12-2023
CAMP01815,C0318,18-07-2026,Loyalty,Points,150,18,1,1,0,0,
CAMP01816,C0174,29-07-2026,Discount,Percentage Discount,10,21.5,1,1,0,0,
CAMP01817,C0480,14-03-2026,Festival,Percentage Discount,30,32.5,1,1,0,0,
CAMP01818,C0703,28-02-2026,Festival,Percentage Discount,15,27.25,1,1,0,0,
CAMP01819,C0712,02-07-2025,Win-back,Percentage Discount,20,31,1,1,0,0,
CAMP01820,C0475,15-08-2026,New Product,Free Item,1,23,1,1,1,0,
CAMP01821,C0268,06-01-2025,Birthday,Percentage Discount,20,22,1,1,0,0,
CAMP01822,C0627,28-08-2026,Loyalty,Points,150,18,1,0,0,0,
CAMP01823,C0451,11-08-2026,Birthday,Percentage Discount,10,18.5,1,1,0,0,
CAMP01824,C0682,26-07-2025,Festival,Percentage Discount,15,27.25,1,1,0,0,
CAMP01825,C0971,10-08-2026,New Product,Free Item,1,23,1,1,1,0,
CAMP01826,C0921,20-08-2025,Discount,Percentage Discount,20,25,1,1,0,0,
CAMP01827,C0593,21-07-2026,Festival,Percentage Discount,15,27.25,1,0,0,0,
CAMP01828,C0907,16-03-2026,Festival,Percentage Discount,25,30.75,1,1,0,0,
CAMP01829,C0269,02-08-2026,Festival,Percentage Discount,20,29,1,1,0,0,
CAMP01830,C0098,29-11-2024,Birthday,Percentage Discount,10,18.5,1,1,0,0,
CAMP01831,C0614,10-03-2026,Discount,Percentage Discount,10,21.5,1,0,0,0,
CAMP01832,C0003,19-12-2025,Loyalty,Points,150,18,1,1,0,0,
CAMP01833,C0712,14-07-2026,Discount,Percentage Discount,5,19.75,1,1,0,0,
CAMP01834,C0345,27-01-2025,Festival,Percentage Discount,10,25.5,1,1,1,0,
CAMP01835,C0651,24-04-2026,Win-back,Percentage Discount,25,32.75,1,1,1,1,03-05-2026
CAMP01836,C0888,20-08-2026,Loyalty,Points,100,16,1,1,0,0,
CAMP01837,C0067,29-06-2024,Loyalty,Points,150,18,1,1,0,0,
CAMP01838,C0007,02-07-2026,New Product,Free Item,1,23,1,1,0,0,
CAMP01839,C0312,14-07-2026,Win-back,Percentage Discount,10,27.5,1,1,0,0,
CAMP01840,C0105,23-12-2025,Win-back,Percentage Discount,25,32.75,1,1,1,0,
CAMP01841,C0713,12-05-2026,Discount,Percentage Discount,5,19.75,1,1,0,0,
CAMP01842,C0915,09-11-2024,Discount,Percentage Discount,5,19.75,1,1,0,0,
CAMP01843,C0242,10-06-2026,New Product,Free Item,1,23,1,1,1,1,17-06-2026
CAMP01844,C0789,29-04-2026,New Product,Free Item,1,23,1,1,0,0,
CAMP01845,C0028,01-03-2026,Birthday,Percentage Discount,10,18.5,1,1,0,0,
CAMP01846,C0395,08-12-2024,Win-back,Percentage Discount,15,29.25,1,1,0,0,
CAMP01847,C0219,19-02-2026,Discount,Percentage Discount,5,19.75,1,1,0,0,
CAMP01848,C0224,17-06-2025,Birthday,Percentage Discount,10,18.5,1,0,0,0,
CAMP01849,C0683,13-01-2026,Discount,Percentage Discount,10,21.5,1,1,0,0,
CAMP01850,C0499,13-08-2025,Festival,Percentage Discount,25,30.75,1,1,0,0,
CAMP01851,C0113,18-03-2026,New Product,Free Item,1,23,1,1,0,0,
CAMP01852,C0917,11-03-2026,Win-back,Percentage Discount,20,31,1,0,0,0,
CAMP01853,C0307,28-07-2026,New Product,Free Item,1,23,1,1,0,0,
CAMP01854,C0299,27-08-2026,New Product,Free Item,1,23,1,1,0,0,
CAMP01855,C0812,24-01-2026,Festival,Percentage Discount,15,27.25,1,0,0,0,
CAMP01856,C0173,27-02-2026,Discount,Percentage Discount,20,25,1,1,1,0,
CAMP01857,C0426,03-05-2026,New Product,Free Item,1,23,1,1,1,0,
CAMP01858,C0888,05-08-2026,Festival,Percentage Discount,20,29,1,1,0,0,
CAMP01859,C0742,22-06-2026,Festival,Percentage Discount,10,25.5,1,0,0,0,
CAMP01860,C0678,12-09-2024,Loyalty,Points,250,22,1,1,0,0,
CAMP01861,C0055,01-08-2026,Festival,Percentage Discount,25,30.75,1,1,0,0,
CAMP01862,C0154,24-06-2026,Birthday,Percentage Discount,20,22,1,0,0,0,
CAMP01863,C0652,16-03-2026,Discount,Percentage Discount,5,19.75,1,1,0,0,
CAMP01864,C0445,20-12-2024,Win-back,Percentage Discount,20,31,1,0,0,0,
CAMP01865,C0132,15-06-2025,New Product,Free Item,1,23,1,1,0,0,
CAMP01866,C0669,01-11-2025,Birthday,Percentage Discount,10,18.5,1,1,0,0,
CAMP01867,C0364,22-02-2026,Birthday,Percentage Discount,10,18.5,1,1,0,0,
CAMP01868,C0944,05-06-2026,Win-back,Percentage Discount,25,32.75,1,1,1,1,06-06-2026
CAMP01869,C0610,24-07-2026,New Product,Free Item,1,23,1,1,0,0,
CAMP01870,C0724,03-06-2026,Win-back,Percentage Discount,10,27.5,1,1,0,0,
CAMP01871,C0768,13-07-2026,New Product,Free Item,1,23,1,1,1,0,
CAMP01872,C0151,11-07-2025,Win-back,Percentage Discount,15,29.25,1,1,1,1,14-07-2025
CAMP01873,C0084,21-10-2025,Festival,Percentage Discount,10,25.5,1,1,0,0,
CAMP01874,C0096,09-01-2025,New Product,Free Item,1,23,1,1,0,0,
CAMP01875,C0657,23-10-2025,Discount,Percentage Discount,10,21.5,1,1,0,0,
CAMP01876,C0259,02-04-2026,Loyalty,Points,250,22,1,1,0,0,
CAMP01877,C0749,09-02-2026,Discount,Percentage Discount,5,19.75,1,1,0,0,
CAMP01878,C0918,28-06-2025,Loyalty,Points,250,22,1,1,0,0,
CAMP01879,C0886,13-07-2026,New Product,Free Item,1,23,1,1,1,1,20-07-2026
CAMP01880,C0499,21-07-2026,Festival,Percentage Discount,25,30.75,1,1,0,0,
CAMP01881,C0627,13-05-2026,Festival,Percentage Discount,30,32.5,1,1,0,0,
CAMP01882,C0310,25-08-2025,Birthday,Percentage Discount,10,18.5,1,1,0,0,
CAMP01883,C0483,27-07-2026,New Product,Free Item,1,23,1,1,1,0,
CAMP01884,C0823,16-09-2024,Birthday,Percentage Discount,15,20.25,1,1,1,0,
CAMP01885,C0511,23-05-2026,Festival,Percentage Discount,15,27.25,1,1,0,0,
CAMP01886,C0209,22-12-2023,Birthday,Percentage Discount,10,18.5,1,1,0,0,
CAMP01887,C0633,03-06-2025,Win-back,Percentage Discount,15,29.25,1,1,0,0,
CAMP01888,C0240,12-05-2026,Loyalty,Points,150,18,1,1,0,0,
CAMP01889,C0129,07-02-2025,Win-back,Percentage Discount,25,32.75,1,1,0,0,
CAMP01890,C0885,25-03-2024,Birthday,Percentage Discount,20,22,1,1,0,0,
CAMP01891,C0278,06-07-2026,New Product,Free Item,1,23,1,1,0,0,
CAMP01892,C0107,03-02-2026,New Product,Free Item,1,23,1,1,0,0,
CAMP01893,C0352,20-08-2026,New Product,Free Item,1,23,1,1,1,1,26-08-2026
CAMP01894,C0329,29-03-2026,Festival,Percentage Discount,10,25.5,1,1,0,0,
CAMP01895,C0353,20-08-2026,Loyalty,Points,50,14,1,1,0,0,
CAMP01896,C0102,18-05-2025,Birthday,Percentage Discount,10,18.5,1,0,0,0,
CAMP01897,C0159,08-04-2026,Festival,Percentage Discount,30,32.5,1,1,0,0,
CAMP01898,C0245,07-02-2026,New Product,Free Item,1,23,1,1,0,0,
CAMP01899,C0619,24-05-2026,Birthday,Percentage Discount,10,18.5,1,1,0,0,
CAMP01900,C0721,05-02-2026,Win-back,Percentage Discount,10,27.5,1,1,0,0,
CAMP01901,C0486,30-06-2026,Festival,Percentage Discount,25,30.75,1,1,0,0,
CAMP01902,C0666,15-01-2025,Win-back,Percentage Discount,25,32.75,1,1,0,0,
CAMP01903,C0932,01-01-2026,Birthday,Percentage Discount,20,22,1,1,0,0,
CAMP01904,C0493,24-11-2025,New Product,Free Item,1,23,1,1,0,0,
CAMP01905,C0193,12-01-2026,Festival,Percentage Discount,30,32.5,1,1,0,0,
CAMP01906,C0838,26-06-2026,Loyalty,Points,250,22,1,1,0,0,
CAMP01907,C0724,25-06-2025,Loyalty,Points,50,14,1,1,1,1,04-07-2025
CAMP01908,C0163,23-06-2024,Win-back,Percentage Discount,20,31,1,1,0,0,
CAMP01909,C0441,02-11-2024,Birthday,Percentage Discount,10,18.5,1,1,0,0,
CAMP01910,C0031,02-10-2023,Birthday,Percentage Discount,10,18.5,1,1,0,0,
CAMP01911,C0928,24-05-2026,New Product,Free Item,1,23,1,1,1,0,
CAMP01912,C0772,06-10-2025,New Product,Free Item,1,23,1,1,1,1,12-10-2025
CAMP01913,C0321,08-06-2026,Festival,Percentage Discount,10,25.5,1,1,0,0,
CAMP01914,C0110,27-06-2026,Discount,Percentage Discount,5,19.75,1,1,0,0,
CAMP01915,C0876,02-12-2024,New Product,Free Item,1,23,1,1,1,1,07-12-2024
CAMP01916,C0056,24-04-2026,Loyalty,Points,250,22,1,1,1,0,
CAMP01917,C0407,27-08-2026,Birthday,Percentage Discount,10,18.5,1,1,1,1,31-08-2026
CAMP01918,C0709,18-06-2026,Birthday,Percentage Discount,10,18.5,1,1,0,0,
CAMP01919,C0399,23-06-2026,Festival,Percentage Discount,30,32.5,1,1,0,0,
CAMP01920,C0060,21-02-2026,Birthday,Percentage Discount,15,20.25,1,1,1,0,
CAMP01921,C0914,26-06-2026,New Product,Free Item,1,23,1,1,0,0,
CAMP01922,C0445,27-02-2026,New Product,Free Item,1,23,1,1,1,1,12-03-2026
CAMP01923,C0942,11-11-2025,Discount,Percentage Discount,5,19.75,1,1,0,0,
CAMP01924,C0280,21-10-2025,Win-back,Percentage Discount,25,32.75,1,0,0,0,
CAMP01925,C0021,03-06-2026,Loyalty,Points,50,14,1,1,0,0,
CAMP01926,C0939,05-02-2025,Birthday,Percentage Discount,20,22,1,1,0,0,
CAMP01927,C0650,06-08-2026,New Product,Free Item,1,23,1,1,0,0,
CAMP01928,C0312,26-08-2026,Loyalty,Points,100,16,1,1,0,0,
CAMP01929,C0038,08-02-2025,New Product,Free Item,1,23,1,1,0,0,
CAMP01930,C0686,21-03-2026,New Product,Free Item,1,23,1,1,0,0,
CAMP01931,C0089,29-08-2026,Discount,Percentage Discount,15,23.25,1,1,0,0,
CAMP01932,C0145,21-05-2026,Loyalty,Points,50,14,1,1,0,0,
CAMP01933,C0915,05-03-2026,Loyalty,Points,50,14,1,1,0,0,
CAMP01934,C0992,20-10-2025,Birthday,Percentage Discount,15,20.25,1,1,0,0,
CAMP01935,C1000,23-08-2026,Discount,Percentage Discount,15,23.25,1,1,0,0,
CAMP01936,C0898,07-05-2025,Loyalty,Points,150,18,1,1,0,0,
CAMP01937,C0896,08-06-2025,Festival,Percentage Discount,15,27.25,1,1,0,0,
CAMP01938,C0230,24-04-2026,Win-back,Percentage Discount,15,29.25,1,1,0,0,
CAMP01939,C0874,23-07-2026,Win-back,Percentage Discount,20,31,1,1,0,0,
CAMP01940,C0742,20-07-2026,Festival,Percentage Discount,20,29,1,1,0,0,
CAMP01941,C0237,28-01-2026,Loyalty,Points,150,18,1,1,0,0,
CAMP01942,C0909,29-07-2026,Loyalty,Points,250,22,1,1,0,0,
CAMP01943,C0033,19-03-2026,New Product,Free Item,1,23,1,1,0,0,
CAMP01944,C0837,15-06-2026,New Product,Free Item,1,23,1,1,0,0,
CAMP01945,C0449,30-07-2026,Win-back,Percentage Discount,20,31,1,1,0,0,
CAMP01946,C0720,14-11-2025,Festival,Percentage Discount,10,25.5,1,1,1,0,
CAMP01947,C0230,26-05-2026,New Product,Free Item,1,23,1,1,1,0,
CAMP01948,C0214,01-03-2026,Discount,Percentage Discount,10,21.5,1,1,0,0,
CAMP01949,C0637,01-07-2025,Birthday,Percentage Discount,20,22,1,1,1,0,
CAMP01950,C0116,31-01-2025,Festival,Percentage Discount,10,25.5,1,1,1,0,
CAMP01951,C0963,13-04-2026,Discount,Percentage Discount,15,23.25,1,1,0,0,
CAMP01952,C0634,26-04-2026,New Product,Free Item,1,23,1,1,0,0,
CAMP01953,C0670,18-05-2026,New Product,Free Item,1,23,1,0,0,0,
CAMP01954,C0342,30-09-2025,New Product,Free Item,1,23,1,1,0,0,
CAMP01955,C0947,15-11-2025,Win-back,Percentage Discount,25,32.75,1,1,1,0,
CAMP01956,C0575,17-09-2025,Loyalty,Points,50,14,1,1,0,0,
CAMP01957,C0674,28-08-2026,Discount,Percentage Discount,5,19.75,1,1,1,0,
CAMP01958,C0436,11-05-2025,Birthday,Percentage Discount,20,22,1,1,0,0,
CAMP01959,C0598,13-06-2026,Loyalty,Points,150,18,1,1,0,0,
CAMP01960,C0074,28-01-2026,New Product,Free Item,1,23,1,1,0,0,
CAMP01961,C0220,03-03-2025,Discount,Percentage Discount,5,19.75,1,1,1,0,
CAMP01962,C0959,14-06-2026,Win-back,Percentage Discount,20,31,1,0,0,0,
CAMP01963,C0657,07-05-2024,New Product,Free Item,1,23,1,1,0,0,
CAMP01964,C0932,06-07-2025,Discount,Percentage Discount,5,19.75,1,1,0,0,
CAMP01965,C0658,25-05-2026,Discount,Percentage Discount,15,23.25,1,1,1,0,
CAMP01966,C0505,09-04-2026,Loyalty,Points,100,16,1,1,0,0,
CAMP01967,C0533,21-10-2025,Loyalty,Points,150,18,1,1,1,1,02-11-2025
CAMP01968,C0190,24-04-2026,Win-back,Percentage Discount,25,32.75,1,1,0,0,
CAMP01969,C0085,16-09-2024,Discount,Percentage Discount,10,21.5,1,0,0,0,
CAMP01970,C0199,10-08-2026,New Product,Free Item,1,23,1,1,0,0,
CAMP01971,C0847,19-06-2026,Discount,Percentage Discount,15,23.25,1,1,0,0,
CAMP01972,C0877,12-07-2026,Birthday,Percentage Discount,10,18.5,1,1,0,0,
CAMP01973,C0236,15-06-2026,Loyalty,Points,50,14,1,1,0,0,
CAMP01974,C0062,02-08-2026,Discount,Percentage Discount,5,19.75,1,1,0,0,
CAMP01975,C0987,26-05-2026,Loyalty,Points,100,16,1,1,0,0,
CAMP01976,C0620,13-08-2026,Win-back,Percentage Discount,25,32.75,1,1,0,0,
CAMP01977,C0124,25-09-2025,Win-back,Percentage Discount,20,31,1,1,0,0,
CAMP01978,C0282,17-10-2024,Discount,Percentage Discount,5,19.75,1,1,1,1,25-10-2024
CAMP01979,C0755,27-11-2025,New Product,Free Item,1,23,1,1,0,0,
CAMP01980,C0914,27-01-2026,Birthday,Percentage Discount,10,18.5,1,1,0,0,
CAMP01981,C0069,15-02-2026,New Product,Free Item,1,23,1,1,0,0,
CAMP01982,C0178,12-06-2025,Win-back,Percentage Discount,15,29.25,1,1,1,0,
CAMP01983,C0139,15-01-2025,Win-back,Percentage Discount,25,32.75,1,1,1,1,17-01-2025
CAMP01984,C0350,14-04-2025,Birthday,Percentage Discount,15,20.25,1,1,0,0,
CAMP01985,C0446,28-05-2026,Discount,Percentage Discount,20,25,1,1,0,0,
CAMP01986,C0040,27-02-2026,New Product,Free Item,1,23,1,0,0,0,
CAMP01987,C0911,08-08-2026,Birthday,Percentage Discount,10,18.5,1,1,1,0,
CAMP01988,C0685,23-03-2026,Win-back,Percentage Discount,15,29.25,1,1,0,0,
CAMP01989,C0872,09-01-2026,New Product,Free Item,1,23,1,1,1,1,23-01-2026
CAMP01990,C0768,28-02-2026,Birthday,Percentage Discount,20,22,1,0,0,0,
CAMP01991,C0095,31-01-2026,Loyalty,Points,100,16,1,1,0,0,
CAMP01992,C0118,04-02-2024,Birthday,Percentage Discount,10,18.5,1,1,0,0,
CAMP01993,C0024,30-08-2026,Festival,Percentage Discount,25,30.75,1,0,0,0,
CAMP01994,C0128,07-04-2026,Festival,Percentage Discount,15,27.25,1,1,0,0,
CAMP01995,C0740,04-07-2026,Birthday,Percentage Discount,15,20.25,1,1,1,0,
CAMP01996,C0863,27-08-2026,Discount,Percentage Discount,15,23.25,1,1,1,0,
CAMP01997,C0839,28-12-2025,Festival,Percentage Discount,25,30.75,1,1,0,0,
CAMP01998,C0312,05-07-2026,Festival,Percentage Discount,10,25.5,1,1,0,0,
CAMP01999,C0634,05-06-2025,Discount,Percentage Discount,10,21.5,1,1,0,0,
CAMP02000,C0392,12-04-2026,New Product,Free Item,1,23,1,1,0,0,
CAMP02001,C0848,12-12-2025,Birthday,Percentage Discount,20,22,1,1,0,0,
CAMP02002,C0329,11-08-2024,New Product,Free Item,1,23,1,1,0,0,
CAMP02003,C0166,29-07-2026,Loyalty,Points,100,16,1,1,0,0,
CAMP02004,C0699,21-12-2025,Loyalty,Points,50,14,1,1,1,0,
CAMP02005,C0500,19-08-2025,New Product,Free Item,1,23,1,1,0,0,
CAMP02006,C0205,16-04-2026,New Product,Free Item,1,23,1,1,0,0,
CAMP02007,C0946,27-12-2025,Loyalty,Points,50,14,1,1,1,0,
CAMP02008,C0413,06-08-2026,Loyalty,Points,100,16,1,1,0,0,
CAMP02009,C0656,11-01-2026,Discount,Percentage Discount,20,25,1,1,0,0,
CAMP02010,C0483,19-02-2026,New Product,Free Item,1,23,1,0,0,0,
CAMP02011,C0714,22-03-2025,Win-back,Percentage Discount,25,32.75,1,1,1,0,
CAMP02012,C0659,14-12-2025,Birthday,Percentage Discount,10,18.5,1,0,0,0,
CAMP02013,C0840,20-06-2025,Birthday,Percentage Discount,10,18.5,1,1,0,0,
CAMP02014,C0689,16-06-2026,Festival,Percentage Discount,15,27.25,1,1,1,0,
CAMP02015,C0722,02-08-2026,Birthday,Percentage Discount,20,22,1,1,0,0,
CAMP02016,C0718,29-09-2025,Birthday,Percentage Discount,20,22,1,1,1,1,05-10-2025
CAMP02017,C0099,30-12-2025,Loyalty,Points,100,16,1,1,0,0,
CAMP02018,C0141,25-04-2026,New Product,Free Item,1,23,1,1,0,0,
CAMP02019,C0574,03-08-2025,Win-back,Percentage Discount,15,29.25,1,0,0,0,
CAMP02020,C0974,27-04-2026,New Product,Free Item,1,23,1,1,0,0,
CAMP02021,C0352,16-05-2026,Win-back,Percentage Discount,25,32.75,1,0,0,0,
CAMP02022,C0768,29-03-2025,Loyalty,Points,50,14,1,1,1,0,
CAMP02023,C0051,14-07-2025,Birthday,Percentage Discount,20,22,1,0,0,0,
CAMP02024,C0432,06-05-2024,Discount,Percentage Discount,5,19.75,1,1,0,0,
CAMP02025,C0226,12-03-2026,Birthday,Percentage Discount,20,22,1,1,1,0,
CAMP02026,C0663,29-08-2026,New Product,Free Item,1,23,1,1,0,0,
CAMP02027,C0467,05-08-2025,Birthday,Percentage Discount,15,20.25,1,1,0,0,
CAMP02028,C0664,13-07-2026,New Product,Free Item,1,23,1,1,0,0,
CAMP02029,C0065,18-06-2024,Win-back,Percentage Discount,20,31,1,1,1,0,
CAMP02030,C0428,29-05-2025,Win-back,Percentage Discount,20,31,1,1,1,0,
CAMP02031,C0472,13-08-2026,Festival,Percentage Discount,10,25.5,1,1,0,0,
CAMP02032,C0887,08-11-2024,Birthday,Percentage Discount,15,20.25,1,1,0,0,
CAMP02033,C0275,08-12-2024,Festival,Percentage Discount,20,29,1,1,1,1,10-12-2024
CAMP02034,C0443,01-10-2025,Festival,Percentage Discount,20,29,1,1,0,0,
CAMP02035,C0881,25-08-2025,Win-back,Percentage Discount,25,32.75,1,1,0,0,
CAMP02036,C0481,23-07-2026,Loyalty,Points,150,18,1,1,1,0,
CAMP02037,C0021,30-07-2026,Birthday,Percentage Discount,10,18.5,1,1,0,0,
CAMP02038,C0047,27-03-2025,Festival,Percentage Discount,20,29,1,1,1,0,
CAMP02039,C0895,15-03-2026,Festival,Percentage Discount,25,30.75,1,1,1,0,
CAMP02040,C0134,16-04-2025,Loyalty,Points,50,14,1,1,0,0,
CAMP02041,C0582,09-11-2025,New Product,Free Item,1,23,1,1,0,0,
CAMP02042,C0823,10-10-2025,Festival,Percentage Discount,20,29,1,1,0,0,
CAMP02043,C0745,30-03-2026,Festival,Percentage Discount,20,29,1,1,0,0,
CAMP02044,C0465,25-03-2026,Festival,Percentage Discount,15,27.25,1,1,0,0,
CAMP02045,C0068,17-09-2025,Festival,Percentage Discount,10,25.5,1,1,0,0,
CAMP02046,C0846,02-07-2026,Discount,Percentage Discount,10,21.5,1,1,0,0,
CAMP02047,C0797,29-06-2026,Discount,Percentage Discount,20,25,1,1,0,0,
CAMP02048,C0951,16-05-2026,Discount,Percentage Discount,20,25,1,1,1,1,26-05-2026
CAMP02049,C0199,08-07-2026,Loyalty,Points,250,22,1,1,1,1,09-07-2026
CAMP02050,C0931,27-02-2026,Loyalty,Points,50,14,1,1,0,0,
CAMP02051,C0179,01-04-2025,Win-back,Percentage Discount,25,32.75,1,1,0,0,
CAMP02052,C0905,31-12-2024,Loyalty,Points,100,16,1,1,1,1,12-01-2025
CAMP02053,C0644,29-11-2025,Discount,Percentage Discount,20,25,1,1,0,0,
CAMP02054,C0116,24-07-2025,Birthday,Percentage Discount,20,22,1,1,0,0,
CAMP02055,C0165,22-04-2026,Birthday,Percentage Discount,10,18.5,1,1,0,0,
CAMP02056,C0529,29-06-2026,Loyalty,Points,250,22,1,1,0,0,
CAMP02057,C0833,01-01-2026,Win-back,Percentage Discount,25,32.75,1,1,0,0,
CAMP02058,C0313,23-01-2026,New Product,Free Item,1,23,1,1,0,0,
CAMP02059,C0933,30-05-2026,Win-back,Percentage Discount,25,32.75,1,1,0,0,
CAMP02060,C0150,17-05-2026,Birthday,Percentage Discount,15,20.25,1,1,0,0,
CAMP02061,C0250,09-11-2025,Birthday,Percentage Discount,10,18.5,1,1,0,0,
CAMP02062,C0891,15-08-2026,Festival,Percentage Discount,25,30.75,1,1,0,0,
CAMP02063,C0105,25-06-2026,Birthday,Percentage Discount,10,18.5,1,1,1,0,
CAMP02064,C0727,15-07-2026,Win-back,Percentage Discount,10,27.5,1,1,0,0,
CAMP02065,C0307,05-08-2026,Birthday,Percentage Discount,10,18.5,1,1,0,0,
CAMP02066,C0705,30-06-2026,Win-back,Percentage Discount,15,29.25,1,1,0,0,
CAMP02067,C0412,17-07-2026,New Product,Free Item,1,23,1,1,0,0,
CAMP02068,C0482,14-08-2025,New Product,Free Item,1,23,1,1,0,0,
CAMP02069,C0837,01-08-2025,Festival,Percentage Discount,30,32.5,1,1,0,0,
CAMP02070,C0336,14-07-2026,Discount,Percentage Discount,20,25,1,1,0,0,
CAMP02071,C0462,19-06-2026,New Product,Free Item,1,23,1,1,0,0,
CAMP02072,C0377,24-02-2026,Loyalty,Points,100,16,1,1,0,0,
CAMP02073,C0544,29-07-2025,Discount,Percentage Discount,5,19.75,1,1,0,0,
CAMP02074,C0570,18-05-2026,Festival,Percentage Discount,10,25.5,1,1,0,0,
CAMP02075,C0599,14-08-2026,Festival,Percentage Discount,20,29,1,1,0,0,
CAMP02076,C0023,21-02-2026,Discount,Percentage Discount,5,19.75,1,0,0,0,
CAMP02077,C0494,25-12-2025,Discount,Percentage Discount,5,19.75,1,1,1,0,
CAMP02078,C0582,18-04-2026,Loyalty,Points,250,22,1,1,1,1,27-04-2026
CAMP02079,C0185,13-04-2026,Festival,Percentage Discount,30,32.5,1,1,0,0,
CAMP02080,C0990,01-12-2025,Festival,Percentage Discount,10,25.5,1,1,1,0,
CAMP02081,C0106,08-04-2026,Birthday,Percentage Discount,20,22,1,1,1,1,17-04-2026
CAMP02082,C0859,22-09-2025,Birthday,Percentage Discount,10,18.5,1,1,1,1,29-09-2025
CAMP02083,C0040,05-04-2026,Loyalty,Points,50,14,1,1,0,0,
CAMP02084,C0375,23-05-2026,Festival,Percentage Discount,10,25.5,1,1,0,0,
CAMP02085,C0580,08-03-2026,Birthday,Percentage Discount,20,22,1,1,0,0,
CAMP02086,C0859,29-11-2025,New Product,Free Item,1,23,1,1,0,0,
CAMP02087,C0675,22-10-2025,Festival,Percentage Discount,10,25.5,1,1,0,0,
CAMP02088,C0605,15-10-2024,Loyalty,Points,50,14,1,1,1,0,
CAMP02089,C0711,05-08-2026,Festival,Percentage Discount,20,29,1,1,0,0,
CAMP02090,C0227,09-05-2024,Loyalty,Points,150,18,1,1,0,0,
CAMP02091,C0599,27-01-2026,Festival,Percentage Discount,25,30.75,1,1,0,0,
CAMP02092,C0231,04-02-2026,Discount,Percentage Discount,20,25,1,1,0,0,
CAMP02093,C0877,19-12-2025,Win-back,Percentage Discount,25,32.75,1,1,0,0,
CAMP02094,C0632,31-08-2025,Birthday,Percentage Discount,10,18.5,1,1,0,0,
CAMP02095,C0407,02-08-2026,Discount,Percentage Discount,5,19.75,1,1,1,1,04-08-2026
CAMP02096,C0055,12-03-2026,Birthday,Percentage Discount,20,22,1,1,0,0,
CAMP02097,C0860,03-03-2026,Festival,Percentage Discount,25,30.75,1,1,0,0,
CAMP02098,C0241,04-11-2025,New Product,Free Item,1,23,1,1,0,0,
CAMP02099,C0686,14-02-2025,Win-back,Percentage Discount,20,31,1,1,0,0,
CAMP02100,C0296,31-12-2024,Birthday,Percentage Discount,20,22,1,1,0,0,
CAMP02101,C0639,17-07-2026,Birthday,Percentage Discount,15,20.25,1,1,0,0,
CAMP02102,C0468,11-05-2026,Festival,Percentage Discount,30,32.5,1,1,0,0,
CAMP02103,C0690,29-03-2026,Birthday,Percentage Discount,15,20.25,1,1,0,0,
CAMP02104,C0845,27-05-2026,Loyalty,Points,100,16,1,1,0,0,
CAMP02105,C0418,27-04-2025,Win-back,Percentage Discount,10,27.5,1,1,0,0,
CAMP02106,C0303,22-10-2025,Discount,Percentage Discount,20,25,1,1,0,0,
CAMP02107,C0627,26-08-2026,Loyalty,Points,250,22,1,1,0,0,
CAMP02108,C0878,08-04-2026,Discount,Percentage Discount,15,23.25,1,1,0,0,
CAMP02109,C0159,16-12-2025,Festival,Percentage Discount,15,27.25,1,1,1,1,23-12-2025
CAMP02110,C0855,04-01-2025,Discount,Percentage Discount,15,23.25,1,1,0,0,
CAMP02111,C0764,14-05-2026,Win-back,Percentage Discount,20,31,1,1,0,0,
CAMP02112,C0711,02-08-2026,Birthday,Percentage Discount,15,20.25,1,1,0,0,
CAMP02113,C0989,22-08-2026,Birthday,Percentage Discount,10,18.5,1,1,0,0,
CAMP02114,C0070,03-09-2025,Discount,Percentage Discount,5,19.75,1,1,0,0,
CAMP02115,C0814,07-05-2025,Win-back,Percentage Discount,15,29.25,1,1,0,0,
CAMP02116,C0912,25-07-2025,New Product,Free Item,1,23,1,1,0,0,
CAMP02117,C0352,06-07-2026,New Product,Free Item,1,23,1,1,0,0,
CAMP02118,C0240,15-12-2025,Festival,Percentage Discount,20,29,1,1,0,0,
CAMP02119,C0553,21-08-2026,Birthday,Percentage Discount,20,22,1,1,0,0,
CAMP02120,C0585,10-02-2026,New Product,Free Item,1,23,1,1,0,0,
CAMP02121,C0833,14-06-2025,Loyalty,Points,100,16,1,1,0,0,
CAMP02122,C0114,13-09-2024,Win-back,Percentage Discount,10,27.5,1,1,0,0,
CAMP02123,C0207,11-06-2026,Win-back,Percentage Discount,15,29.25,1,1,0,0,
CAMP02124,C0543,20-02-2025,Loyalty,Points,150,18,1,1,0,0,
CAMP02125,C0597,21-02-2025,Birthday,Percentage Discount,20,22,1,1,0,0,
CAMP02126,C0708,10-04-2025,Win-back,Percentage Discount,10,27.5,1,0,0,0,
CAMP02127,C0449,13-03-2026,Birthday,Percentage Discount,15,20.25,1,1,1,0,
CAMP02128,C0046,23-08-2026,New Product,Free Item,1,23,1,1,0,0,
CAMP02129,C0663,19-05-2026,Win-back,Percentage Discount,15,29.25,1,1,0,0,
CAMP02130,C0098,23-04-2026,Win-back,Percentage Discount,10,27.5,1,1,0,0,
CAMP02131,C0560,16-07-2026,Festival,Percentage Discount,15,27.25,1,1,0,0,
CAMP02132,C0288,16-12-2025,New Product,Free Item,1,23,1,1,0,0,
CAMP02133,C0675,21-07-2026,Birthday,Percentage Discount,20,22,1,1,0,0,
CAMP02134,C0521,28-03-2024,Win-back,Percentage Discount,10,27.5,1,1,0,0,
CAMP02135,C0365,30-04-2025,Birthday,Percentage Discount,15,20.25,1,1,0,0,
CAMP02136,C0814,27-05-2026,Loyalty,Points,50,14,1,1,0,0,
CAMP02137,C0807,18-02-2026,Win-back,Percentage Discount,10,27.5,1,1,1,0,
CAMP02138,C0527,10-08-2026,Birthday,Percentage Discount,15,20.25,1,1,1,1,24-08-2026
CAMP02139,C0366,21-08-2025,New Product,Free Item,1,23,1,1,1,0,
CAMP02140,C0313,24-04-2026,Win-back,Percentage Discount,10,27.5,1,1,1,0,
CAMP02141,C0217,05-12-2025,Win-back,Percentage Discount,10,27.5,1,1,0,0,
CAMP02142,C0107,16-09-2025,Discount,Percentage Discount,20,25,1,1,0,0,
CAMP02143,C0138,28-12-2025,Win-back,Percentage Discount,25,32.75,1,1,1,1,09-01-2026
CAMP02144,C0334,02-07-2025,Loyalty,Points,150,18,1,1,0,0,
CAMP02145,C0425,05-08-2025,Festival,Percentage Discount,15,27.25,1,0,0,0,
CAMP02146,C0182,12-06-2026,New Product,Free Item,1,23,1,1,0,0,
CAMP02147,C0690,11-11-2025,Loyalty,Points,50,14,1,1,1,0,
CAMP02148,C0402,09-08-2025,Loyalty,Points,50,14,1,1,0,0,
CAMP02149,C0697,02-05-2026,Loyalty,Points,250,22,1,1,0,0,
CAMP02150,C0794,26-12-2023,Festival,Percentage Discount,10,25.5,1,1,0,0,
CAMP02151,C0196,23-11-2025,Birthday,Percentage Discount,10,18.5,1,1,0,0,
CAMP02152,C0175,01-08-2025,Loyalty,Points,250,22,1,1,0,0,
CAMP02153,C0475,01-07-2025,Festival,Percentage Discount,20,29,1,1,0,0,
CAMP02154,C0480,11-08-2026,Festival,Percentage Discount,10,25.5,1,1,0,0,
CAMP02155,C0049,21-10-2025,Birthday,Percentage Discount,15,20.25,1,1,1,0,
CAMP02156,C0588,07-11-2023,New Product,Free Item,1,23,1,1,1,1,21-11-2023
CAMP02157,C0846,01-03-2026,Birthday,Percentage Discount,20,22,1,1,0,0,
CAMP02158,C0917,24-07-2026,Discount,Percentage Discount,15,23.25,1,1,1,0,
CAMP02159,C0481,08-12-2025,Loyalty,Points,250,22,1,1,1,0,
CAMP02160,C0326,23-03-2026,Loyalty,Points,100,16,1,1,0,0,
CAMP02161,C0498,11-02-2026,Discount,Percentage Discount,15,23.25,1,1,1,0,
CAMP02162,C0676,19-12-2024,Birthday,Percentage Discount,20,22,1,1,1,0,
CAMP02163,C0652,26-09-2024,Loyalty,Points,150,18,1,1,0,0,
CAMP02164,C0110,07-07-2026,New Product,Free Item,1,23,1,1,1,0,
CAMP02165,C0975,05-07-2025,Loyalty,Points,50,14,1,1,0,0,
CAMP02166,C0449,04-05-2026,Festival,Percentage Discount,15,27.25,1,1,0,0,
CAMP02167,C0285,17-12-2024,Win-back,Percentage Discount,15,29.25,1,1,0,0,
CAMP02168,C0829,15-12-2025,Birthday,Percentage Discount,10,18.5,1,0,0,0,
CAMP02169,C0890,29-11-2024,Win-back,Percentage Discount,15,29.25,1,1,1,0,
CAMP02170,C0445,10-04-2024,Birthday,Percentage Discount,20,22,1,1,1,0,
CAMP02171,C0546,20-03-2026,Discount,Percentage Discount,5,19.75,1,1,0,0,
CAMP02172,C0956,31-10-2025,New Product,Free Item,1,23,1,1,0,0,
CAMP02173,C0061,05-02-2026,Festival,Percentage Discount,10,25.5,1,1,0,0,
CAMP02174,C0937,18-10-2024,Festival,Percentage Discount,25,30.75,1,1,0,0,
CAMP02175,C0115,22-09-2025,Birthday,Percentage Discount,20,22,1,1,0,0,
CAMP02176,C0528,10-07-2026,New Product,Free Item,1,23,1,1,0,0,
CAMP02177,C0162,24-01-2026,Win-back,Percentage Discount,10,27.5,1,0,0,0,
CAMP02178,C0167,11-07-2025,New Product,Free Item,1,23,1,1,0,0,
CAMP02179,C0970,05-06-2026,Win-back,Percentage Discount,20,31,1,1,0,0,
CAMP02180,C0982,06-07-2026,Birthday,Percentage Discount,10,18.5,1,1,0,0,
CAMP02181,C0732,28-08-2024,Festival,Percentage Discount,25,30.75,1,1,0,0,
CAMP02182,C0589,21-04-2025,Loyalty,Points,150,18,1,1,0,0,
CAMP02183,C0275,09-07-2025,Festival,Percentage Discount,30,32.5,1,1,0,0,
CAMP02184,C0549,16-07-2025,Birthday,Percentage Discount,15,20.25,1,1,0,0,
CAMP02185,C0040,07-05-2026,Win-back,Percentage Discount,20,31,1,1,0,0,
CAMP02186,C0867,14-10-2025,Birthday,Percentage Discount,10,18.5,1,1,0,0,
CAMP02187,C0828,11-05-2026,Birthday,Percentage Discount,10,18.5,1,0,0,0,
CAMP02188,C0232,12-03-2026,Birthday,Percentage Discount,10,18.5,1,1,0,0,
CAMP02189,C0709,16-08-2026,Discount,Percentage Discount,10,21.5,1,1,1,1,25-08-2026
CAMP02190,C0384,18-12-2025,New Product,Free Item,1,23,1,1,0,0,
CAMP02191,C0788,19-05-2025,Loyalty,Points,250,22,1,1,1,0,
CAMP02192,C0560,15-06-2026,Loyalty,Points,150,18,1,1,0,0,
CAMP02193,C0305,24-06-2026,Loyalty,Points,100,16,1,1,0,0,
CAMP02194,C0059,12-09-2025,Loyalty,Points,100,16,1,1,0,0,
CAMP02195,C0637,06-06-2026,Birthday,Percentage Discount,10,18.5,1,1,0,0,
CAMP02196,C0676,18-06-2024,Festival,Percentage Discount,15,27.25,1,0,0,0,
CAMP02197,C0766,13-09-2024,New Product,Free Item,1,23,1,0,0,0,
CAMP02198,C0714,21-06-2025,Win-back,Percentage Discount,25,32.75,1,1,0,0,
CAMP02199,C0014,06-02-2026,Loyalty,Points,50,14,1,0,0,0,
CAMP02200,C0177,22-05-2026,New Product,Free Item,1,23,1,1,1,0,
CAMP02201,C0611,19-06-2026,Festival,Percentage Discount,15,27.25,1,1,0,0,
CAMP02202,C0223,24-01-2026,Festival,Percentage Discount,25,30.75,1,1,0,0,
CAMP02203,C0151,02-10-2025,Win-back,Percentage Discount,15,29.25,1,1,0,0,
CAMP02204,C0669,07-05-2024,Birthday,Percentage Discount,10,18.5,1,1,0,0,
CAMP02205,C0749,05-04-2026,Festival,Percentage Discount,25,30.75,1,1,0,0,
CAMP02206,C0452,24-07-2024,Festival,Percentage Discount,15,27.25,1,1,0,0,
CAMP02207,C0680,17-09-2024,Win-back,Percentage Discount,10,27.5,1,1,0,0,
CAMP02208,C0385,21-08-2026,Loyalty,Points,100,16,1,1,1,1,28-08-2026
CAMP02209,C0409,28-08-2026,Loyalty,Points,150,18,1,1,0,0,
CAMP02210,C0253,03-01-2026,New Product,Free Item,1,23,1,1,0,0,
CAMP02211,C0001,23-03-2026,Loyalty,Points,100,16,1,1,1,0,
CAMP02212,C0069,21-01-2025,New Product,Free Item,1,23,1,1,0,0,
CAMP02213,C0869,29-03-2026,Birthday,Percentage Discount,10,18.5,1,1,0,0,
CAMP02214,C0476,18-04-2026,Festival,Percentage Discount,15,27.25,1,1,0,0,
CAMP02215,C0196,19-02-2024,Festival,Percentage Discount,30,32.5,1,1,0,0,
CAMP02216,C0509,25-01-2025,Win-back,Percentage Discount,10,27.5,1,1,1,1,02-02-2025
CAMP02217,C0376,14-06-2026,Win-back,Percentage Discount,20,31,1,1,0,0,
CAMP02218,C0014,26-03-2026,Birthday,Percentage Discount,15,20.25,1,1,0,0,
CAMP02219,C0732,08-04-2025,Loyalty,Points,250,22,1,0,0,0,
CAMP02220,C0908,23-11-2025,Birthday,Percentage Discount,20,22,1,1,1,0,
CAMP02221,C0579,09-01-2026,Discount,Percentage Discount,5,19.75,1,1,1,1,21-01-2026
CAMP02222,C0568,17-12-2025,Win-back,Percentage Discount,20,31,1,1,1,0,
CAMP02223,C0038,21-05-2025,New Product,Free Item,1,23,1,1,1,0,
CAMP02224,C0343,21-08-2026,New Product,Free Item,1,23,1,1,0,0,
CAMP02225,C0641,02-07-2025,Loyalty,Points,50,14,1,1,1,0,
CAMP02226,C0340,04-04-2026,Birthday,Percentage Discount,15,20.25,1,1,0,0,
CAMP02227,C0564,15-07-2026,Discount,Percentage Discount,10,21.5,1,1,1,0,
CAMP02228,C0921,13-12-2024,Festival,Percentage Discount,15,27.25,1,1,0,0,
CAMP02229,C0223,21-10-2025,Birthday,Percentage Discount,10,18.5,1,1,0,0,
CAMP02230,C0317,24-06-2026,Discount,Percentage Discount,5,19.75,1,1,0,0,
CAMP02231,C0012,15-06-2026,Discount,Percentage Discount,20,25,1,1,0,0,
CAMP02232,C0473,09-07-2026,Birthday,Percentage Discount,20,22,1,1,1,0,
CAMP02233,C0082,11-05-2025,Festival,Percentage Discount,15,27.25,1,1,0,0,
CAMP02234,C0727,29-08-2026,Win-back,Percentage Discount,15,29.25,1,1,1,0,
CAMP02235,C0393,22-05-2024,Discount,Percentage Discount,10,21.5,1,1,0,0,
CAMP02236,C0140,26-08-2026,Birthday,Percentage Discount,20,22,1,1,0,0,
CAMP02237,C0002,12-06-2025,Festival,Percentage Discount,15,27.25,1,1,0,0,
CAMP02238,C0899,15-07-2026,New Product,Free Item,1,23,1,1,0,0,
CAMP02239,C0534,22-08-2025,Birthday,Percentage Discount,20,22,1,1,1,1,29-08-2025
CAMP02240,C0805,02-12-2023,New Product,Free Item,1,23,1,1,0,0,
CAMP02241,C0739,24-04-2026,Discount,Percentage Discount,5,19.75,1,1,0,0,
CAMP02242,C0789,28-07-2025,Festival,Percentage Discount,30,32.5,1,1,0,0,
CAMP02243,C0095,05-08-2026,Festival,Percentage Discount,30,32.5,1,1,0,0,
CAMP02244,C0440,29-04-2026,Discount,Percentage Discount,20,25,1,1,0,0,
CAMP02245,C0082,23-05-2024,Win-back,Percentage Discount,25,32.75,1,1,0,0,
CAMP02246,C0472,19-02-2026,Loyalty,Points,100,16,1,0,0,0,
CAMP02247,C0209,09-11-2025,Discount,Percentage Discount,10,21.5,1,1,0,0,
CAMP02248,C0595,01-12-2025,New Product,Free Item,1,23,1,1,0,0,
CAMP02249,C0138,26-01-2025,Festival,Percentage Discount,25,30.75,1,1,0,0,
CAMP02250,C0281,21-02-2026,Loyalty,Points,250,22,1,0,0,0,
CAMP02251,C0348,14-08-2025,Win-back,Percentage Discount,25,32.75,1,1,1,0,
CAMP02252,C0129,23-07-2026,Birthday,Percentage Discount,15,20.25,1,1,0,0,
CAMP02253,C0149,04-02-2026,Win-back,Percentage Discount,10,27.5,1,1,0,0,
CAMP02254,C0812,02-11-2025,Festival,Percentage Discount,30,32.5,1,1,0,0,
CAMP02255,C0691,26-07-2026,New Product,Free Item,1,23,1,1,0,0,
CAMP02256,C0063,08-04-2026,Loyalty,Points,150,18,1,0,0,0,
CAMP02257,C0464,28-10-2024,Win-back,Percentage Discount,15,29.25,1,1,1,0,
CAMP02258,C0250,10-03-2026,New Product,Free Item,1,23,1,0,0,0,
CAMP02259,C0471,29-03-2026,Birthday,Percentage Discount,20,22,1,1,0,0,
CAMP02260,C0112,01-07-2025,Loyalty,Points,100,16,1,1,1,0,
CAMP02261,C0875,03-12-2025,Birthday,Percentage Discount,20,22,1,1,0,0,
CAMP02262,C0215,31-12-2025,Loyalty,Points,150,18,1,1,1,0,
CAMP02263,C0437,18-08-2026,New Product,Free Item,1,23,1,1,0,0,
CAMP02264,C0531,15-02-2026,Birthday,Percentage Discount,15,20.25,1,1,0,0,
CAMP02265,C0013,12-12-2024,Discount,Percentage Discount,5,19.75,1,1,1,0,
CAMP02266,C0209,31-10-2025,New Product,Free Item,1,23,1,1,0,0,
CAMP02267,C0514,05-10-2025,New Product,Free Item,1,23,1,1,1,0,
CAMP02268,C0466,12-06-2025,New Product,Free Item,1,23,1,1,1,0,
CAMP02269,C0536,14-05-2025,Birthday,Percentage Discount,15,20.25,1,1,1,0,
CAMP02270,C0826,15-09-2024,Loyalty,Points,150,18,1,1,0,0,
CAMP02271,C0579,15-04-2024,Birthday,Percentage Discount,20,22,1,1,1,1,18-04-2024
CAMP02272,C0416,28-07-2026,Festival,Percentage Discount,15,27.25,1,1,1,0,
CAMP02273,C0499,14-09-2025,Festival,Percentage Discount,15,27.25,1,1,0,0,
CAMP02274,C0808,18-07-2026,New Product,Free Item,1,23,1,1,0,0,
CAMP02275,C0501,29-04-2025,Birthday,Percentage Discount,20,22,1,0,0,0,
CAMP02276,C0954,18-08-2026,Festival,Percentage Discount,15,27.25,1,1,1,0,
CAMP02277,C0742,19-07-2026,Discount,Percentage Discount,5,19.75,1,1,0,0,
CAMP02278,C0727,15-05-2026,Win-back,Percentage Discount,25,32.75,1,1,0,0,
CAMP02279,C0848,09-05-2026,New Product,Free Item,1,23,1,1,1,0,
CAMP02280,C0609,25-07-2024,New Product,Free Item,1,23,1,1,0,0,
CAMP02281,C0484,27-12-2024,Win-back,Percentage Discount,10,27.5,1,1,1,1,04-01-2025
CAMP02282,C0555,11-08-2026,Win-back,Percentage Discount,20,31,1,1,0,0,
CAMP02283,C0355,01-12-2025,Festival,Percentage Discount,20,29,1,1,0,0,
CAMP02284,C0539,29-12-2025,Festival,Percentage Discount,15,27.25,1,1,1,0,
CAMP02285,C0655,01-05-2025,Discount,Percentage Discount,20,25,1,1,0,0,
CAMP02286,C0960,24-04-2026,New Product,Free Item,1,23,1,1,0,0,
CAMP02287,C0893,09-12-2025,Discount,Percentage Discount,10,21.5,1,0,0,0,
CAMP02288,C0369,25-09-2025,Festival,Percentage Discount,20,29,1,1,0,0,
CAMP02289,C0265,07-08-2026,Birthday,Percentage Discount,15,20.25,1,1,0,0,
CAMP02290,C0328,01-08-2024,Loyalty,Points,250,22,1,1,1,0,
CAMP02291,C0902,19-03-2025,Birthday,Percentage Discount,10,18.5,1,1,0,0,
CAMP02292,C0449,09-03-2026,Birthday,Percentage Discount,10,18.5,1,0,0,0,
CAMP02293,C0894,25-07-2026,Festival,Percentage Discount,10,25.5,1,1,1,0,
CAMP02294,C0227,09-03-2026,Birthday,Percentage Discount,20,22,1,1,0,0,
CAMP02295,C0608,16-11-2025,Win-back,Percentage Discount,15,29.25,1,1,1,0,
CAMP02296,C0037,27-11-2024,Discount,Percentage Discount,5,19.75,1,1,0,0,
CAMP02297,C0378,05-07-2026,Birthday,Percentage Discount,20,22,1,1,0,0,
CAMP02298,C0221,29-07-2026,Loyalty,Points,250,22,1,1,1,0,
CAMP02299,C0680,18-07-2024,Loyalty,Points,250,22,1,1,1,0,
CAMP02300,C0607,17-04-2026,Birthday,Percentage Discount,10,18.5,1,0,0,0,
CAMP02301,C0449,22-04-2026,New Product,Free Item,1,23,1,1,1,1,24-04-2026
CAMP02302,C0544,23-04-2026,Festival,Percentage Discount,15,27.25,1,1,0,0,
CAMP02303,C0088,30-06-2026,Loyalty,Points,250,22,1,0,0,0,
CAMP02304,C0813,03-06-2026,Festival,Percentage Discount,25,30.75,1,0,0,0,
CAMP02305,C0895,10-12-2025,Loyalty,Points,150,18,1,1,0,0,
CAMP02306,C0360,11-11-2023,Birthday,Percentage Discount,15,20.25,1,1,0,0,
CAMP02307,C0395,22-11-2024,Birthday,Percentage Discount,10,18.5,1,1,1,0,
CAMP02308,C0840,02-11-2025,Win-back,Percentage Discount,10,27.5,1,1,0,0,
CAMP02309,C0027,12-11-2025,Discount,Percentage Discount,20,25,1,1,1,0,
CAMP02310,C0877,05-08-2026,Festival,Percentage Discount,15,27.25,1,1,1,1,14-08-2026
CAMP02311,C0749,12-07-2026,New Product,Free Item,1,23,1,1,0,0,
CAMP02312,C0406,18-09-2024,Loyalty,Points,250,22,1,1,0,0,
CAMP02313,C0097,24-11-2025,Festival,Percentage Discount,30,32.5,1,1,1,1,07-12-2025
CAMP02314,C0604,16-03-2026,New Product,Free Item,1,23,1,1,1,0,
CAMP02315,C0186,23-01-2025,New Product,Free Item,1,23,1,0,0,0,
CAMP02316,C0408,16-02-2025,Loyalty,Points,100,16,1,1,0,0,
CAMP02317,C0730,19-07-2025,Festival,Percentage Discount,15,27.25,1,1,1,0,
CAMP02318,C0044,15-07-2025,Festival,Percentage Discount,20,29,1,1,0,0,
CAMP02319,C0562,09-10-2025,Birthday,Percentage Discount,20,22,1,1,0,0,
CAMP02320,C0011,13-05-2024,Discount,Percentage Discount,20,25,1,1,0,0,
CAMP02321,C0240,10-12-2025,New Product,Free Item,1,23,1,1,0,0,
CAMP02322,C0089,27-07-2026,New Product,Free Item,1,23,1,1,1,0,
CAMP02323,C0576,24-03-2026,Loyalty,Points,50,14,1,1,0,0,
CAMP02324,C0901,16-05-2026,New Product,Free Item,1,23,1,1,0,0,
CAMP02325,C0722,22-07-2026,Discount,Percentage Discount,20,25,1,1,0,0,
CAMP02326,C0350,09-10-2024,New Product,Free Item,1,23,1,1,0,0,
CAMP02327,C0958,07-03-2026,Discount,Percentage Discount,10,21.5,1,1,0,0,
CAMP02328,C0735,09-08-2026,Birthday,Percentage Discount,20,22,1,1,0,0,
CAMP02329,C0086,21-07-2025,Festival,Percentage Discount,15,27.25,1,1,1,0,
CAMP02330,C0918,27-09-2025,Birthday,Percentage Discount,15,20.25,1,1,0,0,
CAMP02331,C0112,31-07-2025,Loyalty,Points,100,16,1,1,0,0,
CAMP02332,C0987,07-02-2026,Festival,Percentage Discount,10,25.5,1,1,0,0,
CAMP02333,C0872,18-02-2025,Festival,Percentage Discount,10,25.5,1,1,1,0,
CAMP02334,C0031,02-02-2024,Festival,Percentage Discount,30,32.5,1,1,0,0,
CAMP02335,C0967,15-04-2026,Festival,Percentage Discount,25,30.75,1,1,0,0,
CAMP02336,C0464,28-11-2025,Birthday,Percentage Discount,10,18.5,1,1,0,0,
CAMP02337,C0932,21-12-2024,Birthday,Percentage Discount,10,18.5,1,1,1,1,28-12-2024
CAMP02338,C0902,21-08-2025,Loyalty,Points,250,22,1,1,0,0,
CAMP02339,C0056,31-07-2026,New Product,Free Item,1,23,1,1,0,0,
CAMP02340,C0138,16-04-2026,Festival,Percentage Discount,25,30.75,1,1,0,0,
CAMP02341,C0661,12-10-2023,Win-back,Percentage Discount,15,29.25,1,1,0,0,
CAMP02342,C0045,11-09-2025,Discount,Percentage Discount,20,25,1,1,0,0,
CAMP02343,C0299,08-02-2026,Festival,Percentage Discount,10,25.5,1,1,1,0,
CAMP02344,C0666,14-06-2025,Discount,Percentage Discount,15,23.25,1,1,1,0,
CAMP02345,C0873,20-04-2026,Win-back,Percentage Discount,20,31,1,1,0,0,
CAMP02346,C0876,11-09-2025,Birthday,Percentage Discount,20,22,1,1,1,0,
CAMP02347,C0930,15-06-2026,Loyalty,Points,250,22,1,1,0,0,
CAMP02348,C0228,04-08-2024,Win-back,Percentage Discount,10,27.5,1,1,0,0,
CAMP02349,C0848,14-10-2025,Loyalty,Points,50,14,1,1,0,0,
CAMP02350,C0892,18-08-2026,Discount,Percentage Discount,20,25,1,1,0,0,
CAMP02351,C0408,31-10-2025,New Product,Free Item,1,23,1,1,0,0,
CAMP02352,C0646,29-05-2024,Loyalty,Points,150,18,1,1,0,0,
CAMP02353,C0264,05-10-2025,Festival,Percentage Discount,15,27.25,1,1,0,0,
CAMP02354,C0539,05-02-2026,New Product,Free Item,1,23,1,1,0,0,
CAMP02355,C0112,02-01-2026,New Product,Free Item,1,23,1,1,0,0,
CAMP02356,C0393,14-09-2024,Discount,Percentage Discount,10,21.5,1,1,1,1,15-09-2024
CAMP02357,C0398,03-03-2026,Win-back,Percentage Discount,25,32.75,1,1,0,0,
CAMP02358,C0028,29-01-2026,New Product,Free Item,1,23,1,1,0,0,
CAMP02359,C0155,04-09-2025,Win-back,Percentage Discount,25,32.75,1,1,0,0,
CAMP02360,C0855,21-08-2026,Discount,Percentage Discount,15,23.25,1,1,0,0,
CAMP02361,C0089,21-08-2026,Birthday,Percentage Discount,15,20.25,1,1,0,0,
CAMP02362,C0544,09-03-2026,Loyalty,Points,100,16,1,1,1,1,22-03-2026
CAMP02363,C0935,31-12-2025,Birthday,Percentage Discount,10,18.5,1,1,1,0,
CAMP02364,C0375,11-01-2026,Birthday,Percentage Discount,20,22,1,1,0,0,
CAMP02365,C0834,30-07-2025,Discount,Percentage Discount,5,19.75,1,1,0,0,
CAMP02366,C0275,07-06-2025,Loyalty,Points,250,22,1,1,0,0,
CAMP02367,C0919,25-04-2025,Festival,Percentage Discount,20,29,1,0,0,0,
CAMP02368,C0523,05-04-2026,Win-back,Percentage Discount,25,32.75,1,1,1,1,17-04-2026
CAMP02369,C0344,12-07-2026,Loyalty,Points,50,14,1,1,0,0,
CAMP02370,C0022,21-12-2025,Festival,Percentage Discount,30,32.5,1,1,0,0,
CAMP02371,C0859,19-12-2024,Loyalty,Points,50,14,1,0,0,0,
CAMP02372,C0812,15-12-2025,Loyalty,Points,100,16,1,1,0,0,
CAMP02373,C0649,09-06-2026,Birthday,Percentage Discount,10,18.5,1,1,0,0,
CAMP02374,C0385,18-07-2026,Win-back,Percentage Discount,15,29.25,1,1,1,0,
CAMP02375,C0314,21-05-2026,New Product,Free Item,1,23,1,1,0,0,
CAMP02376,C0574,21-05-2026,Birthday,Percentage Discount,15,20.25,1,1,0,0,
CAMP02377,C0004,10-04-2026,Festival,Percentage Discount,30,32.5,1,0,0,0,
CAMP02378,C0121,29-01-2026,Festival,Percentage Discount,15,27.25,1,1,0,0,
CAMP02379,C0486,13-08-2025,New Product,Free Item,1,23,1,1,0,0,
CAMP02380,C0347,30-08-2026,Loyalty,Points,100,16,1,1,1,0,
CAMP02381,C0628,02-07-2026,Birthday,Percentage Discount,20,22,1,1,0,0,
CAMP02382,C0412,09-05-2026,Loyalty,Points,100,16,1,1,0,0,
CAMP02383,C0548,16-06-2026,Birthday,Percentage Discount,10,18.5,1,1,0,0,
CAMP02384,C0801,25-01-2025,Win-back,Percentage Discount,25,32.75,1,1,0,0,
CAMP02385,C0349,09-04-2026,Birthday,Percentage Discount,10,18.5,1,0,0,0,
CAMP02386,C0070,26-10-2025,Loyalty,Points,100,16,1,1,0,0,
CAMP02387,C0864,09-05-2026,Discount,Percentage Discount,5,19.75,1,1,0,0,
CAMP02388,C0998,11-03-2026,Discount,Percentage Discount,10,21.5,1,1,0,0,
CAMP02389,C0057,14-08-2024,Festival,Percentage Discount,20,29,1,1,1,0,
CAMP02390,C0921,06-08-2026,Loyalty,Points,150,18,1,1,0,0,
CAMP02391,C0886,01-02-2026,New Product,Free Item,1,23,1,1,0,0,
CAMP02392,C0046,24-03-2026,New Product,Free Item,1,23,1,1,0,0,
CAMP02393,C0192,20-06-2025,Festival,Percentage Discount,30,32.5,1,1,0,0,
CAMP02394,C0279,11-07-2026,Win-back,Percentage Discount,20,31,1,1,0,0,
CAMP02395,C0378,06-08-2026,Festival,Percentage Discount,15,27.25,1,1,1,0,
CAMP02396,C0534,11-08-2025,Win-back,Percentage Discount,10,27.5,1,1,1,0,
CAMP02397,C0416,18-08-2026,Discount,Percentage Discount,10,21.5,1,1,0,0,
CAMP02398,C0474,18-08-2026,Birthday,Percentage Discount,15,20.25,1,1,0,0,
CAMP02399,C0873,05-09-2025,Birthday,Percentage Discount,10,18.5,1,1,0,0,
CAMP02400,C0813,22-08-2026,New Product,Free Item,1,23,1,1,1,1,25-08-2026
CAMP02401,C0489,26-04-2026,Festival,Percentage Discount,30,32.5,1,1,1,0,
CAMP02402,C0216,04-12-2025,Discount,Percentage Discount,10,21.5,1,1,0,0,
CAMP02403,C0229,02-11-2024,Festival,Percentage Discount,10,25.5,1,1,0,0,
CAMP02404,C0498,03-07-2026,New Product,Free Item,1,23,1,1,0,0,
CAMP02405,C0805,04-05-2026,Discount,Percentage Discount,10,21.5,1,1,0,0,
CAMP02406,C0407,29-07-2026,Festival,Percentage Discount,30,32.5,1,1,0,0,
CAMP02407,C0692,03-01-2026,Festival,Percentage Discount,15,27.25,1,1,0,0,
CAMP02408,C0776,04-05-2026,Loyalty,Points,50,14,1,1,0,0,
CAMP02409,C0345,17-08-2024,Win-back,Percentage Discount,15,29.25,1,1,1,1,30-08-2024
CAMP02410,C0358,18-06-2026,Win-back,Percentage Discount,25,32.75,1,1,0,0,
CAMP02411,C0019,23-07-2026,Festival,Percentage Discount,15,27.25,1,1,1,0,
CAMP02412,C0207,03-06-2026,Discount,Percentage Discount,15,23.25,1,1,0,0,
CAMP02413,C0159,17-11-2025,Win-back,Percentage Discount,25,32.75,1,1,1,0,
CAMP02414,C0918,21-04-2026,Festival,Percentage Discount,25,30.75,1,1,0,0,
CAMP02415,C0602,28-08-2026,New Product,Free Item,1,23,1,0,0,0,
CAMP02416,C0813,15-08-2026,Win-back,Percentage Discount,25,32.75,1,1,0,0,
CAMP02417,C0995,24-06-2026,New Product,Free Item,1,23,1,1,0,0,
CAMP02418,C0317,19-05-2026,Loyalty,Points,100,16,1,1,0,0,
CAMP02419,C0831,12-08-2026,Festival,Percentage Discount,30,32.5,1,1,0,0,
CAMP02420,C0697,07-09-2024,Birthday,Percentage Discount,15,20.25,1,1,0,0,
CAMP02421,C0297,31-07-2026,Birthday,Percentage Discount,20,22,1,1,0,0,
CAMP02422,C0635,07-08-2025,Win-back,Percentage Discount,20,31,1,1,0,0,
CAMP02423,C0866,14-07-2026,Birthday,Percentage Discount,15,20.25,1,1,0,0,
CAMP02424,C0287,04-09-2025,New Product,Free Item,1,23,1,1,0,0,
CAMP02425,C0313,05-05-2026,Birthday,Percentage Discount,10,18.5,1,1,1,0,
CAMP02426,C0274,07-12-2023,Loyalty,Points,150,18,1,1,0,0,
CAMP02427,C0834,08-07-2026,Festival,Percentage Discount,25,30.75,1,1,0,0,
CAMP02428,C0810,03-01-2025,Win-back,Percentage Discount,20,31,1,1,0,0,
CAMP02429,C0125,14-04-2026,Win-back,Percentage Discount,25,32.75,1,1,1,0,
CAMP02430,C0671,26-08-2025,Win-back,Percentage Discount,25,32.75,1,1,1,0,
CAMP02431,C0059,22-02-2026,Festival,Percentage Discount,15,27.25,1,0,0,0,
CAMP02432,C0693,25-07-2026,Win-back,Percentage Discount,15,29.25,1,1,1,0,
CAMP02433,C0873,26-12-2024,Loyalty,Points,50,14,1,1,1,0,
CAMP02434,C0928,13-05-2026,Win-back,Percentage Discount,15,29.25,1,1,0,0,
CAMP02435,C0361,23-06-2025,Festival,Percentage Discount,10,25.5,1,1,1,0,
CAMP02436,C0217,28-10-2025,New Product,Free Item,1,23,1,1,0,0,
CAMP02437,C0173,11-04-2026,Discount,Percentage Discount,5,19.75,1,1,1,1,17-04-2026
CAMP02438,C0757,28-07-2025,Birthday,Percentage Discount,10,18.5,1,1,0,0,
CAMP02439,C0502,16-06-2026,Festival,Percentage Discount,25,30.75,1,1,0,0,
CAMP02440,C0700,24-11-2023,Birthday,Percentage Discount,10,18.5,1,1,1,1,08-12-2023
CAMP02441,C0759,10-04-2025,New Product,Free Item,1,23,1,1,0,0,
CAMP02442,C0112,21-04-2026,Festival,Percentage Discount,20,29,1,1,0,0,
CAMP02443,C0950,17-12-2025,Win-back,Percentage Discount,15,29.25,1,1,0,0,
CAMP02444,C0764,10-07-2026,Win-back,Percentage Discount,20,31,1,1,1,1,22-07-2026
CAMP02445,C0019,11-08-2026,Loyalty,Points,100,16,1,1,1,0,
CAMP02446,C0173,15-10-2025,New Product,Free Item,1,23,1,1,0,0,
CAMP02447,C0490,02-10-2025,Birthday,Percentage Discount,20,22,1,1,0,0,
CAMP02448,C0278,29-06-2026,New Product,Free Item,1,23,1,1,0,0,
CAMP02449,C0124,08-05-2025,Win-back,Percentage Discount,10,27.5,1,1,0,0,
CAMP02450,C0603,10-04-2024,Loyalty,Points,250,22,1,1,0,0,
CAMP02451,C0560,24-08-2026,Birthday,Percentage Discount,20,22,1,1,0,0,
CAMP02452,C0345,28-01-2026,Birthday,Percentage Discount,10,18.5,1,0,0,0,
CAMP02453,C0427,11-11-2025,Birthday,Percentage Discount,10,18.5,1,1,1,0,
CAMP02454,C0638,22-08-2026,Discount,Percentage Discount,20,25,1,1,1,0,
CAMP02455,C0363,25-04-2026,Festival,Percentage Discount,20,29,1,1,1,0,
CAMP02456,C0510,03-08-2024,New Product,Free Item,1,23,1,1,0,0,
CAMP02457,C0451,23-08-2026,Birthday,Percentage Discount,15,20.25,1,1,0,0,
CAMP02458,C0965,16-02-2026,New Product,Free Item,1,23,1,1,1,1,23-02-2026
CAMP02459,C0200,24-04-2024,Win-back,Percentage Discount,25,32.75,1,1,1,0,
CAMP02460,C0437,13-07-2026,Loyalty,Points,250,22,1,1,0,0,
CAMP02461,C0503,25-09-2024,Loyalty,Points,150,18,1,1,1,0,
CAMP02462,C0331,05-05-2026,Loyalty,Points,250,22,1,1,0,0,
CAMP02463,C0491,14-08-2026,Birthday,Percentage Discount,20,22,1,1,1,0,
CAMP02464,C0718,30-01-2025,New Product,Free Item,1,23,1,1,1,1,05-02-2025
CAMP02465,C0720,18-05-2026,Loyalty,Points,50,14,1,1,1,0,
CAMP02466,C0150,02-11-2024,Festival,Percentage Discount,15,27.25,1,0,0,0,
CAMP02467,C0300,05-07-2026,Birthday,Percentage Discount,10,18.5,1,1,1,0,
CAMP02468,C0617,01-11-2025,New Product,Free Item,1,23,1,1,0,0,
CAMP02469,C0742,14-07-2026,Win-back,Percentage Discount,20,31,1,1,0,0,
CAMP02470,C0692,20-08-2026,New Product,Free Item,1,23,1,1,0,0,
CAMP02471,C0570,17-02-2026,New Product,Free Item,1,23,1,1,0,0,
CAMP02472,C0819,25-10-2025,Loyalty,Points,150,18,1,1,1,1,05-11-2025
CAMP02473,C0499,24-03-2026,Birthday,Percentage Discount,10,18.5,1,1,0,0,
CAMP02474,C0761,05-12-2025,Festival,Percentage Discount,30,32.5,1,1,1,0,
CAMP02475,C0812,02-10-2025,Discount,Percentage Discount,15,23.25,1,1,1,0,
CAMP02476,C0900,13-01-2026,Birthday,Percentage Discount,10,18.5,1,1,0,0,
CAMP02477,C0028,03-12-2025,New Product,Free Item,1,23,1,1,0,0,
CAMP02478,C0589,04-01-2026,New Product,Free Item,1,23,1,1,0,0,
CAMP02479,C0275,15-08-2025,Win-back,Percentage Discount,15,29.25,1,1,1,0,
CAMP02480,C0309,19-01-2025,Loyalty,Points,150,18,1,1,0,0,
CAMP02481,C0924,28-07-2026,Loyalty,Points,250,22,1,1,1,0,
CAMP02482,C0510,24-08-2024,Discount,Percentage Discount,15,23.25,1,1,0,0,
CAMP02483,C0033,11-11-2025,Birthday,Percentage Discount,20,22,1,1,1,0,
CAMP02484,C0115,12-09-2025,New Product,Free Item,1,23,1,0,0,0,
CAMP02485,C0647,14-06-2026,Birthday,Percentage Discount,15,20.25,1,1,0,0,
CAMP02486,C0831,25-06-2026,Birthday,Percentage Discount,20,22,1,0,0,0,
CAMP02487,C0859,10-01-2026,Birthday,Percentage Discount,10,18.5,1,1,0,0,
CAMP02488,C0523,28-02-2025,Discount,Percentage Discount,5,19.75,1,0,0,0,
CAMP02489,C0131,03-07-2026,Discount,Percentage Discount,10,21.5,1,1,0,0,
CAMP02490,C0342,08-12-2025,Discount,Percentage Discount,5,19.75,1,1,0,0,
CAMP02491,C0892,30-08-2026,Festival,Percentage Discount,10,25.5,1,1,0,0,
CAMP02492,C0531,17-09-2025,Loyalty,Points,100,16,1,1,0,0,
CAMP02493,C0493,30-06-2025,Loyalty,Points,50,14,1,1,0,0,
CAMP02494,C0608,27-02-2025,Festival,Percentage Discount,20,29,1,1,1,0,
CAMP02495,C0678,09-07-2024,Festival,Percentage Discount,30,32.5,1,1,0,0,
CAMP02496,C0298,15-07-2026,Festival,Percentage Discount,15,27.25,1,1,0,0,
CAMP02497,C0462,29-03-2026,Festival,Percentage Discount,15,27.25,1,0,0,0,
CAMP02498,C0205,24-06-2025,Discount,Percentage Discount,5,19.75,1,1,0,0,
CAMP02499,C0883,19-07-2025,Loyalty,Points,50,14,1,1,0,0,
CAMP02500,C0785,22-08-2026,Loyalty,Points,100,16,1,1,0,0,
CAMP02501,C0743,06-10-2025,Birthday,Percentage Discount,10,18.5,1,1,0,0,
CAMP02502,C0251,14-08-2026,Birthday,Percentage Discount,15,20.25,1,1,0,0,
CAMP02503,C0789,04-11-2025,Festival,Percentage Discount,10,25.5,1,0,0,0,
CAMP02504,C0752,28-05-2025,Win-back,Percentage Discount,10,27.5,1,0,0,0,
CAMP02505,C0592,10-03-2026,Festival,Percentage Discount,10,25.5,1,1,1,1,21-03-2026
CAMP02506,C0118,10-02-2025,Discount,Percentage Discount,10,21.5,1,1,0,0,
CAMP02507,C0476,24-07-2025,Festival,Percentage Discount,10,25.5,1,1,0,0,
CAMP02508,C0140,03-02-2025,Discount,Percentage Discount,10,21.5,1,1,0,0,
CAMP02509,C0063,29-03-2026,Discount,Percentage Discount,10,21.5,1,1,0,0,
CAMP02510,C0513,04-03-2026,Win-back,Percentage Discount,15,29.25,1,1,0,0,
CAMP02511,C0864,19-04-2025,Discount,Percentage Discount,10,21.5,1,1,0,0,
CAMP02512,C0928,22-08-2026,Festival,Percentage Discount,25,30.75,1,1,0,0,
CAMP02513,C0722,22-06-2026,Discount,Percentage Discount,20,25,1,1,1,1,05-07-2026
CAMP02514,C0412,16-03-2026,Birthday,Percentage Discount,20,22,1,1,0,0,
CAMP02515,C0320,05-07-2024,Loyalty,Points,150,18,1,1,0,0,
CAMP02516,C0778,21-04-2026,Win-back,Percentage Discount,25,32.75,1,1,0,0,
CAMP02517,C0546,20-02-2026,New Product,Free Item,1,23,1,1,0,0,
CAMP02518,C0036,18-04-2025,Loyalty,Points,150,18,1,1,1,0,
CAMP02519,C0190,06-11-2025,New Product,Free Item,1,23,1,1,1,1,08-11-2025
CAMP02520,C0292,24-02-2026,Birthday,Percentage Discount,10,18.5,1,1,1,1,04-03-2026
CAMP02521,C0004,08-10-2025,Discount,Percentage Discount,10,21.5,1,1,0,0,
CAMP02522,C0717,18-05-2026,Birthday,Percentage Discount,10,18.5,1,1,1,1,30-05-2026
CAMP02523,C0182,03-06-2026,Loyalty,Points,150,18,1,1,1,0,
CAMP02524,C0966,30-08-2026,New Product,Free Item,1,23,1,1,0,0,
CAMP02525,C0875,11-11-2025,New Product,Free Item,1,23,1,0,0,0,
CAMP02526,C0215,13-07-2026,Festival,Percentage Discount,10,25.5,1,1,1,0,
CAMP02527,C0194,04-01-2025,Festival,Percentage Discount,15,27.25,1,1,0,0,
CAMP02528,C0063,20-08-2026,New Product,Free Item,1,23,1,1,0,0,
CAMP02529,C0998,15-01-2026,Festival,Percentage Discount,25,30.75,1,1,0,0,
CAMP02530,C0219,06-01-2026,Loyalty,Points,250,22,1,1,1,1,07-01-2026
CAMP02531,C0297,18-06-2026,Win-back,Percentage Discount,20,31,1,1,1,0,
CAMP02532,C0029,06-12-2023,Loyalty,Points,250,22,1,1,0,0,
CAMP02533,C0002,25-02-2026,Discount,Percentage Discount,20,25,1,1,1,0,
CAMP02534,C0305,02-05-2026,Loyalty,Points,50,14,1,0,0,0,
CAMP02535,C0483,19-09-2025,New Product,Free Item,1,23,1,1,0,0,
CAMP02536,C0773,04-07-2025,New Product,Free Item,1,23,1,1,0,0,
CAMP02537,C0865,05-06-2026,Discount,Percentage Discount,5,19.75,1,1,1,1,10-06-2026
CAMP02538,C0406,10-08-2026,Discount,Percentage Discount,15,23.25,1,0,0,0,
CAMP02539,C0458,15-10-2025,Discount,Percentage Discount,20,25,1,1,1,1,22-10-2025
CAMP02540,C0817,19-01-2026,Win-back,Percentage Discount,20,31,1,1,0,0,
CAMP02541,C0198,01-06-2025,New Product,Free Item,1,23,1,1,1,0,
CAMP02542,C0908,15-05-2025,Loyalty,Points,150,18,1,1,0,0,
CAMP02543,C0339,30-03-2026,Loyalty,Points,50,14,1,1,0,0,
CAMP02544,C0499,08-09-2025,Festival,Percentage Discount,10,25.5,1,1,1,0,
CAMP02545,C0836,27-01-2026,Birthday,Percentage Discount,20,22,1,1,0,0,
CAMP02546,C0259,01-07-2026,New Product,Free Item,1,23,1,1,0,0,
CAMP02547,C0426,22-07-2025,Loyalty,Points,50,14,1,1,0,0,
CAMP02548,C0597,18-06-2026,Win-back,Percentage Discount,15,29.25,1,1,0,0,
CAMP02549,C0815,05-01-2026,Festival,Percentage Discount,30,32.5,1,1,0,0,
CAMP02550,C0858,16-06-2026,Birthday,Percentage Discount,10,18.5,1,1,0,0,
CAMP02551,C0353,06-06-2026,Discount,Percentage Discount,5,19.75,1,1,1,0,
CAMP02552,C0299,29-09-2025,New Product,Free Item,1,23,1,1,0,0,
CAMP02553,C0305,24-03-2026,Birthday,Percentage Discount,15,20.25,1,1,0,0,
CAMP02554,C0424,08-05-2026,Birthday,Percentage Discount,15,20.25,1,1,1,0,
CAMP02555,C0877,06-07-2026,Win-back,Percentage Discount,25,32.75,1,1,0,0,
CAMP02556,C0927,08-06-2026,Festival,Percentage Discount,15,27.25,1,0,0,0,
CAMP02557,C0159,10-06-2025,New Product,Free Item,1,23,1,1,0,0,
CAMP02558,C0761,07-08-2025,Birthday,Percentage Discount,15,20.25,1,1,1,1,14-08-2025
CAMP02559,C0834,11-09-2025,Loyalty,Points,250,22,1,1,0,0,
CAMP02560,C0131,09-08-2026,Birthday,Percentage Discount,15,20.25,1,1,0,0,
CAMP02561,C0027,06-06-2026,Discount,Percentage Discount,20,25,1,1,1,0,
CAMP02562,C0085,11-03-2026,Win-back,Percentage Discount,25,32.75,1,1,1,0,
CAMP02563,C0950,14-09-2025,Festival,Percentage Discount,20,29,1,1,0,0,
CAMP02564,C0400,18-04-2026,Discount,Percentage Discount,5,19.75,1,1,0,0,
CAMP02565,C0890,23-04-2025,Win-back,Percentage Discount,15,29.25,1,1,0,0,
CAMP02566,C0280,02-07-2025,Win-back,Percentage Discount,20,31,1,0,0,0,
CAMP02567,C0740,23-07-2026,New Product,Free Item,1,23,1,1,0,0,
CAMP02568,C0334,31-12-2023,Festival,Percentage Discount,10,25.5,1,1,0,0,
CAMP02569,C0088,19-08-2026,Birthday,Percentage Discount,10,18.5,1,1,0,0,
CAMP02570,C0319,31-12-2024,Loyalty,Points,50,14,1,1,0,0,
CAMP02571,C0839,27-12-2025,Discount,Percentage Discount,5,19.75,1,1,0,0,
CAMP02572,C0810,21-10-2025,New Product,Free Item,1,23,1,1,0,0,
CAMP02573,C0512,18-08-2026,Discount,Percentage Discount,20,25,1,1,1,0,
CAMP02574,C0650,26-08-2026,New Product,Free Item,1,23,1,1,0,0,
CAMP02575,C0683,16-01-2024,Win-back,Percentage Discount,15,29.25,1,1,0,0,
CAMP02576,C0842,23-08-2026,Win-back,Percentage Discount,20,31,1,1,0,0,
CAMP02577,C0227,10-03-2025,Loyalty,Points,50,14,1,1,0,0,
CAMP02578,C0301,12-03-2026,Loyalty,Points,100,16,1,1,0,0,
CAMP02579,C0075,03-07-2026,New Product,Free Item,1,23,1,1,0,0,
CAMP02580,C0756,09-12-2024,Festival,Percentage Discount,10,25.5,1,1,0,0,
CAMP02581,C0790,16-07-2026,New Product,Free Item,1,23,1,0,0,0,
CAMP02582,C0402,31-12-2025,Loyalty,Points,150,18,1,1,0,0,
CAMP02583,C0083,29-06-2025,Festival,Percentage Discount,30,32.5,1,1,1,0,
CAMP02584,C0888,29-07-2026,Discount,Percentage Discount,15,23.25,1,1,0,0,
CAMP02585,C0233,22-09-2024,New Product,Free Item,1,23,1,1,1,0,
CAMP02586,C0544,12-02-2025,Win-back,Percentage Discount,20,31,1,1,1,0,
CAMP02587,C0266,11-09-2024,Festival,Percentage Discount,15,27.25,1,1,0,0,
CAMP02588,C0871,04-01-2026,New Product,Free Item,1,23,1,1,0,0,
CAMP02589,C0466,24-05-2025,New Product,Free Item,1,23,1,1,0,0,
CAMP02590,C0429,23-06-2026,Loyalty,Points,100,16,1,1,1,1,29-06-2026
CAMP02591,C0335,07-01-2025,Loyalty,Points,50,14,1,0,0,0,
CAMP02592,C0142,13-03-2026,Festival,Percentage Discount,15,27.25,1,1,0,0,
CAMP02593,C0282,29-04-2026,Loyalty,Points,150,18,1,1,0,0,
CAMP02594,C0096,12-06-2025,Birthday,Percentage Discount,15,20.25,1,1,1,0,
CAMP02595,C0509,14-06-2025,Birthday,Percentage Discount,10,18.5,1,1,0,0,
CAMP02596,C0208,23-04-2026,Birthday,Percentage Discount,15,20.25,1,1,0,0,
CAMP02597,C0176,06-08-2026,Birthday,Percentage Discount,15,20.25,1,1,1,1,11-08-2026
CAMP02598,C0385,16-04-2026,Birthday,Percentage Discount,10,18.5,1,1,0,0,
CAMP02599,C0404,23-05-2026,Birthday,Percentage Discount,20,22,1,1,1,0,
CAMP02600,C0827,25-04-2025,Festival,Percentage Discount,20,29,1,1,0,0,
CAMP02601,C0053,28-09-2024,Discount,Percentage Discount,15,23.25,1,1,0,0,
CAMP02602,C0560,01-08-2026,Festival,Percentage Discount,15,27.25,1,1,0,0,
CAMP02603,C0388,15-09-2025,New Product,Free Item,1,23,1,1,1,0,
CAMP02604,C0856,26-08-2026,Festival,Percentage Discount,10,25.5,1,1,1,1,27-08-2026
CAMP02605,C0738,30-08-2025,New Product,Free Item,1,23,1,0,0,0,
CAMP02606,C0470,21-07-2026,Win-back,Percentage Discount,20,31,1,1,1,0,
CAMP02607,C0914,25-08-2025,Birthday,Percentage Discount,15,20.25,1,1,0,0,
CAMP02608,C0209,31-03-2024,Birthday,Percentage Discount,15,20.25,1,1,1,1,02-04-2024
CAMP02609,C0443,18-02-2026,Win-back,Percentage Discount,20,31,1,1,1,0,
CAMP02610,C0524,23-02-2026,Festival,Percentage Discount,25,30.75,1,1,1,0,
CAMP02611,C0687,20-07-2024,Loyalty,Points,150,18,1,1,0,0,
CAMP02612,C0848,22-02-2026,Festival,Percentage Discount,15,27.25,1,1,0,0,
CAMP02613,C0442,20-08-2026,Discount,Percentage Discount,20,25,1,1,0,0,
CAMP02614,C0842,03-06-2026,New Product,Free Item,1,23,1,1,0,0,
CAMP02615,C0730,30-04-2025,Festival,Percentage Discount,30,32.5,1,1,1,1,13-05-2025
CAMP02616,C0499,22-12-2025,Loyalty,Points,50,14,1,1,1,1,23-12-2025
CAMP02617,C0222,01-10-2025,Festival,Percentage Discount,10,25.5,1,1,1,0,
CAMP02618,C0049,15-08-2026,Discount,Percentage Discount,10,21.5,1,1,0,0,
CAMP02619,C0260,29-07-2025,Loyalty,Points,50,14,1,1,0,0,
CAMP02620,C0546,10-07-2026,Loyalty,Points,50,14,1,1,0,0,
CAMP02621,C0536,31-01-2026,Loyalty,Points,50,14,1,1,0,0,
CAMP02622,C0749,11-04-2026,Win-back,Percentage Discount,15,29.25,1,0,0,0,
CAMP02623,C0533,28-02-2026,Festival,Percentage Discount,20,29,1,1,1,1,07-03-2026
CAMP02624,C0065,29-10-2024,New Product,Free Item,1,23,1,1,0,0,
CAMP02625,C0150,21-07-2026,Birthday,Percentage Discount,20,22,1,1,0,0,
CAMP02626,C0100,03-03-2025,New Product,Free Item,1,23,1,1,0,0,
CAMP02627,C0187,19-07-2026,New Product,Free Item,1,23,1,1,0,0,
CAMP02628,C0031,02-01-2026,Festival,Percentage Discount,30,32.5,1,1,0,0,
CAMP02629,C0811,21-06-2026,Loyalty,Points,150,18,1,1,1,0,
CAMP02630,C0156,16-03-2026,Festival,Percentage Discount,25,30.75,1,1,1,0,
CAMP02631,C0630,20-06-2026,Birthday,Percentage Discount,20,22,1,1,0,0,
CAMP02632,C0394,05-01-2026,New Product,Free Item,1,23,1,1,1,0,
CAMP02633,C0346,23-09-2025,Festival,Percentage Discount,20,29,1,1,1,1,24-09-2025
CAMP02634,C0499,30-07-2025,Loyalty,Points,250,22,1,1,0,0,
CAMP02635,C0157,14-07-2025,Win-back,Percentage Discount,20,31,1,1,1,1,24-07-2025
CAMP02636,C0494,17-06-2026,New Product,Free Item,1,23,1,1,0,0,
CAMP02637,C0346,22-10-2025,Loyalty,Points,250,22,1,1,0,0,
CAMP02638,C0148,16-08-2026,New Product,Free Item,1,23,1,1,0,0,
CAMP02639,C0433,26-05-2026,Birthday,Percentage Discount,15,20.25,1,1,0,0,
CAMP02640,C0047,18-05-2026,Birthday,Percentage Discount,10,18.5,1,1,0,0,
CAMP02641,C0358,04-06-2026,Festival,Percentage Discount,20,29,1,1,0,0,
CAMP02642,C0123,11-12-2024,Win-back,Percentage Discount,15,29.25,1,1,0,0,
CAMP02643,C0312,18-06-2026,Win-back,Percentage Discount,20,31,1,1,1,1,27-06-2026
CAMP02644,C0804,20-05-2025,Discount,Percentage Discount,15,23.25,1,1,0,0,
CAMP02645,C0570,23-08-2026,Loyalty,Points,250,22,1,1,0,0,
CAMP02646,C0624,29-08-2026,Festival,Percentage Discount,15,27.25,1,1,1,0,
CAMP02647,C0865,02-08-2026,Loyalty,Points,250,22,1,1,0,0,
CAMP02648,C0694,02-07-2026,Festival,Percentage Discount,10,25.5,1,1,0,0,
CAMP02649,C0956,28-12-2025,New Product,Free Item,1,23,1,1,0,0,
CAMP02650,C0694,21-08-2026,New Product,Free Item,1,23,1,1,0,0,
CAMP02651,C0671,07-03-2026,Win-back,Percentage Discount,25,32.75,1,0,0,0,
CAMP02652,C0511,01-08-2026,Win-back,Percentage Discount,25,32.75,1,1,0,0,
CAMP02653,C0673,11-11-2024,Win-back,Percentage Discount,15,29.25,1,1,1,0,
CAMP02654,C0679,02-06-2026,Birthday,Percentage Discount,20,22,1,1,0,0,
CAMP02655,C0778,28-05-2025,Birthday,Percentage Discount,15,20.25,1,1,1,0,
CAMP02656,C0020,27-08-2024,Discount,Percentage Discount,20,25,1,1,0,0,
CAMP02657,C0513,30-06-2025,New Product,Free Item,1,23,1,1,0,0,
CAMP02658,C0475,04-06-2026,Birthday,Percentage Discount,10,18.5,1,1,0,0,
CAMP02659,C0155,28-07-2026,Loyalty,Points,50,14,1,1,0,0,
CAMP02660,C0648,10-06-2026,Loyalty,Points,50,14,1,0,0,0,
CAMP02661,C0626,30-09-2024,Discount,Percentage Discount,20,25,1,1,1,0,
CAMP02662,C0607,13-01-2025,Win-back,Percentage Discount,15,29.25,1,1,0,0,
CAMP02663,C0943,13-07-2026,Birthday,Percentage Discount,15,20.25,1,1,1,0,
CAMP02664,C0429,05-10-2024,Birthday,Percentage Discount,15,20.25,1,1,0,0,
CAMP02665,C0850,11-10-2025,Discount,Percentage Discount,5,19.75,1,1,0,0,
CAMP02666,C0567,16-11-2024,Festival,Percentage Discount,25,30.75,1,1,0,0,
CAMP02667,C0692,19-11-2025,Festival,Percentage Discount,10,25.5,1,1,0,0,
CAMP02668,C0712,01-03-2026,Win-back,Percentage Discount,10,27.5,1,1,1,1,04-03-2026
CAMP02669,C0548,15-06-2026,Festival,Percentage Discount,25,30.75,1,1,1,0,
CAMP02670,C0366,08-04-2026,Win-back,Percentage Discount,20,31,1,1,1,0,
CAMP02671,C0721,13-05-2024,Loyalty,Points,50,14,1,1,1,0,
CAMP02672,C0050,24-06-2026,New Product,Free Item,1,23,1,1,0,0,
CAMP02673,C0940,04-01-2025,Festival,Percentage Discount,25,30.75,1,1,0,0,
CAMP02674,C0455,03-04-2025,New Product,Free Item,1,23,1,1,0,0,
CAMP02675,C0126,31-07-2026,Discount,Percentage Discount,5,19.75,1,1,0,0,
CAMP02676,C0466,09-11-2024,New Product,Free Item,1,23,1,1,1,0,
CAMP02677,C0600,16-11-2025,Festival,Percentage Discount,10,25.5,1,1,0,0,
CAMP02678,C0664,13-08-2026,New Product,Free Item,1,23,1,1,0,0,
CAMP02679,C0124,22-09-2025,Loyalty,Points,50,14,1,1,0,0,
CAMP02680,C0702,27-06-2025,Birthday,Percentage Discount,10,18.5,1,1,0,0,
CAMP02681,C0108,20-12-2024,Birthday,Percentage Discount,15,20.25,1,1,1,0,
CAMP02682,C0436,03-07-2025,New Product,Free Item,1,23,1,1,0,0,
CAMP02683,C0032,06-12-2024,Discount,Percentage Discount,15,23.25,1,1,0,0,
CAMP02684,C0294,28-06-2026,Festival,Percentage Discount,25,30.75,1,1,0,0,
CAMP02685,C0253,19-11-2025,Win-back,Percentage Discount,15,29.25,1,1,1,0,
CAMP02686,C0907,06-01-2026,Loyalty,Points,250,22,1,1,0,0,
CAMP02687,C0071,05-08-2026,Discount,Percentage Discount,15,23.25,1,1,0,0,
CAMP02688,C0282,21-11-2025,Loyalty,Points,50,14,1,1,0,0,
CAMP02689,C0753,31-01-2026,Festival,Percentage Discount,15,27.25,1,1,1,0,
CAMP02690,C0251,06-05-2026,Loyalty,Points,50,14,1,1,1,1,19-05-2026
CAMP02691,C0664,22-03-2026,Birthday,Percentage Discount,20,22,1,1,0,0,
CAMP02692,C0619,04-03-2025,Birthday,Percentage Discount,10,18.5,1,1,1,1,06-03-2025
CAMP02693,C0872,28-03-2025,Discount,Percentage Discount,20,25,1,1,0,0,
CAMP02694,C0462,25-11-2025,Festival,Percentage Discount,30,32.5,1,1,1,0,
CAMP02695,C0502,12-07-2026,Discount,Percentage Discount,10,21.5,1,1,1,0,
CAMP02696,C0401,29-05-2026,Festival,Percentage Discount,30,32.5,1,0,0,0,
CAMP02697,C0212,18-06-2026,Festival,Percentage Discount,15,27.25,1,1,0,0,
CAMP02698,C0905,29-05-2026,Discount,Percentage Discount,15,23.25,1,1,1,0,
CAMP02699,C0343,20-08-2026,Birthday,Percentage Discount,10,18.5,1,1,0,0,
CAMP02700,C0695,04-08-2026,Discount,Percentage Discount,15,23.25,1,1,0,0,
CAMP02701,C0309,11-03-2026,Loyalty,Points,250,22,1,1,0,0,
CAMP02702,C0681,21-04-2026,New Product,Free Item,1,23,1,1,1,1,04-05-2026
CAMP02703,C0865,29-04-2026,Birthday,Percentage Discount,10,18.5,1,1,0,0,
CAMP02704,C0740,28-08-2026,New Product,Free Item,1,23,1,1,1,0,
CAMP02705,C0904,13-03-2025,New Product,Free Item,1,23,1,1,0,0,
CAMP02706,C0687,04-01-2025,Discount,Percentage Discount,5,19.75,1,1,1,0,
CAMP02707,C0189,10-05-2026,New Product,Free Item,1,23,1,1,0,0,
CAMP02708,C0361,16-04-2025,Birthday,Percentage Discount,20,22,1,1,1,0,
CAMP02709,C0580,19-06-2024,Discount,Percentage Discount,5,19.75,1,1,0,0,
CAMP02710,C0968,02-02-2025,New Product,Free Item,1,23,1,1,0,0,
CAMP02711,C0691,24-08-2026,Loyalty,Points,250,22,1,0,0,0,
CAMP02712,C0520,02-08-2026,Discount,Percentage Discount,20,25,1,1,1,1,05-08-2026
CAMP02713,C0776,08-03-2026,Festival,Percentage Discount,10,25.5,1,1,0,0,
CAMP02714,C0789,26-06-2026,New Product,Free Item,1,23,1,1,0,0,
CAMP02715,C0639,10-08-2026,Loyalty,Points,250,22,1,0,0,0,
CAMP02716,C0172,10-05-2024,Festival,Percentage Discount,15,27.25,1,1,0,0,
CAMP02717,C0205,04-02-2026,Win-back,Percentage Discount,25,32.75,1,1,0,0,
CAMP02718,C0967,05-02-2026,Festival,Percentage Discount,10,25.5,1,1,0,0,
CAMP02719,C0597,03-02-2026,New Product,Free Item,1,23,1,0,0,0,
CAMP02720,C0757,29-05-2026,Birthday,Percentage Discount,15,20.25,1,1,0,0,
CAMP02721,C0842,08-08-2026,Loyalty,Points,100,16,1,1,0,0,
CAMP02722,C0683,03-10-2024,Loyalty,Points,50,14,1,1,0,0,
CAMP02723,C0496,28-07-2026,Festival,Percentage Discount,10,25.5,1,1,0,0,
CAMP02724,C0882,18-12-2024,Birthday,Percentage Discount,20,22,1,1,0,0,
CAMP02725,C0608,25-04-2025,Loyalty,Points,250,22,1,1,0,0,
CAMP02726,C0115,16-07-2025,Birthday,Percentage Discount,10,18.5,1,1,1,0,
CAMP02727,C0051,17-09-2025,Loyalty,Points,50,14,1,1,0,0,
CAMP02728,C0416,31-07-2026,Loyalty,Points,150,18,1,1,0,0,
CAMP02729,C0737,11-02-2026,New Product,Free Item,1,23,1,1,0,0,
CAMP02730,C0692,25-07-2026,Win-back,Percentage Discount,15,29.25,1,0,0,0,
CAMP02731,C0457,24-04-2026,Festival,Percentage Discount,20,29,1,1,0,0,
CAMP02732,C0178,07-02-2026,Win-back,Percentage Discount,25,32.75,1,1,1,0,
CAMP02733,C0110,23-04-2025,Loyalty,Points,250,22,1,1,0,0,
CAMP02734,C0187,31-08-2026,Birthday,Percentage Discount,10,18.5,1,1,0,0,
CAMP02735,C0943,04-07-2026,Win-back,Percentage Discount,20,31,1,1,1,0,
CAMP02736,C0904,02-02-2024,Festival,Percentage Discount,10,25.5,1,1,0,0,
CAMP02737,C0915,20-07-2026,Win-back,Percentage Discount,15,29.25,1,0,0,0,
CAMP02738,C0557,06-07-2026,Loyalty,Points,250,22,1,0,0,0,
CAMP02739,C0254,05-05-2025,Loyalty,Points,100,16,1,1,1,1,06-05-2025
CAMP02740,C0337,10-06-2025,Discount,Percentage Discount,20,25,1,1,0,0,
CAMP02741,C0775,05-09-2025,Discount,Percentage Discount,10,21.5,1,1,0,0,
CAMP02742,C0551,07-05-2026,Birthday,Percentage Discount,15,20.25,1,1,1,0,
CAMP02743,C0561,11-01-2024,Discount,Percentage Discount,15,23.25,1,1,0,0,
CAMP02744,C0358,11-07-2025,New Product,Free Item,1,23,1,1,0,0,
CAMP02745,C0318,03-08-2026,Festival,Percentage Discount,10,25.5,1,1,0,0,
CAMP02746,C0797,21-08-2026,Discount,Percentage Discount,20,25,1,1,0,0,
CAMP02747,C0198,08-09-2025,Festival,Percentage Discount,10,25.5,1,0,0,0,
CAMP02748,C0707,08-06-2026,Birthday,Percentage Discount,15,20.25,1,1,0,0,
CAMP02749,C0244,11-04-2024,Festival,Percentage Discount,30,32.5,1,1,0,0,
CAMP02750,C0385,18-06-2026,New Product,Free Item,1,23,1,1,0,0,
CAMP02751,C0464,13-06-2025,Birthday,Percentage Discount,10,18.5,1,1,1,0,
CAMP02752,C0689,25-02-2026,Birthday,Percentage Discount,20,22,1,1,0,0,
CAMP02753,C0875,27-11-2025,Win-back,Percentage Discount,10,27.5,1,0,0,0,
CAMP02754,C0144,29-05-2025,Discount,Percentage Discount,10,21.5,1,1,1,0,
CAMP02755,C0190,06-01-2025,New Product,Free Item,1,23,1,1,0,0,
CAMP02756,C0508,20-12-2025,Discount,Percentage Discount,10,21.5,1,1,0,0,
CAMP02757,C0306,15-06-2025,Loyalty,Points,100,16,1,0,0,0,
CAMP02758,C0571,10-07-2025,New Product,Free Item,1,23,1,1,0,0,
CAMP02759,C0188,05-06-2026,Discount,Percentage Discount,20,25,1,1,0,0,
CAMP02760,C0502,27-07-2026,Birthday,Percentage Discount,15,20.25,1,1,1,0,
CAMP02761,C0857,03-09-2024,Loyalty,Points,250,22,1,1,1,1,15-09-2024
CAMP02762,C0836,06-07-2025,Discount,Percentage Discount,10,21.5,1,1,0,0,
CAMP02763,C0692,07-05-2026,Birthday,Percentage Discount,10,18.5,1,1,1,0,
CAMP02764,C0697,16-08-2025,Festival,Percentage Discount,20,29,1,1,0,0,
CAMP02765,C0937,27-09-2024,Win-back,Percentage Discount,25,32.75,1,1,0,0,
CAMP02766,C0792,15-03-2026,Loyalty,Points,100,16,1,1,0,0,
CAMP02767,C0820,21-04-2026,Festival,Percentage Discount,25,30.75,1,1,1,0,
CAMP02768,C0907,04-05-2026,Loyalty,Points,150,18,1,0,0,0,
CAMP02769,C0547,13-05-2026,Birthday,Percentage Discount,10,18.5,1,1,0,0,
CAMP02770,C0025,03-08-2024,New Product,Free Item,1,23,1,0,0,0,
CAMP02771,C0188,07-05-2026,Festival,Percentage Discount,15,27.25,1,1,0,0,
CAMP02772,C0040,15-05-2026,Loyalty,Points,150,18,1,1,0,0,
CAMP02773,C0864,25-01-2026,Discount,Percentage Discount,10,21.5,1,0,0,0,
CAMP02774,C0970,30-08-2026,New Product,Free Item,1,23,1,1,0,0,
CAMP02775,C0100,02-09-2025,New Product,Free Item,1,23,1,1,0,0,
CAMP02776,C0355,06-07-2026,Win-back,Percentage Discount,15,29.25,1,1,1,0,
CAMP02777,C0409,18-06-2026,New Product,Free Item,1,23,1,1,0,0,
CAMP02778,C0039,13-01-2025,Win-back,Percentage Discount,20,31,1,1,1,0,
CAMP02779,C0344,04-04-2026,Festival,Percentage Discount,10,25.5,1,0,0,0,
CAMP02780,C0521,10-08-2025,Discount,Percentage Discount,20,25,1,1,0,0,
CAMP02781,C0483,05-04-2026,Discount,Percentage Discount,20,25,1,1,0,0,
CAMP02782,C0124,03-04-2025,Win-back,Percentage Discount,10,27.5,1,1,1,0,
CAMP02783,C0446,24-06-2026,Loyalty,Points,250,22,1,1,0,0,
CAMP02784,C0507,28-11-2025,Win-back,Percentage Discount,25,32.75,1,0,0,0,
CAMP02785,C0311,13-07-2024,New Product,Free Item,1,23,1,1,1,0,
CAMP02786,C0499,15-09-2025,Loyalty,Points,100,16,1,1,1,1,25-09-2025
CAMP02787,C0635,26-10-2025,Loyalty,Points,100,16,1,1,0,0,
CAMP02788,C0071,16-07-2026,Loyalty,Points,50,14,1,1,0,0,
CAMP02789,C0681,07-03-2026,Loyalty,Points,50,14,1,1,0,0,
CAMP02790,C0164,17-06-2026,Win-back,Percentage Discount,25,32.75,1,1,0,0,
CAMP02791,C0283,03-07-2025,Loyalty,Points,150,18,1,1,0,0,
CAMP02792,C0658,22-04-2026,Birthday,Percentage Discount,10,18.5,1,1,0,0,
CAMP02793,C0482,21-05-2026,Loyalty,Points,250,22,1,1,1,0,
CAMP02794,C0440,10-12-2025,Win-back,Percentage Discount,25,32.75,1,1,1,0,
CAMP02795,C0991,24-07-2026,Loyalty,Points,50,14,1,0,0,0,
CAMP02796,C0947,11-04-2024,New Product,Free Item,1,23,1,1,0,0,
CAMP02797,C0624,01-08-2026,Festival,Percentage Discount,15,27.25,1,1,1,1,07-08-2026
CAMP02798,C0585,26-11-2025,Discount,Percentage Discount,20,25,1,1,0,0,
CAMP02799,C0274,22-03-2025,Festival,Percentage Discount,30,32.5,1,1,0,0,
CAMP02800,C0036,12-03-2026,Win-back,Percentage Discount,20,31,1,0,0,0,
CAMP02801,C0180,27-05-2026,Birthday,Percentage Discount,20,22,1,1,1,0,
CAMP02802,C0471,14-08-2025,Birthday,Percentage Discount,10,18.5,1,1,1,0,
CAMP02803,C0520,01-08-2026,Festival,Percentage Discount,25,30.75,1,1,0,0,
CAMP02804,C0760,30-08-2026,Discount,Percentage Discount,15,23.25,1,1,0,0,
CAMP02805,C0692,28-04-2026,Loyalty,Points,50,14,1,1,1,0,
CAMP02806,C0541,15-06-2026,Birthday,Percentage Discount,10,18.5,1,1,0,0,
CAMP02807,C0577,21-08-2025,New Product,Free Item,1,23,1,1,0,0,
CAMP02808,C0139,19-02-2026,New Product,Free Item,1,23,1,1,0,0,
CAMP02809,C0563,21-06-2026,Birthday,Percentage Discount,15,20.25,1,1,1,0,
CAMP02810,C0618,04-02-2026,Win-back,Percentage Discount,10,27.5,1,1,0,0,
CAMP02811,C0911,16-07-2026,Festival,Percentage Discount,30,32.5,1,1,0,0,
CAMP02812,C0561,02-01-2026,Birthday,Percentage Discount,20,22,1,1,0,0,
CAMP02813,C0056,04-01-2026,Festival,Percentage Discount,10,25.5,1,0,0,0,
CAMP02814,C0154,30-08-2024,Discount,Percentage Discount,10,21.5,1,1,0,0,
CAMP02815,C0782,03-11-2025,Festival,Percentage Discount,30,32.5,1,0,0,0,
CAMP02816,C0253,16-03-2026,Festival,Percentage Discount,15,27.25,1,1,0,0,
CAMP02817,C0655,21-04-2025,Festival,Percentage Discount,30,32.5,1,1,1,1,01-05-2025
CAMP02818,C0129,16-01-2026,Win-back,Percentage Discount,10,27.5,1,1,1,0,
CAMP02819,C0113,04-07-2026,New Product,Free Item,1,23,1,1,1,0,
CAMP02820,C0774,19-11-2024,Festival,Percentage Discount,10,25.5,1,1,0,0,
CAMP02821,C0067,10-08-2024,Discount,Percentage Discount,10,21.5,1,1,0,0,
CAMP02822,C0041,10-11-2025,New Product,Free Item,1,23,1,1,0,0,
CAMP02823,C0745,04-09-2025,Win-back,Percentage Discount,20,31,1,1,1,0,
CAMP02824,C0837,20-10-2025,New Product,Free Item,1,23,1,1,0,0,
CAMP02825,C0316,21-02-2026,New Product,Free Item,1,23,1,1,1,0,
CAMP02826,C0207,03-07-2026,New Product,Free Item,1,23,1,1,0,0,
CAMP02827,C0093,30-11-2025,New Product,Free Item,1,23,1,1,0,0,
CAMP02828,C0828,22-08-2025,Birthday,Percentage Discount,10,18.5,1,1,1,1,28-08-2025
CAMP02829,C0782,03-08-2025,Loyalty,Points,150,18,1,1,0,0,
CAMP02830,C0181,26-08-2024,Discount,Percentage Discount,10,21.5,1,1,0,0,
CAMP02831,C0507,10-01-2024,New Product,Free Item,1,23,1,1,0,0,
CAMP02832,C0342,30-05-2026,Win-back,Percentage Discount,25,32.75,1,1,0,0,
CAMP02833,C0944,27-08-2026,Loyalty,Points,150,18,1,1,1,0,
CAMP02834,C0443,12-08-2026,New Product,Free Item,1,23,1,1,0,0,
CAMP02835,C0268,04-09-2024,New Product,Free Item,1,23,1,1,0,0,
CAMP02836,C0834,02-10-2025,New Product,Free Item,1,23,1,0,0,0,
CAMP02837,C0798,17-12-2025,Loyalty,Points,150,18,1,0,0,0,
CAMP02838,C0025,23-10-2025,Win-back,Percentage Discount,25,32.75,1,1,0,0,
CAMP02839,C0569,19-04-2026,Loyalty,Points,150,18,1,1,0,0,
CAMP02840,C0257,03-02-2026,Festival,Percentage Discount,20,29,1,1,0,0,
CAMP02841,C0492,20-05-2026,Discount,Percentage Discount,15,23.25,1,1,0,0,
CAMP02842,C0103,19-06-2026,New Product,Free Item,1,23,1,1,0,0,
CAMP02843,C0724,11-11-2024,Discount,Percentage Discount,10,21.5,1,1,0,0,
CAMP02844,C0107,24-08-2026,New Product,Free Item,1,23,1,1,0,0,
CAMP02845,C0881,11-08-2026,Win-back,Percentage Discount,20,31,1,1,0,0,
CAMP02846,C0930,07-07-2026,Discount,Percentage Discount,15,23.25,1,1,1,1,13-07-2026
CAMP02847,C0872,06-11-2024,Loyalty,Points,150,18,1,1,0,0,
CAMP02848,C0995,03-12-2025,Loyalty,Points,50,14,1,0,0,0,
CAMP02849,C0691,24-02-2026,Birthday,Percentage Discount,20,22,1,1,1,0,
CAMP02850,C0846,05-07-2026,Win-back,Percentage Discount,20,31,1,1,1,0,
CAMP02851,C0433,08-07-2026,Win-back,Percentage Discount,10,27.5,1,1,0,0,
CAMP02852,C0640,30-06-2026,Festival,Percentage Discount,15,27.25,1,1,0,0,
CAMP02853,C0670,04-05-2026,Discount,Percentage Discount,15,23.25,1,1,0,0,
CAMP02854,C0738,13-08-2025,Win-back,Percentage Discount,25,32.75,1,1,0,0,
CAMP02855,C0071,16-07-2026,Festival,Percentage Discount,25,30.75,1,0,0,0,
CAMP02856,C0787,30-09-2024,Discount,Percentage Discount,5,19.75,1,0,0,0,
CAMP02857,C0058,24-02-2025,Festival,Percentage Discount,15,27.25,1,1,0,0,
CAMP02858,C0924,04-08-2026,Win-back,Percentage Discount,10,27.5,1,1,0,0,
CAMP02859,C0953,21-05-2026,Birthday,Percentage Discount,20,22,1,1,0,0,
CAMP02860,C0382,07-05-2025,Festival,Percentage Discount,25,30.75,1,1,0,0,
CAMP02861,C0197,24-10-2025,New Product,Free Item,1,23,1,1,1,0,
CAMP02862,C0576,30-06-2026,Loyalty,Points,250,22,1,1,0,0,
CAMP02863,C0980,17-08-2026,Festival,Percentage Discount,15,27.25,1,1,1,0,
CAMP02864,C0163,23-11-2024,Birthday,Percentage Discount,10,18.5,1,1,0,0,
CAMP02865,C0281,23-08-2026,Loyalty,Points,150,18,1,1,0,0,
CAMP02866,C0278,25-04-2026,Loyalty,Points,50,14,1,1,0,0,
CAMP02867,C0426,01-08-2026,New Product,Free Item,1,23,1,1,0,0,
CAMP02868,C0049,04-04-2026,Win-back,Percentage Discount,15,29.25,1,1,1,0,
CAMP02869,C0105,22-04-2026,Loyalty,Points,150,18,1,1,0,0,
CAMP02870,C0301,18-08-2026,Loyalty,Points,250,22,1,1,1,0,
CAMP02871,C0414,02-09-2025,Win-back,Percentage Discount,15,29.25,1,0,0,0,
CAMP02872,C0034,18-07-2026,Discount,Percentage Discount,10,21.5,1,1,0,0,
CAMP02873,C0613,25-02-2026,Win-back,Percentage Discount,25,32.75,1,1,1,0,
CAMP02874,C0645,22-06-2026,Loyalty,Points,150,18,1,1,0,0,
CAMP02875,C0050,12-06-2026,New Product,Free Item,1,23,1,1,0,0,
CAMP02876,C0028,08-09-2025,Birthday,Percentage Discount,20,22,1,1,0,0,
CAMP02877,C0402,19-07-2025,Discount,Percentage Discount,5,19.75,1,1,0,0,
CAMP02878,C0117,29-09-2025,New Product,Free Item,1,23,1,1,1,0,
CAMP02879,C0076,23-02-2026,Win-back,Percentage Discount,10,27.5,1,1,0,0,
CAMP02880,C0780,27-09-2024,Loyalty,Points,50,14,1,1,0,0,
CAMP02881,C0029,17-01-2024,Festival,Percentage Discount,20,29,1,1,0,0,
CAMP02882,C0558,12-12-2024,Win-back,Percentage Discount,10,27.5,1,1,1,0,
CAMP02883,C0923,23-11-2024,Festival,Percentage Discount,15,27.25,1,1,1,0,
CAMP02884,C0937,27-08-2026,Discount,Percentage Discount,15,23.25,1,1,0,0,
CAMP02885,C0194,08-04-2026,New Product,Free Item,1,23,1,0,0,0,
CAMP02886,C0502,29-07-2026,Loyalty,Points,150,18,1,1,0,0,
CAMP02887,C0551,02-07-2026,Win-back,Percentage Discount,20,31,1,1,1,0,
CAMP02888,C0084,05-10-2025,New Product,Free Item,1,23,1,1,0,0,
CAMP02889,C0467,06-06-2025,Festival,Percentage Discount,30,32.5,1,1,1,0,
CAMP02890,C0835,04-07-2024,Win-back,Percentage Discount,10,27.5,1,1,0,0,
CAMP02891,C0137,31-07-2026,New Product,Free Item,1,23,1,1,0,0,
CAMP02892,C0224,29-04-2026,Win-back,Percentage Discount,15,29.25,1,1,1,0,
CAMP02893,C0335,28-11-2024,Birthday,Percentage Discount,20,22,1,1,0,0,
CAMP02894,C0762,22-05-2026,Birthday,Percentage Discount,15,20.25,1,1,0,0,
CAMP02895,C0259,10-08-2026,Win-back,Percentage Discount,20,31,1,1,1,1,18-08-2026
CAMP02896,C0887,10-03-2025,Discount,Percentage Discount,10,21.5,1,1,0,0,
CAMP02897,C0794,13-06-2025,Festival,Percentage Discount,15,27.25,1,1,0,0,
CAMP02898,C0788,13-01-2026,Win-back,Percentage Discount,10,27.5,1,0,0,0,
CAMP02899,C0545,01-08-2025,Birthday,Percentage Discount,20,22,1,1,1,0,
CAMP02900,C0479,04-04-2026,Birthday,Percentage Discount,20,22,1,1,0,0,
CAMP02901,C0763,11-03-2025,Discount,Percentage Discount,10,21.5,1,1,0,0,
CAMP02902,C0078,12-03-2026,Win-back,Percentage Discount,25,32.75,1,1,0,0,
CAMP02903,C0412,10-08-2026,New Product,Free Item,1,23,1,0,0,0,
CAMP02904,C0220,12-12-2025,Festival,Percentage Discount,15,27.25,1,1,0,0,
CAMP02905,C0313,14-03-2026,Festival,Percentage Discount,30,32.5,1,1,0,0,
CAMP02906,C0238,17-04-2025,Discount,Percentage Discount,15,23.25,1,1,0,0,
CAMP02907,C0652,27-07-2025,Discount,Percentage Discount,15,23.25,1,1,0,0,
CAMP02908,C0098,05-01-2026,New Product,Free Item,1,23,1,1,0,0,
CAMP02909,C0795,29-01-2025,New Product,Free Item,1,23,1,0,0,0,
CAMP02910,C0949,16-02-2026,Win-back,Percentage Discount,25,32.75,1,1,0,0,
CAMP02911,C0908,21-04-2026,Loyalty,Points,100,16,1,1,1,1,02-05-2026
CAMP02912,C0808,16-05-2026,New Product,Free Item,1,23,1,1,1,0,
CAMP02913,C0188,24-05-2026,Win-back,Percentage Discount,10,27.5,1,1,0,0,
CAMP02914,C0710,02-09-2025,Win-back,Percentage Discount,15,29.25,1,1,0,0,
CAMP02915,C0032,04-12-2024,Discount,Percentage Discount,5,19.75,1,1,0,0,
CAMP02916,C0496,22-12-2025,Festival,Percentage Discount,15,27.25,1,0,0,0,
CAMP02917,C0693,12-07-2026,Festival,Percentage Discount,30,32.5,1,1,1,1,19-07-2026
CAMP02918,C0441,14-05-2024,Festival,Percentage Discount,25,30.75,1,1,1,0,
CAMP02919,C0608,13-02-2025,Festival,Percentage Discount,25,30.75,1,1,0,0,
CAMP02920,C0814,12-06-2025,Discount,Percentage Discount,5,19.75,1,1,0,0,
CAMP02921,C0474,03-07-2026,Birthday,Percentage Discount,15,20.25,1,1,0,0,
CAMP02922,C0094,24-03-2025,Birthday,Percentage Discount,20,22,1,1,0,0,
CAMP02923,C0540,20-06-2026,Win-back,Percentage Discount,20,31,1,1,0,0,
CAMP02924,C0932,02-07-2025,Festival,Percentage Discount,25,30.75,1,1,0,0,
CAMP02925,C0746,28-01-2025,Win-back,Percentage Discount,25,32.75,1,1,0,0,
CAMP02926,C0610,28-08-2026,Birthday,Percentage Discount,20,22,1,1,0,0,
CAMP02927,C0360,26-06-2025,Festival,Percentage Discount,15,27.25,1,1,0,0,
CAMP02928,C0848,28-04-2026,New Product,Free Item,1,23,1,1,0,0,
CAMP02929,C0191,27-06-2026,Discount,Percentage Discount,5,19.75,1,1,0,0,
CAMP02930,C0586,05-07-2025,Birthday,Percentage Discount,15,20.25,1,1,1,1,18-07-2025
CAMP02931,C0228,10-05-2026,New Product,Free Item,1,23,1,1,0,0,
CAMP02932,C0425,12-05-2024,Win-back,Percentage Discount,25,32.75,1,1,0,0,
CAMP02933,C0403,19-10-2025,Festival,Percentage Discount,10,25.5,1,1,0,0,
CAMP02934,C0127,03-10-2024,Loyalty,Points,100,16,1,1,1,0,
CAMP02935,C0777,06-05-2025,Win-back,Percentage Discount,25,32.75,1,1,0,0,
CAMP02936,C0904,30-11-2023,Discount,Percentage Discount,5,19.75,1,1,0,0,
CAMP02937,C0578,20-10-2025,New Product,Free Item,1,23,1,1,0,0,
CAMP02938,C0567,18-11-2024,Win-back,Percentage Discount,15,29.25,1,1,0,0,
CAMP02939,C0331,23-04-2026,Win-back,Percentage Discount,25,32.75,1,1,0,0,
CAMP02940,C0660,08-02-2026,Discount,Percentage Discount,5,19.75,1,1,0,0,
CAMP02941,C0844,18-02-2026,New Product,Free Item,1,23,1,1,0,0,
CAMP02942,C0966,23-08-2026,Birthday,Percentage Discount,20,22,1,1,1,1,24-08-2026
CAMP02943,C0901,31-08-2026,Loyalty,Points,250,22,1,1,0,0,
CAMP02944,C0473,24-02-2026,Win-back,Percentage Discount,10,27.5,1,1,1,0,
CAMP02945,C0689,28-06-2026,Festival,Percentage Discount,20,29,1,1,0,0,
CAMP02946,C0580,28-09-2025,Win-back,Percentage Discount,25,32.75,1,0,0,0,
CAMP02947,C0219,29-09-2025,Loyalty,Points,100,16,1,1,1,1,02-10-2025
CAMP02948,C0899,09-06-2025,Win-back,Percentage Discount,25,32.75,1,1,0,0,
CAMP02949,C0875,25-03-2026,Loyalty,Points,150,18,1,1,0,0,
CAMP02950,C0912,06-09-2025,Birthday,Percentage Discount,10,18.5,1,1,0,0,
CAMP02951,C0036,01-12-2025,Festival,Percentage Discount,20,29,1,1,0,0,
CAMP02952,C0388,04-04-2025,New Product,Free Item,1,23,1,1,1,1,18-04-2025
CAMP02953,C0890,19-07-2025,Festival,Percentage Discount,15,27.25,1,1,1,0,
CAMP02954,C0654,17-12-2025,Discount,Percentage Discount,20,25,1,1,1,0,
CAMP02955,C0217,16-06-2025,Discount,Percentage Discount,15,23.25,1,1,1,0,
CAMP02956,C0025,18-05-2026,Win-back,Percentage Discount,20,31,1,1,0,0,
CAMP02957,C0341,28-08-2026,New Product,Free Item,1,23,1,1,1,0,
CAMP02958,C0409,14-06-2026,Birthday,Percentage Discount,15,20.25,1,1,0,0,
CAMP02959,C0754,23-02-2026,Win-back,Percentage Discount,25,32.75,1,1,1,0,
CAMP02960,C0475,26-10-2024,Festival,Percentage Discount,15,27.25,1,1,1,1,05-11-2024
CAMP02961,C0530,19-11-2025,Loyalty,Points,50,14,1,1,0,0,
CAMP02962,C0841,04-05-2025,Loyalty,Points,100,16,1,1,0,0,
CAMP02963,C0241,19-12-2024,Festival,Percentage Discount,25,30.75,1,1,0,0,
CAMP02964,C0017,06-12-2024,Discount,Percentage Discount,10,21.5,1,1,0,0,
CAMP02965,C0762,14-03-2026,Loyalty,Points,250,22,1,1,0,0,
CAMP02966,C0904,17-09-2024,Loyalty,Points,150,18,1,1,0,0,
CAMP02967,C0981,06-06-2025,Discount,Percentage Discount,5,19.75,1,1,1,0,
CAMP02968,C0548,13-06-2026,Festival,Percentage Discount,10,25.5,1,1,0,0,
CAMP02969,C0150,03-03-2026,Loyalty,Points,100,16,1,1,0,0,
CAMP02970,C0258,11-06-2026,Discount,Percentage Discount,10,21.5,1,0,0,0,
CAMP02971,C0876,22-12-2025,Discount,Percentage Discount,10,21.5,1,1,1,0,
CAMP02972,C0252,20-07-2026,New Product,Free Item,1,23,1,1,1,1,01-08-2026
CAMP02973,C0443,05-09-2025,Festival,Percentage Discount,10,25.5,1,0,0,0,
CAMP02974,C0338,18-05-2026,Birthday,Percentage Discount,20,22,1,1,0,0,
CAMP02975,C0104,20-05-2026,Loyalty,Points,100,16,1,1,0,0,
CAMP02976,C0486,25-05-2025,Birthday,Percentage Discount,10,18.5,1,1,0,0,
CAMP02977,C0758,11-09-2025,Win-back,Percentage Discount,15,29.25,1,0,0,0,
CAMP02978,C0881,22-01-2026,Festival,Percentage Discount,25,30.75,1,1,0,0,
CAMP02979,C0483,19-11-2025,Loyalty,Points,100,16,1,1,0,0,
CAMP02980,C0517,29-08-2026,Festival,Percentage Discount,20,29,1,1,0,0,
CAMP02981,C0054,25-02-2026,Loyalty,Points,250,22,1,1,1,0,
CAMP02982,C0518,08-04-2026,Loyalty,Points,150,18,1,1,0,0,
CAMP02983,C0740,19-08-2026,Discount,Percentage Discount,20,25,1,1,1,1,31-08-2026
CAMP02984,C0205,08-08-2025,Festival,Percentage Discount,25,30.75,1,1,0,0,
CAMP02985,C0209,29-04-2024,New Product,Free Item,1,23,1,0,0,0,
CAMP02986,C0623,27-03-2026,Win-back,Percentage Discount,10,27.5,1,1,0,0,
CAMP02987,C0983,18-08-2026,Festival,Percentage Discount,10,25.5,1,1,0,0,
CAMP02988,C0016,07-12-2024,Discount,Percentage Discount,5,19.75,1,1,0,0,
CAMP02989,C0322,23-09-2025,Win-back,Percentage Discount,10,27.5,1,1,0,0,
CAMP02990,C0580,05-07-2025,Loyalty,Points,250,22,1,1,1,0,
CAMP02991,C0267,07-05-2026,Win-back,Percentage Discount,10,27.5,1,1,0,0,
CAMP02992,C0607,12-10-2024,Birthday,Percentage Discount,10,18.5,1,1,0,0,
CAMP02993,C0700,19-11-2023,Birthday,Percentage Discount,20,22,1,1,1,1,20-11-2023
CAMP02994,C0568,03-02-2024,Birthday,Percentage Discount,15,20.25,1,1,0,0,
CAMP02995,C0938,28-10-2025,Birthday,Percentage Discount,15,20.25,1,1,0,0,
CAMP02996,C0048,21-08-2025,Birthday,Percentage Discount,20,22,1,1,0,0,
CAMP02997,C0954,07-08-2026,New Product,Free Item,1,23,1,1,0,0,
CAMP02998,C0114,16-11-2024,New Product,Free Item,1,23,1,1,0,0,
CAMP02999,C0040,09-07-2026,Loyalty,Points,250,22,1,1,0,0,
CAMP03000,C0082,29-10-2025,Win-back,Percentage Discount,10,27.5,1,1,1,0,
CAMP03001,C0326,13-11-2025,Win-back,Percentage Discount,25,32.75,1,1,0,0,
CAMP03002,C0829,05-09-2025,Birthday,Percentage Discount,15,20.25,1,1,1,0,
CAMP03003,C0558,23-11-2024,Loyalty,Points,150,18,1,1,0,0,
CAMP03004,C0876,05-05-2025,Loyalty,Points,50,14,1,1,1,0,
CAMP03005,C0896,27-08-2026,Discount,Percentage Discount,15,23.25,1,1,0,0,
CAMP03006,C0987,23-09-2025,Birthday,Percentage Discount,20,22,1,0,0,0,
CAMP03007,C0683,19-12-2025,Win-back,Percentage Discount,25,32.75,1,1,1,0,
CAMP03008,C0768,12-02-2025,Birthday,Percentage Discount,20,22,1,0,0,0,
CAMP03009,C0749,17-07-2025,Festival,Percentage Discount,20,29,1,1,0,0,
CAMP03010,C0155,20-11-2024,Loyalty,Points,150,18,1,1,0,0,
CAMP03011,C0266,31-07-2026,New Product,Free Item,1,23,1,1,0,0,
CAMP03012,C0712,31-05-2026,Birthday,Percentage Discount,15,20.25,1,1,0,0,
CAMP03013,C0547,13-05-2025,Birthday,Percentage Discount,20,22,1,0,0,0,
CAMP03014,C0276,09-09-2025,Win-back,Percentage Discount,20,31,1,1,1,0,
CAMP03015,C0078,25-04-2026,New Product,Free Item,1,23,1,1,1,0,
CAMP03016,C0485,13-06-2025,Win-back,Percentage Discount,25,32.75,1,1,0,0,
CAMP03017,C0847,09-07-2026,Discount,Percentage Discount,20,25,1,1,0,0,
CAMP03018,C0047,03-04-2026,Birthday,Percentage Discount,20,22,1,1,1,0,
CAMP03019,C0460,06-04-2026,Win-back,Percentage Discount,25,32.75,1,1,1,0,
CAMP03020,C0054,28-05-2024,Festival,Percentage Discount,30,32.5,1,1,0,0,
CAMP03021,C0663,08-08-2026,Birthday,Percentage Discount,15,20.25,1,1,1,0,
CAMP03022,C0827,09-10-2025,New Product,Free Item,1,23,1,1,1,0,
CAMP03023,C0365,13-06-2025,Win-back,Percentage Discount,25,32.75,1,1,1,0,
CAMP03024,C0905,10-06-2025,Discount,Percentage Discount,20,25,1,1,0,0,
CAMP03025,C0989,06-08-2026,New Product,Free Item,1,23,1,1,0,0,
CAMP03026,C0594,24-03-2026,New Product,Free Item,1,23,1,1,1,0,
CAMP03027,C0318,14-07-2026,Festival,Percentage Discount,10,25.5,1,1,1,0,
CAMP03028,C0345,13-09-2025,Win-back,Percentage Discount,15,29.25,1,1,0,0,
CAMP03029,C0899,04-03-2025,New Product,Free Item,1,23,1,1,1,0,
CAMP03030,C0138,14-11-2024,Discount,Percentage Discount,20,25,1,1,0,0,
CAMP03031,C0836,30-05-2026,Discount,Percentage Discount,15,23.25,1,1,0,0,
CAMP03032,C0788,02-10-2025,Birthday,Percentage Discount,20,22,1,1,1,1,07-10-2025
CAMP03033,C0956,18-07-2026,Birthday,Percentage Discount,15,20.25,1,0,0,0,
CAMP03034,C0431,25-02-2026,Festival,Percentage Discount,10,25.5,1,1,0,0,
CAMP03035,C0524,21-06-2025,Birthday,Percentage Discount,15,20.25,1,1,1,1,02-07-2025
CAMP03036,C0305,21-07-2026,Win-back,Percentage Discount,20,31,1,1,0,0,
CAMP03037,C0915,29-03-2025,New Product,Free Item,1,23,1,1,0,0,
CAMP03038,C0764,19-03-2026,New Product,Free Item,1,23,1,1,1,0,
CAMP03039,C0029,12-03-2024,New Product,Free Item,1,23,1,1,1,0,
CAMP03040,C0814,01-06-2025,Festival,Percentage Discount,30,32.5,1,0,0,0,
CAMP03041,C0099,28-04-2025,Loyalty,Points,150,18,1,1,0,0,
CAMP03042,C0550,18-04-2026,Birthday,Percentage Discount,10,18.5,1,1,0,0,
CAMP03043,C0889,26-07-2026,Loyalty,Points,150,18,1,1,0,0,
CAMP03044,C0339,23-07-2026,Discount,Percentage Discount,20,25,1,1,0,0,
CAMP03045,C0572,08-12-2025,Win-back,Percentage Discount,20,31,1,1,0,0,
CAMP03046,C0481,12-07-2024,Birthday,Percentage Discount,20,22,1,1,1,0,
CAMP03047,C0801,24-06-2025,Win-back,Percentage Discount,15,29.25,1,1,1,1,02-07-2025
CAMP03048,C0615,21-01-2026,Discount,Percentage Discount,20,25,1,1,1,0,
CAMP03049,C0932,20-07-2024,Discount,Percentage Discount,20,25,1,1,1,0,
CAMP03050,C0713,21-06-2025,Loyalty,Points,50,14,1,1,0,0,
CAMP03051,C0033,22-03-2026,Loyalty,Points,250,22,1,1,0,0,
CAMP03052,C0187,07-07-2026,New Product,Free Item,1,23,1,1,0,0,
CAMP03053,C0320,28-08-2026,New Product,Free Item,1,23,1,1,0,0,
CAMP03054,C0641,22-09-2024,Loyalty,Points,50,14,1,1,0,0,
CAMP03055,C0980,25-08-2026,Discount,Percentage Discount,20,25,1,1,1,0,
CAMP03056,C0035,09-01-2026,Discount,Percentage Discount,20,25,1,1,0,0,
CAMP03057,C0457,31-03-2026,Discount,Percentage Discount,20,25,1,1,0,0,
CAMP03058,C0106,23-04-2025,Festival,Percentage Discount,20,29,1,1,0,0,
CAMP03059,C0148,23-08-2026,Discount,Percentage Discount,15,23.25,1,1,0,0,
CAMP03060,C0979,16-01-2026,Discount,Percentage Discount,5,19.75,1,1,0,0,
CAMP03061,C0047,11-05-2026,Discount,Percentage Discount,20,25,1,1,1,1,15-05-2026
CAMP03062,C0566,15-08-2026,Loyalty,Points,250,22,1,1,0,0,
CAMP03063,C0661,25-08-2025,Festival,Percentage Discount,15,27.25,1,1,1,1,02-09-2025
CAMP03064,C0141,29-05-2026,Birthday,Percentage Discount,20,22,1,1,0,0,
CAMP03065,C0639,20-07-2026,Win-back,Percentage Discount,15,29.25,1,1,1,1,21-07-2026
CAMP03066,C0402,22-07-2025,New Product,Free Item,1,23,1,1,1,1,02-08-2025
CAMP03067,C0362,13-12-2025,Festival,Percentage Discount,20,29,1,1,1,1,26-12-2025
CAMP03068,C0460,20-09-2025,Loyalty,Points,250,22,1,1,0,0,
CAMP03069,C0325,04-08-2026,Birthday,Percentage Discount,20,22,1,1,0,0,
CAMP03070,C0741,26-05-2026,New Product,Free Item,1,23,1,1,0,0,
CAMP03071,C0872,31-12-2025,Loyalty,Points,100,16,1,0,0,0,
CAMP03072,C0489,24-12-2025,Birthday,Percentage Discount,10,18.5,1,0,0,0,
CAMP03073,C0559,04-07-2026,New Product,Free Item,1,23,1,1,0,0,
CAMP03074,C0496,30-11-2025,New Product,Free Item,1,23,1,1,1,0,
CAMP03075,C0921,24-09-2024,New Product,Free Item,1,23,1,1,0,0,
CAMP03076,C0634,06-05-2026,Win-back,Percentage Discount,10,27.5,1,1,0,0,
CAMP03077,C0116,15-02-2026,Discount,Percentage Discount,5,19.75,1,1,1,1,27-02-2026
CAMP03078,C0184,28-07-2026,Loyalty,Points,50,14,1,1,0,0,
CAMP03079,C0837,21-04-2026,New Product,Free Item,1,23,1,0,0,0,
CAMP03080,C0703,11-02-2025,Festival,Percentage Discount,20,29,1,1,0,0,
CAMP03081,C0539,23-05-2026,New Product,Free Item,1,23,1,1,0,0,
CAMP03082,C0179,29-05-2025,Birthday,Percentage Discount,10,18.5,1,1,1,0,
CAMP03083,C0536,13-04-2025,Festival,Percentage Discount,25,30.75,1,0,0,0,
CAMP03084,C0912,13-04-2025,New Product,Free Item,1,23,1,1,0,0,
CAMP03085,C0303,18-05-2025,Win-back,Percentage Discount,25,32.75,1,1,0,0,
CAMP03086,C0086,11-11-2025,Win-back,Percentage Discount,15,29.25,1,0,0,0,
CAMP03087,C0485,09-06-2026,Festival,Percentage Discount,15,27.25,1,1,0,0,
CAMP03088,C0116,28-07-2026,Festival,Percentage Discount,30,32.5,1,1,1,0,
CAMP03089,C0223,25-01-2026,Win-back,Percentage Discount,15,29.25,1,1,0,0,
CAMP03090,C0676,31-12-2023,Loyalty,Points,50,14,1,1,0,0,
CAMP03091,C0048,24-03-2026,Birthday,Percentage Discount,20,22,1,1,0,0,
CAMP03092,C0762,24-04-2026,New Product,Free Item,1,23,1,1,1,0,
CAMP03093,C0134,25-03-2025,Loyalty,Points,150,18,1,0,0,0,
CAMP03094,C0674,02-11-2025,Win-back,Percentage Discount,15,29.25,1,1,1,0,
CAMP03095,C0671,05-11-2025,Discount,Percentage Discount,15,23.25,1,1,0,0,
CAMP03096,C0811,18-06-2026,New Product,Free Item,1,23,1,1,0,0,
CAMP03097,C0813,31-03-2026,Loyalty,Points,50,14,1,1,0,0,
CAMP03098,C0740,21-07-2026,Win-back,Percentage Discount,10,27.5,1,1,1,1,31-07-2026
CAMP03099,C0608,31-01-2026,Discount,Percentage Discount,5,19.75,1,1,0,0,
CAMP03100,C0560,18-05-2026,Birthday,Percentage Discount,15,20.25,1,1,1,0,
CAMP03101,C0816,08-06-2026,Birthday,Percentage Discount,10,18.5,1,1,0,0,
CAMP03102,C0551,20-05-2026,New Product,Free Item,1,23,1,1,0,0,
CAMP03103,C0453,15-03-2026,Festival,Percentage Discount,25,30.75,1,1,0,0,
CAMP03104,C0725,09-08-2026,Discount,Percentage Discount,10,21.5,1,1,0,0,
CAMP03105,C0700,08-05-2024,Festival,Percentage Discount,10,25.5,1,1,0,0,
CAMP03106,C0380,24-10-2025,Win-back,Percentage Discount,25,32.75,1,1,0,0,
CAMP03107,C0658,30-07-2026,Win-back,Percentage Discount,20,31,1,1,1,0,
CAMP03108,C0133,26-05-2026,Win-back,Percentage Discount,15,29.25,1,0,0,0,
CAMP03109,C0672,21-09-2025,New Product,Free Item,1,23,1,1,1,0,
CAMP03110,C0801,09-10-2025,Loyalty,Points,100,16,1,1,0,0,
CAMP03111,C0756,16-04-2025,Birthday,Percentage Discount,10,18.5,1,1,0,0,
CAMP03112,C0814,05-07-2026,New Product,Free Item,1,23,1,0,0,0,
CAMP03113,C0837,30-10-2025,Loyalty,Points,250,22,1,1,0,0,
CAMP03114,C0819,20-12-2024,Discount,Percentage Discount,20,25,1,1,0,0,
CAMP03115,C0369,18-04-2026,Discount,Percentage Discount,20,25,1,1,0,0,
CAMP03116,C0191,13-05-2026,Loyalty,Points,250,22,1,1,0,0,
CAMP03117,C0797,18-07-2026,Festival,Percentage Discount,10,25.5,1,1,0,0,
CAMP03118,C0760,31-07-2026,Win-back,Percentage Discount,15,29.25,1,1,0,0,
CAMP03119,C0959,13-08-2026,New Product,Free Item,1,23,1,1,1,1,20-08-2026
CAMP03120,C0844,20-08-2025,Festival,Percentage Discount,25,30.75,1,1,0,0,
CAMP03121,C0156,28-04-2025,Birthday,Percentage Discount,20,22,1,1,0,0,
CAMP03122,C0195,24-03-2025,Loyalty,Points,250,22,1,1,0,0,
CAMP03123,C0334,14-05-2024,Win-back,Percentage Discount,20,31,1,0,0,0,
CAMP03124,C0146,30-05-2026,Win-back,Percentage Discount,15,29.25,1,0,0,0,
CAMP03125,C0612,09-08-2026,New Product,Free Item,1,23,1,1,1,0,
CAMP03126,C0585,09-08-2025,Discount,Percentage Discount,5,19.75,1,1,1,0,
CAMP03127,C0446,20-03-2026,New Product,Free Item,1,23,1,1,0,0,
CAMP03128,C0617,16-10-2024,Festival,Percentage Discount,10,25.5,1,1,0,0,
CAMP03129,C0866,16-02-2025,Loyalty,Points,150,18,1,1,1,0,
CAMP03130,C0450,06-08-2026,New Product,Free Item,1,23,1,1,0,0,
CAMP03131,C0413,01-06-2026,Festival,Percentage Discount,10,25.5,1,1,1,0,
CAMP03132,C0465,31-07-2026,Birthday,Percentage Discount,20,22,1,1,0,0,
CAMP03133,C0241,02-11-2024,Loyalty,Points,250,22,1,0,0,0,
CAMP03134,C0767,04-04-2025,Birthday,Percentage Discount,10,18.5,1,1,0,0,
CAMP03135,C0905,12-05-2025,Festival,Percentage Discount,30,32.5,1,1,0,0,
CAMP03136,C0161,15-06-2026,Win-back,Percentage Discount,20,31,1,1,0,0,
CAMP03137,C0428,20-08-2024,Birthday,Percentage Discount,20,22,1,1,1,1,02-09-2024
CAMP03138,C0144,23-10-2025,Discount,Percentage Discount,5,19.75,1,1,0,0,
CAMP03139,C0555,06-06-2026,Festival,Percentage Discount,15,27.25,1,1,1,1,15-06-2026
CAMP03140,C0711,19-08-2026,Win-back,Percentage Discount,10,27.5,1,1,0,0,
CAMP03141,C0564,09-08-2025,Festival,Percentage Discount,20,29,1,1,0,0,
CAMP03142,C0297,11-06-2026,New Product,Free Item,1,23,1,1,1,0,
CAMP03143,C0677,06-06-2025,Birthday,Percentage Discount,10,18.5,1,1,0,0,
CAMP03144,C0270,25-01-2026,New Product,Free Item,1,23,1,0,0,0,
CAMP03145,C0374,24-02-2026,Discount,Percentage Discount,15,23.25,1,1,1,1,27-02-2026
CAMP03146,C0071,27-12-2025,New Product,Free Item,1,23,1,1,0,0,
CAMP03147,C0192,31-03-2026,Birthday,Percentage Discount,15,20.25,1,1,1,0,
CAMP03148,C0547,04-04-2025,Birthday,Percentage Discount,10,18.5,1,0,0,0,
CAMP03149,C0216,28-03-2025,Birthday,Percentage Discount,20,22,1,1,1,1,08-04-2025
CAMP03150,C0440,12-03-2026,Win-back,Percentage Discount,25,32.75,1,1,0,0,
CAMP03151,C0781,28-07-2026,Birthday,Percentage Discount,20,22,1,1,0,0,
CAMP03152,C0917,20-02-2026,Win-back,Percentage Discount,10,27.5,1,1,0,0,
CAMP03153,C0002,18-02-2026,New Product,Free Item,1,23,1,1,0,0,
CAMP03154,C0370,04-07-2026,Loyalty,Points,250,22,1,1,0,0,
CAMP03155,C0218,11-04-2024,Loyalty,Points,250,22,1,1,0,0,
CAMP03156,C0442,10-05-2026,Win-back,Percentage Discount,15,29.25,1,1,1,0,
CAMP03157,C0666,04-07-2025,Festival,Percentage Discount,15,27.25,1,1,1,0,
CAMP03158,C0012,21-03-2026,Loyalty,Points,150,18,1,1,1,1,22-03-2026
CAMP03159,C0272,08-12-2024,Birthday,Percentage Discount,20,22,1,1,0,0,
CAMP03160,C0399,12-08-2026,Discount,Percentage Discount,5,19.75,1,1,1,1,14-08-2026
CAMP03161,C0454,25-01-2025,Festival,Percentage Discount,20,29,1,1,0,0,
CAMP03162,C0916,20-06-2026,Birthday,Percentage Discount,10,18.5,1,1,1,0,
CAMP03163,C0719,10-06-2025,Win-back,Percentage Discount,15,29.25,1,1,1,0,
CAMP03164,C0945,12-09-2024,New Product,Free Item,1,23,1,1,0,0,
CAMP03165,C0700,25-02-2024,Win-back,Percentage Discount,15,29.25,1,1,0,0,
CAMP03166,C0660,18-01-2026,Win-back,Percentage Discount,25,32.75,1,1,1,1,29-01-2026
CAMP03167,C0954,31-05-2026,Discount,Percentage Discount,15,23.25,1,0,0,0,
CAMP03168,C0111,01-07-2026,Festival,Percentage Discount,10,25.5,1,0,0,0,
CAMP03169,C0884,30-04-2026,Birthday,Percentage Discount,20,22,1,1,1,0,
CAMP03170,C0760,31-08-2026,Win-back,Percentage Discount,15,29.25,1,1,1,1,31-08-2026
CAMP03171,C0902,03-04-2025,Win-back,Percentage Discount,25,32.75,1,1,1,0,
CAMP03172,C0942,19-09-2025,Win-back,Percentage Discount,20,31,1,1,0,0,
CAMP03173,C0693,28-07-2026,Loyalty,Points,50,14,1,0,0,0,
CAMP03174,C0413,20-05-2026,Win-back,Percentage Discount,10,27.5,1,1,0,0,
CAMP03175,C0327,19-08-2026,Birthday,Percentage Discount,20,22,1,1,0,0,
CAMP03176,C0466,21-12-2024,Loyalty,Points,100,16,1,0,0,0,
CAMP03177,C0865,05-07-2026,New Product,Free Item,1,23,1,1,0,0,
CAMP03178,C0132,01-01-2026,Discount,Percentage Discount,5,19.75,1,0,0,0,
CAMP03179,C0676,05-12-2024,Win-back,Percentage Discount,10,27.5,1,1,1,0,
CAMP03180,C0081,14-02-2026,New Product,Free Item,1,23,1,0,0,0,
CAMP03181,C0876,30-12-2024,Win-back,Percentage Discount,10,27.5,1,1,0,0,
CAMP03182,C0033,16-09-2025,Discount,Percentage Discount,15,23.25,1,1,1,0,
CAMP03183,C0810,30-04-2025,Birthday,Percentage Discount,15,20.25,1,1,0,0,
CAMP03184,C0268,24-12-2025,Discount,Percentage Discount,20,25,1,1,1,0,
CAMP03185,C0115,27-05-2025,New Product,Free Item,1,23,1,1,1,1,08-06-2025
CAMP03186,C0709,16-08-2026,Loyalty,Points,150,18,1,1,1,0,
CAMP03187,C0761,31-01-2026,Birthday,Percentage Discount,10,18.5,1,1,0,0,
CAMP03188,C0794,04-07-2024,Festival,Percentage Discount,30,32.5,1,1,1,0,
CAMP03189,C0829,07-04-2026,Birthday,Percentage Discount,10,18.5,1,1,0,0,
CAMP03190,C0831,19-07-2026,Birthday,Percentage Discount,15,20.25,1,1,1,1,01-08-2026
CAMP03191,C0942,04-03-2025,Win-back,Percentage Discount,15,29.25,1,1,0,0,
CAMP03192,C0911,26-05-2026,Discount,Percentage Discount,10,21.5,1,1,0,0,
CAMP03193,C0972,15-05-2026,Birthday,Percentage Discount,20,22,1,1,0,0,
CAMP03194,C0881,16-07-2026,Loyalty,Points,100,16,1,1,0,0,
CAMP03195,C0835,27-06-2026,Festival,Percentage Discount,25,30.75,1,1,0,0,
CAMP03196,C0030,10-04-2026,Birthday,Percentage Discount,20,22,1,0,0,0,
CAMP03197,C0880,07-11-2025,Festival,Percentage Discount,30,32.5,1,1,0,0,
CAMP03198,C0007,14-08-2026,Discount,Percentage Discount,20,25,1,1,0,0,
CAMP03199,C0487,04-11-2024,Discount,Percentage Discount,15,23.25,1,1,0,0,
CAMP03200,C0858,20-01-2026,Loyalty,Points,250,22,1,1,0,0,
CAMP03201,C0788,29-11-2025,Birthday,Percentage Discount,10,18.5,1,1,0,0,
CAMP03202,C0568,24-06-2024,New Product,Free Item,1,23,1,1,1,0,
CAMP03203,C0585,03-04-2026,New Product,Free Item,1,23,1,1,0,0,
CAMP03204,C0751,05-08-2026,Birthday,Percentage Discount,10,18.5,1,1,0,0,
CAMP03205,C0273,29-05-2026,Discount,Percentage Discount,15,23.25,1,1,1,0,
CAMP03206,C0921,12-05-2026,Festival,Percentage Discount,15,27.25,1,1,0,0,
CAMP03207,C0265,01-08-2025,Festival,Percentage Discount,30,32.5,1,1,0,0,
CAMP03208,C0745,14-12-2025,Festival,Percentage Discount,15,27.25,1,0,0,0,
CAMP03209,C0132,07-12-2025,Loyalty,Points,50,14,1,1,1,0,
CAMP03210,C0997,13-12-2025,Loyalty,Points,250,22,1,1,0,0,
CAMP03211,C0884,15-08-2026,Birthday,Percentage Discount,15,20.25,1,1,0,0,
CAMP03212,C0613,02-06-2026,New Product,Free Item,1,23,1,1,0,0,
CAMP03213,C0766,10-07-2024,Birthday,Percentage Discount,10,18.5,1,1,0,0,
CAMP03214,C0668,19-06-2026,Win-back,Percentage Discount,10,27.5,1,1,1,0,
CAMP03215,C0930,24-08-2026,Birthday,Percentage Discount,10,18.5,1,1,0,0,
CAMP03216,C0675,19-05-2026,Discount,Percentage Discount,20,25,1,1,0,0,
CAMP03217,C0932,04-11-2024,New Product,Free Item,1,23,1,1,0,0,
CAMP03218,C0788,26-02-2026,Birthday,Percentage Discount,20,22,1,1,0,0,
CAMP03219,C0347,08-12-2025,Birthday,Percentage Discount,15,20.25,1,1,0,0,
CAMP03220,C0152,06-02-2026,Festival,Percentage Discount,30,32.5,1,1,0,0,
CAMP03221,C0954,25-05-2026,Birthday,Percentage Discount,10,18.5,1,1,0,0,
CAMP03222,C0468,15-04-2026,New Product,Free Item,1,23,1,1,1,0,
CAMP03223,C0828,13-05-2025,Loyalty,Points,100,16,1,1,1,0,
CAMP03224,C0819,19-01-2024,Discount,Percentage Discount,5,19.75,1,1,0,0,
CAMP03225,C0650,14-07-2026,Birthday,Percentage Discount,20,22,1,1,1,1,26-07-2026
CAMP03226,C0862,09-08-2026,New Product,Free Item,1,23,1,1,0,0,
CAMP03227,C0561,02-06-2025,New Product,Free Item,1,23,1,0,0,0,
CAMP03228,C0666,22-12-2024,Win-back,Percentage Discount,10,27.5,1,1,1,0,
CAMP03229,C0451,23-08-2026,Birthday,Percentage Discount,15,20.25,1,0,0,0,
CAMP03230,C0959,27-07-2026,Win-back,Percentage Discount,25,32.75,1,1,1,0,
CAMP03231,C0646,17-06-2025,Win-back,Percentage Discount,20,31,1,1,0,0,
CAMP03232,C0975,22-08-2026,Discount,Percentage Discount,15,23.25,1,1,0,0,
CAMP03233,C0794,15-11-2024,Discount,Percentage Discount,10,21.5,1,0,0,0,
CAMP03234,C0823,08-06-2025,Birthday,Percentage Discount,20,22,1,1,0,0,
CAMP03235,C0008,30-08-2026,Discount,Percentage Discount,10,21.5,1,1,0,0,
CAMP03236,C0819,20-03-2026,Festival,Percentage Discount,30,32.5,1,1,0,0,
CAMP03237,C0868,28-03-2026,Discount,Percentage Discount,10,21.5,1,1,0,0,
CAMP03238,C0243,24-01-2024,New Product,Free Item,1,23,1,1,1,0,
CAMP03239,C0433,18-02-2026,Festival,Percentage Discount,10,25.5,1,0,0,0,
CAMP03240,C0942,23-08-2025,Discount,Percentage Discount,5,19.75,1,1,1,0,
CAMP03241,C0058,28-07-2025,Loyalty,Points,100,16,1,1,0,0,
CAMP03242,C0820,27-11-2025,New Product,Free Item,1,23,1,1,1,1,07-12-2025
CAMP03243,C0928,15-04-2026,Birthday,Percentage Discount,20,22,1,1,0,0,
CAMP03244,C0941,29-10-2025,Discount,Percentage Discount,15,23.25,1,1,0,0,
CAMP03245,C0778,29-12-2025,Loyalty,Points,250,22,1,1,0,0,
CAMP03246,C0895,01-11-2025,Loyalty,Points,50,14,1,1,0,0,
CAMP03247,C0988,29-07-2026,Discount,Percentage Discount,5,19.75,1,0,0,0,
CAMP03248,C0647,15-06-2026,Birthday,Percentage Discount,15,20.25,1,1,1,0,
CAMP03249,C0514,11-11-2025,Festival,Percentage Discount,15,27.25,1,1,0,0,
CAMP03250,C0653,26-03-2026,Loyalty,Points,250,22,1,1,0,0,
CAMP03251,C0048,02-01-2026,Discount,Percentage Discount,20,25,1,1,1,1,06-01-2026
CAMP03252,C0484,25-08-2025,Birthday,Percentage Discount,15,20.25,1,1,0,0,
CAMP03253,C0398,30-04-2026,New Product,Free Item,1,23,1,1,0,0,
CAMP03254,C0117,30-04-2026,Festival,Percentage Discount,20,29,1,1,0,0,
CAMP03255,C0349,27-03-2025,New Product,Free Item,1,23,1,1,0,0,
CAMP03256,C0298,30-08-2026,Discount,Percentage Discount,15,23.25,1,1,0,0,
CAMP03257,C0748,16-09-2025,Birthday,Percentage Discount,20,22,1,1,1,1,20-09-2025
CAMP03258,C0260,31-03-2025,Festival,Percentage Discount,15,27.25,1,1,0,0,
CAMP03259,C0016,21-10-2025,Birthday,Percentage Discount,15,20.25,1,1,1,0,
CAMP03260,C0427,09-05-2026,Discount,Percentage Discount,20,25,1,1,1,1,12-05-2026
CAMP03261,C0048,12-07-2026,Festival,Percentage Discount,30,32.5,1,1,0,0,
CAMP03262,C0608,29-06-2025,Festival,Percentage Discount,20,29,1,0,0,0,
CAMP03263,C0533,07-01-2026,Festival,Percentage Discount,30,32.5,1,1,0,0,
CAMP03264,C0404,21-05-2026,Birthday,Percentage Discount,15,20.25,1,1,0,0,
CAMP03265,C0431,24-11-2025,New Product,Free Item,1,23,1,1,1,0,
CAMP03266,C0082,31-10-2025,Birthday,Percentage Discount,15,20.25,1,1,0,0,
CAMP03267,C0911,24-05-2026,Birthday,Percentage Discount,15,20.25,1,1,1,0,
CAMP03268,C0934,08-07-2026,Festival,Percentage Discount,15,27.25,1,1,1,0,
CAMP03269,C0226,28-04-2026,Loyalty,Points,100,16,1,1,0,0,
CAMP03270,C0881,14-09-2024,New Product,Free Item,1,23,1,1,0,0,
CAMP03271,C0863,24-07-2026,Loyalty,Points,50,14,1,1,0,0,
CAMP03272,C0453,25-10-2025,Birthday,Percentage Discount,15,20.25,1,1,0,0,
CAMP03273,C0916,04-03-2026,New Product,Free Item,1,23,1,1,1,0,
CAMP03274,C0355,07-10-2025,New Product,Free Item,1,23,1,1,1,0,
CAMP03275,C0041,10-05-2026,New Product,Free Item,1,23,1,1,0,0,
CAMP03276,C0210,08-07-2026,Discount,Percentage Discount,20,25,1,0,0,0,
CAMP03277,C0235,30-10-2024,Discount,Percentage Discount,20,25,1,1,1,1,01-11-2024
CAMP03278,C0300,23-03-2026,Loyalty,Points,50,14,1,1,0,0,
CAMP03279,C0782,16-05-2024,Birthday,Percentage Discount,15,20.25,1,1,0,0,
CAMP03280,C0439,15-08-2026,Win-back,Percentage Discount,10,27.5,1,1,1,0,
CAMP03281,C0028,16-02-2025,Festival,Percentage Discount,25,30.75,1,1,0,0,
CAMP03282,C0414,21-11-2025,Win-back,Percentage Discount,25,32.75,1,0,0,0,
CAMP03283,C0391,13-09-2024,Birthday,Percentage Discount,10,18.5,1,1,0,0,
CAMP03284,C0349,16-08-2025,Birthday,Percentage Discount,10,18.5,1,1,0,0,
CAMP03285,C0962,26-05-2026,New Product,Free Item,1,23,1,1,0,0,
CAMP03286,C0444,09-06-2026,Discount,Percentage Discount,20,25,1,1,0,0,
CAMP03287,C0361,31-08-2025,New Product,Free Item,1,23,1,1,0,0,
CAMP03288,C0712,31-07-2025,Win-back,Percentage Discount,10,27.5,1,1,0,0,
CAMP03289,C0511,14-04-2026,Win-back,Percentage Discount,10,27.5,1,1,0,0,
CAMP03290,C0312,24-06-2026,Discount,Percentage Discount,5,19.75,1,1,1,1,25-06-2026
CAMP03291,C0353,24-08-2026,New Product,Free Item,1,23,1,1,0,0,
CAMP03292,C0130,11-06-2025,Win-back,Percentage Discount,10,27.5,1,1,0,0,
CAMP03293,C0456,17-07-2026,Birthday,Percentage Discount,20,22,1,1,1,0,
CAMP03294,C0303,13-04-2025,Birthday,Percentage Discount,15,20.25,1,1,0,0,
CAMP03295,C0232,29-03-2026,Win-back,Percentage Discount,10,27.5,1,1,1,0,
CAMP03296,C0342,10-05-2026,Loyalty,Points,50,14,1,1,0,0,
CAMP03297,C0980,03-08-2026,Win-back,Percentage Discount,20,31,1,1,1,0,
CAMP03298,C0549,23-04-2026,Loyalty,Points,100,16,1,1,0,0,
CAMP03299,C0195,06-06-2025,Discount,Percentage Discount,15,23.25,1,1,1,0,
CAMP03300,C0907,17-12-2025,New Product,Free Item,1,23,1,1,0,0,
CAMP03301,C0729,29-06-2025,Festival,Percentage Discount,15,27.25,1,1,0,0,
CAMP03302,C0811,30-07-2026,Discount,Percentage Discount,10,21.5,1,1,0,0,
CAMP03303,C0065,23-02-2024,New Product,Free Item,1,23,1,1,1,0,
CAMP03304,C0386,21-06-2026,Festival,Percentage Discount,10,25.5,1,1,0,0,
CAMP03305,C0816,20-06-2026,New Product,Free Item,1,23,1,1,1,0,
CAMP03306,C0880,21-02-2026,Discount,Percentage Discount,10,21.5,1,1,1,0,
CAMP03307,C0316,07-04-2026,New Product,Free Item,1,23,1,1,0,0,
CAMP03308,C0352,19-07-2026,Discount,Percentage Discount,10,21.5,1,1,1,0,
CAMP03309,C0596,14-07-2024,Birthday,Percentage Discount,20,22,1,1,1,0,
CAMP03310,C0506,15-08-2025,New Product,Free Item,1,23,1,1,0,0,
CAMP03311,C0482,01-09-2025,Festival,Percentage Discount,10,25.5,1,1,0,0,
CAMP03312,C0326,21-03-2026,Birthday,Percentage Discount,20,22,1,1,1,0,
CAMP03313,C0409,14-07-2026,New Product,Free Item,1,23,1,1,0,0,
CAMP03314,C0069,09-04-2025,Birthday,Percentage Discount,10,18.5,1,1,0,0,
CAMP03315,C0971,30-01-2026,Discount,Percentage Discount,5,19.75,1,1,0,0,
CAMP03316,C0685,06-05-2026,Birthday,Percentage Discount,10,18.5,1,1,0,0,
CAMP03317,C0591,17-06-2026,Festival,Percentage Discount,15,27.25,1,1,0,0,
CAMP03318,C0059,23-06-2025,Festival,Percentage Discount,30,32.5,1,0,0,0,
CAMP03319,C0688,04-01-2025,New Product,Free Item,1,23,1,1,0,0,
CAMP03320,C0865,17-04-2026,Win-back,Percentage Discount,20,31,1,1,0,0,
CAMP03321,C0463,15-05-2025,Festival,Percentage Discount,25,30.75,1,1,0,0,
CAMP03322,C0327,26-12-2025,Discount,Percentage Discount,5,19.75,1,1,0,0,
CAMP03323,C0200,07-09-2025,Birthday,Percentage Discount,20,22,1,1,1,0,
CAMP03324,C0203,10-08-2025,Loyalty,Points,150,18,1,1,0,0,
CAMP03325,C0166,29-05-2026,New Product,Free Item,1,23,1,1,1,0,
CAMP03326,C0516,17-03-2026,Win-back,Percentage Discount,20,31,1,1,0,0,
CAMP03327,C0482,20-12-2025,New Product,Free Item,1,23,1,1,1,0,
CAMP03328,C0335,01-05-2025,New Product,Free Item,1,23,1,1,0,0,
CAMP03329,C0467,21-06-2025,Birthday,Percentage Discount,10,18.5,1,1,1,1,23-06-2025
CAMP03330,C0735,20-07-2026,New Product,Free Item,1,23,1,1,0,0,
CAMP03331,C0512,17-08-2026,Birthday,Percentage Discount,20,22,1,1,1,1,22-08-2026
CAMP03332,C0684,22-05-2025,Discount,Percentage Discount,5,19.75,1,1,1,0,
CAMP03333,C0300,07-03-2026,New Product,Free Item,1,23,1,1,0,0,
CAMP03334,C0306,02-04-2024,Loyalty,Points,50,14,1,0,0,0,
CAMP03335,C0960,16-12-2024,Festival,Percentage Discount,25,30.75,1,1,0,0,
CAMP03336,C0414,22-03-2026,New Product,Free Item,1,23,1,1,1,0,
CAMP03337,C0114,21-07-2024,Birthday,Percentage Discount,10,18.5,1,1,0,0,
CAMP03338,C0343,25-03-2026,Loyalty,Points,50,14,1,1,1,0,
CAMP03339,C0846,29-07-2026,Birthday,Percentage Discount,10,18.5,1,1,0,0,
CAMP03340,C0770,15-02-2025,Win-back,Percentage Discount,15,29.25,1,1,1,0,
CAMP03341,C0954,04-06-2026,Festival,Percentage Discount,10,25.5,1,1,1,1,13-06-2026
CAMP03342,C0881,29-04-2026,Festival,Percentage Discount,25,30.75,1,1,1,0,
CAMP03343,C0541,25-06-2026,Discount,Percentage Discount,15,23.25,1,1,0,0,
CAMP03344,C0969,25-04-2026,Win-back,Percentage Discount,10,27.5,1,1,0,0,
CAMP03345,C0092,30-11-2024,Win-back,Percentage Discount,15,29.25,1,1,1,0,
CAMP03346,C0095,21-03-2026,Birthday,Percentage Discount,15,20.25,1,1,1,0,
CAMP03347,C0427,27-07-2025,New Product,Free Item,1,23,1,1,0,0,
CAMP03348,C0457,04-06-2026,Discount,Percentage Discount,20,25,1,0,0,0,
CAMP03349,C0473,22-07-2026,Loyalty,Points,150,18,1,1,1,1,29-07-2026
CAMP03350,C0806,28-01-2026,New Product,Free Item,1,23,1,1,0,0,
CAMP03351,C0412,02-08-2026,Festival,Percentage Discount,30,32.5,1,1,0,0,
CAMP03352,C0651,06-12-2025,Festival,Percentage Discount,20,29,1,1,1,0,
CAMP03353,C0946,18-05-2026,Birthday,Percentage Discount,10,18.5,1,1,0,0,
CAMP03354,C0880,21-07-2025,Win-back,Percentage Discount,25,32.75,1,1,0,0,
CAMP03355,C0736,12-11-2024,Loyalty,Points,250,22,1,1,0,0,
CAMP03356,C0812,01-01-2026,Win-back,Percentage Discount,20,31,1,0,0,0,
CAMP03357,C0515,05-04-2025,Birthday,Percentage Discount,15,20.25,1,1,0,0,
CAMP03358,C0468,13-05-2026,Discount,Percentage Discount,5,19.75,1,1,0,0,
CAMP03359,C0035,17-01-2025,Discount,Percentage Discount,5,19.75,1,1,0,0,
CAMP03360,C0648,28-02-2026,Festival,Percentage Discount,25,30.75,1,1,0,0,
CAMP03361,C0947,01-02-2025,Birthday,Percentage Discount,20,22,1,1,1,0,
CAMP03362,C0609,25-05-2026,Discount,Percentage Discount,20,25,1,1,0,0,
CAMP03363,C0262,12-01-2026,Win-back,Percentage Discount,25,32.75,1,1,0,0,
CAMP03364,C0795,27-02-2026,Win-back,Percentage Discount,10,27.5,1,1,0,0,
CAMP03365,C0032,10-04-2026,Win-back,Percentage Discount,10,27.5,1,1,0,0,
CAMP03366,C0917,29-06-2026,Win-back,Percentage Discount,25,32.75,1,1,0,0,
CAMP03367,C0618,25-12-2025,Win-back,Percentage Discount,20,31,1,1,0,0,
CAMP03368,C0074,21-01-2025,New Product,Free Item,1,23,1,1,0,0,
CAMP03369,C0655,02-12-2024,Discount,Percentage Discount,15,23.25,1,1,0,0,
CAMP03370,C0770,22-02-2025,Discount,Percentage Discount,20,25,1,1,0,0,
CAMP03371,C0131,02-07-2026,Discount,Percentage Discount,5,19.75,1,1,0,0,
CAMP03372,C0148,19-07-2026,Birthday,Percentage Discount,15,20.25,1,1,0,0,
CAMP03373,C0696,27-04-2026,Loyalty,Points,250,22,1,1,0,0,
CAMP03374,C0814,05-11-2025,Win-back,Percentage Discount,25,32.75,1,1,0,0,
CAMP03375,C0489,16-10-2025,Discount,Percentage Discount,5,19.75,1,1,0,0,
CAMP03376,C0599,31-08-2026,New Product,Free Item,1,23,1,1,1,0,
CAMP03377,C0348,27-09-2025,Loyalty,Points,250,22,1,1,0,0,
CAMP03378,C0657,23-06-2024,Festival,Percentage Discount,15,27.25,1,1,0,0,
CAMP03379,C0105,01-07-2026,New Product,Free Item,1,23,1,1,1,1,13-07-2026
CAMP03380,C0542,23-03-2026,Win-back,Percentage Discount,10,27.5,1,1,0,0,
CAMP03381,C0895,23-01-2026,Festival,Percentage Discount,25,30.75,1,1,0,0,
CAMP03382,C0384,17-02-2026,New Product,Free Item,1,23,1,1,0,0,
CAMP03383,C0313,06-06-2026,Festival,Percentage Discount,30,32.5,1,1,1,0,
CAMP03384,C0198,03-05-2026,Discount,Percentage Discount,10,21.5,1,1,0,0,
CAMP03385,C0308,28-10-2025,New Product,Free Item,1,23,1,1,1,0,
CAMP03386,C0751,06-07-2026,Birthday,Percentage Discount,15,20.25,1,1,0,0,
CAMP03387,C0630,07-02-2026,Discount,Percentage Discount,10,21.5,1,0,0,0,
CAMP03388,C0933,04-04-2026,Win-back,Percentage Discount,25,32.75,1,1,1,0,
CAMP03389,C0452,01-03-2025,Birthday,Percentage Discount,15,20.25,1,1,0,0,
CAMP03390,C0041,28-05-2026,New Product,Free Item,1,23,1,1,0,0,
CAMP03391,C0744,01-07-2026,Loyalty,Points,50,14,1,1,1,0,
CAMP03392,C0972,05-02-2026,New Product,Free Item,1,23,1,1,0,0,
CAMP03393,C0305,07-03-2026,Festival,Percentage Discount,20,29,1,1,0,0,
CAMP03394,C0486,02-04-2025,Loyalty,Points,50,14,1,1,0,0,
CAMP03395,C0341,07-02-2026,New Product,Free Item,1,23,1,1,0,0,
CAMP03396,C0649,01-04-2026,Loyalty,Points,100,16,1,1,0,0,
CAMP03397,C0386,07-01-2026,New Product,Free Item,1,23,1,1,0,0,
CAMP03398,C0952,05-02-2026,New Product,Free Item,1,23,1,1,0,0,
CAMP03399,C0879,12-05-2025,Birthday,Percentage Discount,10,18.5,1,1,0,0,
CAMP03400,C0210,18-04-2026,New Product,Free Item,1,23,1,1,0,0,
CAMP03401,C0636,10-06-2025,Discount,Percentage Discount,10,21.5,1,1,0,0,
CAMP03402,C0578,11-05-2025,Festival,Percentage Discount,10,25.5,1,1,0,0,
CAMP03403,C0218,03-06-2024,Festival,Percentage Discount,25,30.75,1,1,1,1,17-06-2024
CAMP03404,C0424,08-07-2025,Birthday,Percentage Discount,15,20.25,1,1,0,0,
CAMP03405,C0989,30-07-2026,Festival,Percentage Discount,20,29,1,1,0,0,
CAMP03406,C0169,14-06-2025,Birthday,Percentage Discount,10,18.5,1,1,0,0,
CAMP03407,C0467,26-03-2026,Win-back,Percentage Discount,20,31,1,1,0,0,
CAMP03408,C0243,21-08-2025,Discount,Percentage Discount,20,25,1,1,0,0,
CAMP03409,C0761,16-03-2026,Win-back,Percentage Discount,20,31,1,1,1,0,
CAMP03410,C0946,01-02-2026,Festival,Percentage Discount,20,29,1,0,0,0,
CAMP03411,C0136,11-06-2026,Discount,Percentage Discount,20,25,1,1,0,0,
CAMP03412,C0111,19-04-2026,Loyalty,Points,150,18,1,1,0,0,
CAMP03413,C0370,11-09-2025,New Product,Free Item,1,23,1,1,1,0,
CAMP03414,C0988,18-07-2026,Birthday,Percentage Discount,10,18.5,1,1,0,0,
CAMP03415,C0931,16-05-2026,Birthday,Percentage Discount,10,18.5,1,1,1,0,
CAMP03416,C0036,21-09-2024,Festival,Percentage Discount,25,30.75,1,1,0,0,
CAMP03417,C0521,03-08-2024,Festival,Percentage Discount,25,30.75,1,1,0,0,
CAMP03418,C0219,05-09-2025,Win-back,Percentage Discount,20,31,1,1,0,0,
CAMP03419,C0745,19-06-2026,Festival,Percentage Discount,20,29,1,1,0,0,
CAMP03420,C0545,20-08-2026,Birthday,Percentage Discount,10,18.5,1,1,0,0,
CAMP03421,C0123,17-08-2024,Loyalty,Points,50,14,1,1,0,0,
CAMP03422,C0442,02-08-2025,Loyalty,Points,100,16,1,1,0,0,
CAMP03423,C0379,27-10-2024,Win-back,Percentage Discount,10,27.5,1,1,0,0,
CAMP03424,C0283,17-11-2025,Birthday,Percentage Discount,10,18.5,1,1,0,0,
CAMP03425,C0115,16-11-2024,Loyalty,Points,250,22,1,1,0,0,
CAMP03426,C0990,03-07-2026,Discount,Percentage Discount,20,25,1,1,0,0,
CAMP03427,C0276,08-09-2025,New Product,Free Item,1,23,1,1,0,0,
CAMP03428,C0307,23-08-2026,Birthday,Percentage Discount,10,18.5,1,1,1,0,
CAMP03429,C0095,29-07-2025,New Product,Free Item,1,23,1,1,0,0,
CAMP03430,C0123,22-11-2024,New Product,Free Item,1,23,1,1,0,0,
CAMP03431,C0867,27-12-2024,Win-back,Percentage Discount,10,27.5,1,1,0,0,
CAMP03432,C0625,09-01-2025,Discount,Percentage Discount,5,19.75,1,0,0,0,
CAMP03433,C0686,12-04-2025,Birthday,Percentage Discount,10,18.5,1,1,0,0,
CAMP03434,C0743,22-06-2026,Loyalty,Points,150,18,1,1,0,0,
CAMP03435,C0549,13-02-2025,Birthday,Percentage Discount,15,20.25,1,1,1,0,
CAMP03436,C0751,14-07-2026,Festival,Percentage Discount,25,30.75,1,1,0,0,
CAMP03437,C0646,03-10-2024,Discount,Percentage Discount,20,25,1,1,0,0,
CAMP03438,C0004,20-06-2026,Festival,Percentage Discount,15,27.25,1,1,1,1,01-07-2026
CAMP03439,C0601,01-10-2025,Discount,Percentage Discount,15,23.25,1,0,0,0,
CAMP03440,C0158,09-03-2026,Loyalty,Points,150,18,1,1,0,0,
CAMP03441,C0706,25-06-2026,Birthday,Percentage Discount,10,18.5,1,1,0,0,
CAMP03442,C0070,02-03-2026,Discount,Percentage Discount,5,19.75,1,1,0,0,
CAMP03443,C0088,01-06-2026,Birthday,Percentage Discount,20,22,1,1,0,0,
CAMP03444,C0035,22-03-2026,Birthday,Percentage Discount,15,20.25,1,1,1,1,03-04-2026
CAMP03445,C0748,11-06-2026,Discount,Percentage Discount,5,19.75,1,1,0,0,
CAMP03446,C0932,19-08-2024,Discount,Percentage Discount,10,21.5,1,1,0,0,
CAMP03447,C0853,11-07-2026,Discount,Percentage Discount,15,23.25,1,1,0,0,
CAMP03448,C0729,21-02-2025,Loyalty,Points,50,14,1,1,1,0,
CAMP03449,C0994,02-04-2025,New Product,Free Item,1,23,1,1,0,0,
CAMP03450,C0290,07-04-2026,Loyalty,Points,50,14,1,1,0,0,
CAMP03451,C0404,28-05-2026,Loyalty,Points,150,18,1,1,0,0,
CAMP03452,C0108,02-03-2025,Birthday,Percentage Discount,10,18.5,1,1,0,0,
CAMP03453,C0409,29-07-2026,Loyalty,Points,50,14,1,1,0,0,
CAMP03454,C0878,05-05-2026,Win-back,Percentage Discount,25,32.75,1,1,0,0,
CAMP03455,C0507,12-04-2024,Discount,Percentage Discount,5,19.75,1,1,0,0,
CAMP03456,C0205,10-08-2025,Discount,Percentage Discount,20,25,1,1,0,0,
CAMP03457,C0834,24-12-2025,Discount,Percentage Discount,15,23.25,1,1,0,0,
CAMP03458,C0123,07-09-2025,Birthday,Percentage Discount,10,18.5,1,1,0,0,
CAMP03459,C0998,15-11-2024,Birthday,Percentage Discount,10,18.5,1,1,1,0,
CAMP03460,C0014,21-07-2026,Festival,Percentage Discount,30,32.5,1,1,0,0,
CAMP03461,C0527,25-07-2026,New Product,Free Item,1,23,1,1,0,0,
CAMP03462,C0792,24-04-2026,Birthday,Percentage Discount,15,20.25,1,1,1,0,
CAMP03463,C0538,13-06-2026,Festival,Percentage Discount,20,29,1,1,1,1,16-06-2026
CAMP03464,C0850,02-11-2025,Win-back,Percentage Discount,15,29.25,1,1,1,1,15-11-2025
CAMP03465,C0711,10-08-2026,Win-back,Percentage Discount,20,31,1,1,0,0,
CAMP03466,C0481,04-08-2025,Win-back,Percentage Discount,25,32.75,1,1,0,0,
CAMP03467,C0587,15-06-2025,Birthday,Percentage Discount,10,18.5,1,1,0,0,
CAMP03468,C0656,25-05-2025,Birthday,Percentage Discount,10,18.5,1,1,0,0,
CAMP03469,C0088,06-07-2026,Loyalty,Points,50,14,1,1,0,0,
CAMP03470,C0261,07-07-2026,New Product,Free Item,1,23,1,1,0,0,
CAMP03471,C0053,20-08-2025,Discount,Percentage Discount,15,23.25,1,1,0,0,
CAMP03472,C0651,15-03-2026,New Product,Free Item,1,23,1,1,0,0,
CAMP03473,C0044,22-08-2025,Festival,Percentage Discount,10,25.5,1,1,0,0,
CAMP03474,C0909,25-06-2026,New Product,Free Item,1,23,1,1,0,0,
CAMP03475,C0937,03-04-2025,Loyalty,Points,100,16,1,1,0,0,
CAMP03476,C0159,14-04-2026,Festival,Percentage Discount,20,29,1,1,1,0,
CAMP03477,C0607,30-03-2026,Loyalty,Points,50,14,1,0,0,0,
CAMP03478,C0660,14-04-2025,Birthday,Percentage Discount,20,22,1,1,0,0,
CAMP03479,C0161,06-08-2026,Festival,Percentage Discount,15,27.25,1,1,1,0,
CAMP03480,C0154,23-04-2024,Discount,Percentage Discount,5,19.75,1,1,0,0,
CAMP03481,C0292,09-08-2024,Festival,Percentage Discount,10,25.5,1,1,1,0,
CAMP03482,C0183,25-01-2026,Birthday,Percentage Discount,15,20.25,1,1,0,0,
CAMP03483,C0093,31-03-2026,New Product,Free Item,1,23,1,1,0,0,
CAMP03484,C0668,14-05-2026,Loyalty,Points,250,22,1,1,1,0,
CAMP03485,C0654,09-12-2023,Discount,Percentage Discount,20,25,1,1,0,0,
CAMP03486,C0876,12-03-2025,Win-back,Percentage Discount,25,32.75,1,1,1,0,
CAMP03487,C0100,27-06-2026,Discount,Percentage Discount,10,21.5,1,1,1,1,28-06-2026
CAMP03488,C0656,07-09-2024,Festival,Percentage Discount,20,29,1,1,0,0,
CAMP03489,C0736,31-10-2024,Discount,Percentage Discount,5,19.75,1,1,0,0,
CAMP03490,C0699,16-07-2024,Birthday,Percentage Discount,20,22,1,1,1,1,19-07-2024
CAMP03491,C0172,31-05-2024,New Product,Free Item,1,23,1,1,0,0,
CAMP03492,C0461,24-08-2026,Birthday,Percentage Discount,15,20.25,1,1,1,1,31-08-2026
CAMP03493,C0650,27-09-2025,Discount,Percentage Discount,20,25,1,1,0,0,
CAMP03494,C0549,31-07-2026,Festival,Percentage Discount,10,25.5,1,1,0,0,
CAMP03495,C0586,26-05-2025,New Product,Free Item,1,23,1,1,0,0,
CAMP03496,C0762,29-04-2026,Win-back,Percentage Discount,10,27.5,1,0,0,0,
CAMP03497,C0177,11-05-2026,Discount,Percentage Discount,5,19.75,1,1,0,0,
CAMP03498,C0926,27-07-2026,New Product,Free Item,1,23,1,1,1,0,
CAMP03499,C0482,09-07-2026,New Product,Free Item,1,23,1,1,1,1,18-07-2026
CAMP03500,C1000,25-08-2026,Birthday,Percentage Discount,15,20.25,1,1,1,0,
CAMP03501,C0256,31-12-2025,Loyalty,Points,50,14,1,1,1,0,
CAMP03502,C0163,13-05-2024,Win-back,Percentage Discount,15,29.25,1,1,0,0,
CAMP03503,C0318,12-08-2026,Win-back,Percentage Discount,15,29.25,1,1,1,0,
CAMP03504,C0852,04-04-2026,Loyalty,Points,50,14,1,1,0,0,
CAMP03505,C0192,30-09-2025,Birthday,Percentage Discount,20,22,1,1,0,0,
CAMP03506,C0643,03-04-2026,Discount,Percentage Discount,5,19.75,1,1,0,0,
CAMP03507,C0128,28-03-2026,Loyalty,Points,100,16,1,1,0,0,
CAMP03508,C0535,20-06-2026,Festival,Percentage Discount,10,25.5,1,1,1,0,
CAMP03509,C0013,09-01-2025,Festival,Percentage Discount,25,30.75,1,1,0,0,
CAMP03510,C0154,27-02-2025,Birthday,Percentage Discount,20,22,1,1,0,0,
CAMP03511,C0494,18-02-2026,Loyalty,Points,100,16,1,1,1,0,
CAMP03512,C0457,16-06-2025,Loyalty,Points,50,14,1,1,0,0,
CAMP03513,C0117,09-01-2026,Birthday,Percentage Discount,10,18.5,1,1,1,0,
CAMP03514,C0784,20-02-2026,Loyalty,Points,100,16,1,1,0,0,
CAMP03515,C0640,20-01-2026,Discount,Percentage Discount,5,19.75,1,1,1,0,
CAMP03516,C0622,26-03-2026,New Product,Free Item,1,23,1,1,0,0,
CAMP03517,C0459,11-07-2026,New Product,Free Item,1,23,1,1,0,0,
CAMP03518,C0638,19-03-2026,Birthday,Percentage Discount,20,22,1,1,1,1,24-03-2026
CAMP03519,C0103,05-08-2026,Festival,Percentage Discount,30,32.5,1,1,0,0,
CAMP03520,C0320,18-09-2025,Festival,Percentage Discount,25,30.75,1,1,1,0,
CAMP03521,C0467,18-04-2026,Loyalty,Points,100,16,1,1,0,0,
CAMP03522,C0798,07-08-2026,Win-back,Percentage Discount,25,32.75,1,1,1,0,
CAMP03523,C0609,10-10-2025,New Product,Free Item,1,23,1,1,0,0,
CAMP03524,C0163,01-10-2024,Festival,Percentage Discount,20,29,1,0,0,0,
CAMP03525,C0710,05-03-2026,Birthday,Percentage Discount,20,22,1,1,0,0,
CAMP03526,C0585,19-06-2025,Win-back,Percentage Discount,10,27.5,1,1,1,1,30-06-2025
CAMP03527,C0730,09-06-2024,Festival,Percentage Discount,15,27.25,1,1,1,1,18-06-2024
CAMP03528,C0645,22-06-2026,Loyalty,Points,150,18,1,1,1,0,
CAMP03529,C0079,21-02-2026,Festival,Percentage Discount,25,30.75,1,1,0,0,
CAMP03530,C0919,14-07-2026,Festival,Percentage Discount,25,30.75,1,1,0,0,
CAMP03531,C0117,01-07-2026,Discount,Percentage Discount,10,21.5,1,1,1,1,12-07-2026
CAMP03532,C0644,28-11-2025,Win-back,Percentage Discount,25,32.75,1,1,1,0,
CAMP03533,C0629,01-04-2025,Win-back,Percentage Discount,10,27.5,1,1,0,0,
CAMP03534,C0527,24-08-2026,Discount,Percentage Discount,20,25,1,1,0,0,
CAMP03535,C0736,22-12-2025,Festival,Percentage Discount,20,29,1,1,0,0,
CAMP03536,C0045,07-10-2025,Discount,Percentage Discount,5,19.75,1,0,0,0,
CAMP03537,C0249,20-06-2026,Festival,Percentage Discount,30,32.5,1,1,0,0,
CAMP03538,C0064,01-02-2025,Win-back,Percentage Discount,10,27.5,1,1,0,0,
CAMP03539,C0049,26-01-2026,Birthday,Percentage Discount,15,20.25,1,1,1,0,
CAMP03540,C0105,30-06-2025,New Product,Free Item,1,23,1,1,0,0,
CAMP03541,C0690,17-08-2025,Loyalty,Points,250,22,1,1,0,0,
CAMP03542,C0213,09-08-2025,Birthday,Percentage Discount,20,22,1,1,0,0,
CAMP03543,C0326,17-02-2026,Birthday,Percentage Discount,20,22,1,1,1,0,
CAMP03544,C0815,12-04-2026,Loyalty,Points,150,18,1,1,0,0,
CAMP03545,C0974,23-04-2026,Festival,Percentage Discount,10,25.5,1,1,0,0,
CAMP03546,C0488,21-05-2025,Festival,Percentage Discount,10,25.5,1,1,1,0,
CAMP03547,C0652,16-02-2026,New Product,Free Item,1,23,1,1,0,0,
CAMP03548,C0493,19-06-2025,Birthday,Percentage Discount,20,22,1,1,1,0,
CAMP03549,C0680,10-02-2024,Loyalty,Points,100,16,1,0,0,0,
CAMP03550,C0209,01-02-2024,Win-back,Percentage Discount,20,31,1,1,1,0,
CAMP03551,C0458,06-06-2026,Win-back,Percentage Discount,20,31,1,1,0,0,
CAMP03552,C0784,11-07-2026,Loyalty,Points,100,16,1,1,0,0,
CAMP03553,C0966,13-07-2026,Loyalty,Points,50,14,1,1,0,0,
CAMP03554,C0174,23-06-2025,Birthday,Percentage Discount,20,22,1,1,0,0,
CAMP03555,C0609,01-05-2026,New Product,Free Item,1,23,1,1,0,0,
CAMP03556,C0667,17-08-2026,Festival,Percentage Discount,25,30.75,1,1,0,0,
CAMP03557,C0645,27-02-2026,Loyalty,Points,100,16,1,1,0,0,
CAMP03558,C0842,16-05-2026,Discount,Percentage Discount,15,23.25,1,0,0,0,
CAMP03559,C0080,18-03-2026,New Product,Free Item,1,23,1,1,0,0,
CAMP03560,C0487,23-08-2026,Discount,Percentage Discount,20,25,1,0,0,0,
CAMP03561,C0493,27-09-2025,Win-back,Percentage Discount,20,31,1,1,1,0,
CAMP03562,C0250,07-08-2026,Loyalty,Points,50,14,1,1,0,0,
CAMP03563,C0548,14-05-2026,Win-back,Percentage Discount,15,29.25,1,1,0,0,
CAMP03564,C0175,21-11-2025,Festival,Percentage Discount,15,27.25,1,0,0,0,
CAMP03565,C0958,04-01-2026,Loyalty,Points,150,18,1,1,0,0,
CAMP03566,C0500,11-01-2026,Loyalty,Points,150,18,1,1,0,0,
CAMP03567,C0765,11-03-2026,Birthday,Percentage Discount,15,20.25,1,1,1,0,
CAMP03568,C0291,17-11-2025,Loyalty,Points,100,16,1,0,0,0,
CAMP03569,C0546,24-11-2025,New Product,Free Item,1,23,1,0,0,0,
CAMP03570,C0013,10-10-2025,New Product,Free Item,1,23,1,1,0,0,
CAMP03571,C0416,02-08-2026,Discount,Percentage Discount,5,19.75,1,1,0,0,
CAMP03572,C0335,03-04-2025,New Product,Free Item,1,23,1,1,0,0,
CAMP03573,C0892,28-07-2026,Discount,Percentage Discount,20,25,1,1,0,0,
CAMP03574,C0681,20-07-2026,Loyalty,Points,250,22,1,1,0,0,
CAMP03575,C0350,11-06-2025,Birthday,Percentage Discount,20,22,1,1,1,0,
CAMP03576,C0258,22-09-2025,Festival,Percentage Discount,30,32.5,1,1,0,0,
CAMP03577,C0163,01-03-2025,Discount,Percentage Discount,15,23.25,1,1,1,0,
CAMP03578,C0833,07-01-2025,Loyalty,Points,100,16,1,1,0,0,
CAMP03579,C0910,08-05-2025,Loyalty,Points,100,16,1,1,1,0,
CAMP03580,C0790,27-07-2026,Discount,Percentage Discount,20,25,1,1,0,0,
CAMP03581,C0065,06-06-2024,Discount,Percentage Discount,20,25,1,1,0,0,
CAMP03582,C0406,06-11-2025,Discount,Percentage Discount,15,23.25,1,1,0,0,
CAMP03583,C0240,26-05-2025,Festival,Percentage Discount,25,30.75,1,1,0,0,
CAMP03584,C0827,26-06-2025,Win-back,Percentage Discount,25,32.75,1,1,0,0,
CAMP03585,C0413,15-08-2026,Discount,Percentage Discount,15,23.25,1,1,1,1,25-08-2026
CAMP03586,C0840,28-02-2025,Birthday,Percentage Discount,10,18.5,1,1,0,0,
CAMP03587,C0413,31-07-2026,Win-back,Percentage Discount,10,27.5,1,1,0,0,
CAMP03588,C0016,02-08-2026,Discount,Percentage Discount,10,21.5,1,1,0,0,
CAMP03589,C0215,18-03-2026,Win-back,Percentage Discount,25,32.75,1,1,1,1,20-03-2026
CAMP03590,C0550,03-01-2026,New Product,Free Item,1,23,1,1,0,0,
CAMP03591,C0893,10-05-2026,Loyalty,Points,150,18,1,1,1,0,
CAMP03592,C0461,01-03-2025,Discount,Percentage Discount,15,23.25,1,1,0,0,
CAMP03593,C0429,26-12-2024,Loyalty,Points,50,14,1,1,1,0,
CAMP03594,C0995,04-07-2026,Birthday,Percentage Discount,20,22,1,1,0,0,
CAMP03595,C0217,14-09-2024,New Product,Free Item,1,23,1,1,0,0,
CAMP03596,C0088,23-07-2026,Loyalty,Points,150,18,1,1,0,0,
CAMP03597,C0511,15-04-2026,New Product,Free Item,1,23,1,0,0,0,
CAMP03598,C0671,29-04-2026,Festival,Percentage Discount,20,29,1,1,0,0,
CAMP03599,C0803,29-03-2026,Loyalty,Points,100,16,1,1,0,0,
CAMP03600,C0301,29-05-2026,Win-back,Percentage Discount,25,32.75,1,1,1,1,30-05-2026
CAMP03601,C0170,15-11-2025,New Product,Free Item,1,23,1,0,0,0,
CAMP03602,C0941,03-03-2024,Win-back,Percentage Discount,20,31,1,0,0,0,
CAMP03603,C0546,14-05-2026,Birthday,Percentage Discount,10,18.5,1,1,0,0,
CAMP03604,C0420,17-09-2025,New Product,Free Item,1,23,1,1,0,0,
CAMP03605,C0529,06-07-2026,Loyalty,Points,150,18,1,1,0,0,
CAMP03606,C0272,27-01-2025,New Product,Free Item,1,23,1,1,0,0,
CAMP03607,C0942,23-02-2025,Discount,Percentage Discount,10,21.5,1,1,0,0,
CAMP03608,C0438,02-08-2026,Loyalty,Points,100,16,1,1,1,0,
CAMP03609,C0151,02-05-2026,New Product,Free Item,1,23,1,1,0,0,
CAMP03610,C0361,23-12-2025,New Product,Free Item,1,23,1,1,0,0,
CAMP03611,C0928,22-02-2026,Loyalty,Points,50,14,1,1,1,1,01-03-2026
CAMP03612,C0868,20-05-2026,Birthday,Percentage Discount,10,18.5,1,1,0,0,
CAMP03613,C0084,25-03-2026,Birthday,Percentage Discount,15,20.25,1,1,0,0,
CAMP03614,C0317,26-04-2026,Discount,Percentage Discount,5,19.75,1,1,1,1,30-04-2026
CAMP03615,C0209,03-05-2024,Festival,Percentage Discount,30,32.5,1,1,0,0,
CAMP03616,C0137,09-08-2026,New Product,Free Item,1,23,1,1,1,0,
CAMP03617,C0601,03-03-2026,New Product,Free Item,1,23,1,1,0,0,
CAMP03618,C0050,16-06-2026,Birthday,Percentage Discount,10,18.5,1,1,0,0,
CAMP03619,C0029,25-12-2025,Loyalty,Points,50,14,1,1,0,0,
CAMP03620,C0164,12-06-2026,Discount,Percentage Discount,20,25,1,1,0,0,
CAMP03621,C0002,26-06-2026,Loyalty,Points,50,14,1,1,0,0,
CAMP03622,C0942,17-05-2026,New Product,Free Item,1,23,1,1,0,0,
CAMP03623,C0879,19-11-2024,Win-back,Percentage Discount,25,32.75,1,1,0,0,
CAMP03624,C0716,17-10-2024,Birthday,Percentage Discount,10,18.5,1,1,0,0,
CAMP03625,C0789,31-05-2026,Discount,Percentage Discount,20,25,1,1,0,0,
CAMP03626,C0272,30-07-2026,Festival,Percentage Discount,15,27.25,1,1,1,0,
CAMP03627,C0734,06-07-2026,Discount,Percentage Discount,20,25,1,0,0,0,
CAMP03628,C0110,28-08-2025,New Product,Free Item,1,23,1,1,1,0,
CAMP03629,C0264,17-01-2025,Birthday,Percentage Discount,20,22,1,1,0,0,
CAMP03630,C0089,24-08-2026,Loyalty,Points,250,22,1,1,1,0,
CAMP03631,C0383,23-07-2025,Birthday,Percentage Discount,10,18.5,1,1,0,0,
CAMP03632,C0004,30-07-2025,Birthday,Percentage Discount,15,20.25,1,1,1,1,06-08-2025
CAMP03633,C0629,20-05-2024,Birthday,Percentage Discount,15,20.25,1,1,0,0,
CAMP03634,C0672,30-03-2026,Birthday,Percentage Discount,10,18.5,1,1,1,1,11-04-2026
CAMP03635,C0632,21-12-2024,Loyalty,Points,250,22,1,1,0,0,
CAMP03636,C0894,25-06-2026,Loyalty,Points,50,14,1,1,0,0,
CAMP03637,C0277,04-07-2026,Birthday,Percentage Discount,20,22,1,0,0,0,
CAMP03638,C0583,08-01-2025,New Product,Free Item,1,23,1,1,1,0,
CAMP03639,C0684,23-07-2026,Win-back,Percentage Discount,15,29.25,1,0,0,0,
CAMP03640,C0254,29-07-2026,New Product,Free Item,1,23,1,1,0,0,
CAMP03641,C0209,20-10-2025,Win-back,Percentage Discount,25,32.75,1,1,0,0,
CAMP03642,C0529,20-05-2026,Discount,Percentage Discount,5,19.75,1,1,1,1,24-05-2026
CAMP03643,C0633,26-01-2026,Discount,Percentage Discount,10,21.5,1,1,0,0,
CAMP03644,C0662,28-10-2025,Win-back,Percentage Discount,20,31,1,1,0,0,
CAMP03645,C0092,31-03-2025,Birthday,Percentage Discount,20,22,1,1,0,0,
CAMP03646,C0919,03-03-2026,Birthday,Percentage Discount,15,20.25,1,1,0,0,
CAMP03647,C0979,25-08-2026,Festival,Percentage Discount,20,29,1,1,0,0,
CAMP03648,C0403,21-05-2025,Win-back,Percentage Discount,25,32.75,1,1,0,0,
CAMP03649,C0422,19-04-2026,Win-back,Percentage Discount,10,27.5,1,1,1,0,
CAMP03650,C0652,25-04-2025,New Product,Free Item,1,23,1,1,0,0,
CAMP03651,C0806,12-10-2025,Discount,Percentage Discount,20,25,1,1,0,0,
CAMP03652,C0120,31-08-2026,Win-back,Percentage Discount,10,27.5,1,1,0,0,
CAMP03653,C0164,15-10-2025,Loyalty,Points,50,14,1,1,1,0,
CAMP03654,C0326,25-11-2025,New Product,Free Item,1,23,1,1,1,0,
CAMP03655,C0370,29-11-2025,New Product,Free Item,1,23,1,1,0,0,
CAMP03656,C0141,08-05-2026,Loyalty,Points,150,18,1,1,0,0,
CAMP03657,C0109,07-12-2025,Festival,Percentage Discount,15,27.25,1,1,0,0,
CAMP03658,C0084,04-03-2026,Loyalty,Points,100,16,1,1,1,0,
CAMP03659,C0776,05-04-2026,Birthday,Percentage Discount,20,22,1,0,0,0,
CAMP03660,C0122,12-09-2025,Festival,Percentage Discount,10,25.5,1,1,0,0,
CAMP03661,C0239,19-06-2026,Discount,Percentage Discount,10,21.5,1,1,0,0,
CAMP03662,C0309,21-06-2026,Loyalty,Points,100,16,1,1,0,0,
CAMP03663,C0479,22-09-2024,Birthday,Percentage Discount,10,18.5,1,1,0,0,
CAMP03664,C0337,11-05-2025,Birthday,Percentage Discount,10,18.5,1,1,0,0,
CAMP03665,C0708,30-04-2026,Festival,Percentage Discount,10,25.5,1,1,0,0,
CAMP03666,C0662,25-08-2026,Discount,Percentage Discount,20,25,1,1,0,0,
CAMP03667,C0221,07-08-2025,Discount,Percentage Discount,10,21.5,1,1,0,0,
CAMP03668,C0999,02-01-2026,Loyalty,Points,50,14,1,1,1,0,
CAMP03669,C0939,19-10-2023,Birthday,Percentage Discount,10,18.5,1,1,0,0,
CAMP03670,C0596,29-05-2025,Discount,Percentage Discount,20,25,1,1,1,0,
CAMP03671,C0666,10-12-2024,Win-back,Percentage Discount,10,27.5,1,1,0,0,
CAMP03672,C0032,27-06-2026,Loyalty,Points,250,22,1,1,0,0,
CAMP03673,C0248,01-02-2026,Win-back,Percentage Discount,10,27.5,1,1,0,0,
CAMP03674,C0077,14-04-2026,Loyalty,Points,250,22,1,1,0,0,
CAMP03675,C0017,09-10-2024,Loyalty,Points,50,14,1,1,0,0,
CAMP03676,C0137,06-04-2026,Discount,Percentage Discount,5,19.75,1,1,0,0,
CAMP03677,C0932,23-04-2026,Win-back,Percentage Discount,25,32.75,1,1,1,1,05-05-2026
CAMP03678,C0055,11-08-2026,Festival,Percentage Discount,15,27.25,1,1,0,0,
CAMP03679,C0706,05-01-2026,Birthday,Percentage Discount,20,22,1,1,0,0,
CAMP03680,C0926,25-08-2026,Discount,Percentage Discount,20,25,1,1,1,1,26-08-2026
CAMP03681,C0971,07-06-2026,Discount,Percentage Discount,20,25,1,1,0,0,
CAMP03682,C0890,15-03-2025,Win-back,Percentage Discount,15,29.25,1,1,1,0,
CAMP03683,C0414,18-04-2025,Loyalty,Points,250,22,1,1,0,0,
CAMP03684,C0207,15-08-2026,Discount,Percentage Discount,10,21.5,1,1,0,0,
CAMP03685,C0158,07-08-2026,New Product,Free Item,1,23,1,1,0,0,
CAMP03686,C0317,03-06-2026,Birthday,Percentage Discount,15,20.25,1,1,0,0,
CAMP03687,C0915,15-01-2026,Discount,Percentage Discount,20,25,1,1,0,0,
CAMP03688,C0375,22-02-2024,Discount,Percentage Discount,5,19.75,1,1,0,0,
CAMP03689,C0345,05-11-2025,New Product,Free Item,1,23,1,1,1,1,15-11-2025
CAMP03690,C0450,31-07-2026,Birthday,Percentage Discount,10,18.5,1,1,0,0,
CAMP03691,C0310,28-09-2025,Birthday,Percentage Discount,10,18.5,1,1,0,0,
CAMP03692,C0475,08-11-2024,Festival,Percentage Discount,15,27.25,1,1,0,0,
CAMP03693,C0607,30-11-2025,Win-back,Percentage Discount,20,31,1,1,0,0,
CAMP03694,C0973,12-10-2025,Festival,Percentage Discount,10,25.5,1,1,0,0,
CAMP03695,C0810,21-05-2026,New Product,Free Item,1,23,1,1,1,0,
CAMP03696,C0481,28-03-2025,New Product,Free Item,1,23,1,1,1,0,
CAMP03697,C0912,12-05-2026,Discount,Percentage Discount,15,23.25,1,1,1,0,
CAMP03698,C0193,12-04-2026,Festival,Percentage Discount,30,32.5,1,1,0,0,
CAMP03699,C0283,20-07-2025,Birthday,Percentage Discount,15,20.25,1,1,1,1,23-07-2025
CAMP03700,C0021,07-03-2026,Win-back,Percentage Discount,15,29.25,1,1,1,0,
CAMP03701,C0631,04-08-2026,New Product,Free Item,1,23,1,1,0,0,
CAMP03702,C0520,08-06-2026,Win-back,Percentage Discount,20,31,1,1,0,0,
CAMP03703,C0776,24-03-2026,Birthday,Percentage Discount,15,20.25,1,1,0,0,
CAMP03704,C0739,19-02-2026,Loyalty,Points,100,16,1,1,1,1,23-02-2026
CAMP03705,C0520,28-03-2026,Festival,Percentage Discount,15,27.25,1,1,0,0,
CAMP03706,C0824,06-07-2026,Festival,Percentage Discount,25,30.75,1,1,0,0,
CAMP03707,C0896,16-05-2025,Loyalty,Points,100,16,1,1,0,0,
CAMP03708,C0369,06-09-2025,New Product,Free Item,1,23,1,1,0,0,
CAMP03709,C0166,18-06-2026,Discount,Percentage Discount,10,21.5,1,1,0,0,
CAMP03710,C0981,16-06-2026,Loyalty,Points,50,14,1,1,0,0,
CAMP03711,C0100,06-09-2024,Festival,Percentage Discount,30,32.5,1,1,0,0,
CAMP03712,C0555,28-02-2026,Festival,Percentage Discount,30,32.5,1,1,0,0,
CAMP03713,C0885,14-07-2026,New Product,Free Item,1,23,1,1,1,0,
CAMP03714,C0956,23-10-2025,Discount,Percentage Discount,10,21.5,1,1,1,0,
CAMP03715,C0408,12-05-2025,New Product,Free Item,1,23,1,1,0,0,
CAMP03716,C0971,25-01-2026,Birthday,Percentage Discount,15,20.25,1,1,0,0,
CAMP03717,C0046,27-02-2026,New Product,Free Item,1,23,1,1,0,0,
CAMP03718,C0746,17-04-2024,Win-back,Percentage Discount,10,27.5,1,1,1,0,
CAMP03719,C0210,13-07-2026,Win-back,Percentage Discount,10,27.5,1,1,0,0,
CAMP03720,C0727,05-06-2026,Discount,Percentage Discount,10,21.5,1,1,0,0,
CAMP03721,C0028,27-09-2025,New Product,Free Item,1,23,1,1,0,0,
CAMP03722,C0088,19-06-2026,Loyalty,Points,250,22,1,1,0,0,
CAMP03723,C0094,06-06-2024,Discount,Percentage Discount,5,19.75,1,1,0,0,
CAMP03724,C0159,20-09-2025,Win-back,Percentage Discount,25,32.75,1,1,0,0,
CAMP03725,C0775,11-06-2026,Festival,Percentage Discount,20,29,1,1,0,0,
CAMP03726,C0178,19-02-2026,Birthday,Percentage Discount,20,22,1,1,1,0,
CAMP03727,C0917,27-08-2026,Loyalty,Points,100,16,1,1,0,0,
CAMP03728,C0506,02-02-2026,Loyalty,Points,50,14,1,1,1,1,06-02-2026
CAMP03729,C0775,13-05-2025,Festival,Percentage Discount,30,32.5,1,1,0,0,
CAMP03730,C0068,13-11-2024,Win-back,Percentage Discount,15,29.25,1,1,1,0,
CAMP03731,C0175,14-12-2025,New Product,Free Item,1,23,1,0,0,0,
CAMP03732,C0818,15-02-2026,Discount,Percentage Discount,20,25,1,1,0,0,
CAMP03733,C0906,17-05-2025,Festival,Percentage Discount,30,32.5,1,1,0,0,
CAMP03734,C0409,29-07-2026,New Product,Free Item,1,23,1,1,0,0,
CAMP03735,C0724,24-01-2025,Festival,Percentage Discount,20,29,1,1,1,0,
CAMP03736,C0459,11-12-2025,Win-back,Percentage Discount,10,27.5,1,1,0,0,
CAMP03737,C0787,10-10-2025,Loyalty,Points,100,16,1,1,0,0,
CAMP03738,C0889,29-08-2026,New Product,Free Item,1,23,1,1,1,0,
CAMP03739,C0848,15-07-2026,Festival,Percentage Discount,25,30.75,1,1,0,0,
CAMP03740,C0474,31-03-2026,Birthday,Percentage Discount,10,18.5,1,1,0,0,
CAMP03741,C0661,01-06-2026,Birthday,Percentage Discount,15,20.25,1,1,0,0,
CAMP03742,C0797,08-08-2026,Win-back,Percentage Discount,15,29.25,1,1,0,0,
CAMP03743,C0881,13-02-2026,Festival,Percentage Discount,20,29,1,1,1,0,
CAMP03744,C0406,24-05-2026,Discount,Percentage Discount,10,21.5,1,1,0,0,
CAMP03745,C0256,07-08-2025,Festival,Percentage Discount,15,27.25,1,1,1,1,19-08-2025
CAMP03746,C0447,26-11-2025,Festival,Percentage Discount,30,32.5,1,1,0,0,
CAMP03747,C0603,17-11-2024,Discount,Percentage Discount,5,19.75,1,1,1,1,28-11-2024
CAMP03748,C0453,29-05-2025,Loyalty,Points,100,16,1,1,1,0,
CAMP03749,C0792,01-01-2026,Win-back,Percentage Discount,20,31,1,1,1,0,
CAMP03750,C0432,11-01-2025,Birthday,Percentage Discount,10,18.5,1,1,1,0,
CAMP03751,C0141,03-06-2026,Loyalty,Points,100,16,1,1,1,0,
CAMP03752,C0857,31-07-2025,New Product,Free Item,1,23,1,1,0,0,
CAMP03753,C0731,14-01-2025,Festival,Percentage Discount,30,32.5,1,1,0,0,
CAMP03754,C0174,10-05-2026,Loyalty,Points,150,18,1,1,0,0,
CAMP03755,C0386,18-01-2026,New Product,Free Item,1,23,1,1,1,1,19-01-2026
CAMP03756,C0892,09-08-2026,New Product,Free Item,1,23,1,1,0,0,
CAMP03757,C0153,20-07-2026,Festival,Percentage Discount,20,29,1,1,1,0,
CAMP03758,C0173,20-06-2026,New Product,Free Item,1,23,1,1,0,0,
CAMP03759,C0743,27-05-2026,Birthday,Percentage Discount,20,22,1,1,0,0,
CAMP03760,C0067,08-12-2024,Festival,Percentage Discount,30,32.5,1,1,0,0,
CAMP03761,C0868,29-11-2025,Birthday,Percentage Discount,15,20.25,1,1,1,0,
CAMP03762,C0613,27-03-2026,Discount,Percentage Discount,5,19.75,1,1,0,0,
CAMP03763,C0091,22-12-2024,Loyalty,Points,150,18,1,1,0,0,
CAMP03764,C0921,26-05-2026,Festival,Percentage Discount,20,29,1,1,0,0,
CAMP03765,C0368,07-05-2025,Win-back,Percentage Discount,25,32.75,1,1,0,0,
CAMP03766,C0671,08-10-2025,Win-back,Percentage Discount,25,32.75,1,1,0,0,
CAMP03767,C0317,05-06-2026,Win-back,Percentage Discount,25,32.75,1,1,1,0,
CAMP03768,C0035,01-02-2026,Birthday,Percentage Discount,10,18.5,1,1,1,1,09-02-2026
CAMP03769,C0009,09-05-2026,Win-back,Percentage Discount,15,29.25,1,1,0,0,
CAMP03770,C0226,07-03-2026,Loyalty,Points,250,22,1,1,0,0,
CAMP03771,C0138,21-08-2024,Loyalty,Points,50,14,1,1,0,0,
CAMP03772,C0789,19-09-2025,New Product,Free Item,1,23,1,1,0,0,
CAMP03773,C0070,05-08-2025,Birthday,Percentage Discount,15,20.25,1,1,0,0,
CAMP03774,C0099,02-10-2024,Festival,Percentage Discount,30,32.5,1,1,0,0,
CAMP03775,C0601,06-09-2025,New Product,Free Item,1,23,1,1,0,0,
CAMP03776,C0644,13-07-2026,New Product,Free Item,1,23,1,1,1,0,
CAMP03777,C0237,21-07-2026,Birthday,Percentage Discount,20,22,1,1,0,0,
CAMP03778,C0615,09-08-2025,Loyalty,Points,250,22,1,1,0,0,
CAMP03779,C0810,04-03-2025,Festival,Percentage Discount,10,25.5,1,1,1,0,
CAMP03780,C0297,27-12-2024,New Product,Free Item,1,23,1,1,0,0,
CAMP03781,C0180,01-12-2025,Loyalty,Points,150,18,1,1,1,0,
CAMP03782,C0540,03-07-2026,Festival,Percentage Discount,30,32.5,1,1,0,0,
CAMP03783,C0740,08-07-2026,Loyalty,Points,50,14,1,1,0,0,
CAMP03784,C0168,12-07-2026,New Product,Free Item,1,23,1,1,0,0,
CAMP03785,C0474,28-10-2025,Festival,Percentage Discount,20,29,1,1,0,0,
CAMP03786,C0149,01-09-2025,New Product,Free Item,1,23,1,1,0,0,
CAMP03787,C0283,22-12-2024,Loyalty,Points,150,18,1,1,0,0,
CAMP03788,C0514,01-06-2025,Festival,Percentage Discount,10,25.5,1,1,0,0,
CAMP03789,C0589,22-03-2026,Discount,Percentage Discount,20,25,1,1,0,0,
CAMP03790,C0465,04-08-2026,New Product,Free Item,1,23,1,1,0,0,
CAMP03791,C0835,16-09-2025,Win-back,Percentage Discount,25,32.75,1,1,0,0,
CAMP03792,C0040,09-03-2026,Win-back,Percentage Discount,15,29.25,1,1,0,0,
CAMP03793,C0847,26-08-2026,Discount,Percentage Discount,20,25,1,1,1,1,27-08-2026
CAMP03794,C0832,12-05-2025,Win-back,Percentage Discount,25,32.75,1,1,1,0,
CAMP03795,C0887,12-04-2025,Win-back,Percentage Discount,15,29.25,1,1,1,0,
CAMP03796,C0384,11-12-2025,Festival,Percentage Discount,30,32.5,1,1,0,0,
CAMP03797,C0569,27-01-2026,Win-back,Percentage Discount,10,27.5,1,1,0,0,
CAMP03798,C0154,20-06-2025,New Product,Free Item,1,23,1,0,0,0,
CAMP03799,C0196,02-11-2025,Loyalty,Points,250,22,1,1,0,0,
CAMP03800,C0372,24-04-2025,New Product,Free Item,1,23,1,1,0,0,
CAMP03801,C0232,07-11-2025,Loyalty,Points,50,14,1,1,0,0,
CAMP03802,C0358,29-12-2024,Festival,Percentage Discount,10,25.5,1,1,0,0,
CAMP03803,C0893,13-07-2026,Festival,Percentage Discount,15,27.25,1,0,0,0,
CAMP03804,C0140,05-10-2024,Win-back,Percentage Discount,20,31,1,1,0,0,
CAMP03805,C0541,23-07-2026,Win-back,Percentage Discount,15,29.25,1,1,0,0,
CAMP03806,C0467,21-08-2026,Birthday,Percentage Discount,20,22,1,1,1,0,
CAMP03807,C0766,23-04-2026,Birthday,Percentage Discount,20,22,1,1,1,0,
CAMP03808,C0176,06-06-2026,Loyalty,Points,250,22,1,1,0,0,
CAMP03809,C0066,31-08-2026,Win-back,Percentage Discount,10,27.5,1,1,1,0,
CAMP03810,C0704,15-09-2025,New Product,Free Item,1,23,1,0,0,0,
CAMP03811,C0234,19-06-2026,Loyalty,Points,250,22,1,1,1,0,
CAMP03812,C0046,02-08-2026,Win-back,Percentage Discount,10,27.5,1,1,0,0,
CAMP03813,C0203,10-11-2025,Discount,Percentage Discount,5,19.75,1,1,0,0,
CAMP03814,C0624,23-07-2026,New Product,Free Item,1,23,1,1,0,0,
CAMP03815,C0301,29-12-2025,Loyalty,Points,150,18,1,1,0,0,
CAMP03816,C0881,22-02-2026,Birthday,Percentage Discount,20,22,1,1,0,0,
CAMP03817,C0902,03-06-2026,New Product,Free Item,1,23,1,1,0,0,
CAMP03818,C0815,11-11-2025,Festival,Percentage Discount,20,29,1,1,0,0,
CAMP03819,C0493,28-12-2025,New Product,Free Item,1,23,1,1,0,0,
CAMP03820,C0501,16-07-2026,Discount,Percentage Discount,15,23.25,1,1,1,0,
CAMP03821,C0088,22-06-2026,New Product,Free Item,1,23,1,1,0,0,
CAMP03822,C0239,26-07-2026,New Product,Free Item,1,23,1,0,0,0,
CAMP03823,C0229,21-03-2026,Birthday,Percentage Discount,10,18.5,1,1,0,0,
CAMP03824,C0463,12-09-2025,Win-back,Percentage Discount,15,29.25,1,1,0,0,
CAMP03825,C0641,08-06-2026,New Product,Free Item,1,23,1,1,0,0,
CAMP03826,C0240,05-08-2025,Festival,Percentage Discount,30,32.5,1,1,0,0,
CAMP03827,C0151,15-06-2026,Win-back,Percentage Discount,20,31,1,1,0,0,
CAMP03828,C0576,26-07-2026,Discount,Percentage Discount,20,25,1,1,1,1,05-08-2026
CAMP03829,C0855,28-07-2026,New Product,Free Item,1,23,1,1,1,0,
CAMP03830,C0477,29-06-2026,Festival,Percentage Discount,15,27.25,1,1,0,0,
CAMP03831,C0792,24-08-2026,New Product,Free Item,1,23,1,1,0,0,
CAMP03832,C0390,06-10-2025,New Product,Free Item,1,23,1,1,1,0,
CAMP03833,C0298,14-08-2026,Discount,Percentage Discount,20,25,1,1,0,0,
CAMP03834,C0093,19-04-2026,Festival,Percentage Discount,15,27.25,1,1,0,0,
CAMP03835,C0220,21-08-2026,New Product,Free Item,1,23,1,1,0,0,
CAMP03836,C0014,05-05-2025,Win-back,Percentage Discount,15,29.25,1,1,0,0,
CAMP03837,C0285,06-06-2025,Loyalty,Points,100,16,1,0,0,0,
CAMP03838,C0941,17-08-2025,Discount,Percentage Discount,5,19.75,1,1,1,1,21-08-2025
CAMP03839,C0287,22-04-2026,Birthday,Percentage Discount,15,20.25,1,1,1,1,28-04-2026
CAMP03840,C0942,08-08-2025,Discount,Percentage Discount,10,21.5,1,1,0,0,
CAMP03841,C0130,01-08-2025,New Product,Free Item,1,23,1,1,0,0,
CAMP03842,C0256,25-08-2025,Birthday,Percentage Discount,20,22,1,1,0,0,
CAMP03843,C0342,18-03-2026,Loyalty,Points,50,14,1,1,0,0,
CAMP03844,C0627,03-02-2026,Birthday,Percentage Discount,20,22,1,1,1,0,
CAMP03845,C0311,28-03-2026,Discount,Percentage Discount,15,23.25,1,1,0,0,
CAMP03846,C0760,06-07-2026,Festival,Percentage Discount,30,32.5,1,1,0,0,
CAMP03847,C0679,07-03-2026,Win-back,Percentage Discount,25,32.75,1,1,0,0,
CAMP03848,C0289,06-10-2025,Win-back,Percentage Discount,20,31,1,1,0,0,
CAMP03849,C0814,24-02-2026,Win-back,Percentage Discount,10,27.5,1,1,0,0,
CAMP03850,C0809,18-09-2025,Discount,Percentage Discount,20,25,1,1,1,1,01-10-2025
CAMP03851,C0736,23-01-2025,Festival,Percentage Discount,20,29,1,1,0,0,
CAMP03852,C0994,24-04-2025,Birthday,Percentage Discount,10,18.5,1,0,0,0,
CAMP03853,C0105,03-07-2026,Loyalty,Points,50,14,1,1,0,0,
CAMP03854,C0742,15-08-2026,Festival,Percentage Discount,20,29,1,1,1,0,
CAMP03855,C0567,30-07-2024,Win-back,Percentage Discount,10,27.5,1,1,0,0,
CAMP03856,C0076,30-07-2024,Win-back,Percentage Discount,20,31,1,1,1,0,
CAMP03857,C0135,15-12-2024,Discount,Percentage Discount,20,25,1,1,0,0,
CAMP03858,C0251,01-08-2026,Birthday,Percentage Discount,20,22,1,1,1,1,07-08-2026
CAMP03859,C0448,06-08-2026,Loyalty,Points,50,14,1,1,1,1,07-08-2026
CAMP03860,C0956,08-03-2025,Discount,Percentage Discount,20,25,1,1,0,0,
CAMP03861,C0518,28-03-2026,Birthday,Percentage Discount,20,22,1,1,1,0,
CAMP03862,C0019,16-07-2026,Win-back,Percentage Discount,25,32.75,1,1,0,0,
CAMP03863,C0721,09-07-2024,Birthday,Percentage Discount,15,20.25,1,1,1,1,11-07-2024
CAMP03864,C0566,27-01-2026,Festival,Percentage Discount,15,27.25,1,1,0,0,
CAMP03865,C0537,29-01-2025,Festival,Percentage Discount,30,32.5,1,1,0,0,
CAMP03866,C0610,03-08-2026,Win-back,Percentage Discount,15,29.25,1,0,0,0,
CAMP03867,C0526,23-12-2025,Loyalty,Points,50,14,1,1,1,0,
CAMP03868,C0612,13-08-2026,Discount,Percentage Discount,20,25,1,1,0,0,
CAMP03869,C0956,27-06-2026,Birthday,Percentage Discount,10,18.5,1,0,0,0,
CAMP03870,C0011,23-02-2025,Loyalty,Points,50,14,1,1,1,0,
CAMP03871,C0669,02-06-2025,Win-back,Percentage Discount,10,27.5,1,1,0,0,
CAMP03872,C0046,29-07-2026,New Product,Free Item,1,23,1,1,0,0,
CAMP03873,C0929,03-12-2025,Loyalty,Points,250,22,1,1,0,0,
CAMP03874,C0483,28-05-2026,Discount,Percentage Discount,15,23.25,1,1,1,1,07-06-2026
CAMP03875,C0088,18-07-2026,Loyalty,Points,150,18,1,1,0,0,
CAMP03876,C0345,11-04-2026,Birthday,Percentage Discount,20,22,1,1,1,1,21-04-2026
CAMP03877,C0110,09-01-2025,Loyalty,Points,250,22,1,1,0,0,
CAMP03878,C0872,27-05-2026,Festival,Percentage Discount,10,25.5,1,0,0,0,
CAMP03879,C0998,03-12-2025,Discount,Percentage Discount,10,21.5,1,1,1,0,
CAMP03880,C0918,01-08-2025,Win-back,Percentage Discount,15,29.25,1,1,1,1,12-08-2025
CAMP03881,C0434,26-10-2024,Discount,Percentage Discount,15,23.25,1,1,0,0,
CAMP03882,C0158,03-01-2026,Discount,Percentage Discount,20,25,1,1,1,1,15-01-2026
CAMP03883,C0409,31-08-2026,Win-back,Percentage Discount,15,29.25,1,1,0,0,
CAMP03884,C0696,14-06-2026,New Product,Free Item,1,23,1,1,0,0,
CAMP03885,C0056,31-03-2026,New Product,Free Item,1,23,1,1,0,0,
CAMP03886,C0881,23-03-2025,Festival,Percentage Discount,15,27.25,1,1,1,0,
CAMP03887,C0147,20-08-2025,Discount,Percentage Discount,15,23.25,1,1,1,0,
CAMP03888,C0916,05-06-2026,Discount,Percentage Discount,5,19.75,1,1,1,1,16-06-2026
CAMP03889,C0232,25-02-2026,Birthday,Percentage Discount,10,18.5,1,1,0,0,
CAMP03890,C0360,29-11-2023,Festival,Percentage Discount,15,27.25,1,1,1,0,
CAMP03891,C0888,02-08-2026,New Product,Free Item,1,23,1,1,0,0,
CAMP03892,C0909,28-08-2026,Win-back,Percentage Discount,10,27.5,1,1,1,1,30-08-2026
CAMP03893,C0318,21-08-2026,New Product,Free Item,1,23,1,1,0,0,
CAMP03894,C0689,19-11-2025,Birthday,Percentage Discount,15,20.25,1,1,1,0,
CAMP03895,C0060,08-07-2026,Festival,Percentage Discount,15,27.25,1,1,0,0,
CAMP03896,C0251,08-06-2026,Win-back,Percentage Discount,25,32.75,1,1,1,0,
CAMP03897,C0305,20-03-2026,Festival,Percentage Discount,20,29,1,1,0,0,
CAMP03898,C0328,05-07-2024,Discount,Percentage Discount,10,21.5,1,1,0,0,
CAMP03899,C0382,21-03-2026,Discount,Percentage Discount,15,23.25,1,1,0,0,
CAMP03900,C0276,09-05-2026,Loyalty,Points,150,18,1,1,0,0,
CAMP03901,C0433,16-08-2026,Loyalty,Points,100,16,1,1,1,1,28-08-2026
CAMP03902,C0463,21-05-2025,New Product,Free Item,1,23,1,1,0,0,
CAMP03903,C0045,01-06-2026,Birthday,Percentage Discount,10,18.5,1,1,0,0,
CAMP03904,C0856,18-08-2026,Birthday,Percentage Discount,20,22,1,1,0,0,
CAMP03905,C0031,08-03-2024,Festival,Percentage Discount,15,27.25,1,1,1,1,16-03-2024
CAMP03906,C0936,05-03-2026,Birthday,Percentage Discount,10,18.5,1,1,0,0,
CAMP03907,C0333,07-04-2025,Festival,Percentage Discount,15,27.25,1,1,0,0,
CAMP03908,C0236,03-03-2026,Win-back,Percentage Discount,20,31,1,1,1,0,
CAMP03909,C0172,03-06-2024,Loyalty,Points,150,18,1,1,0,0,
CAMP03910,C0983,14-08-2026,New Product,Free Item,1,23,1,1,0,0,
CAMP03911,C0175,05-09-2025,Discount,Percentage Discount,20,25,1,1,1,0,
CAMP03912,C0467,25-03-2025,Loyalty,Points,250,22,1,1,0,0,
CAMP03913,C0587,03-07-2025,Loyalty,Points,100,16,1,1,1,1,15-07-2025
CAMP03914,C0450,23-08-2026,Festival,Percentage Discount,15,27.25,1,1,0,0,
CAMP03915,C0438,26-08-2026,Discount,Percentage Discount,10,21.5,1,1,0,0,
CAMP03916,C0806,24-04-2026,Loyalty,Points,250,22,1,1,0,0,
CAMP03917,C0213,26-04-2026,Win-back,Percentage Discount,15,29.25,1,1,0,0,
CAMP03918,C0937,06-08-2026,Win-back,Percentage Discount,15,29.25,1,1,0,0,
CAMP03919,C0454,19-07-2025,Birthday,Percentage Discount,15,20.25,1,1,0,0,
CAMP03920,C0522,27-11-2025,Festival,Percentage Discount,30,32.5,1,1,1,0,
CAMP03921,C0346,12-06-2026,Birthday,Percentage Discount,15,20.25,1,0,0,0,
CAMP03922,C0749,10-11-2025,Loyalty,Points,100,16,1,1,0,0,
CAMP03923,C0600,13-10-2025,Loyalty,Points,150,18,1,1,0,0,
CAMP03924,C0630,05-08-2026,Birthday,Percentage Discount,20,22,1,1,0,0,
CAMP03925,C0282,06-04-2025,Festival,Percentage Discount,20,29,1,1,1,1,12-04-2025
CAMP03926,C0053,29-03-2025,Birthday,Percentage Discount,15,20.25,1,1,1,0,
CAMP03927,C0678,16-01-2025,Festival,Percentage Discount,10,25.5,1,1,0,0,
CAMP03928,C0849,08-10-2024,Discount,Percentage Discount,10,21.5,1,1,0,0,
CAMP03929,C0400,07-05-2026,Loyalty,Points,250,22,1,1,0,0,
CAMP03930,C0610,19-06-2026,Festival,Percentage Discount,15,27.25,1,1,0,0,
CAMP03931,C0499,18-11-2025,Festival,Percentage Discount,25,30.75,1,1,1,1,01-12-2025
CAMP03932,C0984,14-08-2026,Birthday,Percentage Discount,10,18.5,1,0,0,0,
CAMP03933,C0052,17-08-2026,Win-back,Percentage Discount,15,29.25,1,0,0,0,
CAMP03934,C0777,13-05-2026,New Product,Free Item,1,23,1,1,1,0,
CAMP03935,C0689,07-06-2026,Festival,Percentage Discount,10,25.5,1,1,1,1,21-06-2026
CAMP03936,C0838,27-10-2025,New Product,Free Item,1,23,1,1,0,0,
CAMP03937,C0507,30-03-2026,Win-back,Percentage Discount,20,31,1,1,0,0,
CAMP03938,C0390,27-09-2025,New Product,Free Item,1,23,1,1,1,0,
CAMP03939,C0269,22-01-2026,Festival,Percentage Discount,30,32.5,1,1,0,0,
CAMP03940,C0431,14-01-2026,New Product,Free Item,1,23,1,1,0,0,
CAMP03941,C0074,07-05-2026,Win-back,Percentage Discount,20,31,1,1,0,0,
CAMP03942,C0238,20-10-2025,Discount,Percentage Discount,15,23.25,1,1,1,0,
CAMP03943,C0656,16-12-2024,Loyalty,Points,150,18,1,1,0,0,
CAMP03944,C0933,30-10-2025,Birthday,Percentage Discount,15,20.25,1,0,0,0,
CAMP03945,C0503,16-06-2025,Festival,Percentage Discount,10,25.5,1,1,0,0,
CAMP03946,C0153,24-08-2026,New Product,Free Item,1,23,1,1,0,0,
CAMP03947,C0353,01-06-2026,Loyalty,Points,250,22,1,1,0,0,
CAMP03948,C0910,27-11-2025,Loyalty,Points,100,16,1,1,0,0,
CAMP03949,C0434,22-11-2025,Win-back,Percentage Discount,20,31,1,1,1,0,
CAMP03950,C0441,23-11-2025,Win-back,Percentage Discount,20,31,1,1,0,0,
CAMP03951,C0074,15-09-2024,Loyalty,Points,150,18,1,1,0,0,
CAMP03952,C0657,15-04-2024,Win-back,Percentage Discount,25,32.75,1,1,0,0,
CAMP03953,C0394,23-04-2025,Loyalty,Points,150,18,1,1,0,0,
CAMP03954,C0227,20-10-2025,Birthday,Percentage Discount,20,22,1,1,1,0,
CAMP03955,C0966,25-05-2026,New Product,Free Item,1,23,1,1,0,0,
CAMP03956,C0440,05-05-2026,Birthday,Percentage Discount,10,18.5,1,1,0,0,
CAMP03957,C0457,28-03-2026,Festival,Percentage Discount,10,25.5,1,1,1,1,11-04-2026
CAMP03958,C0423,01-08-2026,Discount,Percentage Discount,15,23.25,1,1,1,1,13-08-2026
CAMP03959,C0780,12-08-2025,Win-back,Percentage Discount,10,27.5,1,1,1,1,16-08-2025
CAMP03960,C0963,10-07-2026,Discount,Percentage Discount,10,21.5,1,1,1,0,
CAMP03961,C0830,09-07-2026,Win-back,Percentage Discount,15,29.25,1,1,0,0,
CAMP03962,C0236,21-11-2024,Loyalty,Points,100,16,1,1,1,0,
CAMP03963,C0524,12-05-2024,Discount,Percentage Discount,20,25,1,1,1,1,26-05-2024
CAMP03964,C0307,24-07-2026,New Product,Free Item,1,23,1,1,0,0,
CAMP03965,C0140,28-03-2026,Festival,Percentage Discount,30,32.5,1,0,0,0,
CAMP03966,C0105,26-08-2026,Birthday,Percentage Discount,20,22,1,1,1,0,
CAMP03967,C0588,20-10-2025,Festival,Percentage Discount,30,32.5,1,1,0,0,
CAMP03968,C0762,24-04-2026,Win-back,Percentage Discount,15,29.25,1,1,0,0,
CAMP03969,C0362,13-10-2024,Birthday,Percentage Discount,10,18.5,1,1,0,0,
CAMP03970,C0840,15-04-2025,Discount,Percentage Discount,15,23.25,1,1,1,1,18-04-2025
CAMP03971,C0580,23-05-2024,Win-back,Percentage Discount,25,32.75,1,1,1,0,
CAMP03972,C0142,06-02-2026,Discount,Percentage Discount,10,21.5,1,1,1,0,
CAMP03973,C0013,30-06-2026,Birthday,Percentage Discount,10,18.5,1,1,1,1,03-07-2026
CAMP03974,C0626,04-06-2025,Discount,Percentage Discount,10,21.5,1,1,0,0,
CAMP03975,C0296,14-05-2025,Birthday,Percentage Discount,10,18.5,1,1,0,0,
CAMP03976,C0709,02-08-2026,Win-back,Percentage Discount,10,27.5,1,1,0,0,
CAMP03977,C0837,28-07-2025,Loyalty,Points,250,22,1,1,1,0,
CAMP03978,C0397,10-03-2026,Win-back,Percentage Discount,25,32.75,1,1,1,0,
CAMP03979,C0368,30-12-2024,Discount,Percentage Discount,10,21.5,1,1,0,0,
CAMP03980,C0929,05-11-2025,Festival,Percentage Discount,20,29,1,1,0,0,
CAMP03981,C0942,10-08-2025,Festival,Percentage Discount,30,32.5,1,1,0,0,
CAMP03982,C0619,09-02-2026,Discount,Percentage Discount,15,23.25,1,1,1,0,
CAMP03983,C0292,16-03-2024,Loyalty,Points,50,14,1,1,0,0,
CAMP03984,C0696,27-01-2026,Loyalty,Points,250,22,1,1,0,0,
CAMP03985,C0982,23-03-2025,Discount,Percentage Discount,5,19.75,1,1,1,0,
CAMP03986,C0403,12-10-2025,Festival,Percentage Discount,20,29,1,0,0,0,
CAMP03987,C0549,31-01-2024,Win-back,Percentage Discount,10,27.5,1,1,0,0,
CAMP03988,C0105,18-02-2026,Discount,Percentage Discount,5,19.75,1,1,0,0,
CAMP03989,C0458,24-07-2026,Win-back,Percentage Discount,10,27.5,1,1,1,0,
CAMP03990,C0907,09-12-2025,Discount,Percentage Discount,10,21.5,1,1,0,0,
CAMP03991,C0952,18-08-2025,Birthday,Percentage Discount,10,18.5,1,0,0,0,
CAMP03992,C0025,18-08-2025,Birthday,Percentage Discount,20,22,1,1,0,0,
CAMP03993,C0235,03-05-2026,Festival,Percentage Discount,10,25.5,1,0,0,0,
CAMP03994,C0257,15-08-2025,New Product,Free Item,1,23,1,1,0,0,
CAMP03995,C0844,17-07-2025,Win-back,Percentage Discount,15,29.25,1,1,0,0,
CAMP03996,C0899,27-09-2024,Birthday,Percentage Discount,15,20.25,1,1,0,0,
CAMP03997,C0835,07-05-2026,New Product,Free Item,1,23,1,1,1,0,
CAMP03998,C0360,13-11-2025,Birthday,Percentage Discount,20,22,1,1,1,1,15-11-2025
CAMP03999,C0756,01-12-2025,Discount,Percentage Discount,20,25,1,1,0,0,
CAMP04000,C0294,13-05-2026,Festival,Percentage Discount,30,32.5,1,1,0,0,
CAMP04001,C0556,25-05-2026,Win-back,Percentage Discount,15,29.25,1,1,0,0,
CAMP04002,C0308,31-05-2026,New Product,Free Item,1,23,1,1,0,0,
CAMP04003,C0852,01-05-2026,Loyalty,Points,250,22,1,1,0,0,
CAMP04004,C0582,19-08-2026,Festival,Percentage Discount,10,25.5,1,1,0,0,
CAMP04005,C0751,27-06-2026,Discount,Percentage Discount,5,19.75,1,1,0,0,
CAMP04006,C0324,05-12-2025,Win-back,Percentage Discount,25,32.75,1,1,1,1,19-12-2025
CAMP04007,C0829,22-06-2024,Festival,Percentage Discount,30,32.5,1,1,1,1,02-07-2024
CAMP04008,C0910,19-07-2026,Festival,Percentage Discount,15,27.25,1,1,0,0,
CAMP04009,C0207,04-12-2025,Win-back,Percentage Discount,20,31,1,1,0,0,
CAMP04010,C0587,22-08-2026,Loyalty,Points,100,16,1,1,1,0,
CAMP04011,C0539,08-01-2026,Loyalty,Points,250,22,1,1,0,0,
CAMP04012,C0882,11-04-2026,Discount,Percentage Discount,15,23.25,1,1,0,0,
CAMP04013,C0772,06-06-2026,Discount,Percentage Discount,5,19.75,1,1,1,1,09-06-2026
CAMP04014,C0958,16-02-2026,New Product,Free Item,1,23,1,0,0,0,
CAMP04015,C0088,26-07-2026,New Product,Free Item,1,23,1,1,0,0,
CAMP04016,C0624,30-07-2026,Birthday,Percentage Discount,20,22,1,1,0,0,
CAMP04017,C0004,23-12-2025,Festival,Percentage Discount,10,25.5,1,1,0,0,
CAMP04018,C0584,11-01-2026,Loyalty,Points,50,14,1,1,0,0,
CAMP04019,C0197,17-05-2026,Festival,Percentage Discount,25,30.75,1,1,0,0,
CAMP04020,C0649,05-05-2026,Loyalty,Points,150,18,1,0,0,0,
CAMP04021,C0875,04-07-2026,Festival,Percentage Discount,30,32.5,1,1,0,0,
CAMP04022,C0440,02-07-2026,Win-back,Percentage Discount,10,27.5,1,1,1,0,
CAMP04023,C0021,06-07-2024,Discount,Percentage Discount,5,19.75,1,1,0,0,
CAMP04024,C0431,04-01-2026,Win-back,Percentage Discount,10,27.5,1,1,0,0,
CAMP04025,C0068,16-03-2025,Festival,Percentage Discount,15,27.25,1,1,1,1,21-03-2025
CAMP04026,C0750,08-04-2026,Discount,Percentage Discount,10,21.5,1,1,0,0,
CAMP04027,C0177,15-05-2026,Discount,Percentage Discount,5,19.75,1,1,0,0,
CAMP04028,C0245,04-05-2026,New Product,Free Item,1,23,1,1,1,0,
CAMP04029,C0956,02-07-2026,Loyalty,Points,250,22,1,1,1,0,
CAMP04030,C0631,07-04-2026,Loyalty,Points,100,16,1,1,0,0,
CAMP04031,C0267,14-10-2025,Birthday,Percentage Discount,20,22,1,1,0,0,
CAMP04032,C0172,20-09-2025,New Product,Free Item,1,23,1,1,0,0,
CAMP04033,C0424,03-03-2026,Birthday,Percentage Discount,20,22,1,1,0,0,
CAMP04034,C0735,06-03-2026,Discount,Percentage Discount,5,19.75,1,0,0,0,
CAMP04035,C0466,26-02-2026,Win-back,Percentage Discount,20,31,1,0,0,0,
CAMP04036,C0803,07-11-2025,New Product,Free Item,1,23,1,1,0,0,
CAMP04037,C0984,01-08-2026,Festival,Percentage Discount,30,32.5,1,1,0,0,
CAMP04038,C0787,21-09-2025,Win-back,Percentage Discount,10,27.5,1,1,0,0,
CAMP04039,C0914,02-09-2025,Discount,Percentage Discount,15,23.25,1,0,0,0,
CAMP04040,C0491,07-07-2026,Discount,Percentage Discount,15,23.25,1,1,1,0,
CAMP04041,C0914,26-11-2025,Festival,Percentage Discount,25,30.75,1,1,0,0,
CAMP04042,C0515,19-01-2025,Discount,Percentage Discount,10,21.5,1,1,1,0,
CAMP04043,C0326,08-03-2026,Discount,Percentage Discount,20,25,1,1,0,0,
CAMP04044,C0810,25-11-2025,Win-back,Percentage Discount,25,32.75,1,1,0,0,
CAMP04045,C0369,05-02-2026,Discount,Percentage Discount,20,25,1,1,0,0,
CAMP04046,C0308,10-12-2024,Birthday,Percentage Discount,10,18.5,1,1,0,0,
CAMP04047,C0417,04-02-2026,New Product,Free Item,1,23,1,1,1,0,
CAMP04048,C0836,07-04-2026,Discount,Percentage Discount,5,19.75,1,1,0,0,
CAMP04049,C0676,03-05-2025,Festival,Percentage Discount,15,27.25,1,1,1,1,04-05-2025
CAMP04050,C0850,27-10-2025,Loyalty,Points,100,16,1,1,1,1,07-11-2025
CAMP04051,C0080,04-03-2025,Win-back,Percentage Discount,15,29.25,1,1,0,0,
CAMP04052,C0791,26-02-2026,Birthday,Percentage Discount,15,20.25,1,1,0,0,
CAMP04053,C0670,05-12-2024,Discount,Percentage Discount,20,25,1,1,0,0,
CAMP04054,C0917,01-03-2026,Loyalty,Points,100,16,1,1,0,0,
CAMP04055,C0565,01-08-2026,Festival,Percentage Discount,25,30.75,1,0,0,0,
CAMP04056,C0802,29-11-2025,Discount,Percentage Discount,20,25,1,1,0,0,
CAMP04057,C0443,31-08-2026,New Product,Free Item,1,23,1,1,0,0,
CAMP04058,C0838,04-01-2024,Win-back,Percentage Discount,10,27.5,1,1,0,0,
CAMP04059,C0254,24-10-2025,New Product,Free Item,1,23,1,1,0,0,
CAMP04060,C0405,05-08-2026,Festival,Percentage Discount,15,27.25,1,1,1,0,
CAMP04061,C0510,28-07-2026,New Product,Free Item,1,23,1,1,0,0,
CAMP04062,C0268,15-10-2024,Birthday,Percentage Discount,15,20.25,1,1,0,0,
CAMP04063,C0994,21-05-2025,Discount,Percentage Discount,20,25,1,1,0,0,
CAMP04064,C0327,26-06-2025,New Product,Free Item,1,23,1,1,0,0,
CAMP04065,C0128,29-03-2026,Discount,Percentage Discount,5,19.75,1,1,1,1,01-04-2026
CAMP04066,C0845,20-06-2026,New Product,Free Item,1,23,1,1,0,0,
CAMP04067,C0596,24-04-2025,Win-back,Percentage Discount,20,31,1,1,0,0,
CAMP04068,C0769,16-06-2026,Birthday,Percentage Discount,10,18.5,1,0,0,0,
CAMP04069,C0148,20-08-2026,Birthday,Percentage Discount,20,22,1,1,0,0,
CAMP04070,C0686,20-06-2025,Discount,Percentage Discount,5,19.75,1,1,0,0,
CAMP04071,C0825,02-05-2026,Win-back,Percentage Discount,20,31,1,1,0,0,
CAMP04072,C0023,30-08-2026,Discount,Percentage Discount,15,23.25,1,1,0,0,
CAMP04073,C0294,23-08-2026,Win-back,Percentage Discount,20,31,1,1,1,0,
CAMP04074,C0158,01-03-2026,New Product,Free Item,1,23,1,1,0,0,
CAMP04075,C0512,03-08-2026,Discount,Percentage Discount,10,21.5,1,1,0,0,
CAMP04076,C0903,25-08-2026,Festival,Percentage Discount,25,30.75,1,1,0,0,
CAMP04077,C0131,25-07-2026,Festival,Percentage Discount,20,29,1,1,1,0,
CAMP04078,C0519,25-03-2025,Discount,Percentage Discount,20,25,1,1,0,0,
CAMP04079,C0612,31-08-2026,Birthday,Percentage Discount,15,20.25,1,1,0,0,
CAMP04080,C0588,09-07-2026,Discount,Percentage Discount,10,21.5,1,1,0,0,
CAMP04081,C0091,18-06-2024,New Product,Free Item,1,23,1,1,0,0,
CAMP04082,C0438,08-08-2026,Loyalty,Points,100,16,1,1,0,0,
CAMP04083,C0873,10-03-2025,Win-back,Percentage Discount,15,29.25,1,0,0,0,
CAMP04084,C0565,29-05-2026,Birthday,Percentage Discount,15,20.25,1,1,0,0,
CAMP04085,C0711,31-08-2026,Festival,Percentage Discount,30,32.5,1,1,1,0,
CAMP04086,C0382,22-05-2025,New Product,Free Item,1,23,1,1,0,0,
CAMP04087,C0261,11-06-2026,New Product,Free Item,1,23,1,1,0,0,
CAMP04088,C0925,31-03-2025,Birthday,Percentage Discount,15,20.25,1,1,0,0,
CAMP04089,C0654,16-12-2024,Discount,Percentage Discount,10,21.5,1,1,0,0,
CAMP04090,C0825,18-07-2026,New Product,Free Item,1,23,1,1,0,0,
CAMP04091,C0066,07-04-2025,New Product,Free Item,1,23,1,0,0,0,
CAMP04092,C0978,15-07-2025,Festival,Percentage Discount,10,25.5,1,1,0,0,
CAMP04093,C0052,26-07-2026,Loyalty,Points,50,14,1,1,0,0,
CAMP04094,C0862,28-08-2026,Birthday,Percentage Discount,20,22,1,1,0,0,
CAMP04095,C0163,29-12-2025,Birthday,Percentage Discount,15,20.25,1,1,0,0,
CAMP04096,C0593,03-08-2026,Win-back,Percentage Discount,15,29.25,1,1,0,0,
CAMP04097,C0937,28-09-2024,Birthday,Percentage Discount,20,22,1,0,0,0,
CAMP04098,C0611,08-06-2026,Festival,Percentage Discount,30,32.5,1,1,0,0,
CAMP04099,C0526,25-02-2026,Win-back,Percentage Discount,15,29.25,1,1,1,0,
CAMP04100,C0670,02-11-2024,Loyalty,Points,50,14,1,1,0,0,
CAMP04101,C0808,12-05-2026,New Product,Free Item,1,23,1,1,0,0,
CAMP04102,C0888,26-07-2026,Birthday,Percentage Discount,20,22,1,1,0,0,
CAMP04103,C0657,18-04-2025,Discount,Percentage Discount,20,25,1,1,0,0,
CAMP04104,C0622,02-06-2026,New Product,Free Item,1,23,1,1,1,1,12-06-2026
CAMP04105,C0817,27-07-2026,Discount,Percentage Discount,15,23.25,1,1,0,0,
CAMP04106,C0645,08-07-2026,Win-back,Percentage Discount,25,32.75,1,1,0,0,
CAMP04107,C0932,20-06-2024,Festival,Percentage Discount,10,25.5,1,1,1,0,
CAMP04108,C0400,30-08-2026,Birthday,Percentage Discount,20,22,1,1,0,0,
CAMP04109,C0509,23-07-2025,Birthday,Percentage Discount,20,22,1,1,0,0,
CAMP04110,C0736,18-07-2024,Win-back,Percentage Discount,20,31,1,1,1,0,
CAMP04111,C0338,01-06-2026,Birthday,Percentage Discount,20,22,1,1,0,0,
CAMP04112,C0474,07-08-2026,Loyalty,Points,150,18,1,0,0,0,
CAMP04113,C0388,10-06-2026,Loyalty,Points,100,16,1,1,0,0,
CAMP04114,C0122,07-10-2025,Discount,Percentage Discount,10,21.5,1,1,1,1,16-10-2025
CAMP04115,C0625,20-12-2025,Festival,Percentage Discount,25,30.75,1,1,0,0,
CAMP04116,C0671,18-08-2026,Win-back,Percentage Discount,20,31,1,1,1,0,
CAMP04117,C0838,13-09-2025,Birthday,Percentage Discount,10,18.5,1,0,0,0,
CAMP04118,C0038,21-05-2024,Loyalty,Points,150,18,1,1,0,0,
CAMP04119,C0851,12-03-2026,Discount,Percentage Discount,15,23.25,1,1,0,0,
CAMP04120,C0123,12-03-2026,New Product,Free Item,1,23,1,1,0,0,
CAMP04121,C0237,21-06-2025,Festival,Percentage Discount,15,27.25,1,1,0,0,
CAMP04122,C0919,13-02-2026,New Product,Free Item,1,23,1,1,0,0,
CAMP04123,C0046,20-04-2026,Loyalty,Points,100,16,1,0,0,0,
CAMP04124,C0085,05-10-2025,Loyalty,Points,50,14,1,1,0,0,
CAMP04125,C0266,31-07-2025,Birthday,Percentage Discount,20,22,1,1,0,0,
CAMP04126,C0219,03-03-2025,New Product,Free Item,1,23,1,1,1,1,06-03-2025
CAMP04127,C0573,24-05-2026,New Product,Free Item,1,23,1,1,1,0,
CAMP04128,C0603,23-10-2025,Win-back,Percentage Discount,15,29.25,1,1,0,0,
CAMP04129,C0238,09-10-2025,Festival,Percentage Discount,15,27.25,1,1,0,0,
CAMP04130,C0547,27-05-2026,Win-back,Percentage Discount,15,29.25,1,1,1,0,
CAMP04131,C0279,05-07-2026,Win-back,Percentage Discount,15,29.25,1,1,1,0,
CAMP04132,C0421,09-01-2026,Loyalty,Points,250,22,1,1,1,0,
CAMP04133,C0894,28-06-2026,New Product,Free Item,1,23,1,1,0,0,
CAMP04134,C0075,15-08-2025,Discount,Percentage Discount,10,21.5,1,1,1,1,27-08-2025
CAMP04135,C0051,08-08-2026,Discount,Percentage Discount,10,21.5,1,1,0,0,
CAMP04136,C0249,23-06-2025,Festival,Percentage Discount,25,30.75,1,1,0,0,
CAMP04137,C0278,22-04-2026,Discount,Percentage Discount,10,21.5,1,1,0,0,
CAMP04138,C0847,28-07-2026,Festival,Percentage Discount,25,30.75,1,1,1,0,
CAMP04139,C0651,26-01-2026,Loyalty,Points,50,14,1,1,0,0,
CAMP04140,C0519,26-04-2025,Win-back,Percentage Discount,10,27.5,1,1,0,0,
CAMP04141,C0514,26-05-2026,Loyalty,Points,150,18,1,1,1,0,
CAMP04142,C0112,24-02-2026,Birthday,Percentage Discount,10,18.5,1,1,0,0,
CAMP04143,C0597,01-07-2024,Loyalty,Points,50,14,1,1,0,0,
CAMP04144,C0202,22-08-2026,Festival,Percentage Discount,20,29,1,1,0,0,
CAMP04145,C0099,16-12-2024,New Product,Free Item,1,23,1,1,0,0,
CAMP04146,C0246,26-06-2026,Loyalty,Points,250,22,1,1,1,0,
CAMP04147,C0714,17-04-2026,Birthday,Percentage Discount,15,20.25,1,1,0,0,
CAMP04148,C0737,29-04-2026,New Product,Free Item,1,23,1,1,0,0,
CAMP04149,C0064,21-02-2025,Win-back,Percentage Discount,20,31,1,1,1,1,02-03-2025
CAMP04150,C0201,26-06-2026,Birthday,Percentage Discount,20,22,1,1,1,1,30-06-2026
CAMP04151,C0251,19-07-2026,New Product,Free Item,1,23,1,1,0,0,
CAMP04152,C0286,06-09-2025,Win-back,Percentage Discount,20,31,1,1,0,0,
CAMP04153,C0619,02-11-2025,Loyalty,Points,100,16,1,1,0,0,
CAMP04154,C0044,28-02-2026,Loyalty,Points,250,22,1,1,0,0,
CAMP04155,C0387,25-06-2026,Festival,Percentage Discount,20,29,1,1,0,0,
CAMP04156,C0099,24-04-2026,Win-back,Percentage Discount,10,27.5,1,1,0,0,
CAMP04157,C0176,09-08-2026,Birthday,Percentage Discount,20,22,1,1,1,0,
CAMP04158,C0104,19-07-2026,Festival,Percentage Discount,30,32.5,1,1,0,0,
CAMP04159,C0885,25-09-2025,Loyalty,Points,50,14,1,1,0,0,
CAMP04160,C0345,09-06-2025,New Product,Free Item,1,23,1,0,0,0,
CAMP04161,C0460,25-07-2026,Birthday,Percentage Discount,15,20.25,1,1,0,0,
CAMP04162,C0478,24-07-2025,Win-back,Percentage Discount,25,32.75,1,1,1,0,
CAMP04163,C0265,09-04-2026,Win-back,Percentage Discount,10,27.5,1,1,1,0,
CAMP04164,C0121,17-04-2026,Birthday,Percentage Discount,15,20.25,1,1,0,0,
CAMP04165,C0049,14-03-2026,Win-back,Percentage Discount,10,27.5,1,1,0,0,
CAMP04166,C0454,05-05-2026,Loyalty,Points,50,14,1,1,1,0,
CAMP04167,C0161,26-06-2026,Discount,Percentage Discount,5,19.75,1,1,0,0,
CAMP04168,C0395,01-03-2025,Festival,Percentage Discount,15,27.25,1,1,0,0,
CAMP04169,C0189,26-08-2025,New Product,Free Item,1,23,1,1,0,0,
CAMP04170,C0926,15-08-2026,Win-back,Percentage Discount,10,27.5,1,1,0,0,
CAMP04171,C0767,30-12-2025,Win-back,Percentage Discount,25,32.75,1,1,1,1,31-12-2025
CAMP04172,C0377,06-08-2025,Loyalty,Points,50,14,1,1,0,0,
CAMP04173,C0513,20-10-2024,Loyalty,Points,50,14,1,1,0,0,
CAMP04174,C0391,27-09-2024,Discount,Percentage Discount,20,25,1,1,0,0,
CAMP04175,C0028,07-05-2026,Festival,Percentage Discount,30,32.5,1,1,1,0,
CAMP04176,C0525,22-04-2025,Win-back,Percentage Discount,10,27.5,1,0,0,0,
CAMP04177,C0400,21-08-2026,Loyalty,Points,100,16,1,1,0,0,
CAMP04178,C0390,27-01-2025,Loyalty,Points,250,22,1,1,0,0,
CAMP04179,C0045,03-07-2025,Discount,Percentage Discount,5,19.75,1,1,0,0,
CAMP04180,C0392,15-04-2026,Win-back,Percentage Discount,10,27.5,1,1,0,0,
CAMP04181,C0611,29-08-2026,New Product,Free Item,1,23,1,1,1,0,
CAMP04182,C0953,16-06-2026,Discount,Percentage Discount,5,19.75,1,1,0,0,
CAMP04183,C0968,04-08-2024,Loyalty,Points,50,14,1,1,0,0,
CAMP04184,C0070,23-03-2026,Festival,Percentage Discount,15,27.25,1,1,1,0,
CAMP04185,C0221,14-02-2026,New Product,Free Item,1,23,1,1,1,0,
CAMP04186,C0687,17-08-2026,Festival,Percentage Discount,30,32.5,1,1,0,0,
CAMP04187,C0298,11-07-2026,Discount,Percentage Discount,20,25,1,1,0,0,
CAMP04188,C0931,13-04-2026,New Product,Free Item,1,23,1,1,1,1,14-04-2026
CAMP04189,C0476,08-05-2026,New Product,Free Item,1,23,1,1,1,0,
CAMP04190,C0113,03-08-2026,Discount,Percentage Discount,5,19.75,1,1,0,0,
CAMP04191,C0950,29-08-2026,Discount,Percentage Discount,10,21.5,1,1,0,0,
CAMP04192,C0673,13-03-2025,Loyalty,Points,50,14,1,1,0,0,
CAMP04193,C0037,02-03-2025,Loyalty,Points,100,16,1,1,0,0,
CAMP04194,C0395,12-03-2025,Festival,Percentage Discount,20,29,1,1,0,0,
CAMP04195,C0485,10-02-2025,Festival,Percentage Discount,15,27.25,1,1,0,0,
CAMP04196,C0325,13-04-2026,Birthday,Percentage Discount,20,22,1,1,0,0,
CAMP04197,C0792,12-11-2025,Birthday,Percentage Discount,15,20.25,1,1,1,0,
CAMP04198,C0557,10-08-2026,New Product,Free Item,1,23,1,1,0,0,
CAMP04199,C0597,21-11-2024,New Product,Free Item,1,23,1,1,0,0,
CAMP04200,C0610,21-08-2026,Win-back,Percentage Discount,25,32.75,1,1,0,0,
CAMP04201,C0290,20-10-2023,Discount,Percentage Discount,15,23.25,1,1,1,1,21-10-2023
CAMP04202,C0599,22-01-2026,Festival,Percentage Discount,15,27.25,1,1,1,0,
CAMP04203,C0795,10-01-2025,Loyalty,Points,150,18,1,1,0,0,
CAMP04204,C0255,16-07-2025,Discount,Percentage Discount,20,25,1,1,0,0,
CAMP04205,C0667,29-06-2026,New Product,Free Item,1,23,1,1,0,0,
CAMP04206,C0331,07-06-2026,Festival,Percentage Discount,20,29,1,1,0,0,
CAMP04207,C0483,23-07-2026,Festival,Percentage Discount,15,27.25,1,1,0,0,
CAMP04208,C0639,15-06-2026,Win-back,Percentage Discount,10,27.5,1,1,0,0,
CAMP04209,C0300,01-07-2026,Loyalty,Points,50,14,1,1,0,0,
CAMP04210,C0005,26-08-2025,Discount,Percentage Discount,5,19.75,1,1,0,0,
CAMP04211,C0144,17-08-2025,Discount,Percentage Discount,5,19.75,1,1,1,0,
CAMP04212,C0922,27-10-2024,Loyalty,Points,50,14,1,1,0,0,
CAMP04213,C0562,23-03-2024,Win-back,Percentage Discount,15,29.25,1,1,0,0,
CAMP04214,C0685,26-06-2026,Loyalty,Points,100,16,1,1,1,1,04-07-2026
CAMP04215,C0756,21-12-2024,Birthday,Percentage Discount,10,18.5,1,1,1,1,03-01-2025
CAMP04216,C0824,29-06-2026,Birthday,Percentage Discount,20,22,1,1,0,0,
CAMP04217,C0661,28-07-2024,Win-back,Percentage Discount,25,32.75,1,1,1,1,31-07-2024
CAMP04218,C0079,18-08-2026,Win-back,Percentage Discount,10,27.5,1,1,1,1,19-08-2026
CAMP04219,C0249,02-04-2026,Festival,Percentage Discount,10,25.5,1,1,0,0,
CAMP04220,C0566,21-02-2026,Win-back,Percentage Discount,20,31,1,1,0,0,
CAMP04221,C0727,13-03-2026,Loyalty,Points,150,18,1,1,1,0,
CAMP04222,C0636,16-03-2025,Discount,Percentage Discount,15,23.25,1,1,0,0,
CAMP04223,C0396,21-08-2026,New Product,Free Item,1,23,1,1,0,0,
CAMP04224,C0656,12-08-2025,Discount,Percentage Discount,10,21.5,1,1,0,0,
CAMP04225,C0361,31-12-2024,Birthday,Percentage Discount,15,20.25,1,1,0,0,
CAMP04226,C0082,11-02-2026,Birthday,Percentage Discount,10,18.5,1,1,0,0,
CAMP04227,C0010,28-05-2026,Loyalty,Points,50,14,1,1,0,0,
CAMP04228,C0763,12-03-2025,Loyalty,Points,50,14,1,1,0,0,
CAMP04229,C0804,11-03-2026,Festival,Percentage Discount,10,25.5,1,1,1,1,12-03-2026
CAMP04230,C0182,17-06-2026,Win-back,Percentage Discount,10,27.5,1,0,0,0,
CAMP04231,C0111,22-05-2025,Loyalty,Points,100,16,1,1,0,0,
CAMP04232,C0413,29-05-2026,Birthday,Percentage Discount,15,20.25,1,1,0,0,
CAMP04233,C0738,04-02-2026,Discount,Percentage Discount,5,19.75,1,1,0,0,
CAMP04234,C0455,08-07-2025,Win-back,Percentage Discount,15,29.25,1,1,0,0,
CAMP04235,C0694,05-08-2026,Festival,Percentage Discount,10,25.5,1,1,0,0,
CAMP04236,C0127,11-10-2025,New Product,Free Item,1,23,1,1,0,0,
CAMP04237,C0532,15-03-2026,New Product,Free Item,1,23,1,1,1,1,28-03-2026
CAMP04238,C0166,07-07-2026,Loyalty,Points,250,22,1,0,0,0,
CAMP04239,C0673,25-05-2026,Loyalty,Points,50,14,1,1,1,0,
CAMP04240,C0841,28-05-2026,Festival,Percentage Discount,25,30.75,1,1,0,0,
CAMP04241,C0443,30-10-2025,Discount,Percentage Discount,20,25,1,1,0,0,
CAMP04242,C0981,23-05-2025,Birthday,Percentage Discount,15,20.25,1,1,0,0,
CAMP04243,C0247,16-05-2026,Festival,Percentage Discount,15,27.25,1,1,1,1,29-05-2026
CAMP04244,C0426,19-08-2026,Festival,Percentage Discount,20,29,1,0,0,0,
CAMP04245,C0827,18-10-2025,Loyalty,Points,250,22,1,1,0,0,
CAMP04246,C0730,24-08-2026,Birthday,Percentage Discount,20,22,1,1,0,0,
CAMP04247,C0652,24-04-2026,New Product,Free Item,1,23,1,1,0,0,
CAMP04248,C0518,22-12-2025,Loyalty,Points,50,14,1,1,1,0,
CAMP04249,C0258,18-01-2026,Win-back,Percentage Discount,15,29.25,1,1,1,0,
CAMP04250,C0408,28-01-2026,Festival,Percentage Discount,15,27.25,1,1,1,0,
CAMP04251,C0889,11-06-2026,Discount,Percentage Discount,10,21.5,1,1,0,0,
CAMP04252,C0486,21-05-2026,Loyalty,Points,50,14,1,1,0,0,
CAMP04253,C0889,15-08-2026,Birthday,Percentage Discount,20,22,1,1,0,0,
CAMP04254,C0819,24-12-2023,Birthday,Percentage Discount,10,18.5,1,1,0,0,
CAMP04255,C0003,19-10-2024,New Product,Free Item,1,23,1,1,1,0,
CAMP04256,C0554,21-02-2025,Birthday,Percentage Discount,10,18.5,1,1,0,0,
CAMP04257,C0856,26-05-2026,New Product,Free Item,1,23,1,1,1,1,30-05-2026
CAMP04258,C0842,04-07-2026,Win-back,Percentage Discount,25,32.75,1,1,0,0,
CAMP04259,C0851,07-07-2025,Birthday,Percentage Discount,10,18.5,1,1,0,0,
CAMP04260,C0846,26-11-2025,Loyalty,Points,50,14,1,1,1,0,
CAMP04261,C0805,24-08-2026,Win-back,Percentage Discount,15,29.25,1,1,1,1,31-08-2026
CAMP04262,C0732,23-04-2024,Discount,Percentage Discount,5,19.75,1,1,0,0,
CAMP04263,C0329,16-05-2024,Birthday,Percentage Discount,15,20.25,1,1,1,0,
CAMP04264,C0765,24-05-2026,Birthday,Percentage Discount,20,22,1,1,1,1,02-06-2026
CAMP04265,C0829,13-05-2024,Birthday,Percentage Discount,10,18.5,1,1,0,0,
CAMP04266,C0430,13-11-2024,Discount,Percentage Discount,15,23.25,1,1,0,0,
CAMP04267,C0526,26-02-2024,Festival,Percentage Discount,10,25.5,1,1,0,0,
CAMP04268,C0518,06-12-2025,Win-back,Percentage Discount,15,29.25,1,1,1,0,
CAMP04269,C0209,31-01-2026,New Product,Free Item,1,23,1,1,0,0,
CAMP04270,C0514,29-07-2026,Discount,Percentage Discount,20,25,1,1,0,0,
CAMP04271,C0134,12-04-2025,Win-back,Percentage Discount,10,27.5,1,1,0,0,
CAMP04272,C0281,03-08-2026,Win-back,Percentage Discount,20,31,1,1,0,0,
CAMP04273,C0266,26-08-2026,Win-back,Percentage Discount,20,31,1,1,1,1,28-08-2026
CAMP04274,C0447,07-08-2026,Discount,Percentage Discount,20,25,1,1,1,0,
CAMP04275,C0924,19-08-2026,New Product,Free Item,1,23,1,1,0,0,
CAMP04276,C0393,04-12-2023,Festival,Percentage Discount,30,32.5,1,1,0,0,
CAMP04277,C0614,08-03-2026,Festival,Percentage Discount,10,25.5,1,1,0,0,
CAMP04278,C0419,11-09-2025,Loyalty,Points,50,14,1,1,1,0,
CAMP04279,C0850,16-12-2025,Festival,Percentage Discount,30,32.5,1,1,1,1,27-12-2025
CAMP04280,C0360,11-02-2025,New Product,Free Item,1,23,1,1,0,0,
CAMP04281,C0480,25-07-2026,Discount,Percentage Discount,15,23.25,1,1,0,0,
CAMP04282,C0454,07-01-2025,Birthday,Percentage Discount,20,22,1,1,1,0,
CAMP04283,C0593,07-08-2026,Festival,Percentage Discount,10,25.5,1,1,0,0,
CAMP04284,C0481,17-07-2025,Birthday,Percentage Discount,20,22,1,1,0,0,
CAMP04285,C0526,04-11-2025,Discount,Percentage Discount,5,19.75,1,0,0,0,
CAMP04286,C0386,05-12-2025,Win-back,Percentage Discount,10,27.5,1,1,1,1,10-12-2025
CAMP04287,C0741,11-08-2026,Discount,Percentage Discount,15,23.25,1,1,0,0,
CAMP04288,C0768,02-04-2025,Birthday,Percentage Discount,15,20.25,1,1,0,0,
CAMP04289,C0505,23-06-2026,Loyalty,Points,150,18,1,1,0,0,
CAMP04290,C0031,14-05-2025,Birthday,Percentage Discount,10,18.5,1,1,0,0,
CAMP04291,C0158,26-02-2026,Loyalty,Points,250,22,1,1,0,0,
CAMP04292,C0855,17-07-2025,New Product,Free Item,1,23,1,1,0,0,
CAMP04293,C0788,17-01-2026,Win-back,Percentage Discount,25,32.75,1,1,1,0,
CAMP04294,C0261,29-08-2026,Festival,Percentage Discount,25,30.75,1,1,0,0,
CAMP04295,C0501,05-12-2025,New Product,Free Item,1,23,1,1,0,0,
CAMP04296,C0136,23-09-2024,Festival,Percentage Discount,20,29,1,1,0,0,
CAMP04297,C0175,01-07-2026,Birthday,Percentage Discount,10,18.5,1,1,0,0,
CAMP04298,C0936,23-10-2025,New Product,Free Item,1,23,1,1,0,0,
CAMP04299,C0871,06-10-2025,Loyalty,Points,250,22,1,1,1,0,
CAMP04300,C0214,30-01-2026,New Product,Free Item,1,23,1,1,0,0,
CAMP04301,C0105,05-10-2025,Festival,Percentage Discount,30,32.5,1,0,0,0,
CAMP04302,C0227,08-06-2026,Birthday,Percentage Discount,20,22,1,1,0,0,
CAMP04303,C0649,16-10-2025,New Product,Free Item,1,23,1,1,0,0,
CAMP04304,C0437,06-07-2026,New Product,Free Item,1,23,1,1,0,0,
CAMP04305,C0084,27-05-2026,Discount,Percentage Discount,20,25,1,1,0,0,
CAMP04306,C0355,26-06-2026,Discount,Percentage Discount,10,21.5,1,1,0,0,
CAMP04307,C0275,03-12-2024,Birthday,Percentage Discount,15,20.25,1,1,0,0,
CAMP04308,C0798,15-07-2025,Festival,Percentage Discount,15,27.25,1,1,0,0,
CAMP04309,C0191,13-01-2026,Loyalty,Points,150,18,1,1,1,0,
CAMP04310,C0551,03-02-2026,Festival,Percentage Discount,10,25.5,1,1,1,0,
CAMP04311,C0735,31-07-2026,Discount,Percentage Discount,10,21.5,1,1,0,0,
CAMP04312,C0736,03-09-2024,Discount,Percentage Discount,10,21.5,1,1,0,0,
CAMP04313,C0747,14-07-2026,Loyalty,Points,100,16,1,1,0,0,
CAMP04314,C0996,25-06-2026,Win-back,Percentage Discount,20,31,1,1,0,0,
CAMP04315,C0537,16-03-2026,Discount,Percentage Discount,15,23.25,1,1,0,0,
CAMP04316,C0943,10-08-2026,Win-back,Percentage Discount,15,29.25,1,1,1,0,
CAMP04317,C0995,20-01-2026,Discount,Percentage Discount,5,19.75,1,1,1,0,
CAMP04318,C0890,18-01-2025,Birthday,Percentage Discount,20,22,1,1,0,0,
CAMP04319,C0476,25-07-2026,Loyalty,Points,150,18,1,1,0,0,
CAMP04320,C0884,21-03-2026,Win-back,Percentage Discount,15,29.25,1,1,0,0,
CAMP04321,C0871,28-04-2026,Birthday,Percentage Discount,10,18.5,1,0,0,0,
CAMP04322,C0276,17-04-2026,Festival,Percentage Discount,20,29,1,1,1,0,
CAMP04323,C0606,03-04-2026,Birthday,Percentage Discount,20,22,1,1,0,0,
CAMP04324,C0482,19-11-2025,Festival,Percentage Discount,10,25.5,1,0,0,0,
CAMP04325,C0369,22-03-2026,Win-back,Percentage Discount,20,31,1,1,0,0,
CAMP04326,C0817,08-10-2025,Win-back,Percentage Discount,15,29.25,1,1,0,0,
CAMP04327,C0745,21-08-2025,Festival,Percentage Discount,30,32.5,1,1,0,0,
CAMP04328,C0236,09-08-2026,Birthday,Percentage Discount,10,18.5,1,1,1,0,
CAMP04329,C0376,14-08-2026,Loyalty,Points,250,22,1,1,0,0,
CAMP04330,C0136,10-06-2026,Festival,Percentage Discount,10,25.5,1,1,1,1,22-06-2026
CAMP04331,C0971,08-07-2026,Win-back,Percentage Discount,20,31,1,1,0,0,
CAMP04332,C0456,06-04-2026,New Product,Free Item,1,23,1,1,1,0,
CAMP04333,C0009,23-03-2026,Discount,Percentage Discount,20,25,1,1,1,0,
CAMP04334,C0838,31-05-2024,Birthday,Percentage Discount,15,20.25,1,1,0,0,
CAMP04335,C0599,23-01-2026,Festival,Percentage Discount,10,25.5,1,1,0,0,
CAMP04336,C0676,17-02-2026,Loyalty,Points,150,18,1,1,0,0,
CAMP04337,C0379,12-06-2024,Festival,Percentage Discount,10,25.5,1,1,0,0,
CAMP04338,C0583,26-03-2026,Birthday,Percentage Discount,20,22,1,1,0,0,
CAMP04339,C0855,17-12-2025,Festival,Percentage Discount,25,30.75,1,1,0,0,
CAMP04340,C0381,09-05-2026,New Product,Free Item,1,23,1,1,0,0,
CAMP04341,C0310,26-04-2026,Discount,Percentage Discount,20,25,1,0,0,0,
CAMP04342,C0620,21-05-2026,Discount,Percentage Discount,15,23.25,1,1,1,0,
CAMP04343,C0772,28-11-2025,Win-back,Percentage Discount,10,27.5,1,1,1,1,03-12-2025
CAMP04344,C0020,09-07-2024,New Product,Free Item,1,23,1,1,0,0,
CAMP04345,C0219,22-01-2026,Loyalty,Points,250,22,1,1,0,0,
CAMP04346,C0342,08-11-2025,Discount,Percentage Discount,20,25,1,1,0,0,
CAMP04347,C0807,22-10-2025,Loyalty,Points,100,16,1,1,0,0,
CAMP04348,C0175,05-07-2026,Birthday,Percentage Discount,15,20.25,1,1,0,0,
CAMP04349,C0516,02-10-2025,Discount,Percentage Discount,5,19.75,1,1,0,0,
CAMP04350,C0197,02-05-2026,Win-back,Percentage Discount,10,27.5,1,1,0,0,
CAMP04351,C0333,26-06-2026,Loyalty,Points,100,16,1,1,0,0,
CAMP04352,C0759,24-03-2025,Birthday,Percentage Discount,20,22,1,1,1,0,
CAMP04353,C0993,23-08-2026,Birthday,Percentage Discount,20,22,1,1,1,1,31-08-2026
CAMP04354,C0387,18-07-2026,Birthday,Percentage Discount,15,20.25,1,1,0,0,
CAMP04355,C0149,24-10-2025,Birthday,Percentage Discount,20,22,1,1,1,0,
CAMP04356,C0422,23-09-2024,Birthday,Percentage Discount,20,22,1,1,0,0,
CAMP04357,C0405,21-04-2026,Discount,Percentage Discount,15,23.25,1,0,0,0,
CAMP04358,C0394,04-01-2026,New Product,Free Item,1,23,1,1,0,0,
CAMP04359,C0553,26-06-2026,Birthday,Percentage Discount,15,20.25,1,1,0,0,
CAMP04360,C0516,25-04-2025,Discount,Percentage Discount,15,23.25,1,1,0,0,
CAMP04361,C0551,25-08-2026,Festival,Percentage Discount,25,30.75,1,1,0,0,
CAMP04362,C0454,18-12-2024,Festival,Percentage Discount,20,29,1,1,0,0,
CAMP04363,C0150,21-02-2026,Festival,Percentage Discount,25,30.75,1,1,0,0,
CAMP04364,C0880,05-07-2025,Discount,Percentage Discount,5,19.75,1,1,0,0,
CAMP04365,C0190,24-02-2025,Win-back,Percentage Discount,10,27.5,1,0,0,0,
CAMP04366,C0236,14-11-2025,Festival,Percentage Discount,10,25.5,1,1,1,0,
CAMP04367,C0204,07-12-2025,New Product,Free Item,1,23,1,1,1,0,
CAMP04368,C0927,01-01-2026,New Product,Free Item,1,23,1,1,1,0,
CAMP04369,C0623,19-02-2025,Birthday,Percentage Discount,10,18.5,1,1,0,0,
CAMP04370,C0059,09-05-2026,Loyalty,Points,100,16,1,1,0,0,
CAMP04371,C0789,29-08-2026,Win-back,Percentage Discount,20,31,1,1,0,0,
CAMP04372,C0083,28-04-2025,Loyalty,Points,250,22,1,1,1,0,
CAMP04373,C0100,22-01-2024,Win-back,Percentage Discount,10,27.5,1,0,0,0,
CAMP04374,C0149,11-01-2026,Birthday,Percentage Discount,10,18.5,1,1,0,0,
CAMP04375,C0996,30-11-2025,Loyalty,Points,250,22,1,1,0,0,
CAMP04376,C0455,22-02-2026,New Product,Free Item,1,23,1,0,0,0,
CAMP04377,C0436,04-10-2025,Loyalty,Points,50,14,1,1,0,0,
CAMP04378,C0734,12-08-2026,Win-back,Percentage Discount,25,32.75,1,1,1,0,
CAMP04379,C0546,20-05-2026,Birthday,Percentage Discount,20,22,1,1,0,0,
CAMP04380,C0749,04-02-2026,Discount,Percentage Discount,10,21.5,1,1,0,0,
CAMP04381,C0490,04-08-2026,New Product,Free Item,1,23,1,0,0,0,
CAMP04382,C0582,12-07-2025,Festival,Percentage Discount,30,32.5,1,1,0,0,
CAMP04383,C0914,15-12-2024,Win-back,Percentage Discount,10,27.5,1,1,0,0,
CAMP04384,C0852,10-02-2025,Loyalty,Points,150,18,1,1,0,0,
CAMP04385,C0377,19-10-2025,Birthday,Percentage Discount,15,20.25,1,1,1,0,
CAMP04386,C0065,08-10-2024,Birthday,Percentage Discount,10,18.5,1,1,0,0,
CAMP04387,C0012,09-07-2026,Win-back,Percentage Discount,10,27.5,1,1,0,0,
CAMP04388,C0895,15-12-2025,Festival,Percentage Discount,20,29,1,1,0,0,
CAMP04389,C0379,02-07-2024,Loyalty,Points,100,16,1,1,0,0,
CAMP04390,C0117,10-03-2026,Discount,Percentage Discount,15,23.25,1,1,0,0,
CAMP04391,C0831,03-08-2026,Win-back,Percentage Discount,20,31,1,1,1,1,10-08-2026
CAMP04392,C0807,01-11-2024,New Product,Free Item,1,23,1,1,1,0,
CAMP04393,C0050,10-07-2026,Discount,Percentage Discount,20,25,1,1,1,0,
CAMP04394,C0723,30-07-2024,New Product,Free Item,1,23,1,1,0,0,
CAMP04395,C0974,16-04-2026,Birthday,Percentage Discount,10,18.5,1,1,0,0,
CAMP04396,C0355,12-10-2025,Festival,Percentage Discount,10,25.5,1,1,0,0,
CAMP04397,C0140,09-03-2026,Loyalty,Points,250,22,1,1,0,0,
CAMP04398,C0457,26-02-2025,New Product,Free Item,1,23,1,1,1,0,
CAMP04399,C0491,23-06-2026,Festival,Percentage Discount,25,30.75,1,0,0,0,
CAMP04400,C0119,14-05-2025,Win-back,Percentage Discount,15,29.25,1,1,1,0,
CAMP04401,C0173,13-02-2026,Festival,Percentage Discount,25,30.75,1,0,0,0,
CAMP04402,C0612,18-08-2026,Festival,Percentage Discount,15,27.25,1,1,0,0,
CAMP04403,C0453,08-11-2025,Festival,Percentage Discount,30,32.5,1,0,0,0,
CAMP04404,C0754,26-03-2025,Discount,Percentage Discount,15,23.25,1,1,0,0,
CAMP04405,C0491,30-07-2026,Festival,Percentage Discount,15,27.25,1,1,0,0,
CAMP04406,C0188,17-05-2026,New Product,Free Item,1,23,1,1,0,0,
CAMP04407,C0711,23-08-2026,Win-back,Percentage Discount,15,29.25,1,1,0,0,
CAMP04408,C0830,01-10-2025,New Product,Free Item,1,23,1,1,0,0,
CAMP04409,C0189,31-07-2025,New Product,Free Item,1,23,1,1,0,0,
CAMP04410,C0203,28-10-2025,Birthday,Percentage Discount,15,20.25,1,1,0,0,
CAMP04411,C0163,08-05-2026,Win-back,Percentage Discount,10,27.5,1,1,0,0,
CAMP04412,C0297,06-04-2026,Festival,Percentage Discount,30,32.5,1,1,1,1,15-04-2026
CAMP04413,C0392,11-03-2026,Loyalty,Points,50,14,1,1,0,0,
CAMP04414,C0902,28-06-2026,Festival,Percentage Discount,25,30.75,1,1,1,0,
CAMP04415,C0339,04-05-2026,Birthday,Percentage Discount,20,22,1,1,0,0,
CAMP04416,C0299,04-12-2025,Festival,Percentage Discount,20,29,1,1,0,0,
CAMP04417,C0716,04-06-2026,Festival,Percentage Discount,20,29,1,1,0,0,
CAMP04418,C0088,24-07-2026,Festival,Percentage Discount,20,29,1,1,1,0,
CAMP04419,C0577,04-08-2025,Win-back,Percentage Discount,25,32.75,1,0,0,0,
CAMP04420,C0490,19-05-2024,Discount,Percentage Discount,20,25,1,1,0,0,
CAMP04421,C0886,02-02-2026,Festival,Percentage Discount,20,29,1,1,0,0,
CAMP04422,C0608,19-01-2026,Win-back,Percentage Discount,15,29.25,1,1,0,0,
CAMP04423,C0876,16-05-2025,Discount,Percentage Discount,15,23.25,1,1,0,0,
CAMP04424,C0443,23-11-2025,Festival,Percentage Discount,10,25.5,1,1,0,0,
CAMP04425,C0327,12-10-2025,Loyalty,Points,150,18,1,1,0,0,
CAMP04426,C0430,27-08-2024,Festival,Percentage Discount,15,27.25,1,1,0,0,
CAMP04427,C0636,21-11-2023,Discount,Percentage Discount,15,23.25,1,1,0,0,
CAMP04428,C0226,28-12-2025,New Product,Free Item,1,23,1,1,0,0,
CAMP04429,C0199,24-05-2026,Discount,Percentage Discount,10,21.5,1,1,0,0,
CAMP04430,C0189,06-12-2025,Discount,Percentage Discount,5,19.75,1,1,0,0,
CAMP04431,C0784,04-06-2026,Birthday,Percentage Discount,10,18.5,1,1,0,0,
CAMP04432,C0488,12-07-2025,Birthday,Percentage Discount,15,20.25,1,1,0,0,
CAMP04433,C0515,03-12-2025,Win-back,Percentage Discount,15,29.25,1,1,0,0,
CAMP04434,C0720,14-08-2025,New Product,Free Item,1,23,1,0,0,0,
CAMP04435,C0720,22-08-2025,Festival,Percentage Discount,25,30.75,1,1,1,0,
CAMP04436,C0806,15-09-2025,New Product,Free Item,1,23,1,1,0,0,
CAMP04437,C0677,03-04-2025,Loyalty,Points,150,18,1,1,0,0,
CAMP04438,C0847,22-06-2026,Discount,Percentage Discount,10,21.5,1,0,0,0,
CAMP04439,C0151,04-10-2025,Festival,Percentage Discount,15,27.25,1,1,0,0,
CAMP04440,C0123,09-10-2025,Discount,Percentage Discount,20,25,1,1,1,0,
CAMP04441,C0743,18-03-2025,Win-back,Percentage Discount,15,29.25,1,1,0,0,
CAMP04442,C0310,25-09-2025,Win-back,Percentage Discount,20,31,1,0,0,0,
CAMP04443,C0717,05-03-2026,Win-back,Percentage Discount,25,32.75,1,1,0,0,
CAMP04444,C0716,24-09-2024,Loyalty,Points,100,16,1,1,1,0,
CAMP04445,C0604,11-10-2025,Discount,Percentage Discount,20,25,1,1,0,0,
CAMP04446,C0412,22-08-2026,Discount,Percentage Discount,20,25,1,1,0,0,
CAMP04447,C0286,27-11-2025,Win-back,Percentage Discount,20,31,1,1,0,0,
CAMP04448,C0372,02-08-2025,New Product,Free Item,1,23,1,1,1,0,
CAMP04449,C0523,15-07-2025,Win-back,Percentage Discount,25,32.75,1,1,1,1,18-07-2025
CAMP04450,C0910,23-05-2025,Festival,Percentage Discount,30,32.5,1,1,0,0,
CAMP04451,C0679,03-08-2026,Birthday,Percentage Discount,20,22,1,1,0,0,
CAMP04452,C0747,03-06-2026,Birthday,Percentage Discount,15,20.25,1,1,1,0,
CAMP04453,C0400,10-06-2026,Birthday,Percentage Discount,10,18.5,1,1,0,0,
CAMP04454,C0646,15-05-2026,Birthday,Percentage Discount,10,18.5,1,1,0,0,
CAMP04455,C0462,06-08-2026,Loyalty,Points,150,18,1,1,0,0,
CAMP04456,C0266,04-05-2025,Win-back,Percentage Discount,20,31,1,0,0,0,
CAMP04457,C0459,26-12-2025,Birthday,Percentage Discount,20,22,1,1,0,0,
CAMP04458,C0098,10-05-2025,Festival,Percentage Discount,10,25.5,1,1,0,0,
CAMP04459,C0575,17-11-2025,Win-back,Percentage Discount,15,29.25,1,1,0,0,
CAMP04460,C0553,11-07-2026,Win-back,Percentage Discount,20,31,1,1,0,0,
CAMP04461,C0061,04-05-2026,Festival,Percentage Discount,10,25.5,1,1,0,0,
CAMP04462,C0090,10-11-2025,Festival,Percentage Discount,20,29,1,1,1,0,
CAMP04463,C0263,30-06-2026,Win-back,Percentage Discount,15,29.25,1,1,0,0,
CAMP04464,C0452,06-01-2025,Birthday,Percentage Discount,15,20.25,1,1,0,0,
CAMP04465,C0389,23-05-2025,Discount,Percentage Discount,5,19.75,1,1,0,0,
CAMP04466,C0371,08-08-2024,Discount,Percentage Discount,20,25,1,1,1,0,
CAMP04467,C0955,13-12-2025,Loyalty,Points,100,16,1,0,0,0,
CAMP04468,C0917,10-04-2026,Win-back,Percentage Discount,15,29.25,1,1,0,0,
CAMP04469,C1000,27-08-2026,New Product,Free Item,1,23,1,1,0,0,
CAMP04470,C0029,11-07-2024,New Product,Free Item,1,23,1,0,0,0,
CAMP04471,C0543,18-05-2025,Win-back,Percentage Discount,25,32.75,1,0,0,0,
CAMP04472,C0392,18-02-2026,New Product,Free Item,1,23,1,1,0,0,
CAMP04473,C0431,11-06-2026,Birthday,Percentage Discount,10,18.5,1,0,0,0,
CAMP04474,C0525,15-10-2025,Birthday,Percentage Discount,15,20.25,1,1,0,0,
CAMP04475,C0418,12-11-2024,New Product,Free Item,1,23,1,1,0,0,
CAMP04476,C0427,04-05-2026,New Product,Free Item,1,23,1,1,0,0,
CAMP04477,C0356,16-06-2025,Birthday,Percentage Discount,15,20.25,1,1,0,0,
CAMP04478,C0108,03-12-2024,Discount,Percentage Discount,5,19.75,1,1,0,0,
CAMP04479,C0849,14-11-2025,New Product,Free Item,1,23,1,1,1,0,
CAMP04480,C0191,01-01-2026,Discount,Percentage Discount,15,23.25,1,1,0,0,
CAMP04481,C0058,28-11-2025,Discount,Percentage Discount,15,23.25,1,1,0,0,
CAMP04482,C0068,18-09-2025,Win-back,Percentage Discount,10,27.5,1,1,1,1,24-09-2025
CAMP04483,C0372,01-03-2025,Discount,Percentage Discount,20,25,1,1,1,1,07-03-2025
CAMP04484,C0460,21-06-2026,Birthday,Percentage Discount,15,20.25,1,1,0,0,
CAMP04485,C0767,05-04-2026,Discount,Percentage Discount,15,23.25,1,1,0,0,
CAMP04486,C0300,21-04-2026,New Product,Free Item,1,23,1,1,0,0,
CAMP04487,C0670,21-08-2025,Discount,Percentage Discount,5,19.75,1,1,0,0,
CAMP04488,C0280,10-08-2026,Win-back,Percentage Discount,25,32.75,1,1,1,0,
CAMP04489,C0182,25-08-2026,Birthday,Percentage Discount,20,22,1,1,0,0,
CAMP04490,C0213,16-02-2026,Festival,Percentage Discount,30,32.5,1,0,0,0,
CAMP04491,C0186,30-03-2026,Festival,Percentage Discount,20,29,1,1,0,0,
CAMP04492,C0510,23-08-2024,Loyalty,Points,150,18,1,1,0,0,
CAMP04493,C0785,25-01-2026,Festival,Percentage Discount,15,27.25,1,1,1,1,27-01-2026
CAMP04494,C0930,13-06-2026,New Product,Free Item,1,23,1,1,0,0,
CAMP04495,C0162,18-08-2025,Win-back,Percentage Discount,15,29.25,1,1,0,0,
CAMP04496,C0626,12-02-2026,Discount,Percentage Discount,20,25,1,1,0,0,
CAMP04497,C0866,29-06-2025,Win-back,Percentage Discount,20,31,1,1,1,0,
CAMP04498,C0745,21-05-2026,Loyalty,Points,150,18,1,0,0,0,
CAMP04499,C0860,19-04-2026,Win-back,Percentage Discount,10,27.5,1,1,0,0,
CAMP04500,C0284,10-08-2026,New Product,Free Item,1,23,1,0,0,0,
CAMP04501,C0789,12-07-2026,Loyalty,Points,250,22,1,1,0,0,
CAMP04502,C0867,17-06-2025,New Product,Free Item,1,23,1,1,0,0,
CAMP04503,C0007,14-07-2026,Discount,Percentage Discount,10,21.5,1,1,1,1,23-07-2026
CAMP04504,C0413,14-06-2026,Loyalty,Points,100,16,1,1,0,0,
CAMP04505,C0742,11-07-2026,Loyalty,Points,250,22,1,1,0,0,
CAMP04506,C0614,19-03-2026,Discount,Percentage Discount,10,21.5,1,1,0,0,
CAMP04507,C0283,13-04-2025,New Product,Free Item,1,23,1,1,0,0,
CAMP04508,C0606,21-12-2025,Win-back,Percentage Discount,10,27.5,1,0,0,0,
CAMP04509,C0102,15-12-2025,Win-back,Percentage Discount,15,29.25,1,0,0,0,
CAMP04510,C0275,29-11-2024,Win-back,Percentage Discount,15,29.25,1,1,0,0,
CAMP04511,C0621,17-03-2026,Loyalty,Points,250,22,1,0,0,0,
CAMP04512,C0552,31-03-2026,New Product,Free Item,1,23,1,1,0,0,
CAMP04513,C0767,10-01-2026,Win-back,Percentage Discount,20,31,1,1,0,0,
CAMP04514,C0524,14-02-2025,Birthday,Percentage Discount,15,20.25,1,1,1,0,
CAMP04515,C0452,05-06-2026,Win-back,Percentage Discount,10,27.5,1,1,0,0,
CAMP04516,C0789,15-05-2026,Birthday,Percentage Discount,15,20.25,1,1,0,0,
CAMP04517,C0488,19-01-2026,Win-back,Percentage Discount,15,29.25,1,1,0,0,
CAMP04518,C0371,24-01-2025,Festival,Percentage Discount,30,32.5,1,1,0,0,
CAMP04519,C0686,18-04-2026,Win-back,Percentage Discount,10,27.5,1,1,1,0,
CAMP04520,C0344,19-05-2026,Win-back,Percentage Discount,10,27.5,1,1,1,0,
CAMP04521,C0327,25-02-2026,Win-back,Percentage Discount,15,29.25,1,1,0,0,
CAMP04522,C0037,05-04-2026,Festival,Percentage Discount,15,27.25,1,1,0,0,
CAMP04523,C0542,23-08-2026,Birthday,Percentage Discount,15,20.25,1,0,0,0,
CAMP04524,C0824,15-07-2026,Discount,Percentage Discount,20,25,1,1,1,1,29-07-2026
CAMP04525,C0334,27-11-2025,Festival,Percentage Discount,20,29,1,1,0,0,
CAMP04526,C0693,18-08-2026,Festival,Percentage Discount,25,30.75,1,1,1,1,19-08-2026
CAMP04527,C0428,25-06-2025,Loyalty,Points,250,22,1,1,1,0,
CAMP04528,C0170,11-05-2026,Discount,Percentage Discount,20,25,1,1,1,0,
CAMP04529,C0774,21-08-2024,New Product,Free Item,1,23,1,1,0,0,
CAMP04530,C0032,03-01-2025,Discount,Percentage Discount,20,25,1,1,1,0,
CAMP04531,C0358,11-09-2024,Win-back,Percentage Discount,15,29.25,1,1,1,0,
CAMP04532,C0820,24-01-2026,Win-back,Percentage Discount,10,27.5,1,1,0,0,
CAMP04533,C0414,26-11-2025,Win-back,Percentage Discount,10,27.5,1,1,1,0,
CAMP04534,C0097,07-04-2026,Win-back,Percentage Discount,15,29.25,1,1,1,0,
CAMP04535,C0624,28-08-2026,Loyalty,Points,100,16,1,1,0,0,
CAMP04536,C0379,20-04-2025,New Product,Free Item,1,23,1,1,0,0,
CAMP04537,C0201,19-08-2026,Win-back,Percentage Discount,20,31,1,1,0,0,
CAMP04538,C0570,21-09-2025,Win-back,Percentage Discount,20,31,1,1,1,0,
CAMP04539,C0176,18-04-2026,Festival,Percentage Discount,10,25.5,1,0,0,0,
CAMP04540,C0148,12-06-2026,Festival,Percentage Discount,25,30.75,1,1,0,0,
CAMP04541,C0943,03-08-2026,New Product,Free Item,1,23,1,1,0,0,
CAMP04542,C0997,17-08-2026,Festival,Percentage Discount,10,25.5,1,1,0,0,
CAMP04543,C0833,27-08-2025,Loyalty,Points,250,22,1,1,0,0,
CAMP04544,C0593,23-07-2026,Loyalty,Points,100,16,1,1,1,0,
CAMP04545,C0563,23-07-2026,Loyalty,Points,50,14,1,1,1,0,
CAMP04546,C0347,15-04-2026,Birthday,Percentage Discount,10,18.5,1,1,0,0,
CAMP04547,C0476,26-05-2025,Discount,Percentage Discount,15,23.25,1,1,1,1,08-06-2025
CAMP04548,C0613,03-06-2026,Discount,Percentage Discount,10,21.5,1,1,1,0,
CAMP04549,C0968,07-03-2026,Birthday,Percentage Discount,10,18.5,1,1,0,0,
CAMP04550,C0125,24-07-2026,Discount,Percentage Discount,10,21.5,1,0,0,0,
CAMP04551,C0276,15-11-2024,Festival,Percentage Discount,15,27.25,1,1,0,0,
CAMP04552,C0831,10-08-2026,Discount,Percentage Discount,5,19.75,1,1,1,0,
CAMP04553,C0970,03-12-2025,Festival,Percentage Discount,20,29,1,1,0,0,
CAMP04554,C0962,22-06-2024,Win-back,Percentage Discount,10,27.5,1,1,0,0,
CAMP04555,C0076,08-01-2026,Discount,Percentage Discount,15,23.25,1,0,0,0,
CAMP04556,C0493,13-11-2025,New Product,Free Item,1,23,1,1,1,1,17-11-2025
CAMP04557,C0016,04-03-2024,Win-back,Percentage Discount,20,31,1,1,0,0,
CAMP04558,C0707,28-04-2026,Loyalty,Points,250,22,1,1,0,0,
CAMP04559,C0841,30-05-2025,Win-back,Percentage Discount,15,29.25,1,1,0,0,
CAMP04560,C0588,11-01-2024,Loyalty,Points,250,22,1,1,1,0,
CAMP04561,C0188,05-06-2026,Loyalty,Points,250,22,1,1,0,0,
CAMP04562,C0013,25-05-2025,Festival,Percentage Discount,10,25.5,1,1,1,1,02-06-2025
CAMP04563,C0060,25-03-2026,New Product,Free Item,1,23,1,1,0,0,
CAMP04564,C0142,30-06-2026,Discount,Percentage Discount,15,23.25,1,1,1,0,
CAMP04565,C0111,27-02-2025,Festival,Percentage Discount,15,27.25,1,1,0,0,
CAMP04566,C0623,27-08-2025,New Product,Free Item,1,23,1,1,0,0,
CAMP04567,C0163,17-06-2026,New Product,Free Item,1,23,1,1,0,0,
CAMP04568,C0839,17-09-2024,Discount,Percentage Discount,5,19.75,1,1,0,0,
CAMP04569,C0892,13-07-2026,Festival,Percentage Discount,20,29,1,1,0,0,
CAMP04570,C0121,13-08-2026,Festival,Percentage Discount,10,25.5,1,1,0,0,
CAMP04571,C0378,15-07-2026,Birthday,Percentage Discount,15,20.25,1,1,1,0,
CAMP04572,C0167,14-02-2026,New Product,Free Item,1,23,1,1,1,0,
CAMP04573,C0983,14-08-2026,Birthday,Percentage Discount,15,20.25,1,1,1,1,26-08-2026
CAMP04574,C0151,09-12-2025,Birthday,Percentage Discount,10,18.5,1,1,0,0,
CAMP04575,C0258,16-08-2026,Festival,Percentage Discount,30,32.5,1,1,1,0,
CAMP04576,C0330,03-08-2025,Birthday,Percentage Discount,10,18.5,1,1,0,0,
CAMP04577,C0707,26-02-2026,Win-back,Percentage Discount,25,32.75,1,1,0,0,
CAMP04578,C0274,15-09-2024,Loyalty,Points,50,14,1,1,0,0,
CAMP04579,C0658,02-05-2026,New Product,Free Item,1,23,1,1,0,0,
CAMP04580,C0015,12-05-2026,Win-back,Percentage Discount,15,29.25,1,1,1,1,21-05-2026
CAMP04581,C0987,22-08-2026,Birthday,Percentage Discount,20,22,1,1,0,0,
CAMP04582,C0697,01-06-2024,Loyalty,Points,50,14,1,1,1,0,
CAMP04583,C0904,31-03-2024,Loyalty,Points,50,14,1,1,0,0,
CAMP04584,C0101,14-07-2026,Discount,Percentage Discount,15,23.25,1,1,0,0,
CAMP04585,C0289,25-12-2025,Festival,Percentage Discount,25,30.75,1,1,0,0,
CAMP04586,C0924,21-08-2026,Loyalty,Points,150,18,1,1,1,0,
CAMP04587,C0836,06-01-2026,Win-back,Percentage Discount,15,29.25,1,1,0,0,
CAMP04588,C0028,15-10-2025,Festival,Percentage Discount,10,25.5,1,1,1,0,
CAMP04589,C0438,14-08-2026,Discount,Percentage Discount,20,25,1,1,0,0,
CAMP04590,C0725,29-08-2026,Loyalty,Points,150,18,1,1,0,0,
CAMP04591,C0593,28-07-2026,Birthday,Percentage Discount,15,20.25,1,1,0,0,
CAMP04592,C0037,12-08-2025,Loyalty,Points,250,22,1,1,0,0,
CAMP04593,C0782,19-05-2025,New Product,Free Item,1,23,1,1,0,0,
CAMP04594,C0247,23-07-2025,Discount,Percentage Discount,20,25,1,0,0,0,
CAMP04595,C0757,16-12-2025,Loyalty,Points,250,22,1,1,1,0,
CAMP04596,C0400,04-08-2026,Festival,Percentage Discount,20,29,1,1,0,0,
CAMP04597,C0409,11-08-2026,New Product,Free Item,1,23,1,1,0,0,
CAMP04598,C0425,22-09-2024,Win-back,Percentage Discount,20,31,1,1,0,0,
CAMP04599,C0117,13-08-2026,Discount,Percentage Discount,5,19.75,1,1,0,0,
CAMP04600,C0549,21-03-2026,Win-back,Percentage Discount,15,29.25,1,1,1,0,
CAMP04601,C0716,23-02-2026,Win-back,Percentage Discount,20,31,1,1,0,0,
CAMP04602,C0304,08-07-2025,Discount,Percentage Discount,5,19.75,1,1,0,0,
CAMP04603,C0716,10-04-2025,Loyalty,Points,100,16,1,1,0,0,
CAMP04604,C0750,01-08-2026,Discount,Percentage Discount,20,25,1,1,1,0,
CAMP04605,C0689,07-04-2026,New Product,Free Item,1,23,1,1,1,1,18-04-2026
CAMP04606,C0489,14-02-2025,Loyalty,Points,250,22,1,1,0,0,
CAMP04607,C0601,11-11-2025,Birthday,Percentage Discount,20,22,1,1,0,0,
CAMP04608,C0467,01-07-2025,Loyalty,Points,100,16,1,1,0,0,
CAMP04609,C0830,06-04-2026,Win-back,Percentage Discount,10,27.5,1,1,0,0,
CAMP04610,C0717,09-07-2025,New Product,Free Item,1,23,1,1,1,0,
CAMP04611,C0736,03-08-2025,Loyalty,Points,100,16,1,1,0,0,
CAMP04612,C0244,30-05-2026,Birthday,Percentage Discount,20,22,1,1,0,0,
CAMP04613,C0730,01-08-2026,Discount,Percentage Discount,20,25,1,1,0,0,
CAMP04614,C0662,07-06-2026,Win-back,Percentage Discount,10,27.5,1,1,0,0,
CAMP04615,C0898,23-07-2024,Loyalty,Points,150,18,1,1,0,0,
CAMP04616,C0241,13-08-2026,Festival,Percentage Discount,25,30.75,1,1,1,0,
CAMP04617,C0962,03-11-2025,Discount,Percentage Discount,5,19.75,1,1,0,0,
CAMP04618,C0998,08-09-2024,Discount,Percentage Discount,10,21.5,1,1,1,1,19-09-2024
CAMP04619,C0406,21-02-2026,Loyalty,Points,150,18,1,1,0,0,
CAMP04620,C0015,13-04-2026,Discount,Percentage Discount,20,25,1,1,1,0,
CAMP04621,C0362,26-08-2026,Loyalty,Points,150,18,1,1,0,0,
CAMP04622,C0998,19-11-2025,Festival,Percentage Discount,10,25.5,1,1,1,0,
CAMP04623,C0034,18-08-2026,Festival,Percentage Discount,20,29,1,1,0,0,
CAMP04624,C0640,31-07-2026,Win-back,Percentage Discount,10,27.5,1,1,1,0,
CAMP04625,C0201,26-07-2026,Festival,Percentage Discount,30,32.5,1,1,1,0,
CAMP04626,C0672,05-07-2025,Discount,Percentage Discount,15,23.25,1,1,1,0,
CAMP04627,C0360,15-08-2024,Win-back,Percentage Discount,20,31,1,1,1,0,
CAMP04628,C0975,19-11-2025,Festival,Percentage Discount,15,27.25,1,1,0,0,
CAMP04629,C0540,03-06-2026,Win-back,Percentage Discount,20,31,1,1,0,0,
CAMP04630,C0955,19-02-2025,Win-back,Percentage Discount,10,27.5,1,0,0,0,
CAMP04631,C0886,29-03-2026,Loyalty,Points,50,14,1,1,0,0,
CAMP04632,C0702,01-05-2026,Win-back,Percentage Discount,10,27.5,1,1,0,0,
CAMP04633,C0650,24-02-2026,Win-back,Percentage Discount,15,29.25,1,1,1,0,
CAMP04634,C0887,02-10-2024,Win-back,Percentage Discount,15,29.25,1,1,0,0,
CAMP04635,C0087,12-05-2025,Loyalty,Points,250,22,1,1,1,0,
CAMP04636,C0831,12-08-2026,New Product,Free Item,1,23,1,1,0,0,
CAMP04637,C0096,24-08-2026,Festival,Percentage Discount,10,25.5,1,1,0,0,
CAMP04638,C0734,21-07-2026,Festival,Percentage Discount,25,30.75,1,1,0,0,
CAMP04639,C0821,17-09-2023,Discount,Percentage Discount,15,23.25,1,1,0,0,
CAMP04640,C0173,27-08-2025,Loyalty,Points,150,18,1,1,0,0,
CAMP04641,C0802,30-11-2025,New Product,Free Item,1,23,1,0,0,0,
CAMP04642,C0766,16-06-2024,Festival,Percentage Discount,30,32.5,1,1,1,0,
CAMP04643,C0497,01-07-2025,Discount,Percentage Discount,5,19.75,1,1,0,0,
CAMP04644,C0561,25-04-2025,Loyalty,Points,50,14,1,1,0,0,
CAMP04645,C0058,17-06-2024,Festival,Percentage Discount,30,32.5,1,1,0,0,
CAMP04646,C0137,03-05-2026,Birthday,Percentage Discount,20,22,1,1,1,1,08-05-2026
CAMP04647,C0789,29-10-2025,Win-back,Percentage Discount,25,32.75,1,1,0,0,
CAMP04648,C0702,07-05-2024,New Product,Free Item,1,23,1,1,0,0,
CAMP04649,C0015,13-03-2026,New Product,Free Item,1,23,1,1,1,0,
CAMP04650,C0556,11-06-2025,Loyalty,Points,250,22,1,0,0,0,
CAMP04651,C0871,12-02-2025,Discount,Percentage Discount,20,25,1,1,0,0,
CAMP04652,C0362,24-08-2025,Win-back,Percentage Discount,25,32.75,1,1,0,0,
CAMP04653,C0475,21-06-2026,Loyalty,Points,150,18,1,0,0,0,
CAMP04654,C0018,22-11-2025,Birthday,Percentage Discount,10,18.5,1,1,0,0,
CAMP04655,C0545,20-06-2025,Birthday,Percentage Discount,20,22,1,1,0,0,
CAMP04656,C0402,10-12-2025,New Product,Free Item,1,23,1,1,0,0,
CAMP04657,C0029,24-08-2026,Festival,Percentage Discount,25,30.75,1,1,0,0,
CAMP04658,C0177,13-05-2026,New Product,Free Item,1,23,1,1,0,0,
CAMP04659,C0478,14-06-2026,New Product,Free Item,1,23,1,1,0,0,
CAMP04660,C0623,06-03-2025,Discount,Percentage Discount,20,25,1,0,0,0,
CAMP04661,C0734,22-08-2026,Festival,Percentage Discount,30,32.5,1,1,1,0,
CAMP04662,C0136,17-05-2026,Festival,Percentage Discount,20,29,1,1,0,0,
CAMP04663,C0665,14-01-2025,Birthday,Percentage Discount,20,22,1,1,0,0,
CAMP04664,C0819,22-07-2025,Win-back,Percentage Discount,15,29.25,1,1,1,0,
CAMP04665,C0965,14-11-2025,Win-back,Percentage Discount,10,27.5,1,1,0,0,
CAMP04666,C0152,08-03-2025,Birthday,Percentage Discount,20,22,1,1,0,0,
CAMP04667,C0888,26-07-2026,New Product,Free Item,1,23,1,1,0,0,
CAMP04668,C0897,16-07-2025,Festival,Percentage Discount,15,27.25,1,1,1,0,
CAMP04669,C0742,29-08-2026,New Product,Free Item,1,23,1,1,1,0,
CAMP04670,C0584,04-07-2026,Birthday,Percentage Discount,15,20.25,1,1,0,0,
CAMP04671,C0981,01-06-2026,Loyalty,Points,100,16,1,1,0,0,
CAMP04672,C0497,06-01-2026,Loyalty,Points,250,22,1,1,1,0,
CAMP04673,C0214,05-02-2026,Discount,Percentage Discount,10,21.5,1,1,0,0,
CAMP04674,C0417,26-01-2026,Birthday,Percentage Discount,15,20.25,1,1,0,0,
CAMP04675,C0814,31-10-2025,Festival,Percentage Discount,20,29,1,1,0,0,
CAMP04676,C0198,07-07-2025,Birthday,Percentage Discount,20,22,1,1,0,0,
CAMP04677,C0436,25-04-2025,Discount,Percentage Discount,20,25,1,1,0,0,
CAMP04678,C0704,02-11-2024,Loyalty,Points,150,18,1,1,0,0,
CAMP04679,C0227,10-04-2025,New Product,Free Item,1,23,1,1,0,0,
CAMP04680,C0953,31-05-2026,Festival,Percentage Discount,10,25.5,1,1,0,0,
CAMP04681,C0685,23-08-2026,Birthday,Percentage Discount,10,18.5,1,1,0,0,
CAMP04682,C0791,11-06-2026,Loyalty,Points,250,22,1,1,0,0,
CAMP04683,C0385,07-08-2026,Birthday,Percentage Discount,15,20.25,1,1,1,0,
CAMP04684,C0754,24-07-2026,Loyalty,Points,150,18,1,1,0,0,
CAMP04685,C0054,06-04-2024,Festival,Percentage Discount,15,27.25,1,1,0,0,
CAMP04686,C0124,27-08-2026,Loyalty,Points,50,14,1,1,0,0,
CAMP04687,C0517,31-12-2025,Festival,Percentage Discount,20,29,1,1,1,0,
CAMP04688,C0684,26-09-2024,Discount,Percentage Discount,10,21.5,1,1,1,0,
CAMP04689,C0850,16-07-2026,Discount,Percentage Discount,15,23.25,1,1,1,1,23-07-2026
CAMP04690,C0021,27-02-2025,Birthday,Percentage Discount,10,18.5,1,0,0,0,
CAMP04691,C0706,29-07-2024,New Product,Free Item,1,23,1,1,1,0,
CAMP04692,C0106,31-12-2023,Win-back,Percentage Discount,10,27.5,1,1,0,0,
CAMP04693,C0585,22-08-2026,Loyalty,Points,150,18,1,1,0,0,
CAMP04694,C0209,27-02-2024,Birthday,Percentage Discount,20,22,1,1,0,0,
CAMP04695,C0305,27-04-2026,Discount,Percentage Discount,20,25,1,1,1,0,
CAMP04696,C0232,24-12-2025,Festival,Percentage Discount,30,32.5,1,1,1,0,
CAMP04697,C0414,23-06-2026,Festival,Percentage Discount,20,29,1,1,0,0,
CAMP04698,C0831,10-08-2026,New Product,Free Item,1,23,1,1,0,0,
CAMP04699,C0234,25-02-2026,Birthday,Percentage Discount,15,20.25,1,1,1,0,
CAMP04700,C0169,26-01-2025,Loyalty,Points,50,14,1,1,0,0,
CAMP04701,C0743,25-06-2026,Festival,Percentage Discount,10,25.5,1,1,0,0,
CAMP04702,C0100,07-08-2026,Loyalty,Points,50,14,1,1,0,0,
CAMP04703,C0796,02-07-2026,New Product,Free Item,1,23,1,1,0,0,
CAMP04704,C0077,22-03-2026,Win-back,Percentage Discount,10,27.5,1,1,0,0,
CAMP04705,C0825,12-06-2026,Discount,Percentage Discount,5,19.75,1,1,0,0,
CAMP04706,C0100,21-12-2025,Discount,Percentage Discount,20,25,1,1,0,0,
CAMP04707,C0201,08-08-2026,Win-back,Percentage Discount,10,27.5,1,1,0,0,
CAMP04708,C0685,22-03-2026,Discount,Percentage Discount,5,19.75,1,1,0,0,
CAMP04709,C0727,08-07-2026,Win-back,Percentage Discount,20,31,1,1,0,0,
CAMP04710,C0515,03-04-2026,Discount,Percentage Discount,10,21.5,1,1,1,0,
CAMP04711,C0976,24-08-2026,Discount,Percentage Discount,10,21.5,1,1,0,0,
CAMP04712,C0291,03-12-2025,Birthday,Percentage Discount,10,18.5,1,1,0,0,
CAMP04713,C0530,03-11-2025,New Product,Free Item,1,23,1,1,1,0,
CAMP04714,C0005,21-11-2025,Loyalty,Points,100,16,1,1,0,0,
CAMP04715,C0581,14-10-2024,Win-back,Percentage Discount,25,32.75,1,1,0,0,
CAMP04716,C0789,26-11-2025,Festival,Percentage Discount,15,27.25,1,1,1,0,
CAMP04717,C0441,21-06-2026,New Product,Free Item,1,23,1,1,1,0,
CAMP04718,C0300,24-05-2026,Win-back,Percentage Discount,25,32.75,1,1,1,0,
CAMP04719,C0844,18-12-2025,Festival,Percentage Discount,15,27.25,1,1,0,0,
CAMP04720,C0296,12-02-2025,Festival,Percentage Discount,10,25.5,1,1,0,0,
CAMP04721,C0539,10-04-2026,New Product,Free Item,1,23,1,1,0,0,
CAMP04722,C0697,22-05-2024,Loyalty,Points,250,22,1,1,0,0,
CAMP04723,C0430,06-04-2026,Discount,Percentage Discount,15,23.25,1,1,1,0,
CAMP04724,C0931,23-02-2026,Festival,Percentage Discount,25,30.75,1,1,1,1,05-03-2026
CAMP04725,C0583,15-02-2025,Win-back,Percentage Discount,15,29.25,1,1,0,0,
CAMP04726,C0248,05-02-2026,New Product,Free Item,1,23,1,1,1,0,
CAMP04727,C0169,29-10-2024,Festival,Percentage Discount,20,29,1,1,0,0,
CAMP04728,C0223,16-07-2024,Win-back,Percentage Discount,20,31,1,1,1,0,
CAMP04729,C0039,19-07-2024,New Product,Free Item,1,23,1,1,0,0,
CAMP04730,C0764,11-06-2025,Discount,Percentage Discount,20,25,1,1,1,1,12-06-2025
CAMP04731,C0940,13-05-2025,New Product,Free Item,1,23,1,1,0,0,
CAMP04732,C0295,27-01-2026,Win-back,Percentage Discount,20,31,1,1,0,0,
CAMP04733,C0294,14-04-2026,Birthday,Percentage Discount,20,22,1,1,1,0,
CAMP04734,C0639,12-06-2026,Win-back,Percentage Discount,20,31,1,1,0,0,
CAMP04735,C0326,06-05-2026,Birthday,Percentage Discount,10,18.5,1,1,1,0,
CAMP04736,C0744,26-06-2026,Birthday,Percentage Discount,15,20.25,1,1,1,1,29-06-2026
CAMP04737,C0038,30-05-2026,Win-back,Percentage Discount,15,29.25,1,0,0,0,
CAMP04738,C0434,13-04-2026,Win-back,Percentage Discount,15,29.25,1,1,0,0,
CAMP04739,C0946,11-06-2026,Festival,Percentage Discount,20,29,1,0,0,0,
CAMP04740,C0523,08-04-2025,Festival,Percentage Discount,30,32.5,1,1,1,0,
CAMP04741,C0182,06-04-2026,Discount,Percentage Discount,20,25,1,1,0,0,
CAMP04742,C0379,09-07-2026,Discount,Percentage Discount,15,23.25,1,1,0,0,
CAMP04743,C0101,24-12-2025,Birthday,Percentage Discount,10,18.5,1,0,0,0,
CAMP04744,C0968,19-06-2024,Win-back,Percentage Discount,10,27.5,1,1,0,0,
CAMP04745,C0448,07-11-2025,Win-back,Percentage Discount,10,27.5,1,0,0,0,
CAMP04746,C0753,22-08-2025,Festival,Percentage Discount,20,29,1,1,0,0,
CAMP04747,C0205,26-06-2026,Birthday,Percentage Discount,20,22,1,1,1,0,
CAMP04748,C0173,17-08-2026,Discount,Percentage Discount,20,25,1,1,1,0,
CAMP04749,C0570,17-04-2026,Win-back,Percentage Discount,20,31,1,1,1,0,
CAMP04750,C0674,08-11-2025,New Product,Free Item,1,23,1,1,1,0,
CAMP04751,C0002,01-10-2025,Birthday,Percentage Discount,20,22,1,1,0,0,
CAMP04752,C0517,10-07-2026,Birthday,Percentage Discount,10,18.5,1,1,0,0,
CAMP04753,C0270,17-05-2026,Discount,Percentage Discount,5,19.75,1,1,0,0,
CAMP04754,C0767,07-11-2025,Festival,Percentage Discount,25,30.75,1,1,1,0,
CAMP04755,C0330,09-10-2025,Birthday,Percentage Discount,15,20.25,1,0,0,0,
CAMP04756,C0822,04-07-2026,Discount,Percentage Discount,10,21.5,1,1,0,0,
CAMP04757,C0258,29-04-2026,New Product,Free Item,1,23,1,1,0,0,
CAMP04758,C0465,11-08-2026,Birthday,Percentage Discount,15,20.25,1,1,1,1,16-08-2026
CAMP04759,C0017,11-07-2026,Discount,Percentage Discount,5,19.75,1,1,1,1,24-07-2026
CAMP04760,C0568,25-01-2026,Discount,Percentage Discount,20,25,1,1,0,0,
CAMP04761,C0713,28-06-2025,Loyalty,Points,250,22,1,1,0,0,
CAMP04762,C0093,10-06-2026,Festival,Percentage Discount,20,29,1,1,1,1,23-06-2026
CAMP04763,C0373,12-07-2025,Discount,Percentage Discount,20,25,1,1,1,1,19-07-2025
CAMP04764,C0129,10-08-2026,Win-back,Percentage Discount,25,32.75,1,1,0,0,
CAMP04765,C0619,26-12-2025,Festival,Percentage Discount,15,27.25,1,1,0,0,
CAMP04766,C0388,31-12-2024,Festival,Percentage Discount,15,27.25,1,1,0,0,
CAMP04767,C0003,08-02-2026,Festival,Percentage Discount,20,29,1,1,0,0,
CAMP04768,C0252,25-08-2025,Birthday,Percentage Discount,20,22,1,1,0,0,
CAMP04769,C0378,07-08-2026,Discount,Percentage Discount,5,19.75,1,1,1,0,
CAMP04770,C0086,30-05-2025,Loyalty,Points,50,14,1,0,0,0,
CAMP04771,C0587,19-04-2026,Loyalty,Points,100,16,1,1,0,0,
CAMP04772,C0850,04-05-2026,Loyalty,Points,250,22,1,1,1,0,
CAMP04773,C0857,19-07-2025,Birthday,Percentage Discount,20,22,1,1,0,0,
CAMP04774,C0417,03-07-2026,Discount,Percentage Discount,15,23.25,1,1,1,1,07-07-2026
CAMP04775,C0247,07-11-2025,Win-back,Percentage Discount,20,31,1,1,1,0,
CAMP04776,C0101,09-01-2026,Festival,Percentage Discount,25,30.75,1,1,0,0,
CAMP04777,C0981,18-05-2025,Win-back,Percentage Discount,20,31,1,1,1,0,
CAMP04778,C0244,30-06-2024,Discount,Percentage Discount,15,23.25,1,1,0,0,
CAMP04779,C0785,21-05-2026,Birthday,Percentage Discount,20,22,1,1,0,0,
CAMP04780,C0554,05-03-2026,New Product,Free Item,1,23,1,1,0,0,
CAMP04781,C0289,06-11-2025,Festival,Percentage Discount,10,25.5,1,1,0,0,
CAMP04782,C0896,04-02-2026,Loyalty,Points,50,14,1,1,1,1,05-02-2026
CAMP04783,C0672,07-03-2026,Discount,Percentage Discount,20,25,1,1,1,0,
CAMP04784,C0636,22-11-2025,Birthday,Percentage Discount,20,22,1,1,1,0,
CAMP04785,C0098,03-08-2024,Discount,Percentage Discount,5,19.75,1,0,0,0,
CAMP04786,C0990,30-05-2026,Festival,Percentage Discount,25,30.75,1,1,0,0,
CAMP04787,C0449,18-02-2026,Birthday,Percentage Discount,15,20.25,1,1,1,1,25-02-2026
CAMP04788,C0070,20-09-2025,Festival,Percentage Discount,25,30.75,1,1,0,0,
CAMP04789,C0203,02-04-2026,Win-back,Percentage Discount,15,29.25,1,1,0,0,
CAMP04790,C0974,21-05-2026,Win-back,Percentage Discount,25,32.75,1,1,0,0,
CAMP04791,C0224,25-11-2025,New Product,Free Item,1,23,1,1,0,0,
CAMP04792,C0867,27-01-2025,Festival,Percentage Discount,25,30.75,1,1,0,0,
CAMP04793,C0424,28-03-2026,Loyalty,Points,100,16,1,1,0,0,
CAMP04794,C0712,10-07-2026,Festival,Percentage Discount,10,25.5,1,1,1,0,
CAMP04795,C0388,29-04-2026,Festival,Percentage Discount,25,30.75,1,0,0,0,
CAMP04796,C0341,02-06-2026,Loyalty,Points,250,22,1,1,1,1,09-06-2026
CAMP04797,C0839,26-02-2026,Discount,Percentage Discount,10,21.5,1,1,0,0,
CAMP04798,C0959,30-08-2026,New Product,Free Item,1,23,1,1,0,0,
CAMP04799,C0337,30-05-2024,Discount,Percentage Discount,10,21.5,1,1,0,0,
CAMP04800,C0586,12-06-2026,New Product,Free Item,1,23,1,1,1,0,
CAMP04801,C0870,22-10-2024,Win-back,Percentage Discount,20,31,1,1,0,0,
CAMP04802,C0094,23-06-2025,Loyalty,Points,50,14,1,1,1,1,03-07-2025
CAMP04803,C0365,20-12-2025,New Product,Free Item,1,23,1,1,0,0,
CAMP04804,C0270,21-04-2026,Festival,Percentage Discount,15,27.25,1,1,0,0,
CAMP04805,C0819,15-01-2024,Birthday,Percentage Discount,15,20.25,1,0,0,0,
CAMP04806,C0462,19-03-2026,Birthday,Percentage Discount,10,18.5,1,1,1,0,
CAMP04807,C0916,24-01-2026,Birthday,Percentage Discount,10,18.5,1,1,0,0,
CAMP04808,C0311,27-07-2026,Loyalty,Points,50,14,1,1,0,0,
CAMP04809,C0005,07-01-2025,New Product,Free Item,1,23,1,1,0,0,
CAMP04810,C0882,05-04-2025,New Product,Free Item,1,23,1,0,0,0,
CAMP04811,C0865,10-04-2026,Win-back,Percentage Discount,10,27.5,1,1,1,1,14-04-2026
CAMP04812,C0316,28-01-2026,Loyalty,Points,50,14,1,1,0,0,
CAMP04813,C0006,24-10-2025,New Product,Free Item,1,23,1,1,0,0,
CAMP04814,C0811,20-06-2026,Festival,Percentage Discount,30,32.5,1,1,0,0,
CAMP04815,C0963,09-05-2026,Discount,Percentage Discount,20,25,1,1,0,0,
CAMP04816,C0135,22-12-2025,Win-back,Percentage Discount,25,32.75,1,1,0,0,
CAMP04817,C0217,07-12-2025,Birthday,Percentage Discount,15,20.25,1,1,0,0,
CAMP04818,C0146,20-02-2024,New Product,Free Item,1,23,1,1,1,0,
CAMP04819,C0220,02-06-2025,Win-back,Percentage Discount,25,32.75,1,1,1,0,
CAMP04820,C0847,14-06-2026,Birthday,Percentage Discount,20,22,1,1,0,0,
CAMP04821,C0044,14-08-2026,Birthday,Percentage Discount,10,18.5,1,1,0,0,
CAMP04822,C0202,07-03-2026,New Product,Free Item,1,23,1,1,0,0,
CAMP04823,C0341,06-05-2026,Discount,Percentage Discount,5,19.75,1,1,1,1,07-05-2026
CAMP04824,C0751,30-06-2026,Loyalty,Points,250,22,1,1,0,0,
CAMP04825,C0891,31-07-2026,Loyalty,Points,50,14,1,1,0,0,
CAMP04826,C0164,27-09-2025,New Product,Free Item,1,23,1,1,0,0,
CAMP04827,C0585,22-09-2025,Discount,Percentage Discount,10,21.5,1,1,1,1,05-10-2025
CAMP04828,C0151,10-11-2025,Win-back,Percentage Discount,25,32.75,1,1,0,0,
CAMP04829,C0452,29-11-2025,Birthday,Percentage Discount,20,22,1,1,0,0,
CAMP04830,C0014,05-06-2025,Festival,Percentage Discount,15,27.25,1,1,1,0,
CAMP04831,C0546,19-10-2025,Loyalty,Points,250,22,1,1,0,0,
CAMP04832,C0444,06-04-2026,Birthday,Percentage Discount,15,20.25,1,1,1,1,18-04-2026
CAMP04833,C0451,02-08-2026,Birthday,Percentage Discount,15,20.25,1,1,0,0,
CAMP04834,C0709,28-07-2026,New Product,Free Item,1,23,1,1,0,0,
CAMP04835,C0514,31-07-2026,Festival,Percentage Discount,30,32.5,1,1,0,0,
CAMP04836,C0598,07-12-2025,Loyalty,Points,50,14,1,1,1,0,
CAMP04837,C0023,16-06-2024,Discount,Percentage Discount,10,21.5,1,0,0,0,
CAMP04838,C0416,13-07-2026,Festival,Percentage Discount,30,32.5,1,1,0,0,
CAMP04839,C0236,26-07-2025,New Product,Free Item,1,23,1,1,0,0,
CAMP04840,C0659,17-12-2025,Discount,Percentage Discount,10,21.5,1,1,0,0,
CAMP04841,C0142,15-12-2025,New Product,Free Item,1,23,1,1,1,0,
CAMP04842,C0007,20-07-2026,New Product,Free Item,1,23,1,1,0,0,
CAMP04843,C0877,22-02-2026,New Product,Free Item,1,23,1,1,0,0,
CAMP04844,C0699,19-08-2024,New Product,Free Item,1,23,1,1,1,0,
CAMP04845,C0292,27-04-2024,Loyalty,Points,150,18,1,1,0,0,
CAMP04846,C0384,22-06-2026,Loyalty,Points,50,14,1,1,0,0,
CAMP04847,C0412,19-04-2026,New Product,Free Item,1,23,1,1,0,0,
CAMP04848,C0455,04-01-2026,Birthday,Percentage Discount,10,18.5,1,1,0,0,
CAMP04849,C0550,26-02-2026,New Product,Free Item,1,23,1,1,0,0,
CAMP04850,C0729,29-04-2025,Birthday,Percentage Discount,10,18.5,1,1,0,0,
CAMP04851,C0536,15-05-2026,Loyalty,Points,250,22,1,1,0,0,
CAMP04852,C0309,15-07-2025,Discount,Percentage Discount,20,25,1,1,0,0,
CAMP04853,C0417,30-12-2025,Birthday,Percentage Discount,15,20.25,1,1,1,0,
CAMP04854,C0500,26-06-2026,Win-back,Percentage Discount,25,32.75,1,0,0,0,
CAMP04855,C0459,14-03-2026,Loyalty,Points,250,22,1,1,0,0,
CAMP04856,C0138,25-07-2024,Festival,Percentage Discount,20,29,1,1,0,0,
CAMP04857,C0883,31-07-2025,Loyalty,Points,50,14,1,1,0,0,
CAMP04858,C0803,09-02-2026,Win-back,Percentage Discount,10,27.5,1,1,1,1,15-02-2026
CAMP04859,C0962,27-10-2025,Win-back,Percentage Discount,10,27.5,1,1,0,0,
CAMP04860,C0350,10-06-2026,Loyalty,Points,150,18,1,1,1,0,
CAMP04861,C0143,24-02-2026,Festival,Percentage Discount,15,27.25,1,1,1,0,
CAMP04862,C0963,25-08-2026,Win-back,Percentage Discount,10,27.5,1,1,0,0,
CAMP04863,C0385,10-05-2026,Festival,Percentage Discount,10,25.5,1,1,0,0,
CAMP04864,C0225,02-07-2026,Win-back,Percentage Discount,25,32.75,1,1,0,0,
CAMP04865,C0789,05-08-2026,Win-back,Percentage Discount,15,29.25,1,0,0,0,
CAMP04866,C0281,29-10-2024,Win-back,Percentage Discount,15,29.25,1,1,0,0,
CAMP04867,C0730,05-04-2025,New Product,Free Item,1,23,1,1,1,1,16-04-2025
CAMP04868,C0710,07-05-2026,Birthday,Percentage Discount,10,18.5,1,1,0,0,
CAMP04869,C0056,21-04-2026,Birthday,Percentage Discount,10,18.5,1,1,0,0,
CAMP04870,C0182,19-07-2026,Birthday,Percentage Discount,15,20.25,1,0,0,0,
CAMP04871,C0957,12-08-2026,New Product,Free Item,1,23,1,1,0,0,
CAMP04872,C0798,06-07-2025,Loyalty,Points,100,16,1,1,1,0,
CAMP04873,C0586,22-07-2026,Loyalty,Points,100,16,1,1,0,0,
CAMP04874,C0899,28-03-2025,Win-back,Percentage Discount,10,27.5,1,1,1,1,30-03-2025
CAMP04875,C0740,28-06-2026,New Product,Free Item,1,23,1,1,0,0,
CAMP04876,C0719,10-10-2025,New Product,Free Item,1,23,1,1,1,0,
CAMP04877,C0265,01-06-2025,Loyalty,Points,150,18,1,1,0,0,
CAMP04878,C0282,05-02-2025,New Product,Free Item,1,23,1,1,1,1,14-02-2025
CAMP04879,C0832,19-12-2025,New Product,Free Item,1,23,1,1,1,0,
CAMP04880,C0331,15-04-2026,Festival,Percentage Discount,10,25.5,1,1,0,0,
CAMP04881,C0232,15-06-2026,New Product,Free Item,1,23,1,1,0,0,
CAMP04882,C0773,06-04-2026,Win-back,Percentage Discount,25,32.75,1,1,1,0,
CAMP04883,C0389,26-08-2026,Festival,Percentage Discount,15,27.25,1,1,1,0,
CAMP04884,C0142,21-03-2026,Birthday,Percentage Discount,10,18.5,1,1,0,0,
CAMP04885,C0456,14-03-2026,Birthday,Percentage Discount,10,18.5,1,1,0,0,
CAMP04886,C0364,28-11-2025,Birthday,Percentage Discount,20,22,1,1,0,0,
CAMP04887,C0050,20-05-2026,Birthday,Percentage Discount,15,20.25,1,1,0,0,
CAMP04888,C0712,16-06-2026,Loyalty,Points,150,18,1,1,0,0,
CAMP04889,C0560,19-06-2026,Festival,Percentage Discount,15,27.25,1,1,1,1,03-07-2026
CAMP04890,C0989,26-07-2026,Festival,Percentage Discount,15,27.25,1,0,0,0,
CAMP04891,C0684,28-05-2026,New Product,Free Item,1,23,1,1,0,0,
CAMP04892,C0023,14-04-2025,Win-back,Percentage Discount,20,31,1,1,0,0,
CAMP04893,C0529,31-03-2026,Win-back,Percentage Discount,15,29.25,1,1,1,1,05-04-2026
CAMP04894,C0158,14-03-2026,New Product,Free Item,1,23,1,0,0,0,
CAMP04895,C0644,05-11-2025,New Product,Free Item,1,23,1,1,0,0,
CAMP04896,C0541,10-07-2026,Loyalty,Points,50,14,1,1,0,0,
CAMP04897,C0722,26-07-2026,Discount,Percentage Discount,20,25,1,1,0,0,
CAMP04898,C0857,30-07-2026,Loyalty,Points,150,18,1,0,0,0,
CAMP04899,C0476,30-06-2026,Win-back,Percentage Discount,25,32.75,1,1,0,0,
CAMP04900,C0061,13-03-2026,Discount,Percentage Discount,5,19.75,1,1,0,0,
CAMP04901,C0681,28-01-2025,New Product,Free Item,1,23,1,1,0,0,
CAMP04902,C0307,21-08-2026,Festival,Percentage Discount,10,25.5,1,0,0,0,
CAMP04903,C0897,16-11-2023,Discount,Percentage Discount,5,19.75,1,1,0,0,
CAMP04904,C0737,30-08-2026,Discount,Percentage Discount,10,21.5,1,1,1,0,
CAMP04905,C0089,25-07-2026,Win-back,Percentage Discount,15,29.25,1,1,0,0,
CAMP04906,C0186,10-05-2025,Loyalty,Points,250,22,1,1,0,0,
CAMP04907,C0663,02-06-2026,Win-back,Percentage Discount,20,31,1,1,0,0,
CAMP04908,C0718,14-07-2025,Loyalty,Points,250,22,1,1,1,0,
CAMP04909,C0607,22-06-2026,New Product,Free Item,1,23,1,0,0,0,
CAMP04910,C0831,30-08-2026,Birthday,Percentage Discount,20,22,1,1,1,1,31-08-2026
CAMP04911,C0205,13-02-2026,Win-back,Percentage Discount,10,27.5,1,1,1,0,
CAMP04912,C0667,30-07-2026,Birthday,Percentage Discount,10,18.5,1,1,1,0,
CAMP04913,C0093,13-03-2025,Festival,Percentage Discount,25,30.75,1,1,1,0,
CAMP04914,C0578,31-08-2026,Birthday,Percentage Discount,10,18.5,1,1,1,0,
CAMP04915,C0265,14-05-2026,Festival,Percentage Discount,25,30.75,1,1,0,0,
CAMP04916,C0066,27-12-2025,Loyalty,Points,250,22,1,0,0,0,
CAMP04917,C0284,14-06-2026,New Product,Free Item,1,23,1,1,0,0,
CAMP04918,C0066,18-04-2026,Win-back,Percentage Discount,25,32.75,1,1,1,0,
CAMP04919,C0912,14-01-2026,New Product,Free Item,1,23,1,1,0,0,
CAMP04920,C0954,07-08-2026,New Product,Free Item,1,23,1,1,0,0,
CAMP04921,C0463,04-01-2026,Win-back,Percentage Discount,15,29.25,1,1,1,1,12-01-2026
CAMP04922,C0388,07-03-2026,New Product,Free Item,1,23,1,1,1,1,18-03-2026
CAMP04923,C0419,19-02-2026,Loyalty,Points,250,22,1,1,1,0,
CAMP04924,C0954,07-08-2026,Birthday,Percentage Discount,15,20.25,1,1,1,0,
CAMP04925,C0865,30-03-2026,Birthday,Percentage Discount,20,22,1,1,1,0,
CAMP04926,C0983,10-07-2026,Loyalty,Points,50,14,1,1,0,0,
CAMP04927,C0872,12-03-2026,New Product,Free Item,1,23,1,1,0,0,
CAMP04928,C0940,11-11-2024,Loyalty,Points,50,14,1,0,0,0,
CAMP04929,C0303,10-08-2025,Festival,Percentage Discount,10,25.5,1,1,0,0,
CAMP04930,C0845,05-07-2026,Win-back,Percentage Discount,10,27.5,1,0,0,0,
CAMP04931,C0052,29-08-2026,New Product,Free Item,1,23,1,0,0,0,
CAMP04932,C0413,10-06-2026,Discount,Percentage Discount,5,19.75,1,1,0,0,
CAMP04933,C0645,25-03-2026,Loyalty,Points,100,16,1,1,0,0,
CAMP04934,C0474,03-04-2026,Discount,Percentage Discount,5,19.75,1,1,1,0,
CAMP04935,C0126,30-04-2026,Win-back,Percentage Discount,15,29.25,1,0,0,0,
CAMP04936,C0570,25-07-2026,Festival,Percentage Discount,20,29,1,1,1,1,07-08-2026
CAMP04937,C0357,17-06-2025,Discount,Percentage Discount,15,23.25,1,0,0,0,
CAMP04938,C0568,01-03-2025,Loyalty,Points,250,22,1,1,0,0,
CAMP04939,C0061,21-01-2026,Loyalty,Points,150,18,1,1,1,1,02-02-2026
CAMP04940,C0066,02-02-2026,Discount,Percentage Discount,15,23.25,1,1,0,0,
CAMP04941,C0565,08-08-2026,New Product,Free Item,1,23,1,1,0,0,
CAMP04942,C0174,02-06-2025,Birthday,Percentage Discount,20,22,1,1,0,0,
CAMP04943,C0852,09-11-2024,Birthday,Percentage Discount,20,22,1,1,1,0,
CAMP04944,C0486,04-01-2026,Festival,Percentage Discount,30,32.5,1,1,1,0,
CAMP04945,C0341,01-03-2026,Festival,Percentage Discount,30,32.5,1,1,1,0,
CAMP04946,C0646,20-02-2026,Loyalty,Points,250,22,1,1,0,0,
CAMP04947,C0764,04-07-2025,Win-back,Percentage Discount,15,29.25,1,0,0,0,
CAMP04948,C0013,31-08-2024,Discount,Percentage Discount,10,21.5,1,0,0,0,
CAMP04949,C0771,02-07-2025,Win-back,Percentage Discount,10,27.5,1,0,0,0,
CAMP04950,C0327,12-09-2025,Win-back,Percentage Discount,25,32.75,1,1,0,0,
CAMP04951,C0765,17-07-2026,Loyalty,Points,250,22,1,1,0,0,
CAMP04952,C0175,15-07-2025,Festival,Percentage Discount,20,29,1,1,0,0,
CAMP04953,C0413,01-06-2026,New Product,Free Item,1,23,1,1,1,0,
CAMP04954,C0344,20-08-2026,Discount,Percentage Discount,20,25,1,1,1,1,21-08-2026
CAMP04955,C0070,17-02-2026,Festival,Percentage Discount,15,27.25,1,1,0,0,
CAMP04956,C0781,30-04-2026,Win-back,Percentage Discount,25,32.75,1,1,0,0,
CAMP04957,C0503,15-09-2025,Discount,Percentage Discount,5,19.75,1,1,0,0,
CAMP04958,C0126,03-01-2025,Loyalty,Points,100,16,1,1,0,0,
CAMP04959,C0895,12-07-2024,Birthday,Percentage Discount,10,18.5,1,1,0,0,
CAMP04960,C0776,03-08-2026,Birthday,Percentage Discount,15,20.25,1,1,0,0,
CAMP04961,C0988,12-07-2026,Loyalty,Points,100,16,1,0,0,0,
CAMP04962,C0119,27-06-2026,Discount,Percentage Discount,20,25,1,1,0,0,
CAMP04963,C0889,14-07-2026,Birthday,Percentage Discount,10,18.5,1,1,1,0,
CAMP04964,C0417,10-07-2026,New Product,Free Item,1,23,1,1,0,0,
CAMP04965,C0988,28-05-2026,Loyalty,Points,150,18,1,1,0,0,
CAMP04966,C0664,26-02-2026,Win-back,Percentage Discount,15,29.25,1,1,0,0,
CAMP04967,C0733,20-12-2025,New Product,Free Item,1,23,1,1,1,0,
CAMP04968,C0411,06-08-2026,Win-back,Percentage Discount,20,31,1,1,0,0,
CAMP04969,C0349,03-04-2025,Discount,Percentage Discount,15,23.25,1,1,0,0,
CAMP04970,C0366,24-09-2025,New Product,Free Item,1,23,1,1,1,1,02-10-2025
CAMP04971,C0793,09-05-2026,Birthday,Percentage Discount,10,18.5,1,1,0,0,
CAMP04972,C0460,20-06-2025,Birthday,Percentage Discount,15,20.25,1,1,1,0,
CAMP04973,C0050,04-06-2026,Discount,Percentage Discount,15,23.25,1,1,1,0,
CAMP04974,C0660,21-10-2025,Loyalty,Points,100,16,1,1,0,0,
CAMP04975,C0616,20-04-2026,New Product,Free Item,1,23,1,1,0,0,
CAMP04976,C0710,15-05-2026,Birthday,Percentage Discount,10,18.5,1,1,1,0,
CAMP04977,C0889,08-05-2026,Win-back,Percentage Discount,20,31,1,1,0,0,
CAMP04978,C0793,16-02-2026,Loyalty,Points,100,16,1,1,0,0,
CAMP04979,C0502,21-06-2026,Festival,Percentage Discount,15,27.25,1,1,0,0,
CAMP04980,C0682,26-08-2025,New Product,Free Item,1,23,1,1,0,0,
CAMP04981,C0325,21-06-2026,Discount,Percentage Discount,20,25,1,1,0,0,
CAMP04982,C0041,03-05-2026,Loyalty,Points,50,14,1,1,0,0,
CAMP04983,C0497,18-07-2026,Festival,Percentage Discount,30,32.5,1,1,1,0,
CAMP04984,C0518,30-05-2026,Discount,Percentage Discount,15,23.25,1,1,1,1,01-06-2026
CAMP04985,C0847,30-06-2026,Win-back,Percentage Discount,25,32.75,1,1,0,0,
CAMP04986,C0089,01-08-2026,Win-back,Percentage Discount,15,29.25,1,1,0,0,
CAMP04987,C0321,28-11-2025,Win-back,Percentage Discount,20,31,1,1,1,1,29-11-2025
CAMP04988,C0241,12-03-2025,Loyalty,Points,150,18,1,1,1,0,
CAMP04989,C0307,30-08-2026,Win-back,Percentage Discount,15,29.25,1,1,0,0,
CAMP04990,C0467,27-09-2025,Festival,Percentage Discount,25,30.75,1,1,0,0,
CAMP04991,C0038,27-06-2025,Festival,Percentage Discount,20,29,1,1,0,0,
CAMP04992,C0236,25-09-2024,Win-back,Percentage Discount,10,27.5,1,1,0,0,
CAMP04993,C0439,06-07-2026,Win-back,Percentage Discount,25,32.75,1,1,0,0,
CAMP04994,C0460,10-02-2026,Loyalty,Points,50,14,1,1,1,0,
CAMP04995,C0726,16-03-2025,New Product,Free Item,1,23,1,1,0,0,
CAMP04996,C0226,24-05-2025,Birthday,Percentage Discount,20,22,1,1,0,0,
CAMP04997,C0869,04-08-2026,Birthday,Percentage Discount,10,18.5,1,0,0,0,
CAMP04998,C0269,07-10-2025,Birthday,Percentage Discount,15,20.25,1,1,0,0,
CAMP04999,C0721,05-03-2026,Festival,Percentage Discount,25,30.75,1,1,0,0,
CAMP05000,C0614,09-09-2025,Loyalty,Points,100,16,1,1,0,0,
CAMP05001,C0623,03-10-2024,New Product,Free Item,1,23,1,1,0,0,
CAMP05002,C0151,27-11-2025,Birthday,Percentage Discount,15,20.25,1,1,0,0,
CAMP05003,C0788,15-03-2026,Loyalty,Points,100,16,1,1,1,1,20-03-2026
CAMP05004,C0749,16-11-2025,New Product,Free Item,1,23,1,1,0,0,
CAMP05005,C0849,20-11-2025,Loyalty,Points,150,18,1,0,0,0,
CAMP05006,C0223,05-11-2025,Festival,Percentage Discount,25,30.75,1,1,0,0,
CAMP05007,C0867,04-07-2025,Birthday,Percentage Discount,20,22,1,0,0,0,
CAMP05008,C0245,14-11-2025,Loyalty,Points,250,22,1,1,0,0,
CAMP05009,C0430,15-12-2025,New Product,Free Item,1,23,1,1,0,0,
CAMP05010,C0464,23-03-2025,Discount,Percentage Discount,20,25,1,1,1,0,
CAMP05011,C0575,15-12-2025,Win-back,Percentage Discount,15,29.25,1,1,0,0,
CAMP05012,C0019,05-07-2026,New Product,Free Item,1,23,1,1,0,0,
CAMP05013,C0282,27-04-2026,New Product,Free Item,1,23,1,1,0,0,
CAMP05014,C0747,21-07-2026,Loyalty,Points,100,16,1,1,0,0,
CAMP05015,C0568,20-04-2026,Festival,Percentage Discount,15,27.25,1,1,0,0,
CAMP05016,C0571,06-07-2025,New Product,Free Item,1,23,1,1,1,0,
CAMP05017,C0101,03-02-2026,Loyalty,Points,100,16,1,1,0,0,
CAMP05018,C0800,24-05-2026,Loyalty,Points,150,18,1,1,0,0,
CAMP05019,C0479,16-05-2025,Birthday,Percentage Discount,15,20.25,1,1,0,0,
CAMP05020,C0181,11-04-2024,Festival,Percentage Discount,20,29,1,1,1,0,
CAMP05021,C0924,02-08-2026,Festival,Percentage Discount,15,27.25,1,1,0,0,
CAMP05022,C0634,21-07-2026,Loyalty,Points,100,16,1,1,0,0,
CAMP05023,C0894,06-12-2025,New Product,Free Item,1,23,1,1,0,0,
CAMP05024,C0114,24-02-2025,Discount,Percentage Discount,10,21.5,1,1,0,0,
CAMP05025,C0418,07-07-2025,Win-back,Percentage Discount,25,32.75,1,1,0,0,
CAMP05026,C0923,18-09-2025,New Product,Free Item,1,23,1,1,0,0,
CAMP05027,C0238,07-07-2025,Birthday,Percentage Discount,20,22,1,1,1,1,18-07-2025
CAMP05028,C0480,08-08-2026,New Product,Free Item,1,23,1,1,0,0,
CAMP05029,C0596,23-02-2025,New Product,Free Item,1,23,1,1,0,0,
CAMP05030,C0384,23-11-2025,Birthday,Percentage Discount,15,20.25,1,1,1,0,
CAMP05031,C0352,21-06-2026,Festival,Percentage Discount,15,27.25,1,1,0,0,
CAMP05032,C0304,28-02-2025,Discount,Percentage Discount,5,19.75,1,1,0,0,
CAMP05033,C0158,21-04-2026,Win-back,Percentage Discount,20,31,1,1,0,0,
CAMP05034,C0281,22-03-2025,Win-back,Percentage Discount,25,32.75,1,0,0,0,
CAMP05035,C0075,29-07-2026,Loyalty,Points,250,22,1,1,1,0,
CAMP05036,C0736,18-11-2025,Discount,Percentage Discount,10,21.5,1,1,1,1,20-11-2025
CAMP05037,C0804,12-01-2026,Discount,Percentage Discount,20,25,1,1,0,0,
CAMP05038,C0856,30-08-2026,Win-back,Percentage Discount,25,32.75,1,1,0,0,
CAMP05039,C0661,04-04-2025,Discount,Percentage Discount,10,21.5,1,1,1,0,
CAMP05040,C0124,26-09-2025,Festival,Percentage Discount,10,25.5,1,1,0,0,
CAMP05041,C0627,02-03-2026,Win-back,Percentage Discount,10,27.5,1,1,0,0,
CAMP05042,C0993,15-08-2026,Festival,Percentage Discount,30,32.5,1,1,0,0,
CAMP05043,C0916,14-08-2026,Discount,Percentage Discount,15,23.25,1,1,1,0,
CAMP05044,C0357,11-05-2026,Loyalty,Points,150,18,1,1,0,0,
CAMP05045,C0189,01-03-2026,Discount,Percentage Discount,20,25,1,1,1,1,11-03-2026
CAMP05046,C0867,14-11-2025,Festival,Percentage Discount,20,29,1,1,0,0,
CAMP05047,C0994,23-11-2025,Win-back,Percentage Discount,25,32.75,1,0,0,0,
CAMP05048,C0878,10-06-2026,Festival,Percentage Discount,20,29,1,1,1,0,
CAMP05049,C0727,16-05-2026,Discount,Percentage Discount,15,23.25,1,0,0,0,
CAMP05050,C0706,06-09-2024,Birthday,Percentage Discount,10,18.5,1,1,0,0,
CAMP05051,C0588,06-10-2023,Loyalty,Points,50,14,1,0,0,0,
CAMP05052,C0782,27-06-2024,New Product,Free Item,1,23,1,1,0,0,
CAMP05053,C0536,04-05-2025,Festival,Percentage Discount,20,29,1,1,1,1,11-05-2025
CAMP05054,C0415,09-08-2026,Win-back,Percentage Discount,20,31,1,1,1,0,
CAMP05055,C0995,03-02-2026,New Product,Free Item,1,23,1,1,0,0,
CAMP05056,C0076,04-05-2024,Birthday,Percentage Discount,20,22,1,1,1,0,
CAMP05057,C0244,14-02-2025,Win-back,Percentage Discount,10,27.5,1,0,0,0,
CAMP05058,C0512,12-04-2026,New Product,Free Item,1,23,1,0,0,0,
CAMP05059,C0670,10-06-2025,Win-back,Percentage Discount,25,32.75,1,1,0,0,
CAMP05060,C0503,05-01-2025,Festival,Percentage Discount,10,25.5,1,1,0,0,
CAMP05061,C0357,10-04-2026,Loyalty,Points,150,18,1,1,0,0,
CAMP05062,C0644,29-06-2026,Festival,Percentage Discount,30,32.5,1,1,0,0,
CAMP05063,C0133,10-07-2026,New Product,Free Item,1,23,1,0,0,0,
CAMP05064,C0269,24-01-2026,Discount,Percentage Discount,15,23.25,1,1,0,0,
CAMP05065,C0798,21-05-2025,Birthday,Percentage Discount,20,22,1,1,0,0,
CAMP05066,C0468,16-05-2026,Loyalty,Points,150,18,1,1,0,0,
CAMP05067,C0696,01-07-2026,Festival,Percentage Discount,10,25.5,1,1,0,0,
CAMP05068,C0186,13-05-2026,Win-back,Percentage Discount,20,31,1,1,1,0,
CAMP05069,C0898,13-06-2024,Festival,Percentage Discount,10,25.5,1,1,1,0,
CAMP05070,C0316,05-03-2026,Win-back,Percentage Discount,25,32.75,1,1,0,0,
CAMP05071,C0733,29-08-2026,Loyalty,Points,150,18,1,1,0,0,
CAMP05072,C0881,01-08-2024,Loyalty,Points,50,14,1,1,0,0,
CAMP05073,C0452,24-06-2026,Win-back,Percentage Discount,15,29.25,1,1,0,0,
CAMP05074,C0100,23-01-2024,Festival,Percentage Discount,20,29,1,1,1,0,
CAMP05075,C0270,31-12-2025,Festival,Percentage Discount,15,27.25,1,1,0,0,
CAMP05076,C0191,12-07-2026,Loyalty,Points,250,22,1,1,0,0,
CAMP05077,C0859,30-09-2025,Birthday,Percentage Discount,20,22,1,1,0,0,
CAMP05078,C0298,17-07-2026,Birthday,Percentage Discount,15,20.25,1,1,0,0,
CAMP05079,C0951,12-07-2026,Discount,Percentage Discount,10,21.5,1,1,1,0,
CAMP05080,C0774,23-05-2025,New Product,Free Item,1,23,1,1,0,0,
CAMP05081,C0797,18-08-2026,Loyalty,Points,50,14,1,1,0,0,
CAMP05082,C0564,07-01-2026,Festival,Percentage Discount,30,32.5,1,1,0,0,
CAMP05083,C0059,20-11-2025,Loyalty,Points,100,16,1,1,0,0,
CAMP05084,C0276,24-05-2026,Loyalty,Points,50,14,1,1,0,0,
CAMP05085,C0273,05-02-2026,Birthday,Percentage Discount,20,22,1,1,1,1,13-02-2026
CAMP05086,C0394,22-01-2026,Birthday,Percentage Discount,20,22,1,1,1,0,
CAMP05087,C0207,08-03-2026,New Product,Free Item,1,23,1,1,1,1,17-03-2026
CAMP05088,C0927,14-06-2026,Festival,Percentage Discount,30,32.5,1,1,0,0,
CAMP05089,C0382,20-05-2025,New Product,Free Item,1,23,1,1,0,0,
CAMP05090,C0592,07-04-2026,Win-back,Percentage Discount,20,31,1,1,0,0,
CAMP05091,C0705,02-07-2026,Birthday,Percentage Discount,20,22,1,1,0,0,
CAMP05092,C0991,20-04-2026,Win-back,Percentage Discount,10,27.5,1,1,0,0,
CAMP05093,C0240,04-03-2026,Birthday,Percentage Discount,15,20.25,1,0,0,0,
CAMP05094,C0126,03-12-2025,Win-back,Percentage Discount,25,32.75,1,1,0,0,
CAMP05095,C0053,03-09-2024,Loyalty,Points,100,16,1,1,0,0,
CAMP05096,C0291,28-08-2025,Festival,Percentage Discount,15,27.25,1,1,0,0,
CAMP05097,C0841,05-11-2025,Loyalty,Points,100,16,1,1,0,0,
CAMP05098,C0236,06-07-2025,New Product,Free Item,1,23,1,1,0,0,
CAMP05099,C0184,01-01-2024,Discount,Percentage Discount,5,19.75,1,1,0,0,
CAMP05100,C0319,06-04-2026,Discount,Percentage Discount,20,25,1,1,1,1,08-04-2026
CAMP05101,C0224,16-06-2026,Discount,Percentage Discount,5,19.75,1,1,0,0,
CAMP05102,C0702,03-07-2024,Birthday,Percentage Discount,10,18.5,1,1,1,0,
CAMP05103,C0274,23-11-2024,Birthday,Percentage Discount,20,22,1,1,0,0,
CAMP05104,C0626,26-06-2025,Discount,Percentage Discount,10,21.5,1,1,0,0,
CAMP05105,C0123,01-12-2024,Discount,Percentage Discount,20,25,1,1,0,0,
CAMP05106,C0946,12-08-2025,Win-back,Percentage Discount,20,31,1,1,0,0,
CAMP05107,C0493,20-12-2025,New Product,Free Item,1,23,1,1,0,0,
CAMP05108,C0805,19-07-2025,Birthday,Percentage Discount,20,22,1,1,0,0,
CAMP05109,C0560,11-07-2026,Festival,Percentage Discount,20,29,1,1,1,0,
CAMP05110,C0930,07-08-2026,New Product,Free Item,1,23,1,1,0,0,
CAMP05111,C0440,13-03-2026,New Product,Free Item,1,23,1,1,0,0,
CAMP05112,C0391,26-10-2024,Birthday,Percentage Discount,10,18.5,1,1,0,0,
CAMP05113,C0164,30-10-2025,Festival,Percentage Discount,30,32.5,1,1,0,0,
CAMP05114,C0354,12-08-2026,Birthday,Percentage Discount,15,20.25,1,0,0,0,
CAMP05115,C0168,25-07-2026,Win-back,Percentage Discount,25,32.75,1,0,0,0,
CAMP05116,C0088,01-07-2026,Loyalty,Points,50,14,1,1,0,0,
CAMP05117,C0809,06-07-2025,Loyalty,Points,50,14,1,1,0,0,
CAMP05118,C0346,11-08-2026,Win-back,Percentage Discount,10,27.5,1,1,0,0,
CAMP05119,C0175,31-01-2026,Discount,Percentage Discount,10,21.5,1,1,0,0,
CAMP05120,C0703,29-03-2026,Win-back,Percentage Discount,15,29.25,1,1,1,0,
CAMP05121,C0145,27-01-2026,Discount,Percentage Discount,10,21.5,1,1,0,0,
CAMP05122,C0712,13-01-2026,Discount,Percentage Discount,20,25,1,1,0,0,
CAMP05123,C0912,12-11-2025,Birthday,Percentage Discount,10,18.5,1,1,0,0,
CAMP05124,C0434,15-10-2024,Birthday,Percentage Discount,15,20.25,1,1,0,0,
CAMP05125,C0109,11-06-2025,Discount,Percentage Discount,15,23.25,1,1,1,0,
CAMP05126,C0110,20-08-2024,Birthday,Percentage Discount,20,22,1,1,0,0,
CAMP05127,C0734,22-07-2026,Discount,Percentage Discount,15,23.25,1,1,1,0,
CAMP05128,C0912,26-06-2026,New Product,Free Item,1,23,1,1,0,0,
CAMP05129,C0664,25-06-2026,Festival,Percentage Discount,10,25.5,1,0,0,0,
CAMP05130,C0259,27-05-2026,Festival,Percentage Discount,25,30.75,1,1,0,0,
CAMP05131,C0629,08-11-2025,Discount,Percentage Discount,20,25,1,1,1,0,
CAMP05132,C0905,24-09-2025,Win-back,Percentage Discount,15,29.25,1,1,1,1,08-10-2025
CAMP05133,C0165,31-01-2026,Win-back,Percentage Discount,25,32.75,1,1,1,1,05-02-2026
CAMP05134,C0877,16-03-2026,Win-back,Percentage Discount,15,29.25,1,1,1,0,
CAMP05135,C0573,18-02-2026,Discount,Percentage Discount,15,23.25,1,1,0,0,
CAMP05136,C0384,29-08-2026,Win-back,Percentage Discount,25,32.75,1,1,1,1,31-08-2026
CAMP05137,C0548,09-06-2026,New Product,Free Item,1,23,1,1,0,0,
CAMP05138,C0372,10-08-2025,Loyalty,Points,100,16,1,1,0,0,
CAMP05139,C0160,06-05-2026,Loyalty,Points,250,22,1,1,0,0,
CAMP05140,C0664,19-03-2026,Birthday,Percentage Discount,20,22,1,1,1,0,
CAMP05141,C0357,08-08-2025,Birthday,Percentage Discount,20,22,1,1,0,0,
CAMP05142,C0119,02-12-2025,Birthday,Percentage Discount,15,20.25,1,1,0,0,
CAMP05143,C0032,22-01-2025,Discount,Percentage Discount,15,23.25,1,1,0,0,
CAMP05144,C0222,20-10-2025,New Product,Free Item,1,23,1,1,0,0,
CAMP05145,C0255,30-05-2026,New Product,Free Item,1,23,1,1,0,0,
CAMP05146,C0800,22-11-2025,New Product,Free Item,1,23,1,1,0,0,
CAMP05147,C0571,12-02-2026,New Product,Free Item,1,23,1,1,0,0,
CAMP05148,C0089,26-08-2026,Loyalty,Points,250,22,1,1,0,0,
CAMP05149,C0750,28-08-2026,Win-back,Percentage Discount,10,27.5,1,1,0,0,
CAMP05150,C0432,06-10-2024,Festival,Percentage Discount,30,32.5,1,1,0,0,
CAMP05151,C0338,22-06-2025,Discount,Percentage Discount,15,23.25,1,1,0,0,
CAMP05152,C0727,31-05-2026,Discount,Percentage Discount,5,19.75,1,0,0,0,
CAMP05153,C0159,05-01-2026,Birthday,Percentage Discount,20,22,1,1,1,1,11-01-2026
CAMP05154,C0610,03-08-2026,Birthday,Percentage Discount,15,20.25,1,1,1,0,
CAMP05155,C0771,27-05-2024,Festival,Percentage Discount,20,29,1,1,0,0,
CAMP05156,C0475,16-07-2024,Festival,Percentage Discount,25,30.75,1,1,0,0,
CAMP05157,C0020,14-12-2024,Loyalty,Points,250,22,1,1,0,0,
CAMP05158,C0764,15-06-2026,Win-back,Percentage Discount,15,29.25,1,1,1,0,
CAMP05159,C0683,29-08-2025,Discount,Percentage Discount,20,25,1,1,1,0,
CAMP05160,C0180,12-07-2026,Birthday,Percentage Discount,20,22,1,1,0,0,
CAMP05161,C0439,27-07-2026,Birthday,Percentage Discount,20,22,1,1,1,1,03-08-2026
CAMP05162,C0069,06-06-2026,Loyalty,Points,50,14,1,1,0,0,
CAMP05163,C0447,05-04-2025,Loyalty,Points,50,14,1,1,0,0,
CAMP05164,C0440,25-02-2026,Birthday,Percentage Discount,20,22,1,1,0,0,
CAMP05165,C0015,16-04-2026,New Product,Free Item,1,23,1,1,0,0,
CAMP05166,C0249,21-01-2025,Birthday,Percentage Discount,15,20.25,1,1,0,0,
CAMP05167,C0577,16-07-2025,Loyalty,Points,250,22,1,1,0,0,
CAMP05168,C1000,04-08-2026,Birthday,Percentage Discount,15,20.25,1,1,0,0,
CAMP05169,C0746,03-09-2024,Win-back,Percentage Discount,20,31,1,1,0,0,
CAMP05170,C0856,04-07-2026,Birthday,Percentage Discount,10,18.5,1,1,0,0,
CAMP05171,C0027,15-12-2025,Win-back,Percentage Discount,25,32.75,1,1,0,0,
CAMP05172,C0597,18-02-2025,Festival,Percentage Discount,20,29,1,1,1,1,23-02-2025
CAMP05173,C0890,14-07-2026,Festival,Percentage Discount,25,30.75,1,1,1,1,20-07-2026
CAMP05174,C0618,16-03-2026,Loyalty,Points,50,14,1,1,0,0,
CAMP05175,C0047,30-10-2024,Discount,Percentage Discount,20,25,1,1,1,0,
CAMP05176,C0112,20-02-2025,New Product,Free Item,1,23,1,1,1,0,
CAMP05177,C0520,08-05-2026,Loyalty,Points,50,14,1,1,0,0,
CAMP05178,C0058,12-06-2024,New Product,Free Item,1,23,1,0,0,0,
CAMP05179,C0523,17-01-2025,Festival,Percentage Discount,30,32.5,1,1,0,0,
CAMP05180,C0620,16-01-2026,New Product,Free Item,1,23,1,1,0,0,
CAMP05181,C0385,25-07-2026,New Product,Free Item,1,23,1,1,0,0,
CAMP05182,C0376,07-08-2025,New Product,Free Item,1,23,1,1,0,0,
CAMP05183,C0109,14-04-2026,Festival,Percentage Discount,20,29,1,1,0,0,
CAMP05184,C0614,28-02-2025,New Product,Free Item,1,23,1,1,1,0,
CAMP05185,C0461,04-07-2025,Win-back,Percentage Discount,10,27.5,1,1,0,0,
CAMP05186,C0334,12-11-2025,Birthday,Percentage Discount,20,22,1,1,1,1,22-11-2025
CAMP05187,C0880,07-07-2025,Birthday,Percentage Discount,15,20.25,1,1,0,0,
CAMP05188,C0564,08-04-2025,Win-back,Percentage Discount,20,31,1,1,0,0,
CAMP05189,C0246,24-04-2026,Birthday,Percentage Discount,10,18.5,1,1,1,0,
CAMP05190,C0653,24-05-2026,Festival,Percentage Discount,20,29,1,1,0,0,
CAMP05191,C0624,29-08-2026,Discount,Percentage Discount,15,23.25,1,1,1,0,
CAMP05192,C0110,10-06-2026,Festival,Percentage Discount,10,25.5,1,1,0,0,
CAMP05193,C0287,11-07-2025,Discount,Percentage Discount,20,25,1,1,0,0,
CAMP05194,C0356,25-03-2025,Loyalty,Points,150,18,1,0,0,0,
CAMP05195,C0388,25-11-2025,Win-back,Percentage Discount,15,29.25,1,1,1,1,29-11-2025
CAMP05196,C0518,09-09-2025,Loyalty,Points,150,18,1,1,0,0,
CAMP05197,C0017,06-01-2026,Festival,Percentage Discount,20,29,1,1,0,0,
CAMP05198,C0499,18-11-2025,New Product,Free Item,1,23,1,1,1,0,
CAMP05199,C0481,22-03-2025,Discount,Percentage Discount,10,21.5,1,1,0,0,
CAMP05200,C0590,30-07-2025,New Product,Free Item,1,23,1,1,0,0,
CAMP05201,C0711,19-08-2026,Birthday,Percentage Discount,15,20.25,1,1,0,0,
CAMP05202,C0839,09-03-2026,Birthday,Percentage Discount,10,18.5,1,1,1,1,21-03-2026
CAMP05203,C0792,22-08-2026,Birthday,Percentage Discount,10,18.5,1,1,0,0,
CAMP05204,C0193,20-02-2026,New Product,Free Item,1,23,1,1,0,0,
CAMP05205,C0739,05-02-2026,New Product,Free Item,1,23,1,0,0,0,
CAMP05206,C0405,11-02-2026,New Product,Free Item,1,23,1,1,1,0,
CAMP05207,C0391,25-04-2025,New Product,Free Item,1,23,1,1,1,0,
CAMP05208,C0070,10-07-2025,Win-back,Percentage Discount,20,31,1,0,0,0,
CAMP05209,C0409,23-07-2026,New Product,Free Item,1,23,1,0,0,0,
CAMP05210,C0127,05-02-2025,Birthday,Percentage Discount,10,18.5,1,1,0,0,
CAMP05211,C0589,20-04-2025,Festival,Percentage Discount,30,32.5,1,1,0,0,
CAMP05212,C0455,17-12-2025,Win-back,Percentage Discount,20,31,1,1,0,0,
CAMP05213,C0623,19-07-2026,Win-back,Percentage Discount,25,32.75,1,1,1,0,
CAMP05214,C0504,10-04-2025,Festival,Percentage Discount,15,27.25,1,1,1,1,17-04-2025
CAMP05215,C0111,15-11-2025,New Product,Free Item,1,23,1,1,1,0,
CAMP05216,C0482,01-03-2026,Loyalty,Points,150,18,1,1,0,0,
CAMP05217,C0622,15-06-2026,Win-back,Percentage Discount,25,32.75,1,1,0,0,
CAMP05218,C0836,12-01-2026,Win-back,Percentage Discount,15,29.25,1,1,0,0,
CAMP05219,C0818,30-09-2025,Win-back,Percentage Discount,15,29.25,1,1,0,0,
CAMP05220,C0994,27-06-2025,Discount,Percentage Discount,5,19.75,1,1,1,0,
CAMP05221,C0191,07-02-2026,Festival,Percentage Discount,10,25.5,1,1,0,0,
CAMP05222,C1000,13-06-2026,Win-back,Percentage Discount,25,32.75,1,1,0,0,
CAMP05223,C0589,12-06-2025,Win-back,Percentage Discount,15,29.25,1,1,0,0,
CAMP05224,C0694,17-02-2026,Loyalty,Points,50,14,1,1,0,0,
CAMP05225,C0759,30-11-2024,Birthday,Percentage Discount,20,22,1,1,0,0,
CAMP05226,C0546,30-07-2026,Birthday,Percentage Discount,20,22,1,1,0,0,
CAMP05227,C0399,19-11-2025,Discount,Percentage Discount,20,25,1,1,1,1,27-11-2025
CAMP05228,C0398,06-04-2026,Festival,Percentage Discount,30,32.5,1,1,1,0,
CAMP05229,C0906,25-01-2025,Loyalty,Points,50,14,1,1,0,0,
CAMP05230,C0603,16-11-2025,New Product,Free Item,1,23,1,1,1,0,
CAMP05231,C0546,02-04-2026,Discount,Percentage Discount,5,19.75,1,1,0,0,
CAMP05232,C0219,03-05-2026,New Product,Free Item,1,23,1,1,0,0,
CAMP05233,C0074,30-08-2026,Festival,Percentage Discount,20,29,1,1,0,0,
CAMP05234,C0062,15-06-2025,Festival,Percentage Discount,10,25.5,1,1,1,1,21-06-2025
CAMP05235,C0606,19-06-2025,Loyalty,Points,100,16,1,1,0,0,
CAMP05236,C0946,16-10-2025,Festival,Percentage Discount,10,25.5,1,1,0,0,
CAMP05237,C0110,18-07-2026,New Product,Free Item,1,23,1,1,0,0,
CAMP05238,C0344,27-06-2026,New Product,Free Item,1,23,1,1,1,0,
CAMP05239,C0302,06-06-2026,Discount,Percentage Discount,20,25,1,1,0,0,
CAMP05240,C0023,23-07-2024,Loyalty,Points,150,18,1,1,0,0,
CAMP05241,C0759,01-07-2024,Win-back,Percentage Discount,20,31,1,1,0,0,
CAMP05242,C0597,31-01-2025,Loyalty,Points,50,14,1,1,0,0,
CAMP05243,C0166,27-07-2026,Win-back,Percentage Discount,10,27.5,1,1,0,0,
CAMP05244,C0456,08-02-2026,Win-back,Percentage Discount,15,29.25,1,1,0,0,
CAMP05245,C0867,10-09-2024,Festival,Percentage Discount,20,29,1,1,1,0,
CAMP05246,C0906,01-07-2024,Win-back,Percentage Discount,25,32.75,1,1,0,0,
CAMP05247,C0277,26-06-2026,Discount,Percentage Discount,20,25,1,1,0,0,
CAMP05248,C0383,20-08-2026,Birthday,Percentage Discount,20,22,1,1,0,0,
CAMP05249,C0196,23-04-2024,Win-back,Percentage Discount,15,29.25,1,1,1,0,
CAMP05250,C0832,19-08-2025,Festival,Percentage Discount,20,29,1,1,0,0,
CAMP05251,C0477,22-05-2026,Discount,Percentage Discount,5,19.75,1,1,0,0,
CAMP05252,C0749,03-08-2025,Win-back,Percentage Discount,10,27.5,1,1,0,0,
CAMP05253,C0419,30-10-2025,New Product,Free Item,1,23,1,1,0,0,
CAMP05254,C0219,13-07-2025,Birthday,Percentage Discount,15,20.25,1,0,0,0,
CAMP05255,C0187,18-06-2026,Birthday,Percentage Discount,15,20.25,1,1,0,0,
CAMP05256,C0356,29-06-2026,Birthday,Percentage Discount,20,22,1,1,1,0,
CAMP05257,C0888,08-08-2026,Birthday,Percentage Discount,10,18.5,1,1,0,0,
CAMP05258,C0027,11-10-2025,New Product,Free Item,1,23,1,1,0,0,
CAMP05259,C0190,11-10-2024,Loyalty,Points,250,22,1,1,1,0,
CAMP05260,C0507,14-08-2025,Discount,Percentage Discount,15,23.25,1,1,0,0,
CAMP05261,C0633,15-03-2026,Festival,Percentage Discount,20,29,1,1,0,0,
CAMP05262,C0632,22-11-2025,Birthday,Percentage Discount,10,18.5,1,1,0,0,
CAMP05263,C0732,26-10-2025,Discount,Percentage Discount,10,21.5,1,1,0,0,
CAMP05264,C0202,19-01-2026,Win-back,Percentage Discount,15,29.25,1,1,0,0,
CAMP05265,C0271,28-03-2026,Win-back,Percentage Discount,15,29.25,1,1,1,0,
CAMP05266,C0487,15-01-2026,New Product,Free Item,1,23,1,1,0,0,
CAMP05267,C0197,21-01-2026,Win-back,Percentage Discount,10,27.5,1,1,1,0,
CAMP05268,C0445,16-04-2026,Discount,Percentage Discount,15,23.25,1,1,1,0,
CAMP05269,C0691,16-03-2026,Birthday,Percentage Discount,10,18.5,1,1,1,1,24-03-2026
CAMP05270,C0190,15-02-2024,Discount,Percentage Discount,15,23.25,1,1,0,0,
CAMP05271,C0667,23-08-2026,Win-back,Percentage Discount,10,27.5,1,1,0,0,
CAMP05272,C0028,31-07-2025,Loyalty,Points,150,18,1,1,0,0,
CAMP05273,C0386,09-02-2026,New Product,Free Item,1,23,1,1,0,0,
CAMP05274,C0738,29-09-2025,Discount,Percentage Discount,5,19.75,1,1,0,0,
CAMP05275,C0777,24-12-2025,New Product,Free Item,1,23,1,1,0,0,
CAMP05276,C0281,02-01-2026,Festival,Percentage Discount,10,25.5,1,1,0,0,
CAMP05277,C0082,24-11-2025,Festival,Percentage Discount,20,29,1,1,0,0,
CAMP05278,C0867,21-02-2025,Festival,Percentage Discount,10,25.5,1,1,0,0,
CAMP05279,C0603,03-07-2024,Birthday,Percentage Discount,15,20.25,1,1,0,0,
CAMP05280,C0631,24-05-2026,Win-back,Percentage Discount,15,29.25,1,1,0,0,
CAMP05281,C0397,04-06-2026,Loyalty,Points,250,22,1,1,1,1,16-06-2026
CAMP05282,C0683,05-11-2024,Win-back,Percentage Discount,10,27.5,1,1,0,0,
CAMP05283,C0559,10-06-2026,Birthday,Percentage Discount,20,22,1,1,0,0,
CAMP05284,C0369,19-04-2026,Festival,Percentage Discount,10,25.5,1,1,0,0,
CAMP05285,C0180,01-08-2025,Birthday,Percentage Discount,15,20.25,1,1,1,1,02-08-2025
CAMP05286,C0303,24-06-2026,Birthday,Percentage Discount,15,20.25,1,1,0,0,
CAMP05287,C0837,02-01-2026,Loyalty,Points,150,18,1,1,0,0,
CAMP05288,C0953,24-07-2026,Win-back,Percentage Discount,10,27.5,1,1,0,0,
CAMP05289,C0602,15-07-2026,Loyalty,Points,100,16,1,1,1,0,
CAMP05290,C0791,09-10-2025,New Product,Free Item,1,23,1,1,0,0,
CAMP05291,C0517,12-12-2025,Win-back,Percentage Discount,20,31,1,1,0,0,
CAMP05292,C0474,01-02-2026,Discount,Percentage Discount,20,25,1,1,0,0,
CAMP05293,C0311,02-08-2024,Discount,Percentage Discount,10,21.5,1,1,0,0,
CAMP05294,C0104,09-08-2026,Loyalty,Points,100,16,1,1,0,0,
CAMP05295,C0729,05-02-2026,Loyalty,Points,250,22,1,1,0,0,
CAMP05296,C0859,05-03-2026,Loyalty,Points,100,16,1,1,1,0,
CAMP05297,C0256,10-09-2025,New Product,Free Item,1,23,1,1,0,0,
CAMP05298,C0051,16-10-2025,Win-back,Percentage Discount,20,31,1,1,0,0,
CAMP05299,C0626,10-11-2025,Birthday,Percentage Discount,15,20.25,1,1,1,0,
CAMP05300,C0517,18-06-2026,New Product,Free Item,1,23,1,1,0,0,
CAMP05301,C0569,04-04-2025,Birthday,Percentage Discount,15,20.25,1,1,1,1,18-04-2025
CAMP05302,C0782,14-11-2024,Win-back,Percentage Discount,10,27.5,1,1,0,0,
CAMP05303,C0237,29-06-2026,Discount,Percentage Discount,10,21.5,1,1,0,0,
CAMP05304,C0870,03-03-2025,Birthday,Percentage Discount,20,22,1,0,0,0,
CAMP05305,C0599,09-02-2026,Festival,Percentage Discount,30,32.5,1,1,0,0,
CAMP05306,C0782,19-07-2026,New Product,Free Item,1,23,1,1,0,0,
CAMP05307,C0945,25-05-2026,Birthday,Percentage Discount,15,20.25,1,0,0,0,
CAMP05308,C0319,21-02-2025,New Product,Free Item,1,23,1,1,1,0,
CAMP05309,C0358,09-03-2025,Festival,Percentage Discount,10,25.5,1,1,1,1,19-03-2025
CAMP05310,C0319,11-10-2025,Birthday,Percentage Discount,10,18.5,1,1,0,0,
CAMP05311,C0381,14-07-2025,Birthday,Percentage Discount,15,20.25,1,1,0,0,
CAMP05312,C0490,16-11-2024,Loyalty,Points,250,22,1,1,0,0,
CAMP05313,C0754,13-05-2025,Birthday,Percentage Discount,20,22,1,0,0,0,
CAMP05314,C0947,28-04-2025,Win-back,Percentage Discount,25,32.75,1,1,0,0,
CAMP05315,C0501,12-04-2026,Festival,Percentage Discount,25,30.75,1,1,0,0,
CAMP05316,C0630,12-05-2026,Birthday,Percentage Discount,15,20.25,1,1,1,0,
CAMP05317,C0017,22-05-2024,Loyalty,Points,50,14,1,1,0,0,
CAMP05318,C0403,25-05-2026,Birthday,Percentage Discount,20,22,1,1,0,0,
CAMP05319,C0381,21-02-2025,Birthday,Percentage Discount,15,20.25,1,1,1,0,
CAMP05320,C0604,02-02-2026,New Product,Free Item,1,23,1,1,0,0,
CAMP05321,C0943,10-07-2026,Festival,Percentage Discount,10,25.5,1,1,0,0,
CAMP05322,C0005,23-03-2024,Birthday,Percentage Discount,10,18.5,1,1,0,0,
CAMP05323,C0243,06-01-2025,New Product,Free Item,1,23,1,1,0,0,
CAMP05324,C0394,03-12-2025,Discount,Percentage Discount,10,21.5,1,0,0,0,
CAMP05325,C0811,25-03-2026,New Product,Free Item,1,23,1,1,0,0,
CAMP05326,C0785,07-04-2026,New Product,Free Item,1,23,1,1,0,0,
CAMP05327,C0691,15-05-2026,Birthday,Percentage Discount,15,20.25,1,1,0,0,
CAMP05328,C0044,14-12-2024,Win-back,Percentage Discount,15,29.25,1,1,1,0,
CAMP05329,C0435,06-03-2026,New Product,Free Item,1,23,1,1,0,0,
CAMP05330,C0173,27-04-2026,Discount,Percentage Discount,15,23.25,1,1,1,1,30-04-2026
CAMP05331,C0939,04-04-2026,Festival,Percentage Discount,15,27.25,1,1,0,0,
CAMP05332,C0680,09-03-2024,Win-back,Percentage Discount,10,27.5,1,1,0,0,
CAMP05333,C0107,29-07-2026,Loyalty,Points,50,14,1,1,0,0,
CAMP05334,C0532,16-08-2026,New Product,Free Item,1,23,1,1,1,0,
CAMP05335,C0296,22-11-2024,Discount,Percentage Discount,20,25,1,1,1,0,
CAMP05336,C0459,10-04-2026,Festival,Percentage Discount,30,32.5,1,1,0,0,
CAMP05337,C0159,03-08-2025,Win-back,Percentage Discount,20,31,1,1,0,0,
CAMP05338,C0234,22-12-2025,Win-back,Percentage Discount,15,29.25,1,1,0,0,
CAMP05339,C0019,21-07-2026,Festival,Percentage Discount,25,30.75,1,1,0,0,
CAMP05340,C0649,27-08-2024,Loyalty,Points,250,22,1,1,0,0,
CAMP05341,C0636,22-11-2025,Birthday,Percentage Discount,20,22,1,1,0,0,
CAMP05342,C0849,22-11-2025,Win-back,Percentage Discount,10,27.5,1,1,1,0,
CAMP05343,C0063,23-03-2026,Festival,Percentage Discount,10,25.5,1,0,0,0,
CAMP05344,C0946,02-02-2026,Discount,Percentage Discount,5,19.75,1,1,0,0,
CAMP05345,C0176,19-04-2026,Discount,Percentage Discount,10,21.5,1,1,0,0,
CAMP05346,C0262,15-02-2026,Birthday,Percentage Discount,20,22,1,0,0,0,
CAMP05347,C0876,12-07-2024,Festival,Percentage Discount,20,29,1,1,0,0,
CAMP05348,C0705,18-07-2026,Loyalty,Points,150,18,1,0,0,0,
CAMP05349,C0210,15-07-2026,New Product,Free Item,1,23,1,1,0,0,
CAMP05350,C0730,21-05-2026,Festival,Percentage Discount,10,25.5,1,0,0,0,
CAMP05351,C0951,18-05-2026,New Product,Free Item,1,23,1,1,1,0,
CAMP05352,C0196,11-07-2025,Loyalty,Points,100,16,1,1,1,0,
CAMP05353,C0239,02-05-2026,Win-back,Percentage Discount,25,32.75,1,1,0,0,
CAMP05354,C0076,04-10-2025,Birthday,Percentage Discount,15,20.25,1,0,0,0,
CAMP05355,C0806,12-09-2025,Birthday,Percentage Discount,20,22,1,1,0,0,
CAMP05356,C0469,04-04-2025,Win-back,Percentage Discount,25,32.75,1,1,0,0,
CAMP05357,C0140,08-10-2024,Win-back,Percentage Discount,10,27.5,1,1,0,0,
CAMP05358,C0146,22-11-2025,Festival,Percentage Discount,25,30.75,1,1,1,0,
CAMP05359,C0508,16-07-2025,Birthday,Percentage Discount,10,18.5,1,1,0,0,
CAMP05360,C0342,10-01-2026,Birthday,Percentage Discount,15,20.25,1,0,0,0,
CAMP05361,C0401,05-12-2025,Win-back,Percentage Discount,15,29.25,1,1,0,0,
CAMP05362,C0627,28-03-2026,Festival,Percentage Discount,20,29,1,1,1,1,01-04-2026
CAMP05363,C0391,20-07-2026,Discount,Percentage Discount,5,19.75,1,1,0,0,
CAMP05364,C0114,11-07-2026,Discount,Percentage Discount,10,21.5,1,0,0,0,
CAMP05365,C0127,16-08-2025,Birthday,Percentage Discount,10,18.5,1,0,0,0,
CAMP05366,C0613,13-03-2026,Discount,Percentage Discount,15,23.25,1,1,0,0,
CAMP05367,C0754,27-08-2026,Win-back,Percentage Discount,20,31,1,1,1,0,
CAMP05368,C0883,18-11-2025,Birthday,Percentage Discount,10,18.5,1,1,0,0,
CAMP05369,C0361,27-04-2026,Discount,Percentage Discount,20,25,1,1,0,0,
CAMP05370,C0337,29-03-2025,Discount,Percentage Discount,5,19.75,1,1,0,0,
CAMP05371,C0717,21-02-2026,Loyalty,Points,50,14,1,1,0,0,
CAMP05372,C0839,10-12-2025,Birthday,Percentage Discount,20,22,1,1,0,0,
CAMP05373,C0190,14-08-2026,Loyalty,Points,250,22,1,1,0,0,
CAMP05374,C0796,10-12-2025,Discount,Percentage Discount,10,21.5,1,1,1,1,16-12-2025
CAMP05375,C0334,16-03-2025,Loyalty,Points,50,14,1,1,1,1,24-03-2025
CAMP05376,C0335,30-01-2025,Birthday,Percentage Discount,20,22,1,1,0,0,
CAMP05377,C0800,30-12-2025,Birthday,Percentage Discount,10,18.5,1,1,0,0,
CAMP05378,C0155,07-05-2026,Birthday,Percentage Discount,15,20.25,1,1,0,0,
CAMP05379,C0625,15-11-2024,Festival,Percentage Discount,15,27.25,1,1,1,0,
CAMP05380,C0444,20-03-2026,Loyalty,Points,100,16,1,1,1,1,31-03-2026
CAMP05381,C0027,05-04-2026,Loyalty,Points,150,18,1,1,0,0,
CAMP05382,C0276,01-07-2026,Festival,Percentage Discount,30,32.5,1,1,1,0,
CAMP05383,C0608,25-11-2024,Win-back,Percentage Discount,20,31,1,1,0,0,
CAMP05384,C0271,26-03-2026,Birthday,Percentage Discount,10,18.5,1,1,0,0,
CAMP05385,C0457,15-07-2025,Loyalty,Points,100,16,1,1,0,0,
CAMP05386,C0570,07-08-2026,Win-back,Percentage Discount,20,31,1,1,0,0,
CAMP05387,C0726,04-11-2024,Win-back,Percentage Discount,25,32.75,1,1,0,0,
CAMP05388,C0609,03-12-2025,Festival,Percentage Discount,30,32.5,1,1,0,0,
CAMP05389,C0613,17-02-2026,Win-back,Percentage Discount,25,32.75,1,1,1,0,
CAMP05390,C0188,19-08-2026,Discount,Percentage Discount,20,25,1,1,0,0,
CAMP05391,C0029,03-02-2025,Birthday,Percentage Discount,10,18.5,1,1,0,0,
CAMP05392,C0008,30-08-2026,Discount,Percentage Discount,20,25,1,0,0,0,
CAMP05393,C0640,24-05-2026,Win-back,Percentage Discount,15,29.25,1,1,0,0,
CAMP05394,C0355,08-12-2025,Festival,Percentage Discount,30,32.5,1,1,0,0,
CAMP05395,C0014,11-04-2025,Win-back,Percentage Discount,20,31,1,1,1,1,17-04-2025
CAMP05396,C0888,04-08-2026,Loyalty,Points,250,22,1,1,1,0,
CAMP05397,C0917,26-05-2026,Festival,Percentage Discount,25,30.75,1,1,1,1,09-06-2026
CAMP05398,C0083,27-04-2026,Loyalty,Points,50,14,1,1,0,0,
CAMP05399,C0554,24-08-2025,New Product,Free Item,1,23,1,1,0,0,
CAMP05400,C0323,03-04-2024,Loyalty,Points,150,18,1,1,0,0,
CAMP05401,C0553,23-06-2026,Festival,Percentage Discount,30,32.5,1,1,0,0,
CAMP05402,C0431,19-05-2026,Discount,Percentage Discount,20,25,1,1,1,0,
CAMP05403,C0880,22-08-2025,Win-back,Percentage Discount,10,27.5,1,0,0,0,
CAMP05404,C0411,22-11-2025,New Product,Free Item,1,23,1,1,0,0,
CAMP05405,C0212,28-08-2024,Birthday,Percentage Discount,15,20.25,1,1,0,0,
CAMP05406,C0004,12-02-2026,Discount,Percentage Discount,20,25,1,1,1,0,
CAMP05407,C0737,21-01-2026,Loyalty,Points,100,16,1,1,0,0,
CAMP05408,C0709,11-06-2026,New Product,Free Item,1,23,1,1,1,0,
CAMP05409,C0275,28-02-2025,Discount,Percentage Discount,5,19.75,1,1,0,0,
CAMP05410,C0967,06-05-2026,Birthday,Percentage Discount,10,18.5,1,1,0,0,
CAMP05411,C0812,31-07-2025,New Product,Free Item,1,23,1,1,0,0,
CAMP05412,C0542,19-05-2026,Festival,Percentage Discount,15,27.25,1,1,0,0,
CAMP05413,C0149,23-05-2025,Birthday,Percentage Discount,15,20.25,1,1,1,0,
CAMP05414,C0598,17-11-2025,Loyalty,Points,100,16,1,0,0,0,
CAMP05415,C0869,03-04-2026,New Product,Free Item,1,23,1,1,0,0,
CAMP05416,C0068,19-06-2026,New Product,Free Item,1,23,1,0,0,0,
CAMP05417,C0470,03-04-2026,Birthday,Percentage Discount,10,18.5,1,1,1,0,
CAMP05418,C0694,08-05-2026,Festival,Percentage Discount,15,27.25,1,1,0,0,
CAMP05419,C0360,14-03-2025,Festival,Percentage Discount,30,32.5,1,1,1,0,
CAMP05420,C0388,05-03-2026,Festival,Percentage Discount,30,32.5,1,1,0,0,
CAMP05421,C0503,16-01-2026,Discount,Percentage Discount,15,23.25,1,1,0,0,
CAMP05422,C0409,23-08-2026,Birthday,Percentage Discount,10,18.5,1,1,0,0,
CAMP05423,C0737,16-07-2026,Loyalty,Points,50,14,1,1,0,0,
CAMP05424,C0153,20-08-2026,New Product,Free Item,1,23,1,1,1,0,
CAMP05425,C0952,08-06-2025,Win-back,Percentage Discount,10,27.5,1,1,0,0,
CAMP05426,C0407,30-08-2026,Win-back,Percentage Discount,25,32.75,1,1,0,0,
CAMP05427,C0061,18-07-2026,Win-back,Percentage Discount,15,29.25,1,1,1,0,
CAMP05428,C0419,10-04-2024,Birthday,Percentage Discount,20,22,1,1,0,0,
CAMP05429,C0902,24-01-2026,Win-back,Percentage Discount,25,32.75,1,1,0,0,
CAMP05430,C0896,27-07-2025,Festival,Percentage Discount,30,32.5,1,1,1,0,
CAMP05431,C0331,29-04-2026,Win-back,Percentage Discount,20,31,1,1,0,0,
CAMP05432,C0581,17-05-2026,Discount,Percentage Discount,5,19.75,1,1,1,0,
CAMP05433,C0100,11-04-2024,Loyalty,Points,100,16,1,1,0,0,
CAMP05434,C0612,31-07-2026,Festival,Percentage Discount,20,29,1,1,0,0,
CAMP05435,C0012,24-06-2026,New Product,Free Item,1,23,1,1,1,1,03-07-2026
CAMP05436,C0957,26-06-2024,Win-back,Percentage Discount,25,32.75,1,1,0,0,
CAMP05437,C0333,16-02-2025,Win-back,Percentage Discount,25,32.75,1,1,0,0,
CAMP05438,C0659,19-11-2025,New Product,Free Item,1,23,1,1,0,0,
CAMP05439,C0341,22-08-2026,Festival,Percentage Discount,25,30.75,1,1,0,0,
CAMP05440,C0629,12-01-2025,Discount,Percentage Discount,10,21.5,1,0,0,0,
CAMP05441,C0788,01-05-2026,Festival,Percentage Discount,10,25.5,1,1,0,0,
CAMP05442,C0550,14-09-2025,Festival,Percentage Discount,15,27.25,1,0,0,0,
CAMP05443,C0847,04-08-2026,Festival,Percentage Discount,30,32.5,1,1,1,0,
CAMP05444,C0592,22-07-2026,Win-back,Percentage Discount,15,29.25,1,1,1,1,25-07-2026
CAMP05445,C0662,16-05-2026,Win-back,Percentage Discount,15,29.25,1,1,0,0,
CAMP05446,C0482,31-03-2026,Loyalty,Points,150,18,1,1,0,0,
CAMP05447,C0015,01-08-2026,Birthday,Percentage Discount,20,22,1,1,0,0,
CAMP05448,C0627,02-04-2026,Win-back,Percentage Discount,10,27.5,1,1,1,1,10-04-2026
CAMP05449,C0951,17-07-2026,Win-back,Percentage Discount,10,27.5,1,1,1,0,
CAMP05450,C0255,29-09-2024,Discount,Percentage Discount,20,25,1,1,0,0,
CAMP05451,C0874,27-07-2026,Birthday,Percentage Discount,15,20.25,1,1,1,0,
CAMP05452,C0622,11-04-2026,Discount,Percentage Discount,5,19.75,1,1,1,0,
CAMP05453,C0005,26-01-2024,New Product,Free Item,1,23,1,1,1,0,
CAMP05454,C0052,28-07-2026,Loyalty,Points,250,22,1,1,0,0,
CAMP05455,C0908,22-01-2026,New Product,Free Item,1,23,1,1,1,0,
CAMP05456,C0336,13-05-2024,Festival,Percentage Discount,25,30.75,1,1,1,1,20-05-2024
CAMP05457,C0338,13-10-2025,Loyalty,Points,100,16,1,0,0,0,
CAMP05458,C0557,18-08-2026,New Product,Free Item,1,23,1,1,1,1,21-08-2026
CAMP05459,C0975,17-03-2026,New Product,Free Item,1,23,1,1,0,0,
CAMP05460,C0424,04-08-2025,New Product,Free Item,1,23,1,1,0,0,
CAMP05461,C0244,07-05-2026,Discount,Percentage Discount,10,21.5,1,1,1,1,14-05-2026
CAMP05462,C0026,13-07-2025,Discount,Percentage Discount,15,23.25,1,1,1,0,
CAMP05463,C0090,17-11-2025,Discount,Percentage Discount,15,23.25,1,1,1,0,
CAMP05464,C0343,20-03-2026,Birthday,Percentage Discount,20,22,1,1,1,0,
CAMP05465,C0703,20-08-2025,Discount,Percentage Discount,20,25,1,1,0,0,
CAMP05466,C0009,29-01-2026,New Product,Free Item,1,23,1,0,0,0,
CAMP05467,C0330,29-08-2024,Win-back,Percentage Discount,25,32.75,1,1,0,0,
CAMP05468,C0490,29-04-2025,Win-back,Percentage Discount,10,27.5,1,1,1,0,
CAMP05469,C0699,07-08-2025,Loyalty,Points,250,22,1,0,0,0,
CAMP05470,C0629,04-12-2025,Festival,Percentage Discount,20,29,1,1,0,0,
CAMP05471,C0880,05-07-2026,Festival,Percentage Discount,10,25.5,1,0,0,0,
CAMP05472,C0265,05-12-2025,Discount,Percentage Discount,10,21.5,1,1,1,0,
CAMP05473,C0163,31-01-2026,Discount,Percentage Discount,15,23.25,1,1,0,0,
CAMP05474,C0751,30-08-2026,Win-back,Percentage Discount,25,32.75,1,1,1,0,
CAMP05475,C0884,29-07-2026,Birthday,Percentage Discount,15,20.25,1,1,0,0,
CAMP05476,C0433,31-03-2026,Win-back,Percentage Discount,20,31,1,1,1,1,05-04-2026
CAMP05477,C0414,27-05-2025,New Product,Free Item,1,23,1,1,1,0,
CAMP05478,C0511,01-02-2025,Win-back,Percentage Discount,25,32.75,1,1,0,0,
CAMP05479,C0903,29-07-2026,Discount,Percentage Discount,15,23.25,1,1,0,0,
CAMP05480,C0109,31-07-2024,Birthday,Percentage Discount,20,22,1,1,0,0,
CAMP05481,C0217,22-07-2026,Discount,Percentage Discount,10,21.5,1,1,0,0,
CAMP05482,C0874,29-08-2026,Loyalty,Points,250,22,1,1,1,0,
CAMP05483,C0184,28-04-2026,New Product,Free Item,1,23,1,1,0,0,
CAMP05484,C0837,13-04-2026,Festival,Percentage Discount,30,32.5,1,1,0,0,
CAMP05485,C0727,19-08-2026,Win-back,Percentage Discount,20,31,1,1,1,0,
CAMP05486,C0121,24-02-2026,New Product,Free Item,1,23,1,1,0,0,
CAMP05487,C0528,19-06-2026,Birthday,Percentage Discount,20,22,1,1,0,0,
CAMP05488,C0324,14-02-2025,Loyalty,Points,50,14,1,1,1,0,
CAMP05489,C0846,05-04-2026,Festival,Percentage Discount,10,25.5,1,1,0,0,
CAMP05490,C0414,04-04-2026,Discount,Percentage Discount,10,21.5,1,1,0,0,
CAMP05491,C0168,07-03-2026,Win-back,Percentage Discount,10,27.5,1,1,1,0,
CAMP05492,C0837,27-11-2025,Loyalty,Points,100,16,1,1,0,0,
CAMP05493,C0565,09-07-2026,Discount,Percentage Discount,5,19.75,1,1,0,0,
CAMP05494,C0124,26-04-2026,Birthday,Percentage Discount,10,18.5,1,1,1,1,02-05-2026
CAMP05495,C0236,11-10-2025,Win-back,Percentage Discount,15,29.25,1,1,0,0,
CAMP05496,C0022,14-04-2025,New Product,Free Item,1,23,1,1,0,0,
CAMP05497,C0817,01-01-2025,Festival,Percentage Discount,20,29,1,1,0,0,
CAMP05498,C0852,12-08-2025,New Product,Free Item,1,23,1,0,0,0,
CAMP05499,C0626,10-04-2025,Festival,Percentage Discount,25,30.75,1,1,0,0,
CAMP05500,C0975,10-01-2026,New Product,Free Item,1,23,1,1,0,0,
CAMP05501,C0405,28-07-2025,Discount,Percentage Discount,15,23.25,1,1,0,0,
CAMP05502,C0533,14-11-2024,New Product,Free Item,1,23,1,1,0,0,
CAMP05503,C0281,31-12-2024,Loyalty,Points,150,18,1,1,0,0,
CAMP05504,C0729,30-09-2025,Loyalty,Points,250,22,1,0,0,0,
CAMP05505,C0127,18-10-2025,Win-back,Percentage Discount,20,31,1,1,0,0,
CAMP05506,C0336,27-02-2024,Discount,Percentage Discount,20,25,1,1,1,0,
CAMP05507,C0872,23-12-2025,Win-back,Percentage Discount,25,32.75,1,1,0,0,
CAMP05508,C0501,16-01-2025,New Product,Free Item,1,23,1,1,0,0,
CAMP05509,C0439,16-08-2026,New Product,Free Item,1,23,1,1,1,0,
CAMP05510,C0003,04-11-2024,Birthday,Percentage Discount,20,22,1,1,1,0,
CAMP05511,C0619,02-01-2026,Birthday,Percentage Discount,10,18.5,1,1,1,0,
CAMP05512,C0984,05-08-2026,Loyalty,Points,150,18,1,1,0,0,
CAMP05513,C0526,30-09-2024,Win-back,Percentage Discount,15,29.25,1,1,0,0,
CAMP05514,C0811,22-05-2026,Loyalty,Points,50,14,1,1,0,0,
CAMP05515,C0634,02-01-2026,Birthday,Percentage Discount,15,20.25,1,1,0,0,
CAMP05516,C0048,18-05-2025,Festival,Percentage Discount,15,27.25,1,1,0,0,
CAMP05517,C0943,22-07-2026,Win-back,Percentage Discount,25,32.75,1,1,0,0,
CAMP05518,C0885,18-03-2026,Discount,Percentage Discount,5,19.75,1,1,1,1,29-03-2026
CAMP05519,C0860,05-04-2026,Discount,Percentage Discount,15,23.25,1,1,0,0,
CAMP05520,C0773,23-11-2025,Discount,Percentage Discount,10,21.5,1,1,1,1,01-12-2025
CAMP05521,C0942,12-01-2026,Loyalty,Points,250,22,1,1,0,0,
CAMP05522,C0041,05-03-2026,Win-back,Percentage Discount,20,31,1,1,0,0,
CAMP05523,C0684,20-07-2024,Festival,Percentage Discount,30,32.5,1,1,0,0,
CAMP05524,C0516,21-12-2025,Discount,Percentage Discount,20,25,1,1,0,0,
CAMP05525,C0585,08-04-2026,Loyalty,Points,150,18,1,1,0,0,
CAMP05526,C0201,31-08-2026,Discount,Percentage Discount,10,21.5,1,1,0,0,
CAMP05527,C0174,04-01-2025,Birthday,Percentage Discount,10,18.5,1,1,0,0,
CAMP05528,C0779,14-05-2026,Win-back,Percentage Discount,25,32.75,1,1,0,0,
CAMP05529,C0771,28-08-2026,Festival,Percentage Discount,10,25.5,1,1,0,0,
CAMP05530,C0436,10-12-2025,Birthday,Percentage Discount,15,20.25,1,1,1,0,
CAMP05531,C0583,21-07-2026,New Product,Free Item,1,23,1,1,0,0,
CAMP05532,C0238,23-04-2025,Birthday,Percentage Discount,15,20.25,1,1,0,0,
CAMP05533,C0275,12-12-2024,Loyalty,Points,250,22,1,1,1,0,
CAMP05534,C0529,20-03-2026,Discount,Percentage Discount,10,21.5,1,1,1,0,
CAMP05535,C0696,17-05-2026,Win-back,Percentage Discount,15,29.25,1,1,1,0,
CAMP05536,C0614,17-11-2025,Win-back,Percentage Discount,10,27.5,1,1,1,0,
CAMP05537,C0068,01-09-2025,Festival,Percentage Discount,15,27.25,1,1,1,1,04-09-2025
CAMP05538,C0281,29-05-2024,Birthday,Percentage Discount,20,22,1,1,0,0,
CAMP05539,C0099,04-05-2025,New Product,Free Item,1,23,1,1,1,0,
CAMP05540,C0808,24-02-2026,Discount,Percentage Discount,5,19.75,1,1,1,0,
CAMP05541,C0269,27-12-2024,Birthday,Percentage Discount,10,18.5,1,1,0,0,
CAMP05542,C0194,20-12-2024,Discount,Percentage Discount,5,19.75,1,1,0,0,
CAMP05543,C0029,19-09-2024,Birthday,Percentage Discount,20,22,1,1,0,0,
CAMP05544,C0765,13-07-2026,Win-back,Percentage Discount,20,31,1,1,1,0,
CAMP05545,C0984,01-08-2026,New Product,Free Item,1,23,1,1,0,0,
CAMP05546,C0126,14-08-2026,Loyalty,Points,150,18,1,1,0,0,
CAMP05547,C0995,06-06-2026,Discount,Percentage Discount,20,25,1,0,0,0,
CAMP05548,C0036,30-03-2026,New Product,Free Item,1,23,1,1,1,0,
CAMP05549,C0048,05-02-2025,Birthday,Percentage Discount,15,20.25,1,1,0,0,
CAMP05550,C0425,05-01-2025,Loyalty,Points,100,16,1,1,0,0,
CAMP05551,C0457,11-03-2025,New Product,Free Item,1,23,1,1,0,0,
CAMP05552,C0589,22-06-2026,Birthday,Percentage Discount,10,18.5,1,0,0,0,
CAMP05553,C0156,07-04-2026,New Product,Free Item,1,23,1,0,0,0,
CAMP05554,C0118,06-12-2025,Discount,Percentage Discount,5,19.75,1,1,1,0,
CAMP05555,C0139,12-11-2024,Loyalty,Points,150,18,1,1,1,0,
CAMP05556,C0476,28-11-2025,Loyalty,Points,250,22,1,1,0,0,
CAMP05557,C0188,25-05-2026,Festival,Percentage Discount,30,32.5,1,1,0,0,
CAMP05558,C0586,30-05-2026,Birthday,Percentage Discount,10,18.5,1,1,0,0,
CAMP05559,C0233,21-12-2025,Win-back,Percentage Discount,20,31,1,1,0,0,
CAMP05560,C0371,11-04-2024,Discount,Percentage Discount,20,25,1,1,0,0,
CAMP05561,C0331,25-07-2026,New Product,Free Item,1,23,1,1,0,0,
CAMP05562,C0542,09-06-2026,Discount,Percentage Discount,20,25,1,1,0,0,
CAMP05563,C0175,17-08-2026,Festival,Percentage Discount,30,32.5,1,1,1,0,
CAMP05564,C0660,26-01-2026,Loyalty,Points,250,22,1,1,0,0,
CAMP05565,C0004,17-08-2026,Loyalty,Points,100,16,1,1,1,1,24-08-2026
CAMP05566,C0856,27-07-2026,Discount,Percentage Discount,15,23.25,1,0,0,0,
CAMP05567,C0810,07-08-2026,Loyalty,Points,100,16,1,1,1,0,
CAMP05568,C0112,06-07-2026,Loyalty,Points,50,14,1,0,0,0,
CAMP05569,C0100,26-03-2025,Loyalty,Points,100,16,1,1,0,0,
CAMP05570,C0527,20-06-2026,Win-back,Percentage Discount,10,27.5,1,1,0,0,
CAMP05571,C0274,03-12-2025,Win-back,Percentage Discount,15,29.25,1,1,0,0,
CAMP05572,C0905,18-07-2026,Discount,Percentage Discount,15,23.25,1,1,0,0,
CAMP05573,C0867,20-02-2025,Festival,Percentage Discount,30,32.5,1,1,0,0,
CAMP05574,C0245,08-04-2026,New Product,Free Item,1,23,1,1,0,0,
CAMP05575,C0946,25-09-2025,Festival,Percentage Discount,10,25.5,1,0,0,0,
CAMP05576,C0601,20-11-2025,Loyalty,Points,50,14,1,1,0,0,
CAMP05577,C0324,14-04-2025,Win-back,Percentage Discount,20,31,1,1,0,0,
CAMP05578,C0729,19-03-2025,New Product,Free Item,1,23,1,1,0,0,
CAMP05579,C0996,24-02-2026,New Product,Free Item,1,23,1,1,0,0,
CAMP05580,C0932,25-02-2026,New Product,Free Item,1,23,1,1,0,0,
CAMP05581,C0982,12-02-2025,Discount,Percentage Discount,10,21.5,1,1,0,0,
CAMP05582,C0714,25-04-2026,Loyalty,Points,100,16,1,1,0,0,
CAMP05583,C0315,28-02-2026,Loyalty,Points,100,16,1,1,0,0,
CAMP05584,C0659,25-11-2025,Loyalty,Points,50,14,1,1,0,0,
CAMP05585,C0580,21-07-2025,New Product,Free Item,1,23,1,1,0,0,
CAMP05586,C0228,12-08-2025,Loyalty,Points,50,14,1,0,0,0,
CAMP05587,C0124,10-03-2025,Discount,Percentage Discount,15,23.25,1,1,1,1,20-03-2025
CAMP05588,C0688,30-03-2026,Win-back,Percentage Discount,15,29.25,1,1,0,0,
CAMP05589,C0518,14-04-2026,Loyalty,Points,250,22,1,1,1,0,
CAMP05590,C0822,25-06-2026,Festival,Percentage Discount,10,25.5,1,1,0,0,
CAMP05591,C0953,15-05-2026,Festival,Percentage Discount,30,32.5,1,1,0,0,
CAMP05592,C0052,08-08-2026,Discount,Percentage Discount,15,23.25,1,1,1,1,19-08-2026
CAMP05593,C0553,02-08-2026,Discount,Percentage Discount,20,25,1,1,0,0,
CAMP05594,C0141,14-05-2026,Loyalty,Points,100,16,1,0,0,0,
CAMP05595,C0605,07-03-2026,New Product,Free Item,1,23,1,1,1,0,
CAMP05596,C0244,06-11-2025,Birthday,Percentage Discount,15,20.25,1,1,1,1,16-11-2025
CAMP05597,C0746,07-08-2024,Discount,Percentage Discount,20,25,1,1,1,0,
CAMP05598,C0899,20-06-2024,Discount,Percentage Discount,15,23.25,1,1,0,0,
CAMP05599,C0327,14-07-2025,Discount,Percentage Discount,15,23.25,1,1,1,0,
CAMP05600,C0732,21-01-2024,Discount,Percentage Discount,10,21.5,1,1,1,0,
CAMP05601,C0677,30-04-2025,Loyalty,Points,250,22,1,1,0,0,
CAMP05602,C0192,12-02-2026,Birthday,Percentage Discount,20,22,1,1,0,0,
CAMP05603,C0324,19-02-2025,Festival,Percentage Discount,30,32.5,1,1,0,0,
CAMP05604,C0602,10-09-2025,New Product,Free Item,1,23,1,1,1,1,19-09-2025
CAMP05605,C0228,08-06-2025,Festival,Percentage Discount,20,29,1,1,0,0,
CAMP05606,C0052,01-08-2026,Birthday,Percentage Discount,10,18.5,1,1,0,0,
CAMP05607,C0051,08-07-2026,Discount,Percentage Discount,5,19.75,1,1,0,0,
CAMP05608,C0261,28-06-2026,Birthday,Percentage Discount,15,20.25,1,1,0,0,
CAMP05609,C0392,21-05-2026,Win-back,Percentage Discount,10,27.5,1,1,0,0,
CAMP05610,C0190,26-06-2024,Festival,Percentage Discount,25,30.75,1,1,1,0,
CAMP05611,C0435,05-12-2024,Win-back,Percentage Discount,20,31,1,1,0,0,
CAMP05612,C0348,05-04-2026,Festival,Percentage Discount,30,32.5,1,1,1,0,
CAMP05613,C0793,18-04-2026,Discount,Percentage Discount,5,19.75,1,1,0,0,
CAMP05614,C0952,09-09-2025,Win-back,Percentage Discount,15,29.25,1,0,0,0,
CAMP05615,C0587,02-08-2024,New Product,Free Item,1,23,1,1,0,0,
CAMP05616,C0004,11-08-2026,Birthday,Percentage Discount,15,20.25,1,1,0,0,
CAMP05617,C0238,05-04-2025,Discount,Percentage Discount,5,19.75,1,1,1,1,08-04-2025
CAMP05618,C0708,16-08-2025,Win-back,Percentage Discount,25,32.75,1,1,0,0,
CAMP05619,C0299,08-07-2024,New Product,Free Item,1,23,1,0,0,0,
CAMP05620,C0948,12-04-2026,Birthday,Percentage Discount,20,22,1,1,1,1,20-04-2026
CAMP05621,C0903,19-08-2026,Win-back,Percentage Discount,20,31,1,1,0,0,
CAMP05622,C0060,10-07-2026,Discount,Percentage Discount,10,21.5,1,1,0,0,
CAMP05623,C0204,01-02-2026,Win-back,Percentage Discount,25,32.75,1,1,0,0,
CAMP05624,C0896,13-05-2025,Festival,Percentage Discount,20,29,1,1,0,0,
CAMP05625,C0359,24-09-2024,Discount,Percentage Discount,15,23.25,1,1,0,0,
CAMP05626,C0379,09-05-2025,New Product,Free Item,1,23,1,1,0,0,
CAMP05627,C0948,04-07-2026,Win-back,Percentage Discount,20,31,1,1,0,0,
CAMP05628,C0750,04-02-2026,New Product,Free Item,1,23,1,1,0,0,
CAMP05629,C0874,04-03-2026,New Product,Free Item,1,23,1,1,0,0,
CAMP05630,C0746,21-12-2025,Loyalty,Points,100,16,1,1,1,0,
CAMP05631,C0099,06-10-2024,Festival,Percentage Discount,25,30.75,1,1,0,0,
CAMP05632,C0466,10-07-2025,Festival,Percentage Discount,25,30.75,1,1,0,0,
CAMP05633,C0460,08-06-2025,Win-back,Percentage Discount,15,29.25,1,1,0,0,
CAMP05634,C0466,02-05-2026,Discount,Percentage Discount,5,19.75,1,1,0,0,
CAMP05635,C0316,27-05-2026,Loyalty,Points,150,18,1,1,0,0,
CAMP05636,C0955,29-12-2025,Festival,Percentage Discount,30,32.5,1,1,0,0,
CAMP05637,C0958,17-08-2025,Festival,Percentage Discount,15,27.25,1,1,0,0,
CAMP05638,C0783,11-02-2026,New Product,Free Item,1,23,1,1,1,0,
CAMP05639,C0320,06-10-2023,Festival,Percentage Discount,25,30.75,1,1,0,0,
CAMP05640,C0427,17-08-2026,New Product,Free Item,1,23,1,1,0,0,
CAMP05641,C0030,21-05-2024,Birthday,Percentage Discount,15,20.25,1,1,0,0,
CAMP05642,C0090,20-04-2026,Win-back,Percentage Discount,20,31,1,1,0,0,
CAMP05643,C0113,03-04-2026,Win-back,Percentage Discount,10,27.5,1,1,1,1,14-04-2026
CAMP05644,C0282,21-10-2025,Festival,Percentage Discount,20,29,1,1,0,0,
CAMP05645,C0248,08-01-2026,Loyalty,Points,250,22,1,1,0,0,
CAMP05646,C0849,05-06-2026,Discount,Percentage Discount,15,23.25,1,1,1,1,17-06-2026
CAMP05647,C0279,06-06-2026,Discount,Percentage Discount,20,25,1,1,0,0,
CAMP05648,C0909,22-06-2026,Discount,Percentage Discount,20,25,1,1,1,1,06-07-2026
CAMP05649,C0423,26-05-2026,New Product,Free Item,1,23,1,1,0,0,
CAMP05650,C0369,04-06-2026,Discount,Percentage Discount,20,25,1,1,0,0,
CAMP05651,C0849,06-11-2024,Loyalty,Points,100,16,1,1,0,0,
CAMP05652,C0237,18-09-2025,New Product,Free Item,1,23,1,1,0,0,
CAMP05653,C0533,29-05-2025,Loyalty,Points,250,22,1,1,0,0,
CAMP05654,C0966,19-05-2026,Discount,Percentage Discount,15,23.25,1,1,1,0,
CAMP05655,C0852,08-05-2025,Win-back,Percentage Discount,25,32.75,1,0,0,0,
CAMP05656,C0777,13-04-2025,Discount,Percentage Discount,10,21.5,1,1,0,0,
CAMP05657,C0043,16-11-2025,Festival,Percentage Discount,20,29,1,1,0,0,
CAMP05658,C0804,09-04-2025,Win-back,Percentage Discount,10,27.5,1,1,0,0,
CAMP05659,C0857,12-05-2026,Festival,Percentage Discount,25,30.75,1,1,0,0,
CAMP05660,C0446,23-06-2026,New Product,Free Item,1,23,1,0,0,0,
CAMP05661,C0099,05-06-2025,Festival,Percentage Discount,20,29,1,1,0,0,
CAMP05662,C0194,08-02-2026,Loyalty,Points,50,14,1,1,0,0,
CAMP05663,C0727,28-03-2026,Festival,Percentage Discount,10,25.5,1,1,0,0,
CAMP05664,C0380,06-03-2026,New Product,Free Item,1,23,1,0,0,0,
CAMP05665,C0532,30-06-2026,Discount,Percentage Discount,10,21.5,1,1,0,0,
CAMP05666,C0914,07-04-2026,Discount,Percentage Discount,5,19.75,1,1,0,0,
CAMP05667,C0359,02-07-2026,Discount,Percentage Discount,5,19.75,1,0,0,0,
CAMP05668,C0230,29-05-2026,Win-back,Percentage Discount,20,31,1,1,1,0,
CAMP05669,C0272,20-03-2025,Win-back,Percentage Discount,25,32.75,1,1,0,0,
CAMP05670,C0350,18-09-2025,Win-back,Percentage Discount,20,31,1,1,0,0,
CAMP05671,C0283,07-11-2025,Discount,Percentage Discount,10,21.5,1,1,0,0,
CAMP05672,C0635,17-03-2026,Win-back,Percentage Discount,25,32.75,1,0,0,0,
CAMP05673,C0472,18-03-2026,New Product,Free Item,1,23,1,1,1,0,
CAMP05674,C0090,21-05-2026,Loyalty,Points,250,22,1,1,0,0,
CAMP05675,C0313,20-10-2025,New Product,Free Item,1,23,1,1,0,0,
CAMP05676,C0231,09-04-2026,Discount,Percentage Discount,5,19.75,1,1,0,0,
CAMP05677,C0040,24-03-2026,Win-back,Percentage Discount,15,29.25,1,1,1,0,
CAMP05678,C0260,20-03-2025,Discount,Percentage Discount,15,23.25,1,1,0,0,
CAMP05679,C0923,13-07-2026,Birthday,Percentage Discount,15,20.25,1,1,1,1,27-07-2026
CAMP05680,C0738,14-09-2025,Birthday,Percentage Discount,15,20.25,1,1,0,0,
CAMP05681,C0757,31-12-2025,Festival,Percentage Discount,15,27.25,1,1,0,0,
CAMP05682,C0768,20-02-2025,New Product,Free Item,1,23,1,1,0,0,
CAMP05683,C0408,31-08-2025,Loyalty,Points,100,16,1,1,0,0,
CAMP05684,C0102,06-03-2024,Loyalty,Points,50,14,1,1,0,0,
CAMP05685,C0187,31-07-2026,Loyalty,Points,100,16,1,1,0,0,
CAMP05686,C0396,08-03-2026,Loyalty,Points,150,18,1,0,0,0,
CAMP05687,C0930,17-07-2026,Festival,Percentage Discount,15,27.25,1,1,0,0,
CAMP05688,C0556,10-08-2026,Discount,Percentage Discount,10,21.5,1,1,0,0,
CAMP05689,C0930,13-08-2026,Festival,Percentage Discount,10,25.5,1,1,0,0,
CAMP05690,C0792,09-12-2025,Festival,Percentage Discount,15,27.25,1,1,0,0,
CAMP05691,C0165,06-07-2025,Win-back,Percentage Discount,25,32.75,1,0,0,0,
CAMP05692,C0871,13-07-2025,Win-back,Percentage Discount,25,32.75,1,1,1,1,22-07-2025
CAMP05693,C0183,05-04-2026,Loyalty,Points,100,16,1,1,0,0,
CAMP05694,C0641,25-12-2024,New Product,Free Item,1,23,1,1,0,0,
CAMP05695,C0541,22-08-2026,Birthday,Percentage Discount,20,22,1,1,1,1,28-08-2026
CAMP05696,C0254,25-09-2024,Win-back,Percentage Discount,10,27.5,1,1,0,0,
CAMP05697,C0864,09-05-2025,Birthday,Percentage Discount,10,18.5,1,1,0,0,
CAMP05698,C0068,31-05-2026,Discount,Percentage Discount,15,23.25,1,1,0,0,
CAMP05699,C0414,04-07-2026,Discount,Percentage Discount,5,19.75,1,1,0,0,
CAMP05700,C0692,15-06-2026,New Product,Free Item,1,23,1,1,0,0,
CAMP05701,C0536,03-06-2025,Win-back,Percentage Discount,15,29.25,1,1,1,1,08-06-2025
CAMP05702,C0886,15-01-2026,Win-back,Percentage Discount,20,31,1,1,0,0,
CAMP05703,C0505,16-08-2026,Festival,Percentage Discount,25,30.75,1,1,0,0,
CAMP05704,C0203,06-08-2025,Birthday,Percentage Discount,10,18.5,1,1,0,0,
CAMP05705,C0782,09-05-2026,Festival,Percentage Discount,15,27.25,1,1,0,0,
CAMP05706,C0349,07-05-2025,Birthday,Percentage Discount,15,20.25,1,1,1,1,17-05-2025
CAMP05707,C0258,24-11-2025,Discount,Percentage Discount,15,23.25,1,1,1,1,06-12-2025
CAMP05708,C0629,08-10-2023,Discount,Percentage Discount,15,23.25,1,1,0,0,
CAMP05709,C0423,29-11-2024,Loyalty,Points,250,22,1,1,0,0,
CAMP05710,C0879,01-12-2025,Loyalty,Points,150,18,1,1,0,0,
CAMP05711,C0848,23-10-2025,New Product,Free Item,1,23,1,1,0,0,
CAMP05712,C0865,03-05-2026,Win-back,Percentage Discount,10,27.5,1,1,1,0,
CAMP05713,C0093,30-08-2025,New Product,Free Item,1,23,1,1,0,0,
CAMP05714,C0013,25-12-2024,Festival,Percentage Discount,15,27.25,1,1,1,1,31-12-2024
CAMP05715,C0821,21-09-2024,New Product,Free Item,1,23,1,1,0,0,
CAMP05716,C0862,06-08-2026,Loyalty,Points,50,14,1,1,0,0,
CAMP05717,C0116,11-08-2026,Loyalty,Points,150,18,1,1,1,1,20-08-2026
CAMP05718,C0146,12-11-2023,Discount,Percentage Discount,15,23.25,1,1,0,0,
CAMP05719,C0889,19-05-2026,Birthday,Percentage Discount,10,18.5,1,1,0,0,
CAMP05720,C0143,19-07-2025,Birthday,Percentage Discount,20,22,1,1,0,0,
CAMP05721,C0625,08-06-2026,Discount,Percentage Discount,20,25,1,1,0,0,
CAMP05722,C0485,26-07-2025,Discount,Percentage Discount,20,25,1,1,1,0,
CAMP05723,C0477,22-08-2025,New Product,Free Item,1,23,1,1,0,0,
CAMP05724,C0308,10-03-2026,Discount,Percentage Discount,10,21.5,1,1,1,0,
CAMP05725,C0110,27-04-2026,Loyalty,Points,50,14,1,1,0,0,
CAMP05726,C0517,24-05-2026,Festival,Percentage Discount,30,32.5,1,1,0,0,
CAMP05727,C0194,27-04-2026,Loyalty,Points,100,16,1,1,0,0,
CAMP05728,C0543,03-01-2025,New Product,Free Item,1,23,1,1,0,0,
CAMP05729,C0124,14-02-2025,Birthday,Percentage Discount,15,20.25,1,1,1,1,20-02-2025
CAMP05730,C0955,26-10-2024,New Product,Free Item,1,23,1,1,0,0,
CAMP05731,C0439,05-07-2026,Birthday,Percentage Discount,20,22,1,0,0,0,
CAMP05732,C0561,10-04-2025,Discount,Percentage Discount,20,25,1,1,0,0,
CAMP05733,C0537,12-08-2024,Festival,Percentage Discount,10,25.5,1,1,0,0,
CAMP05734,C0239,18-07-2026,Loyalty,Points,250,22,1,1,0,0,
CAMP05735,C0507,27-04-2026,Discount,Percentage Discount,20,25,1,1,0,0,
CAMP05736,C0290,10-06-2026,Loyalty,Points,50,14,1,1,0,0,
CAMP05737,C0817,14-04-2025,New Product,Free Item,1,23,1,1,0,0,
CAMP05738,C0637,23-11-2025,Festival,Percentage Discount,25,30.75,1,1,0,0,
CAMP05739,C0332,08-10-2024,Loyalty,Points,100,16,1,1,0,0,
CAMP05740,C0577,24-09-2025,New Product,Free Item,1,23,1,1,0,0,
CAMP05741,C0925,05-09-2025,Discount,Percentage Discount,5,19.75,1,0,0,0,
CAMP05742,C0114,17-11-2025,New Product,Free Item,1,23,1,1,0,0,
CAMP05743,C0139,11-11-2025,Festival,Percentage Discount,20,29,1,1,0,0,
CAMP05744,C0961,27-05-2026,New Product,Free Item,1,23,1,1,0,0,
CAMP05745,C0943,24-08-2026,Win-back,Percentage Discount,20,31,1,1,1,1,31-08-2026
CAMP05746,C0155,14-07-2026,Birthday,Percentage Discount,10,18.5,1,1,0,0,
CAMP05747,C0891,22-04-2026,New Product,Free Item,1,23,1,1,0,0,
CAMP05748,C0859,18-09-2025,Birthday,Percentage Discount,15,20.25,1,1,0,0,
CAMP05749,C0724,24-11-2024,Loyalty,Points,50,14,1,1,1,0,
CAMP05750,C0444,08-03-2026,Birthday,Percentage Discount,20,22,1,1,0,0,
CAMP05751,C0750,15-04-2026,Birthday,Percentage Discount,15,20.25,1,1,1,0,
CAMP05752,C0335,08-12-2024,Win-back,Percentage Discount,15,29.25,1,1,0,0,
CAMP05753,C0581,02-08-2026,New Product,Free Item,1,23,1,1,0,0,
CAMP05754,C0576,13-06-2026,Win-back,Percentage Discount,25,32.75,1,1,1,1,18-06-2026
CAMP05755,C0290,11-04-2026,Festival,Percentage Discount,25,30.75,1,1,0,0,
CAMP05756,C0495,04-05-2026,Birthday,Percentage Discount,10,18.5,1,1,0,0,
CAMP05757,C0030,16-07-2024,New Product,Free Item,1,23,1,1,0,0,
CAMP05758,C0116,07-09-2025,Birthday,Percentage Discount,10,18.5,1,1,1,0,
CAMP05759,C0804,27-02-2025,Birthday,Percentage Discount,10,18.5,1,1,0,0,
CAMP05760,C0095,24-09-2024,Festival,Percentage Discount,20,29,1,1,0,0,
CAMP05761,C0293,16-04-2025,New Product,Free Item,1,23,1,1,1,0,
CAMP05762,C0111,07-05-2026,Festival,Percentage Discount,10,25.5,1,1,1,0,
CAMP05763,C0297,22-11-2024,Birthday,Percentage Discount,15,20.25,1,1,0,0,
CAMP05764,C0247,20-01-2026,Loyalty,Points,100,16,1,0,0,0,
CAMP05765,C0026,29-07-2026,Festival,Percentage Discount,10,25.5,1,1,1,0,
CAMP05766,C0373,31-07-2026,Birthday,Percentage Discount,15,20.25,1,1,0,0,
CAMP05767,C0265,10-06-2026,Loyalty,Points,100,16,1,1,0,0,
CAMP05768,C0427,29-04-2026,New Product,Free Item,1,23,1,1,1,0,
CAMP05769,C0588,21-12-2023,Festival,Percentage Discount,25,30.75,1,1,1,1,29-12-2023
CAMP05770,C0944,10-05-2026,New Product,Free Item,1,23,1,1,0,0,
CAMP05771,C0587,25-07-2025,Win-back,Percentage Discount,25,32.75,1,1,0,0,
CAMP05772,C0446,04-07-2026,Loyalty,Points,100,16,1,1,0,0,
CAMP05773,C0016,15-04-2024,Birthday,Percentage Discount,20,22,1,1,0,0,
CAMP05774,C0590,16-04-2025,New Product,Free Item,1,23,1,1,1,0,
CAMP05775,C0739,02-06-2026,Win-back,Percentage Discount,15,29.25,1,1,1,0,
CAMP05776,C0895,19-05-2026,Birthday,Percentage Discount,15,20.25,1,1,0,0,
CAMP05777,C0136,02-09-2024,Win-back,Percentage Discount,15,29.25,1,1,0,0,
CAMP05778,C0480,08-08-2026,New Product,Free Item,1,23,1,1,0,0,
CAMP05779,C0844,13-04-2026,Discount,Percentage Discount,5,19.75,1,1,0,0,
CAMP05780,C0289,04-09-2025,Birthday,Percentage Discount,10,18.5,1,1,0,0,
CAMP05781,C0208,19-02-2026,New Product,Free Item,1,23,1,1,0,0,
CAMP05782,C0915,24-12-2024,New Product,Free Item,1,23,1,1,0,0,
CAMP05783,C0097,01-08-2026,New Product,Free Item,1,23,1,1,0,0,
CAMP05784,C0060,25-08-2026,Discount,Percentage Discount,15,23.25,1,1,0,0,
CAMP05785,C0040,22-06-2026,Loyalty,Points,150,18,1,1,0,0,
CAMP05786,C0693,01-06-2026,Discount,Percentage Discount,10,21.5,1,1,1,1,10-06-2026
CAMP05787,C0553,24-08-2026,Discount,Percentage Discount,10,21.5,1,0,0,0,
CAMP05788,C0824,03-08-2026,Festival,Percentage Discount,30,32.5,1,1,1,0,
CAMP05789,C0240,06-08-2026,Discount,Percentage Discount,15,23.25,1,1,0,0,
CAMP05790,C0389,13-08-2026,Win-back,Percentage Discount,10,27.5,1,0,0,0,
CAMP05791,C0633,12-08-2025,Loyalty,Points,250,22,1,0,0,0,
CAMP05792,C0684,02-02-2026,Birthday,Percentage Discount,10,18.5,1,1,0,0,
CAMP05793,C0309,27-07-2026,Loyalty,Points,50,14,1,1,0,0,
CAMP05794,C0675,25-01-2024,Loyalty,Points,100,16,1,1,0,0,
CAMP05795,C0899,23-05-2024,Birthday,Percentage Discount,15,20.25,1,1,0,0,
CAMP05796,C0153,05-08-2026,Win-back,Percentage Discount,20,31,1,1,1,0,
CAMP05797,C0348,23-07-2025,Festival,Percentage Discount,10,25.5,1,1,1,1,30-07-2025
CAMP05798,C0174,04-11-2025,New Product,Free Item,1,23,1,1,1,0,
CAMP05799,C0286,04-11-2025,Birthday,Percentage Discount,10,18.5,1,1,1,0,
CAMP05800,C0108,24-02-2025,Festival,Percentage Discount,30,32.5,1,1,1,0,
CAMP05801,C0962,05-08-2026,Discount,Percentage Discount,20,25,1,1,0,0,
CAMP05802,C0691,23-05-2026,Discount,Percentage Discount,20,25,1,1,0,0,
CAMP05803,C0077,20-09-2025,New Product,Free Item,1,23,1,1,0,0,
CAMP05804,C0484,22-05-2026,Discount,Percentage Discount,5,19.75,1,1,0,0,
CAMP05805,C0224,03-06-2025,Win-back,Percentage Discount,25,32.75,1,1,1,0,
CAMP05806,C0907,14-06-2026,Birthday,Percentage Discount,15,20.25,1,1,0,0,
CAMP05807,C0971,15-12-2025,New Product,Free Item,1,23,1,1,1,1,24-12-2025
CAMP05808,C0146,03-02-2025,Loyalty,Points,100,16,1,1,0,0,
CAMP05809,C0621,12-06-2026,Festival,Percentage Discount,20,29,1,1,1,1,20-06-2026
CAMP05810,C0208,21-05-2026,Discount,Percentage Discount,10,21.5,1,0,0,0,
CAMP05811,C0044,19-07-2025,Festival,Percentage Discount,15,27.25,1,1,0,0,
CAMP05812,C0183,29-03-2026,Birthday,Percentage Discount,20,22,1,1,0,0,
CAMP05813,C0977,15-09-2025,Win-back,Percentage Discount,20,31,1,1,1,0,
CAMP05814,C0634,01-04-2026,Win-back,Percentage Discount,10,27.5,1,1,0,0,
CAMP05815,C0078,20-03-2026,Festival,Percentage Discount,20,29,1,1,0,0,
CAMP05816,C0417,03-04-2026,Festival,Percentage Discount,25,30.75,1,1,0,0,
CAMP05817,C0212,17-03-2025,Discount,Percentage Discount,20,25,1,0,0,0,
CAMP05818,C0265,28-06-2026,Win-back,Percentage Discount,15,29.25,1,1,0,0,
CAMP05819,C0959,15-07-2026,Festival,Percentage Discount,25,30.75,1,1,0,0,
CAMP05820,C0809,13-10-2024,Win-back,Percentage Discount,10,27.5,1,1,0,0,
CAMP05821,C0878,04-08-2026,Discount,Percentage Discount,20,25,1,1,0,0,
CAMP05822,C0469,25-12-2024,Festival,Percentage Discount,25,30.75,1,1,0,0,
CAMP05823,C0778,15-11-2025,Win-back,Percentage Discount,20,31,1,1,0,0,
CAMP05824,C0526,30-03-2025,New Product,Free Item,1,23,1,1,1,1,06-04-2025
CAMP05825,C0677,01-12-2025,Discount,Percentage Discount,10,21.5,1,1,0,0,
CAMP05826,C0927,28-03-2026,Festival,Percentage Discount,25,30.75,1,1,0,0,
CAMP05827,C0538,26-06-2025,New Product,Free Item,1,23,1,1,0,0,
CAMP05828,C0999,14-07-2026,Loyalty,Points,100,16,1,1,1,0,
CAMP05829,C0087,17-03-2026,Discount,Percentage Discount,5,19.75,1,1,0,0,
CAMP05830,C0456,26-04-2026,Win-back,Percentage Discount,20,31,1,1,1,0,
CAMP05831,C0733,26-05-2026,Birthday,Percentage Discount,10,18.5,1,1,1,1,28-05-2026
CAMP05832,C0782,09-03-2026,New Product,Free Item,1,23,1,1,0,0,
CAMP05833,C0180,08-09-2025,Loyalty,Points,100,16,1,1,0,0,
CAMP05834,C0611,22-05-2026,Birthday,Percentage Discount,10,18.5,1,1,0,0,
CAMP05835,C0429,05-02-2025,Loyalty,Points,50,14,1,1,0,0,
CAMP05836,C0936,30-08-2026,Birthday,Percentage Discount,20,22,1,1,0,0,
CAMP05837,C0807,03-06-2026,Birthday,Percentage Discount,10,18.5,1,1,0,0,
CAMP05838,C0921,28-07-2026,Festival,Percentage Discount,15,27.25,1,1,0,0,
CAMP05839,C0708,06-07-2026,Discount,Percentage Discount,20,25,1,1,0,0,
CAMP05840,C0111,25-08-2026,Festival,Percentage Discount,10,25.5,1,1,1,1,31-08-2026
CAMP05841,C0994,19-05-2025,Win-back,Percentage Discount,10,27.5,1,1,0,0,
CAMP05842,C0535,01-11-2025,Festival,Percentage Discount,20,29,1,0,0,0,
CAMP05843,C0997,19-06-2026,Festival,Percentage Discount,30,32.5,1,0,0,0,
CAMP05844,C0500,03-08-2026,Win-back,Percentage Discount,25,32.75,1,1,0,0,
CAMP05845,C0053,07-04-2026,Discount,Percentage Discount,5,19.75,1,1,0,0,
CAMP05846,C0563,08-07-2026,Festival,Percentage Discount,30,32.5,1,1,0,0,
CAMP05847,C0312,28-04-2026,Win-back,Percentage Discount,15,29.25,1,1,1,0,
CAMP05848,C0402,16-06-2025,Win-back,Percentage Discount,15,29.25,1,1,0,0,
CAMP05849,C0533,05-04-2026,Festival,Percentage Discount,25,30.75,1,1,0,0,
CAMP05850,C0435,29-05-2025,Discount,Percentage Discount,20,25,1,1,0,0,
CAMP05851,C0855,12-08-2026,Birthday,Percentage Discount,10,18.5,1,1,1,1,23-08-2026
CAMP05852,C0860,31-05-2026,Birthday,Percentage Discount,15,20.25,1,1,1,0,
CAMP05853,C0310,26-05-2026,Birthday,Percentage Discount,15,20.25,1,1,0,0,
CAMP05854,C0295,17-12-2025,Birthday,Percentage Discount,20,22,1,1,0,0,
CAMP05855,C0404,30-06-2026,Birthday,Percentage Discount,10,18.5,1,1,0,0,
CAMP05856,C0148,15-07-2026,Festival,Percentage Discount,20,29,1,1,0,0,
CAMP05857,C0280,11-08-2026,Festival,Percentage Discount,10,25.5,1,1,0,0,
CAMP05858,C0058,12-03-2025,Festival,Percentage Discount,15,27.25,1,1,1,0,
CAMP05859,C0905,11-03-2026,New Product,Free Item,1,23,1,1,1,1,22-03-2026
CAMP05860,C0282,22-05-2025,Festival,Percentage Discount,10,25.5,1,1,0,0,
CAMP05861,C0371,23-09-2024,Discount,Percentage Discount,10,21.5,1,1,0,0,
CAMP05862,C0450,05-08-2026,Festival,Percentage Discount,15,27.25,1,0,0,0,
CAMP05863,C0854,24-01-2025,Festival,Percentage Discount,25,30.75,1,1,0,0,
CAMP05864,C0951,25-05-2026,New Product,Free Item,1,23,1,1,0,0,
CAMP05865,C0971,01-08-2026,Birthday,Percentage Discount,10,18.5,1,1,0,0,
CAMP05866,C0006,11-02-2026,Festival,Percentage Discount,20,29,1,1,1,0,
CAMP05867,C0596,05-06-2026,Discount,Percentage Discount,5,19.75,1,1,0,0,
CAMP05868,C0501,10-07-2026,Festival,Percentage Discount,25,30.75,1,1,1,1,13-07-2026
CAMP05869,C0036,04-01-2026,Loyalty,Points,250,22,1,1,0,0,
CAMP05870,C0498,18-11-2025,Win-back,Percentage Discount,10,27.5,1,1,1,0,
CAMP05871,C0932,17-05-2025,Birthday,Percentage Discount,15,20.25,1,1,0,0,
CAMP05872,C0737,24-06-2026,Birthday,Percentage Discount,20,22,1,1,1,1,28-06-2026
CAMP05873,C0025,31-01-2025,Birthday,Percentage Discount,10,18.5,1,1,1,0,
CAMP05874,C0118,20-12-2023,Discount,Percentage Discount,5,19.75,1,1,0,0,
CAMP05875,C0154,06-10-2024,Discount,Percentage Discount,10,21.5,1,1,0,0,
CAMP05876,C0428,30-08-2024,Birthday,Percentage Discount,10,18.5,1,1,1,1,01-09-2024
CAMP05877,C0624,05-08-2026,Birthday,Percentage Discount,15,20.25,1,1,1,0,
CAMP05878,C0021,26-05-2026,Loyalty,Points,150,18,1,1,0,0,
CAMP05879,C0751,13-07-2026,Festival,Percentage Discount,30,32.5,1,1,0,0,
CAMP05880,C0140,17-12-2025,Birthday,Percentage Discount,20,22,1,1,0,0,
CAMP05881,C0130,01-05-2024,Discount,Percentage Discount,5,19.75,1,1,0,0,
CAMP05882,C0944,27-08-2026,Loyalty,Points,50,14,1,1,1,0,
CAMP05883,C0676,08-05-2024,New Product,Free Item,1,23,1,1,0,0,
CAMP05884,C0289,06-11-2025,Birthday,Percentage Discount,15,20.25,1,1,1,0,
CAMP05885,C0090,23-07-2025,Win-back,Percentage Discount,10,27.5,1,1,1,0,
CAMP05886,C0255,20-10-2024,Festival,Percentage Discount,20,29,1,1,0,0,
CAMP05887,C0677,07-12-2024,Loyalty,Points,50,14,1,1,0,0,
CAMP05888,C0054,24-05-2026,Loyalty,Points,150,18,1,0,0,0,
CAMP05889,C0351,01-02-2025,Loyalty,Points,150,18,1,1,1,1,13-02-2025
CAMP05890,C0436,16-02-2026,Win-back,Percentage Discount,20,31,1,1,0,0,
CAMP05891,C0383,07-09-2024,Loyalty,Points,150,18,1,1,0,0,
CAMP05892,C0172,17-04-2026,Win-back,Percentage Discount,20,31,1,1,0,0,
CAMP05893,C0433,04-07-2026,Loyalty,Points,250,22,1,1,0,0,
CAMP05894,C0058,06-05-2026,Win-back,Percentage Discount,20,31,1,1,0,0,
CAMP05895,C0898,18-08-2025,Discount,Percentage Discount,15,23.25,1,1,0,0,
CAMP05896,C0408,09-06-2025,Festival,Percentage Discount,10,25.5,1,1,1,0,
CAMP05897,C0921,20-02-2026,Loyalty,Points,100,16,1,1,1,0,
CAMP05898,C0669,17-07-2026,New Product,Free Item,1,23,1,1,0,0,
CAMP05899,C0852,07-05-2026,Festival,Percentage Discount,30,32.5,1,1,1,0,
CAMP05900,C0248,09-03-2026,Win-back,Percentage Discount,25,32.75,1,1,0,0,
CAMP05901,C0315,02-12-2025,Festival,Percentage Discount,15,27.25,1,1,0,0,
CAMP05902,C0436,05-10-2025,Birthday,Percentage Discount,20,22,1,1,0,0,
CAMP05903,C0718,11-10-2025,Loyalty,Points,150,18,1,1,1,0,
CAMP05904,C0198,12-08-2026,Birthday,Percentage Discount,10,18.5,1,1,1,0,
CAMP05905,C0838,23-12-2024,New Product,Free Item,1,23,1,1,0,0,
CAMP05906,C0043,12-02-2025,Loyalty,Points,50,14,1,1,0,0,
CAMP05907,C0938,01-08-2024,Birthday,Percentage Discount,20,22,1,0,0,0,
CAMP05908,C0925,18-12-2025,Win-back,Percentage Discount,20,31,1,1,1,1,21-12-2025
CAMP05909,C0704,07-02-2025,Win-back,Percentage Discount,25,32.75,1,1,0,0,
CAMP05910,C0405,02-03-2026,Loyalty,Points,150,18,1,1,0,0,
CAMP05911,C0651,19-04-2026,Discount,Percentage Discount,20,25,1,1,0,0,
CAMP05912,C0832,23-06-2026,Festival,Percentage Discount,20,29,1,1,1,1,25-06-2026
CAMP05913,C0238,16-12-2025,Win-back,Percentage Discount,25,32.75,1,1,0,0,
CAMP05914,C0310,01-12-2025,Win-back,Percentage Discount,15,29.25,1,1,1,1,04-12-2025
CAMP05915,C0189,22-06-2025,Discount,Percentage Discount,20,25,1,1,1,1,04-07-2025
CAMP05916,C0530,22-10-2025,Win-back,Percentage Discount,10,27.5,1,1,1,0,
CAMP05917,C0223,18-08-2024,Festival,Percentage Discount,30,32.5,1,1,1,0,
CAMP05918,C0406,09-02-2026,New Product,Free Item,1,23,1,1,0,0,
CAMP05919,C0124,24-08-2025,New Product,Free Item,1,23,1,0,0,0,
CAMP05920,C0086,07-10-2025,New Product,Free Item,1,23,1,1,0,0,
CAMP05921,C0824,21-08-2026,New Product,Free Item,1,23,1,1,1,1,31-08-2026
CAMP05922,C0569,22-05-2025,Loyalty,Points,150,18,1,1,0,0,
CAMP05923,C0129,18-04-2026,Discount,Percentage Discount,10,21.5,1,1,1,0,
CAMP05924,C0789,19-10-2025,Win-back,Percentage Discount,25,32.75,1,1,0,0,
CAMP05925,C0957,16-11-2025,New Product,Free Item,1,23,1,1,0,0,
CAMP05926,C0720,16-04-2026,Win-back,Percentage Discount,25,32.75,1,1,0,0,
CAMP05927,C0422,10-12-2024,Loyalty,Points,100,16,1,1,0,0,
CAMP05928,C0751,04-07-2026,Birthday,Percentage Discount,10,18.5,1,0,0,0,
CAMP05929,C0342,27-03-2026,New Product,Free Item,1,23,1,0,0,0,
CAMP05930,C0179,18-05-2025,Festival,Percentage Discount,25,30.75,1,1,0,0,
CAMP05931,C0302,08-06-2026,New Product,Free Item,1,23,1,1,1,0,
CAMP05932,C0092,14-07-2026,New Product,Free Item,1,23,1,1,0,0,
CAMP05933,C0793,10-04-2026,Festival,Percentage Discount,15,27.25,1,1,0,0,
CAMP05934,C0832,26-01-2026,Festival,Percentage Discount,25,30.75,1,1,0,0,
CAMP05935,C0340,05-04-2026,Festival,Percentage Discount,30,32.5,1,0,0,0,
CAMP05936,C0328,02-04-2024,New Product,Free Item,1,23,1,0,0,0,
CAMP05937,C0672,29-08-2026,Loyalty,Points,250,22,1,0,0,0,
CAMP05938,C0524,20-07-2026,Loyalty,Points,100,16,1,1,0,0,
CAMP05939,C0990,06-10-2024,Win-back,Percentage Discount,25,32.75,1,1,0,0,
CAMP05940,C0964,10-10-2025,New Product,Free Item,1,23,1,1,0,0,
CAMP05941,C0556,30-06-2025,Birthday,Percentage Discount,10,18.5,1,1,0,0,
CAMP05942,C0427,18-04-2026,Festival,Percentage Discount,10,25.5,1,0,0,0,
CAMP05943,C0755,02-06-2026,Discount,Percentage Discount,20,25,1,1,0,0,
CAMP05944,C0401,05-07-2026,Birthday,Percentage Discount,10,18.5,1,1,0,0,
CAMP05945,C0103,19-07-2026,Loyalty,Points,50,14,1,1,0,0,
CAMP05946,C0152,24-11-2025,Birthday,Percentage Discount,20,22,1,1,1,0,
CAMP05947,C0380,25-04-2026,New Product,Free Item,1,23,1,1,0,0,
CAMP05948,C0128,15-07-2026,Win-back,Percentage Discount,15,29.25,1,1,0,0,
CAMP05949,C0364,13-03-2026,New Product,Free Item,1,23,1,1,1,0,
CAMP05950,C0976,06-07-2026,New Product,Free Item,1,23,1,1,0,0,
CAMP05951,C0088,29-07-2026,Festival,Percentage Discount,15,27.25,1,1,0,0,
CAMP05952,C0737,09-04-2026,Birthday,Percentage Discount,10,18.5,1,0,0,0,
CAMP05953,C0349,30-08-2026,Loyalty,Points,250,22,1,0,0,0,
CAMP05954,C0445,08-02-2024,Festival,Percentage Discount,10,25.5,1,1,0,0,
CAMP05955,C0764,09-01-2026,Discount,Percentage Discount,5,19.75,1,1,0,0,
CAMP05956,C0178,22-06-2025,Festival,Percentage Discount,10,25.5,1,1,1,0,
CAMP05957,C0711,24-08-2026,Discount,Percentage Discount,15,23.25,1,1,0,0,
CAMP05958,C0528,20-06-2026,Loyalty,Points,250,22,1,1,1,1,02-07-2026
CAMP05959,C0131,06-07-2026,Loyalty,Points,50,14,1,1,0,0,
CAMP05960,C0192,11-01-2026,Discount,Percentage Discount,20,25,1,1,1,1,25-01-2026
CAMP05961,C0347,03-02-2026,Discount,Percentage Discount,5,19.75,1,1,1,0,
CAMP05962,C0564,20-12-2025,Win-back,Percentage Discount,15,29.25,1,1,0,0,
CAMP05963,C0360,07-04-2026,Discount,Percentage Discount,10,21.5,1,1,0,0,
CAMP05964,C0301,28-06-2026,Discount,Percentage Discount,15,23.25,1,1,0,0,
CAMP05965,C0125,09-08-2026,Loyalty,Points,150,18,1,0,0,0,
CAMP05966,C1000,25-06-2026,Birthday,Percentage Discount,20,22,1,1,1,1,28-06-2026
CAMP05967,C0374,24-08-2024,Discount,Percentage Discount,20,25,1,1,1,0,
CAMP05968,C0464,08-02-2025,New Product,Free Item,1,23,1,1,0,0,
CAMP05969,C0721,17-09-2025,Loyalty,Points,50,14,1,1,0,0,
CAMP05970,C0770,08-07-2026,Win-back,Percentage Discount,10,27.5,1,1,1,0,
CAMP05971,C0854,12-08-2025,New Product,Free Item,1,23,1,1,1,0,
CAMP05972,C0534,10-03-2026,Festival,Percentage Discount,20,29,1,1,0,0,
CAMP05973,C0784,23-07-2026,Discount,Percentage Discount,20,25,1,1,0,0,
CAMP05974,C0046,05-03-2026,Discount,Percentage Discount,10,21.5,1,0,0,0,
CAMP05975,C0479,18-03-2025,Loyalty,Points,100,16,1,1,0,0,
CAMP05976,C0146,13-03-2024,Loyalty,Points,100,16,1,1,0,0,
CAMP05977,C0374,11-11-2023,Festival,Percentage Discount,10,25.5,1,0,0,0,
CAMP05978,C0944,23-07-2026,Win-back,Percentage Discount,20,31,1,1,1,0,
CAMP05979,C0224,29-10-2025,Discount,Percentage Discount,20,25,1,0,0,0,
CAMP05980,C0201,22-07-2026,Win-back,Percentage Discount,25,32.75,1,1,0,0,
CAMP05981,C0639,22-07-2026,Festival,Percentage Discount,25,30.75,1,1,0,0,
CAMP05982,C0865,04-08-2026,Win-back,Percentage Discount,25,32.75,1,1,1,0,
CAMP05983,C0605,07-02-2026,Discount,Percentage Discount,20,25,1,1,1,1,10-02-2026
CAMP05984,C0465,13-02-2026,Win-back,Percentage Discount,15,29.25,1,0,0,0,
CAMP05985,C0095,03-06-2024,Loyalty,Points,100,16,1,0,0,0,
CAMP05986,C0844,23-06-2025,Discount,Percentage Discount,15,23.25,1,1,1,1,06-07-2025
CAMP05987,C0916,08-02-2026,Birthday,Percentage Discount,10,18.5,1,0,0,0,
CAMP05988,C0390,10-05-2025,Discount,Percentage Discount,5,19.75,1,1,0,0,
CAMP05989,C0123,07-05-2025,Festival,Percentage Discount,10,25.5,1,1,0,0,
CAMP05990,C0022,16-11-2025,Loyalty,Points,50,14,1,1,1,0,
CAMP05991,C0540,29-05-2026,Discount,Percentage Discount,20,25,1,1,0,0,
CAMP05992,C0511,14-11-2024,New Product,Free Item,1,23,1,1,0,0,
CAMP05993,C0333,21-05-2026,New Product,Free Item,1,23,1,1,0,0,
CAMP05994,C0327,06-07-2026,Festival,Percentage Discount,20,29,1,1,0,0,
CAMP05995,C0691,04-08-2026,Festival,Percentage Discount,25,30.75,1,1,1,0,
CAMP05996,C0372,27-08-2026,New Product,Free Item,1,23,1,1,0,0,
CAMP05997,C0171,12-07-2026,Birthday,Percentage Discount,20,22,1,1,1,0,
CAMP05998,C0603,07-06-2026,Festival,Percentage Discount,15,27.25,1,0,0,0,
CAMP05999,C0323,11-03-2025,Win-back,Percentage Discount,25,32.75,1,1,1,1,18-03-2025
CAMP06000,C0017,05-08-2026,Win-back,Percentage Discount,15,29.25,1,1,0,0,
CAMP06001,C0661,29-08-2025,Birthday,Percentage Discount,15,20.25,1,1,1,1,05-09-2025
CAMP06002,C0333,09-08-2026,Discount,Percentage Discount,15,23.25,1,1,1,1,19-08-2026
CAMP06003,C0625,06-02-2025,Discount,Percentage Discount,15,23.25,1,1,0,0,
CAMP06004,C0102,06-12-2025,Loyalty,Points,100,16,1,1,0,0,
CAMP06005,C0589,05-06-2025,Discount,Percentage Discount,5,19.75,1,1,0,0,
CAMP06006,C0751,09-07-2026,Loyalty,Points,100,16,1,1,0,0,
CAMP06007,C0663,30-01-2026,Discount,Percentage Discount,10,21.5,1,1,1,0,
CAMP06008,C0618,20-01-2026,Win-back,Percentage Discount,25,32.75,1,1,1,0,
CAMP06009,C0316,17-08-2026,New Product,Free Item,1,23,1,1,1,1,25-08-2026
CAMP06010,C0106,16-12-2025,Birthday,Percentage Discount,10,18.5,1,1,0,0,
CAMP06011,C0159,14-04-2026,New Product,Free Item,1,23,1,1,1,0,
CAMP06012,C0090,09-05-2026,Discount,Percentage Discount,5,19.75,1,1,1,0,
CAMP06013,C0875,21-09-2025,New Product,Free Item,1,23,1,1,0,0,
CAMP06014,C0925,19-01-2026,Discount,Percentage Discount,15,23.25,1,1,0,0,
CAMP06015,C0643,11-06-2025,Loyalty,Points,150,18,1,1,0,0,
CAMP06016,C0752,28-05-2026,Loyalty,Points,100,16,1,1,1,0,
CAMP06017,C0050,16-08-2026,Loyalty,Points,150,18,1,1,0,0,
CAMP06018,C0363,20-12-2025,Birthday,Percentage Discount,20,22,1,1,0,0,
CAMP06019,C0882,23-04-2025,Festival,Percentage Discount,25,30.75,1,0,0,0,
CAMP06020,C0792,27-01-2026,Birthday,Percentage Discount,10,18.5,1,1,0,0,
CAMP06021,C0920,14-02-2026,Loyalty,Points,100,16,1,1,0,0,
CAMP06022,C0067,04-06-2026,Birthday,Percentage Discount,10,18.5,1,0,0,0,
CAMP06023,C0099,04-10-2024,Discount,Percentage Discount,20,25,1,0,0,0,
CAMP06024,C0810,01-11-2024,New Product,Free Item,1,23,1,0,0,0,
CAMP06025,C0499,03-07-2025,Discount,Percentage Discount,15,23.25,1,1,0,0,
CAMP06026,C0947,03-08-2026,New Product,Free Item,1,23,1,1,1,0,
CAMP06027,C0409,21-08-2026,Loyalty,Points,150,18,1,1,0,0,
CAMP06028,C0649,27-12-2024,Birthday,Percentage Discount,15,20.25,1,1,0,0,
CAMP06029,C0193,16-04-2026,Birthday,Percentage Discount,20,22,1,1,0,0,
CAMP06030,C0969,11-09-2025,Loyalty,Points,100,16,1,1,0,0,
CAMP06031,C0465,16-04-2026,New Product,Free Item,1,23,1,1,1,0,
CAMP06032,C0826,05-09-2025,Win-back,Percentage Discount,25,32.75,1,1,1,0,
CAMP06033,C0701,08-08-2025,Win-back,Percentage Discount,25,32.75,1,1,0,0,
CAMP06034,C0313,08-12-2025,Festival,Percentage Discount,25,30.75,1,1,0,0,
CAMP06035,C0077,24-03-2026,Loyalty,Points,100,16,1,1,0,0,
CAMP06036,C0915,18-12-2025,Birthday,Percentage Discount,20,22,1,1,1,1,23-12-2025
CAMP06037,C0142,05-08-2026,Birthday,Percentage Discount,10,18.5,1,1,0,0,
CAMP06038,C0751,02-08-2026,Win-back,Percentage Discount,10,27.5,1,1,0,0,
CAMP06039,C0418,09-01-2025,Loyalty,Points,50,14,1,0,0,0,
CAMP06040,C0943,11-07-2026,Loyalty,Points,50,14,1,1,1,0,
CAMP06041,C0962,23-11-2025,Discount,Percentage Discount,15,23.25,1,1,0,0,
CAMP06042,C0057,24-03-2025,Loyalty,Points,50,14,1,1,0,0,
CAMP06043,C0061,23-01-2026,Loyalty,Points,100,16,1,1,0,0,
CAMP06044,C0770,16-11-2024,Festival,Percentage Discount,30,32.5,1,1,0,0,
CAMP06045,C0347,04-01-2026,Loyalty,Points,150,18,1,1,0,0,
CAMP06046,C0419,14-02-2026,Discount,Percentage Discount,15,23.25,1,1,1,1,28-02-2026
CAMP06047,C0379,21-02-2026,Birthday,Percentage Discount,20,22,1,1,0,0,
CAMP06048,C0301,05-05-2026,New Product,Free Item,1,23,1,1,0,0,
CAMP06049,C0723,08-11-2025,Win-back,Percentage Discount,25,32.75,1,0,0,0,
CAMP06050,C0842,10-07-2026,Win-back,Percentage Discount,15,29.25,1,1,1,0,
CAMP06051,C0527,06-08-2026,Festival,Percentage Discount,30,32.5,1,1,1,1,09-08-2026
CAMP06052,C0351,10-06-2025,New Product,Free Item,1,23,1,1,1,0,
CAMP06053,C0482,08-04-2026,Birthday,Percentage Discount,15,20.25,1,1,0,0,
CAMP06054,C0177,27-06-2026,Birthday,Percentage Discount,20,22,1,1,1,1,08-07-2026
CAMP06055,C0781,29-06-2026,Win-back,Percentage Discount,25,32.75,1,0,0,0,
CAMP06056,C0515,26-10-2025,Discount,Percentage Discount,15,23.25,1,0,0,0,
CAMP06057,C0474,23-12-2025,Win-back,Percentage Discount,15,29.25,1,1,0,0,
CAMP06058,C0304,10-05-2024,Loyalty,Points,250,22,1,1,0,0,
CAMP06059,C0509,25-12-2025,Festival,Percentage Discount,20,29,1,1,0,0,
CAMP06060,C0930,01-07-2026,Festival,Percentage Discount,10,25.5,1,1,1,0,
CAMP06061,C0421,02-07-2026,Loyalty,Points,50,14,1,1,0,0,
CAMP06062,C0983,21-08-2026,Win-back,Percentage Discount,15,29.25,1,1,0,0,
CAMP06063,C0806,22-07-2026,Loyalty,Points,250,22,1,1,0,0,
CAMP06064,C0568,22-03-2024,New Product,Free Item,1,23,1,1,1,1,26-03-2024
CAMP06065,C0786,07-04-2026,Birthday,Percentage Discount,15,20.25,1,1,0,0,
CAMP06066,C0521,27-02-2026,Loyalty,Points,250,22,1,1,1,0,
CAMP06067,C0339,03-08-2026,Loyalty,Points,150,18,1,1,0,0,
CAMP06068,C0685,04-08-2026,New Product,Free Item,1,23,1,1,0,0,
CAMP06069,C0549,06-07-2025,Discount,Percentage Discount,10,21.5,1,1,0,0,
CAMP06070,C0167,12-03-2026,New Product,Free Item,1,23,1,1,0,0,
CAMP06071,C0345,19-04-2026,Birthday,Percentage Discount,10,18.5,1,1,0,0,
CAMP06072,C0854,16-01-2025,Festival,Percentage Discount,20,29,1,1,0,0,
CAMP06073,C0697,07-10-2024,Birthday,Percentage Discount,10,18.5,1,1,0,0,
CAMP06074,C0388,21-08-2026,Discount,Percentage Discount,5,19.75,1,1,1,1,27-08-2026
CAMP06075,C0480,06-06-2026,Discount,Percentage Discount,5,19.75,1,1,0,0,
CAMP06076,C0583,26-08-2024,Loyalty,Points,250,22,1,1,1,1,04-09-2024
CAMP06077,C0364,19-02-2026,Festival,Percentage Discount,15,27.25,1,1,0,0,
CAMP06078,C0098,18-11-2025,Discount,Percentage Discount,20,25,1,1,0,0,
CAMP06079,C0276,05-03-2026,Festival,Percentage Discount,10,25.5,1,1,1,1,13-03-2026
CAMP06080,C0922,05-10-2024,Birthday,Percentage Discount,15,20.25,1,1,1,0,
CAMP06081,C0104,26-06-2026,Win-back,Percentage Discount,25,32.75,1,1,0,0,
CAMP06082,C0380,03-06-2024,New Product,Free Item,1,23,1,1,1,1,11-06-2024
CAMP06083,C0786,14-10-2023,Birthday,Percentage Discount,15,20.25,1,0,0,0,
CAMP06084,C0154,29-11-2025,Loyalty,Points,50,14,1,1,1,0,
CAMP06085,C0438,30-07-2026,Loyalty,Points,250,22,1,0,0,0,
CAMP06086,C0975,02-10-2025,Discount,Percentage Discount,10,21.5,1,1,0,0,
CAMP06087,C0163,22-05-2026,Festival,Percentage Discount,25,30.75,1,1,1,0,
CAMP06088,C0233,15-04-2026,Birthday,Percentage Discount,20,22,1,1,0,0,
CAMP06089,C0089,03-08-2026,Discount,Percentage Discount,5,19.75,1,1,0,0,
CAMP06090,C0205,03-12-2025,Birthday,Percentage Discount,15,20.25,1,0,0,0,
CAMP06091,C0831,10-08-2026,Birthday,Percentage Discount,10,18.5,1,1,0,0,
CAMP06092,C0973,28-08-2026,Loyalty,Points,250,22,1,1,0,0,
CAMP06093,C0683,17-08-2024,Discount,Percentage Discount,5,19.75,1,1,0,0,
CAMP06094,C0011,13-01-2025,Festival,Percentage Discount,10,25.5,1,1,1,0,
CAMP06095,C0183,18-08-2026,Discount,Percentage Discount,5,19.75,1,1,0,0,
CAMP06096,C0398,09-01-2026,Birthday,Percentage Discount,15,20.25,1,1,0,0,
CAMP06097,C0102,21-04-2025,New Product,Free Item,1,23,1,1,0,0,
CAMP06098,C0211,27-07-2026,Festival,Percentage Discount,25,30.75,1,0,0,0,
CAMP06099,C0802,02-08-2025,Loyalty,Points,250,22,1,1,1,0,
CAMP06100,C0891,27-07-2026,Win-back,Percentage Discount,15,29.25,1,1,0,0,
CAMP06101,C0659,15-08-2026,New Product,Free Item,1,23,1,0,0,0,
CAMP06102,C0825,27-08-2026,Birthday,Percentage Discount,15,20.25,1,1,0,0,
CAMP06103,C0499,08-04-2026,New Product,Free Item,1,23,1,1,1,0,
CAMP06104,C0322,08-07-2025,Loyalty,Points,150,18,1,1,1,0,
CAMP06105,C0284,31-08-2026,Festival,Percentage Discount,15,27.25,1,1,0,0,
CAMP06106,C0817,08-07-2025,Win-back,Percentage Discount,25,32.75,1,1,0,0,
CAMP06107,C0524,27-07-2026,Loyalty,Points,100,16,1,1,0,0,
CAMP06108,C0711,07-08-2026,New Product,Free Item,1,23,1,1,0,0,
CAMP06109,C0679,31-10-2025,Birthday,Percentage Discount,15,20.25,1,1,0,0,
CAMP06110,C0106,26-08-2025,New Product,Free Item,1,23,1,0,0,0,
CAMP06111,C0825,01-06-2026,New Product,Free Item,1,23,1,1,0,0,
CAMP06112,C0339,24-01-2026,New Product,Free Item,1,23,1,1,0,0,
CAMP06113,C0635,27-10-2025,Birthday,Percentage Discount,15,20.25,1,1,0,0,
CAMP06114,C0554,10-12-2025,Loyalty,Points,150,18,1,1,1,1,22-12-2025
CAMP06115,C0380,01-10-2024,Birthday,Percentage Discount,20,22,1,1,0,0,
CAMP06116,C0299,13-01-2025,New Product,Free Item,1,23,1,1,0,0,
CAMP06117,C0926,08-04-2026,Win-back,Percentage Discount,15,29.25,1,1,1,1,14-04-2026
CAMP06118,C0304,17-10-2025,Win-back,Percentage Discount,20,31,1,1,1,0,
CAMP06119,C0550,21-08-2026,Discount,Percentage Discount,10,21.5,1,1,0,0,
CAMP06120,C0450,26-08-2026,Loyalty,Points,250,22,1,1,1,1,31-08-2026
CAMP06121,C0105,27-07-2026,Win-back,Percentage Discount,25,32.75,1,1,1,0,
CAMP06122,C0072,23-02-2026,New Product,Free Item,1,23,1,1,0,0,
CAMP06123,C0726,09-10-2024,Birthday,Percentage Discount,20,22,1,1,0,0,
CAMP06124,C0429,22-11-2024,New Product,Free Item,1,23,1,1,1,0,
CAMP06125,C0183,19-03-2026,Discount,Percentage Discount,15,23.25,1,1,1,0,
CAMP06126,C0309,24-08-2026,Birthday,Percentage Discount,20,22,1,1,1,1,26-08-2026
CAMP06127,C0505,17-08-2026,Win-back,Percentage Discount,25,32.75,1,1,0,0,
CAMP06128,C0417,18-11-2025,Festival,Percentage Discount,20,29,1,1,0,0,
CAMP06129,C0551,20-05-2026,Festival,Percentage Discount,25,30.75,1,1,0,0,
CAMP06130,C0443,29-07-2025,Birthday,Percentage Discount,15,20.25,1,1,0,0,
CAMP06131,C0119,15-07-2024,New Product,Free Item,1,23,1,1,0,0,
CAMP06132,C0812,09-07-2026,Win-back,Percentage Discount,15,29.25,1,1,0,0,
CAMP06133,C0873,05-10-2025,Loyalty,Points,100,16,1,1,0,0,
CAMP06134,C0383,26-04-2025,Birthday,Percentage Discount,20,22,1,1,1,0,
CAMP06135,C0783,25-08-2026,Birthday,Percentage Discount,10,18.5,1,1,0,0,
CAMP06136,C0771,26-09-2024,New Product,Free Item,1,23,1,1,0,0,
CAMP06137,C0224,06-10-2025,Festival,Percentage Discount,15,27.25,1,1,1,0,
CAMP06138,C0577,12-04-2026,New Product,Free Item,1,23,1,1,0,0,
CAMP06139,C0283,18-07-2026,Festival,Percentage Discount,20,29,1,1,0,0,
CAMP06140,C0925,13-08-2025,Birthday,Percentage Discount,20,22,1,1,0,0,
CAMP06141,C0970,11-11-2025,Festival,Percentage Discount,25,30.75,1,1,0,0,
CAMP06142,C0209,10-10-2024,Festival,Percentage Discount,25,30.75,1,1,0,0,
CAMP06143,C0935,23-02-2024,Birthday,Percentage Discount,10,18.5,1,1,0,0,
CAMP06144,C0494,26-06-2026,Loyalty,Points,150,18,1,1,1,1,01-07-2026
CAMP06145,C0140,29-10-2025,Birthday,Percentage Discount,10,18.5,1,1,1,0,
CAMP06146,C0087,17-04-2024,Discount,Percentage Discount,5,19.75,1,1,1,0,
CAMP06147,C0278,18-04-2026,Festival,Percentage Discount,30,32.5,1,1,0,0,
CAMP06148,C0028,07-03-2025,Loyalty,Points,150,18,1,1,1,0,
CAMP06149,C0060,03-07-2026,Loyalty,Points,250,22,1,1,0,0,
CAMP06150,C0307,23-08-2026,Festival,Percentage Discount,10,25.5,1,0,0,0,
CAMP06151,C0686,05-02-2026,Win-back,Percentage Discount,20,31,1,1,0,0,
CAMP06152,C0535,02-04-2026,Discount,Percentage Discount,15,23.25,1,1,0,0,
CAMP06153,C0589,11-02-2026,Festival,Percentage Discount,25,30.75,1,1,0,0,
CAMP06154,C0818,02-07-2024,New Product,Free Item,1,23,1,1,1,0,
CAMP06155,C0969,25-09-2025,New Product,Free Item,1,23,1,1,1,0,
CAMP06156,C0693,20-05-2026,Discount,Percentage Discount,15,23.25,1,1,0,0,
CAMP06157,C0191,30-11-2025,Loyalty,Points,150,18,1,1,0,0,
CAMP06158,C0644,28-05-2026,New Product,Free Item,1,23,1,1,0,0,
CAMP06159,C0967,11-06-2026,Win-back,Percentage Discount,20,31,1,1,1,0,
CAMP06160,C0892,19-08-2026,New Product,Free Item,1,23,1,1,0,0,
CAMP06161,C0634,05-08-2025,New Product,Free Item,1,23,1,1,1,0,
CAMP06162,C0720,16-11-2025,Discount,Percentage Discount,10,21.5,1,1,0,0,
CAMP06163,C0223,12-08-2024,Birthday,Percentage Discount,10,18.5,1,1,0,0,
CAMP06164,C0617,26-02-2024,Birthday,Percentage Discount,20,22,1,1,0,0,
CAMP06165,C0524,21-01-2025,Birthday,Percentage Discount,15,20.25,1,1,0,0,
CAMP06166,C0629,17-01-2025,New Product,Free Item,1,23,1,1,0,0,
CAMP06167,C0333,03-03-2026,New Product,Free Item,1,23,1,1,0,0,
CAMP06168,C0148,14-06-2026,Birthday,Percentage Discount,20,22,1,1,0,0,
CAMP06169,C0560,11-06-2026,Festival,Percentage Discount,25,30.75,1,1,1,0,
CAMP06170,C0689,22-08-2026,Birthday,Percentage Discount,20,22,1,1,1,0,
CAMP06171,C0820,04-01-2026,Loyalty,Points,50,14,1,1,0,0,
CAMP06172,C0888,25-08-2026,Discount,Percentage Discount,10,21.5,1,1,1,1,31-08-2026
CAMP06173,C0960,16-07-2025,Birthday,Percentage Discount,20,22,1,1,0,0,
CAMP06174,C0253,25-03-2026,Birthday,Percentage Discount,20,22,1,1,0,0,
CAMP06175,C0555,29-04-2026,New Product,Free Item,1,23,1,0,0,0,
CAMP06176,C0413,21-08-2026,Discount,Percentage Discount,10,21.5,1,1,0,0,
CAMP06177,C0032,22-06-2025,Festival,Percentage Discount,20,29,1,1,1,0,
CAMP06178,C0852,05-11-2025,Birthday,Percentage Discount,10,18.5,1,1,1,0,
CAMP06179,C0302,01-05-2026,New Product,Free Item,1,23,1,1,0,0,
CAMP06180,C0619,25-04-2025,Win-back,Percentage Discount,20,31,1,0,0,0,
CAMP06181,C0737,07-08-2026,New Product,Free Item,1,23,1,1,0,0,
CAMP06182,C0360,11-11-2025,Win-back,Percentage Discount,20,31,1,1,0,0,
CAMP06183,C0389,19-03-2026,Festival,Percentage Discount,15,27.25,1,1,1,0,
CAMP06184,C0202,12-05-2026,Birthday,Percentage Discount,15,20.25,1,1,0,0,
CAMP06185,C0011,28-07-2025,Discount,Percentage Discount,5,19.75,1,1,0,0,
CAMP06186,C0735,04-02-2026,Loyalty,Points,100,16,1,1,0,0,
CAMP06187,C0518,29-10-2025,Discount,Percentage Discount,5,19.75,1,1,0,0,
CAMP06188,C0837,06-10-2025,Win-back,Percentage Discount,15,29.25,1,1,1,1,08-10-2025
CAMP06189,C0778,03-10-2025,Win-back,Percentage Discount,10,27.5,1,1,1,0,
CAMP06190,C0121,04-04-2026,Win-back,Percentage Discount,25,32.75,1,0,0,0,
CAMP06191,C0132,27-04-2025,Win-back,Percentage Discount,10,27.5,1,1,0,0,
CAMP06192,C0814,08-05-2025,Festival,Percentage Discount,10,25.5,1,0,0,0,
CAMP06193,C0567,15-07-2025,Discount,Percentage Discount,20,25,1,1,1,0,
CAMP06194,C0746,24-04-2025,Discount,Percentage Discount,20,25,1,1,0,0,
CAMP06195,C0488,21-06-2025,Birthday,Percentage Discount,15,20.25,1,1,0,0,
CAMP06196,C0025,13-05-2026,Festival,Percentage Discount,15,27.25,1,1,0,0,
CAMP06197,C0272,11-11-2025,Loyalty,Points,250,22,1,1,0,0,
CAMP06198,C0925,03-11-2024,New Product,Free Item,1,23,1,1,0,0,
CAMP06199,C0289,26-11-2025,Loyalty,Points,50,14,1,0,0,0,
CAMP06200,C0990,05-04-2026,Festival,Percentage Discount,15,27.25,1,1,0,0,
CAMP06201,C0211,15-06-2026,Discount,Percentage Discount,10,21.5,1,1,1,0,
CAMP06202,C0076,17-08-2026,Birthday,Percentage Discount,15,20.25,1,1,0,0,
CAMP06203,C0491,20-08-2026,Win-back,Percentage Discount,10,27.5,1,0,0,0,
CAMP06204,C0998,11-08-2025,Discount,Percentage Discount,5,19.75,1,1,0,0,
CAMP06205,C0299,22-06-2026,Loyalty,Points,150,18,1,1,0,0,
CAMP06206,C0293,18-03-2025,Birthday,Percentage Discount,10,18.5,1,1,0,0,
CAMP06207,C0817,16-02-2025,Birthday,Percentage Discount,20,22,1,1,1,1,24-02-2025
CAMP06208,C0559,03-05-2026,New Product,Free Item,1,23,1,1,0,0,
CAMP06209,C0571,13-07-2025,Win-back,Percentage Discount,10,27.5,1,1,0,0,
CAMP06210,C0121,09-08-2026,Loyalty,Points,150,18,1,1,0,0,
CAMP06211,C0331,27-07-2026,Birthday,Percentage Discount,15,20.25,1,1,0,0,
CAMP06212,C0702,13-10-2025,Birthday,Percentage Discount,20,22,1,1,1,1,27-10-2025
CAMP06213,C0773,11-04-2026,Win-back,Percentage Discount,20,31,1,1,0,0,
CAMP06214,C0979,29-06-2026,Birthday,Percentage Discount,20,22,1,1,0,0,
CAMP06215,C0183,05-02-2026,New Product,Free Item,1,23,1,1,1,1,10-02-2026
CAMP06216,C0940,26-03-2025,Birthday,Percentage Discount,15,20.25,1,1,0,0,
CAMP06217,C0670,15-05-2025,Win-back,Percentage Discount,15,29.25,1,1,1,0,
CAMP06218,C0910,24-01-2026,Birthday,Percentage Discount,10,18.5,1,1,0,0,
CAMP06219,C0800,25-06-2026,New Product,Free Item,1,23,1,1,0,0,
CAMP06220,C0073,18-07-2026,Festival,Percentage Discount,30,32.5,1,1,0,0,
CAMP06221,C0598,19-05-2026,Loyalty,Points,150,18,1,1,0,0,
CAMP06222,C0980,21-07-2026,Birthday,Percentage Discount,20,22,1,1,0,0,
CAMP06223,C0598,24-08-2026,Discount,Percentage Discount,15,23.25,1,1,0,0,
CAMP06224,C0382,04-12-2025,Festival,Percentage Discount,20,29,1,1,0,0,
CAMP06225,C0588,06-08-2026,Festival,Percentage Discount,20,29,1,0,0,0,
CAMP06226,C0225,25-05-2026,Loyalty,Points,100,16,1,1,0,0,
CAMP06227,C0716,21-01-2024,Birthday,Percentage Discount,20,22,1,1,1,0,
CAMP06228,C0162,25-10-2025,Festival,Percentage Discount,30,32.5,1,0,0,0,
CAMP06229,C0844,08-03-2026,Birthday,Percentage Discount,15,20.25,1,1,0,0,
CAMP06230,C0589,26-04-2026,Festival,Percentage Discount,30,32.5,1,1,1,0,
CAMP06231,C0166,12-07-2026,Discount,Percentage Discount,5,19.75,1,1,0,0,
CAMP06232,C0862,14-08-2026,Discount,Percentage Discount,5,19.75,1,1,0,0,
CAMP06233,C0765,06-07-2026,Win-back,Percentage Discount,10,27.5,1,1,0,0,
CAMP06234,C0489,07-05-2026,Festival,Percentage Discount,30,32.5,1,1,0,0,
CAMP06235,C0657,27-05-2025,Loyalty,Points,100,16,1,1,1,0,
CAMP06236,C0395,14-07-2025,Win-back,Percentage Discount,10,27.5,1,1,0,0,
CAMP06237,C0784,26-08-2026,Birthday,Percentage Discount,20,22,1,1,0,0,
CAMP06238,C0693,16-07-2026,Loyalty,Points,100,16,1,1,1,0,
CAMP06239,C0295,24-11-2024,Win-back,Percentage Discount,10,27.5,1,1,0,0,
CAMP06240,C0252,29-05-2025,Birthday,Percentage Discount,10,18.5,1,1,0,0,
CAMP06241,C0107,30-01-2026,New Product,Free Item,1,23,1,1,0,0,
CAMP06242,C0175,16-08-2026,Discount,Percentage Discount,5,19.75,1,1,0,0,
CAMP06243,C0713,24-04-2024,Discount,Percentage Discount,20,25,1,1,0,0,
CAMP06244,C0101,10-04-2026,Win-back,Percentage Discount,25,32.75,1,1,0,0,
CAMP06245,C0334,05-07-2024,Discount,Percentage Discount,5,19.75,1,1,1,0,
CAMP06246,C0286,10-09-2024,Festival,Percentage Discount,10,25.5,1,1,0,0,
CAMP06247,C0071,31-01-2026,Discount,Percentage Discount,10,21.5,1,1,1,0,
CAMP06248,C0317,26-02-2026,Discount,Percentage Discount,10,21.5,1,1,1,1,09-03-2026
CAMP06249,C0965,15-03-2026,Win-back,Percentage Discount,20,31,1,1,1,0,
CAMP06250,C0927,09-06-2026,Festival,Percentage Discount,20,29,1,1,0,0,
CAMP06251,C0618,08-05-2026,Birthday,Percentage Discount,10,18.5,1,1,1,0,
CAMP06252,C0550,25-04-2026,Birthday,Percentage Discount,15,20.25,1,1,1,0,
CAMP06253,C0737,14-08-2026,New Product,Free Item,1,23,1,1,0,0,
CAMP06254,C0427,15-12-2025,Discount,Percentage Discount,20,25,1,1,0,0,
CAMP06255,C0311,31-08-2024,Loyalty,Points,150,18,1,0,0,0,
CAMP06256,C0598,30-11-2025,Birthday,Percentage Discount,15,20.25,1,1,1,1,06-12-2025
CAMP06257,C0648,30-05-2026,Festival,Percentage Discount,15,27.25,1,1,1,0,
CAMP06258,C0997,07-10-2025,Festival,Percentage Discount,15,27.25,1,1,0,0,
CAMP06259,C0491,14-07-2026,Discount,Percentage Discount,20,25,1,1,1,1,25-07-2026
CAMP06260,C0172,07-09-2025,Festival,Percentage Discount,15,27.25,1,1,0,0,
CAMP06261,C0137,21-07-2026,Win-back,Percentage Discount,20,31,1,1,0,0,
CAMP06262,C0129,08-08-2025,New Product,Free Item,1,23,1,0,0,0,
CAMP06263,C0353,02-07-2026,Festival,Percentage Discount,15,27.25,1,1,1,0,
CAMP06264,C0878,21-04-2026,Loyalty,Points,250,22,1,1,0,0,
CAMP06265,C0073,29-12-2025,New Product,Free Item,1,23,1,1,1,0,
CAMP06266,C0972,11-04-2026,Birthday,Percentage Discount,15,20.25,1,1,1,1,17-04-2026
CAMP06267,C0779,08-12-2025,Festival,Percentage Discount,10,25.5,1,1,1,0,
CAMP06268,C0145,28-02-2026,New Product,Free Item,1,23,1,1,0,0,
CAMP06269,C0722,10-07-2026,New Product,Free Item,1,23,1,1,0,0,
CAMP06270,C0919,19-03-2026,Discount,Percentage Discount,20,25,1,1,0,0,
CAMP06271,C0472,11-03-2026,Discount,Percentage Discount,20,25,1,1,0,0,
CAMP06272,C0878,31-05-2026,Discount,Percentage Discount,10,21.5,1,1,0,0,
CAMP06273,C0713,17-05-2025,Birthday,Percentage Discount,15,20.25,1,1,1,0,
CAMP06274,C0068,19-06-2026,Birthday,Percentage Discount,15,20.25,1,1,1,0,
CAMP06275,C0163,18-10-2025,Discount,Percentage Discount,20,25,1,1,0,0,
CAMP06276,C0318,29-08-2026,Win-back,Percentage Discount,20,31,1,1,0,0,
CAMP06277,C0414,08-07-2026,New Product,Free Item,1,23,1,1,0,0,
CAMP06278,C0940,09-01-2025,Win-back,Percentage Discount,25,32.75,1,1,1,0,
CAMP06279,C0160,22-09-2025,Birthday,Percentage Discount,10,18.5,1,1,1,0,
CAMP06280,C0341,29-11-2025,New Product,Free Item,1,23,1,1,0,0,
CAMP06281,C0434,02-07-2026,Festival,Percentage Discount,15,27.25,1,1,0,0,
CAMP06282,C0299,01-01-2026,Birthday,Percentage Discount,20,22,1,1,0,0,
CAMP06283,C0883,05-03-2026,Birthday,Percentage Discount,20,22,1,1,0,0,
CAMP06284,C0802,28-04-2026,Birthday,Percentage Discount,20,22,1,1,0,0,
CAMP06285,C0720,03-08-2026,Festival,Percentage Discount,20,29,1,1,0,0,
CAMP06286,C0624,08-08-2026,Discount,Percentage Discount,10,21.5,1,1,1,1,12-08-2026
CAMP06287,C0820,03-06-2026,New Product,Free Item,1,23,1,1,1,0,
CAMP06288,C0246,31-07-2026,Loyalty,Points,50,14,1,1,0,0,
CAMP06289,C0582,10-06-2025,Win-back,Percentage Discount,25,32.75,1,1,0,0,
CAMP06290,C0438,23-07-2026,New Product,Free Item,1,23,1,1,0,0,
CAMP06291,C0292,25-05-2026,Discount,Percentage Discount,5,19.75,1,1,0,0,
CAMP06292,C0276,15-07-2026,Birthday,Percentage Discount,10,18.5,1,1,0,0,
CAMP06293,C0808,31-08-2026,Win-back,Percentage Discount,25,32.75,1,1,1,0,
CAMP06294,C0552,01-02-2026,Discount,Percentage Discount,5,19.75,1,1,1,0,
CAMP06295,C0530,08-08-2026,Festival,Percentage Discount,30,32.5,1,1,0,0,
CAMP06296,C0631,03-08-2026,Discount,Percentage Discount,20,25,1,1,1,0,
CAMP06297,C0802,24-06-2026,Festival,Percentage Discount,30,32.5,1,1,0,0,
CAMP06298,C0705,10-06-2026,Win-back,Percentage Discount,20,31,1,1,0,0,
CAMP06299,C0475,08-04-2026,Win-back,Percentage Discount,20,31,1,1,1,0,
CAMP06300,C0154,01-05-2025,Win-back,Percentage Discount,25,32.75,1,1,0,0,
CAMP06301,C0104,19-05-2026,Discount,Percentage Discount,5,19.75,1,1,0,0,
CAMP06302,C0443,22-11-2025,New Product,Free Item,1,23,1,1,0,0,
CAMP06303,C0696,25-07-2026,Birthday,Percentage Discount,20,22,1,1,0,0,
CAMP06304,C0073,03-08-2026,Festival,Percentage Discount,30,32.5,1,1,0,0,
CAMP06305,C0978,13-12-2025,Discount,Percentage Discount,10,21.5,1,1,1,0,
CAMP06306,C0766,12-06-2024,New Product,Free Item,1,23,1,1,1,0,
CAMP06307,C0372,19-02-2026,New Product,Free Item,1,23,1,1,0,0,
CAMP06308,C0178,15-09-2025,Win-back,Percentage Discount,10,27.5,1,1,0,0,
CAMP06309,C0055,09-08-2026,Birthday,Percentage Discount,15,20.25,1,1,1,1,21-08-2026
CAMP06310,C0077,06-09-2025,Birthday,Percentage Discount,20,22,1,0,0,0,
CAMP06311,C0411,04-08-2026,Festival,Percentage Discount,10,25.5,1,1,1,0,
CAMP06312,C0877,19-01-2026,Discount,Percentage Discount,10,21.5,1,1,1,0,
CAMP06313,C0514,14-01-2026,Festival,Percentage Discount,30,32.5,1,1,0,0,
CAMP06314,C0139,05-09-2025,Win-back,Percentage Discount,20,31,1,1,0,0,
CAMP06315,C0492,03-12-2025,Loyalty,Points,50,14,1,1,0,0,
CAMP06316,C0673,19-06-2024,Festival,Percentage Discount,25,30.75,1,1,0,0,
CAMP06317,C0070,03-11-2025,Discount,Percentage Discount,20,25,1,1,1,1,09-11-2025
CAMP06318,C0961,03-05-2026,Loyalty,Points,250,22,1,1,0,0,
CAMP06319,C0437,21-06-2026,Birthday,Percentage Discount,15,20.25,1,1,0,0,
CAMP06320,C0703,04-12-2024,Discount,Percentage Discount,20,25,1,1,0,0,
CAMP06321,C0514,28-07-2026,Win-back,Percentage Discount,20,31,1,1,1,0,
CAMP06322,C0879,06-11-2025,New Product,Free Item,1,23,1,1,0,0,
CAMP06323,C0025,17-05-2026,Discount,Percentage Discount,15,23.25,1,1,0,0,
CAMP06324,C0725,12-07-2026,Discount,Percentage Discount,5,19.75,1,1,1,0,
CAMP06325,C0419,09-01-2024,Loyalty,Points,100,16,1,1,0,0,
CAMP06326,C0528,31-08-2026,Win-back,Percentage Discount,20,31,1,1,0,0,
CAMP06327,C0557,07-06-2026,Loyalty,Points,150,18,1,0,0,0,
CAMP06328,C0694,01-05-2026,Festival,Percentage Discount,20,29,1,0,0,0,
CAMP06329,C0516,25-04-2026,Festival,Percentage Discount,15,27.25,1,1,0,0,
CAMP06330,C0866,09-07-2026,Discount,Percentage Discount,10,21.5,1,1,1,1,19-07-2026
CAMP06331,C0847,28-08-2026,Birthday,Percentage Discount,20,22,1,1,0,0,
CAMP06332,C0850,24-03-2026,Birthday,Percentage Discount,15,20.25,1,1,0,0,
CAMP06333,C0787,25-05-2026,New Product,Free Item,1,23,1,0,0,0,
CAMP06334,C0655,27-11-2024,Birthday,Percentage Discount,10,18.5,1,1,0,0,
CAMP06335,C0238,12-03-2026,Loyalty,Points,100,16,1,1,1,1,25-03-2026
CAMP06336,C0684,27-10-2024,Discount,Percentage Discount,10,21.5,1,1,0,0,
CAMP06337,C0336,29-10-2024,Birthday,Percentage Discount,15,20.25,1,1,0,0,
CAMP06338,C0162,28-08-2026,Festival,Percentage Discount,30,32.5,1,1,1,0,
CAMP06339,C0540,18-08-2026,Win-back,Percentage Discount,25,32.75,1,1,1,0,
CAMP06340,C0990,14-03-2024,Win-back,Percentage Discount,20,31,1,1,0,0,
CAMP06341,C0353,21-08-2026,Festival,Percentage Discount,30,32.5,1,0,0,0,
CAMP06342,C0211,14-08-2026,Win-back,Percentage Discount,10,27.5,1,1,0,0,
CAMP06343,C0523,03-08-2025,Festival,Percentage Discount,25,30.75,1,1,1,1,15-08-2025
CAMP06344,C0762,16-03-2026,Win-back,Percentage Discount,20,31,1,1,0,0,
CAMP06345,C0639,10-06-2026,Win-back,Percentage Discount,20,31,1,1,0,0,
CAMP06346,C0914,05-12-2025,Win-back,Percentage Discount,15,29.25,1,1,0,0,
CAMP06347,C0302,07-07-2026,Win-back,Percentage Discount,15,29.25,1,1,0,0,
CAMP06348,C0279,19-06-2026,Win-back,Percentage Discount,10,27.5,1,1,0,0,
CAMP06349,C0501,05-09-2025,Festival,Percentage Discount,30,32.5,1,0,0,0,
CAMP06350,C0960,11-02-2026,Discount,Percentage Discount,10,21.5,1,0,0,0,
CAMP06351,C0550,09-07-2026,Loyalty,Points,250,22,1,1,0,0,
CAMP06352,C0305,31-03-2026,Birthday,Percentage Discount,10,18.5,1,1,1,1,05-04-2026
CAMP06353,C0144,21-11-2025,Birthday,Percentage Discount,20,22,1,1,0,0,
CAMP06354,C0178,02-01-2025,Birthday,Percentage Discount,15,20.25,1,1,0,0,
CAMP06355,C0924,03-08-2026,Festival,Percentage Discount,25,30.75,1,1,0,0,
CAMP06356,C0147,13-08-2026,New Product,Free Item,1,23,1,1,0,0,
CAMP06357,C0335,10-02-2025,Loyalty,Points,100,16,1,1,1,1,21-02-2025
CAMP06358,C0988,27-05-2026,Festival,Percentage Discount,30,32.5,1,1,0,0,
CAMP06359,C0684,16-08-2025,Loyalty,Points,100,16,1,1,0,0,
CAMP06360,C0467,25-03-2025,Win-back,Percentage Discount,20,31,1,1,0,0,
CAMP06361,C0215,18-04-2026,Loyalty,Points,150,18,1,1,0,0,
CAMP06362,C0359,15-03-2026,Discount,Percentage Discount,5,19.75,1,1,0,0,
CAMP06363,C0985,05-07-2026,Win-back,Percentage Discount,15,29.25,1,1,0,0,
CAMP06364,C0909,28-06-2026,Discount,Percentage Discount,20,25,1,1,1,1,30-06-2026
CAMP06365,C0471,02-11-2025,Win-back,Percentage Discount,25,32.75,1,1,0,0,
CAMP06366,C0615,15-04-2025,Win-back,Percentage Discount,25,32.75,1,1,0,0,
CAMP06367,C0176,01-08-2026,Festival,Percentage Discount,15,27.25,1,1,0,0,
CAMP06368,C0013,27-10-2025,Discount,Percentage Discount,15,23.25,1,1,0,0,
CAMP06369,C0128,02-04-2026,Loyalty,Points,150,18,1,1,0,0,
CAMP06370,C0768,28-05-2026,Discount,Percentage Discount,15,23.25,1,1,1,0,
CAMP06371,C0005,18-06-2025,Discount,Percentage Discount,15,23.25,1,1,1,0,
CAMP06372,C0466,11-02-2026,Festival,Percentage Discount,15,27.25,1,1,1,0,
CAMP06373,C0190,16-08-2026,Discount,Percentage Discount,15,23.25,1,1,0,0,
CAMP06374,C0631,25-08-2026,Birthday,Percentage Discount,20,22,1,1,1,0,
CAMP06375,C0224,28-07-2026,Birthday,Percentage Discount,15,20.25,1,0,0,0,
CAMP06376,C0357,27-08-2024,New Product,Free Item,1,23,1,1,0,0,
CAMP06377,C0320,20-08-2026,Birthday,Percentage Discount,10,18.5,1,1,0,0,
CAMP06378,C0831,04-07-2026,Win-back,Percentage Discount,15,29.25,1,1,1,0,
CAMP06379,C0791,19-03-2026,New Product,Free Item,1,23,1,1,1,0,
CAMP06380,C0828,10-11-2025,Festival,Percentage Discount,25,30.75,1,0,0,0,
CAMP06381,C0227,20-11-2025,Discount,Percentage Discount,15,23.25,1,1,0,0,
CAMP06382,C0164,07-12-2025,Loyalty,Points,50,14,1,1,0,0,
CAMP06383,C0354,20-07-2026,Loyalty,Points,50,14,1,1,0,0,
CAMP06384,C0832,14-07-2026,Win-back,Percentage Discount,15,29.25,1,1,0,0,
CAMP06385,C0271,06-05-2026,Festival,Percentage Discount,10,25.5,1,1,0,0,
CAMP06386,C0303,05-10-2025,Win-back,Percentage Discount,20,31,1,1,0,0,
CAMP06387,C0625,16-01-2025,Festival,Percentage Discount,25,30.75,1,1,1,1,27-01-2025
CAMP06388,C0357,05-05-2025,Win-back,Percentage Discount,20,31,1,1,0,0,
CAMP06389,C0458,02-04-2026,Discount,Percentage Discount,15,23.25,1,1,0,0,
CAMP06390,C0872,30-04-2025,Discount,Percentage Discount,15,23.25,1,1,0,0,
CAMP06391,C0147,26-04-2026,Festival,Percentage Discount,25,30.75,1,1,0,0,
CAMP06392,C0763,02-06-2026,Birthday,Percentage Discount,10,18.5,1,1,0,0,
CAMP06393,C0268,10-07-2026,Festival,Percentage Discount,15,27.25,1,1,0,0,
CAMP06394,C0906,31-12-2024,Birthday,Percentage Discount,20,22,1,1,1,0,
CAMP06395,C0605,18-07-2026,Birthday,Percentage Discount,15,20.25,1,1,0,0,
CAMP06396,C0280,06-06-2025,Discount,Percentage Discount,10,21.5,1,1,0,0,
CAMP06397,C0038,19-07-2026,Festival,Percentage Discount,10,25.5,1,1,0,0,
CAMP06398,C0032,20-03-2026,Birthday,Percentage Discount,15,20.25,1,0,0,0,
CAMP06399,C0243,12-03-2025,New Product,Free Item,1,23,1,1,0,0,
CAMP06400,C0053,14-09-2025,Birthday,Percentage Discount,20,22,1,1,0,0,
CAMP06401,C0466,17-12-2025,Discount,Percentage Discount,20,25,1,1,0,0,
CAMP06402,C0415,06-03-2026,Birthday,Percentage Discount,20,22,1,1,1,1,19-03-2026
CAMP06403,C0637,09-06-2026,Win-back,Percentage Discount,20,31,1,1,1,1,18-06-2026
CAMP06404,C0014,19-03-2026,Birthday,Percentage Discount,10,18.5,1,1,0,0,
CAMP06405,C0969,29-07-2025,Discount,Percentage Discount,5,19.75,1,1,1,0,
CAMP06406,C0010,13-05-2026,Birthday,Percentage Discount,15,20.25,1,1,0,0,
CAMP06407,C0925,25-06-2025,Win-back,Percentage Discount,20,31,1,1,0,0,
CAMP06408,C0875,16-02-2026,Birthday,Percentage Discount,10,18.5,1,1,0,0,
CAMP06409,C0472,30-07-2026,Festival,Percentage Discount,10,25.5,1,1,0,0,
CAMP06410,C0689,03-10-2025,Festival,Percentage Discount,30,32.5,1,1,0,0,
CAMP06411,C0594,23-01-2026,Festival,Percentage Discount,30,32.5,1,1,0,0,
CAMP06412,C0649,29-04-2026,Discount,Percentage Discount,5,19.75,1,0,0,0,
CAMP06413,C0374,04-12-2025,Discount,Percentage Discount,15,23.25,1,1,0,0,
CAMP06414,C0658,07-08-2026,New Product,Free Item,1,23,1,1,1,1,15-08-2026
CAMP06415,C0656,04-07-2026,New Product,Free Item,1,23,1,1,1,0,
CAMP06416,C0203,26-05-2026,Win-back,Percentage Discount,25,32.75,1,1,0,0,
CAMP06417,C0672,18-11-2025,Discount,Percentage Discount,10,21.5,1,1,0,0,
CAMP06418,C0130,09-11-2025,Loyalty,Points,250,22,1,1,0,0,
CAMP06419,C0651,20-06-2026,Discount,Percentage Discount,10,21.5,1,1,0,0,
CAMP06420,C0276,01-09-2025,Birthday,Percentage Discount,10,18.5,1,1,0,0,
CAMP06421,C0054,21-06-2026,Loyalty,Points,50,14,1,1,1,0,
CAMP06422,C0895,11-06-2025,Win-back,Percentage Discount,20,31,1,1,1,1,24-06-2025
CAMP06423,C0923,21-12-2024,Birthday,Percentage Discount,10,18.5,1,1,0,0,
CAMP06424,C0206,02-07-2026,Festival,Percentage Discount,25,30.75,1,1,1,1,12-07-2026
CAMP06425,C0253,22-01-2026,Loyalty,Points,50,14,1,1,1,1,25-01-2026
CAMP06426,C0814,07-06-2026,Birthday,Percentage Discount,10,18.5,1,1,0,0,
CAMP06427,C0043,05-04-2025,Discount,Percentage Discount,15,23.25,1,1,1,0,
CAMP06428,C0474,21-11-2025,Festival,Percentage Discount,15,27.25,1,1,0,0,
CAMP06429,C0491,13-08-2026,Discount,Percentage Discount,5,19.75,1,0,0,0,
CAMP06430,C0947,17-07-2024,New Product,Free Item,1,23,1,1,1,0,
CAMP06431,C0190,15-04-2026,Birthday,Percentage Discount,15,20.25,1,1,0,0,
CAMP06432,C0457,25-10-2025,Loyalty,Points,50,14,1,0,0,0,
CAMP06433,C0572,14-01-2026,Birthday,Percentage Discount,15,20.25,1,1,1,0,
CAMP06434,C0382,07-08-2025,Festival,Percentage Discount,15,27.25,1,1,0,0,
CAMP06435,C0694,01-01-2026,Discount,Percentage Discount,20,25,1,1,1,1,12-01-2026
CAMP06436,C0036,27-08-2025,Discount,Percentage Discount,15,23.25,1,1,0,0,
CAMP06437,C0221,11-02-2025,Discount,Percentage Discount,10,21.5,1,1,1,0,
CAMP06438,C0360,05-03-2026,New Product,Free Item,1,23,1,0,0,0,
CAMP06439,C0682,22-12-2025,Birthday,Percentage Discount,15,20.25,1,1,0,0,
CAMP06440,C0618,23-01-2026,Discount,Percentage Discount,15,23.25,1,1,1,1,25-01-2026
CAMP06441,C0121,17-07-2026,Discount,Percentage Discount,5,19.75,1,1,0,0,
CAMP06442,C0241,12-03-2025,Discount,Percentage Discount,5,19.75,1,1,1,0,
CAMP06443,C0268,19-02-2024,Loyalty,Points,250,22,1,1,0,0,
CAMP06444,C0984,23-08-2026,New Product,Free Item,1,23,1,1,0,0,
CAMP06445,C0632,18-05-2025,Discount,Percentage Discount,15,23.25,1,1,0,0,
CAMP06446,C0906,20-08-2026,Birthday,Percentage Discount,20,22,1,0,0,0,
CAMP06447,C0710,05-10-2025,Discount,Percentage Discount,5,19.75,1,1,0,0,
CAMP06448,C0168,24-12-2025,Loyalty,Points,50,14,1,1,0,0,
CAMP06449,C0488,09-08-2026,Festival,Percentage Discount,20,29,1,1,0,0,
CAMP06450,C0746,27-12-2025,Win-back,Percentage Discount,10,27.5,1,1,1,0,
CAMP06451,C0737,03-05-2026,Discount,Percentage Discount,15,23.25,1,1,1,0,
CAMP06452,C0925,05-07-2026,Win-back,Percentage Discount,25,32.75,1,1,1,0,
CAMP06453,C0047,10-08-2025,Win-back,Percentage Discount,20,31,1,1,1,0,
CAMP06454,C0391,25-08-2026,Loyalty,Points,100,16,1,1,1,0,
CAMP06455,C0027,03-11-2025,Win-back,Percentage Discount,15,29.25,1,1,0,0,
CAMP06456,C0307,04-08-2026,Birthday,Percentage Discount,15,20.25,1,0,0,0,
CAMP06457,C0641,11-10-2024,Birthday,Percentage Discount,20,22,1,0,0,0,
CAMP06458,C0545,04-06-2026,Loyalty,Points,150,18,1,1,0,0,
CAMP06459,C0245,23-07-2026,Discount,Percentage Discount,5,19.75,1,1,1,1,29-07-2026
CAMP06460,C0373,23-07-2026,Festival,Percentage Discount,15,27.25,1,1,0,0,
CAMP06461,C0200,24-05-2024,New Product,Free Item,1,23,1,1,1,1,02-06-2024
CAMP06462,C0196,29-05-2025,Discount,Percentage Discount,20,25,1,0,0,0,
CAMP06463,C0425,13-07-2025,Birthday,Percentage Discount,15,20.25,1,1,0,0,
CAMP06464,C0141,28-08-2026,Loyalty,Points,150,18,1,1,0,0,
CAMP06465,C0821,19-10-2024,Birthday,Percentage Discount,20,22,1,1,0,0,
CAMP06466,C0219,05-07-2025,Discount,Percentage Discount,10,21.5,1,1,0,0,
CAMP06467,C0428,15-04-2026,New Product,Free Item,1,23,1,1,0,0,
CAMP06468,C0376,15-07-2025,Festival,Percentage Discount,20,29,1,1,0,0,
CAMP06469,C0617,15-02-2026,Birthday,Percentage Discount,20,22,1,0,0,0,
CAMP06470,C0289,19-08-2026,New Product,Free Item,1,23,1,1,0,0,
CAMP06471,C0523,06-01-2025,New Product,Free Item,1,23,1,1,0,0,
CAMP06472,C0138,30-12-2024,Loyalty,Points,250,22,1,1,0,0,
CAMP06473,C0401,09-05-2025,Win-back,Percentage Discount,20,31,1,1,1,0,
CAMP06474,C0929,25-04-2025,Loyalty,Points,150,18,1,1,1,1,26-04-2025
CAMP06475,C0549,10-03-2026,Festival,Percentage Discount,25,30.75,1,1,1,1,12-03-2026
CAMP06476,C0442,28-01-2026,Win-back,Percentage Discount,10,27.5,1,1,1,1,04-02-2026
CAMP06477,C0448,19-09-2025,Festival,Percentage Discount,15,27.25,1,1,0,0,
CAMP06478,C0427,09-07-2026,Festival,Percentage Discount,25,30.75,1,1,1,0,
CAMP06479,C0601,25-09-2025,Birthday,Percentage Discount,20,22,1,1,0,0,
CAMP06480,C0123,04-07-2025,Win-back,Percentage Discount,20,31,1,1,1,1,11-07-2025
CAMP06481,C0900,23-12-2025,Loyalty,Points,50,14,1,1,0,0,
CAMP06482,C0318,19-07-2026,Win-back,Percentage Discount,25,32.75,1,1,0,0,
CAMP06483,C0121,25-07-2026,Discount,Percentage Discount,20,25,1,0,0,0,
CAMP06484,C0469,14-06-2025,Win-back,Percentage Discount,20,31,1,1,0,0,
CAMP06485,C0303,24-06-2026,New Product,Free Item,1,23,1,1,0,0,
CAMP06486,C0167,08-10-2025,New Product,Free Item,1,23,1,1,0,0,
CAMP06487,C0348,16-03-2026,Festival,Percentage Discount,25,30.75,1,1,0,0,
CAMP06488,C0874,14-02-2026,Discount,Percentage Discount,15,23.25,1,1,0,0,
CAMP06489,C0693,20-07-2026,Discount,Percentage Discount,10,21.5,1,1,0,0,
CAMP06490,C0209,08-02-2026,Festival,Percentage Discount,30,32.5,1,1,1,1,13-02-2026
CAMP06491,C0648,19-05-2026,Birthday,Percentage Discount,10,18.5,1,1,0,0,
CAMP06492,C0074,02-07-2024,Win-back,Percentage Discount,20,31,1,1,0,0,
CAMP06493,C0529,01-03-2026,Discount,Percentage Discount,5,19.75,1,1,1,0,
CAMP06494,C0393,18-02-2026,New Product,Free Item,1,23,1,1,1,0,
CAMP06495,C0721,19-03-2025,Birthday,Percentage Discount,20,22,1,1,1,0,
CAMP06496,C0982,20-08-2025,Birthday,Percentage Discount,15,20.25,1,1,1,0,
CAMP06497,C0822,26-05-2026,Birthday,Percentage Discount,20,22,1,0,0,0,
CAMP06498,C0303,26-02-2026,Birthday,Percentage Discount,10,18.5,1,1,0,0,
CAMP06499,C0473,31-08-2026,New Product,Free Item,1,23,1,1,0,0,
CAMP06500,C0855,03-06-2025,Festival,Percentage Discount,15,27.25,1,1,0,0,
CAMP06501,C0518,30-08-2025,Loyalty,Points,50,14,1,1,0,0,
CAMP06502,C0908,27-04-2026,Win-back,Percentage Discount,15,29.25,1,1,1,0,
CAMP06503,C0098,18-04-2026,New Product,Free Item,1,23,1,1,0,0,
CAMP06504,C0412,25-07-2026,Loyalty,Points,150,18,1,1,0,0,
CAMP06505,C0620,27-06-2026,Discount,Percentage Discount,15,23.25,1,1,0,0,
CAMP06506,C0890,02-12-2024,Win-back,Percentage Discount,15,29.25,1,1,1,1,05-12-2024
CAMP06507,C0771,11-03-2024,Birthday,Percentage Discount,15,20.25,1,1,0,0,
CAMP06508,C0303,31-05-2025,Loyalty,Points,50,14,1,1,0,0,
CAMP06509,C0946,30-06-2026,Win-back,Percentage Discount,20,31,1,1,1,1,14-07-2026
CAMP06510,C0685,26-07-2026,Win-back,Percentage Discount,15,29.25,1,1,0,0,
CAMP06511,C0476,02-05-2026,Birthday,Percentage Discount,20,22,1,1,0,0,
CAMP06512,C0305,17-07-2026,Discount,Percentage Discount,20,25,1,1,0,0,
CAMP06513,C0545,06-05-2026,Festival,Percentage Discount,20,29,1,1,0,0,
CAMP06514,C0087,06-08-2025,Festival,Percentage Discount,25,30.75,1,1,0,0,
CAMP06515,C0831,21-08-2026,Festival,Percentage Discount,15,27.25,1,1,0,0,
CAMP06516,C0080,14-11-2025,Festival,Percentage Discount,15,27.25,1,1,1,0,
CAMP06517,C0404,31-05-2026,Loyalty,Points,50,14,1,1,0,0,
CAMP06518,C0692,25-03-2026,Discount,Percentage Discount,5,19.75,1,1,0,0,
CAMP06519,C0121,05-06-2026,Win-back,Percentage Discount,10,27.5,1,1,1,0,
CAMP06520,C0344,09-08-2026,New Product,Free Item,1,23,1,1,0,0,
CAMP06521,C0735,17-04-2025,Festival,Percentage Discount,15,27.25,1,1,1,0,
CAMP06522,C0545,31-05-2026,Birthday,Percentage Discount,15,20.25,1,0,0,0,
CAMP06523,C0609,16-11-2025,Birthday,Percentage Discount,15,20.25,1,1,1,0,
CAMP06524,C0485,28-02-2026,Discount,Percentage Discount,15,23.25,1,1,0,0,
CAMP06525,C0388,10-11-2025,New Product,Free Item,1,23,1,0,0,0,
CAMP06526,C0127,13-05-2026,Loyalty,Points,50,14,1,1,1,1,18-05-2026
CAMP06527,C0592,31-08-2026,New Product,Free Item,1,23,1,1,0,0,
CAMP06528,C0349,04-06-2025,Birthday,Percentage Discount,15,20.25,1,1,0,0,
CAMP06529,C0441,17-08-2025,New Product,Free Item,1,23,1,1,1,0,
CAMP06530,C0637,18-01-2025,Birthday,Percentage Discount,10,18.5,1,1,0,0,
CAMP06531,C0916,06-03-2026,Win-back,Percentage Discount,25,32.75,1,1,1,0,
CAMP06532,C0393,09-10-2025,New Product,Free Item,1,23,1,1,0,0,
CAMP06533,C0715,10-08-2025,New Product,Free Item,1,23,1,1,0,0,
CAMP06534,C0576,18-05-2026,New Product,Free Item,1,23,1,1,1,1,27-05-2026
CAMP06535,C0465,07-03-2026,Birthday,Percentage Discount,10,18.5,1,1,1,0,
CAMP06536,C0080,23-07-2025,Discount,Percentage Discount,20,25,1,1,1,1,30-07-2025
CAMP06537,C0552,31-01-2026,New Product,Free Item,1,23,1,1,0,0,
CAMP06538,C0796,08-03-2026,Discount,Percentage Discount,10,21.5,1,1,1,1,22-03-2026
CAMP06539,C0773,25-10-2025,Loyalty,Points,100,16,1,1,0,0,
CAMP06540,C0510,10-03-2025,New Product,Free Item,1,23,1,1,0,0,
CAMP06541,C0433,16-12-2025,Win-back,Percentage Discount,15,29.25,1,1,1,1,28-12-2025
CAMP06542,C0001,08-11-2025,Birthday,Percentage Discount,15,20.25,1,1,1,0,
CAMP06543,C0367,11-12-2025,Birthday,Percentage Discount,10,18.5,1,1,0,0,
CAMP06544,C0501,22-06-2025,Festival,Percentage Discount,25,30.75,1,1,1,1,05-07-2025
CAMP06545,C0838,18-07-2026,Festival,Percentage Discount,25,30.75,1,1,0,0,
CAMP06546,C0697,06-10-2024,New Product,Free Item,1,23,1,1,0,0,
CAMP06547,C0536,21-10-2025,Loyalty,Points,150,18,1,1,0,0,
CAMP06548,C0116,16-06-2024,Birthday,Percentage Discount,15,20.25,1,1,0,0,
CAMP06549,C0810,04-09-2025,Win-back,Percentage Discount,10,27.5,1,1,0,0,
CAMP06550,C0436,18-09-2025,Festival,Percentage Discount,15,27.25,1,1,0,0,
CAMP06551,C0143,19-10-2024,New Product,Free Item,1,23,1,1,0,0,
CAMP06552,C0596,10-01-2025,Win-back,Percentage Discount,15,29.25,1,1,0,0,
CAMP06553,C0414,10-12-2025,Festival,Percentage Discount,30,32.5,1,1,0,0,
CAMP06554,C0427,16-02-2026,Loyalty,Points,150,18,1,1,0,0,
CAMP06555,C0369,25-09-2025,Discount,Percentage Discount,15,23.25,1,1,0,0,
CAMP06556,C0558,26-08-2026,New Product,Free Item,1,23,1,1,0,0,
CAMP06557,C0829,26-08-2024,Win-back,Percentage Discount,20,31,1,1,1,0,
CAMP06558,C0439,18-07-2026,Festival,Percentage Discount,30,32.5,1,1,0,0,
CAMP06559,C0901,25-04-2026,Festival,Percentage Discount,30,32.5,1,0,0,0,
CAMP06560,C0193,27-11-2025,New Product,Free Item,1,23,1,1,0,0,
CAMP06561,C0748,22-07-2025,Discount,Percentage Discount,15,23.25,1,1,1,0,
CAMP06562,C0995,01-03-2026,Win-back,Percentage Discount,20,31,1,0,0,0,
CAMP06563,C0297,04-04-2026,Discount,Percentage Discount,15,23.25,1,1,0,0,
CAMP06564,C0756,16-07-2026,Win-back,Percentage Discount,15,29.25,1,1,0,0,
CAMP06565,C0230,08-07-2026,Win-back,Percentage Discount,10,27.5,1,1,1,1,19-07-2026
CAMP06566,C0640,13-07-2026,Discount,Percentage Discount,5,19.75,1,1,0,0,
CAMP06567,C0293,31-01-2026,Loyalty,Points,50,14,1,1,0,0,
CAMP06568,C0809,15-12-2025,Festival,Percentage Discount,10,25.5,1,1,0,0,
CAMP06569,C0144,28-02-2026,Festival,Percentage Discount,30,32.5,1,1,1,0,
CAMP06570,C0638,02-12-2025,New Product,Free Item,1,23,1,1,1,0,
CAMP06571,C0753,07-11-2025,New Product,Free Item,1,23,1,1,1,0,
CAMP06572,C0931,07-11-2025,Loyalty,Points,250,22,1,1,1,0,
CAMP06573,C0302,08-05-2026,Birthday,Percentage Discount,10,18.5,1,1,0,0,
CAMP06574,C0490,28-11-2024,Birthday,Percentage Discount,15,20.25,1,1,0,0,
CAMP06575,C0477,09-12-2025,Birthday,Percentage Discount,20,22,1,1,0,0,
CAMP06576,C0350,17-03-2026,Discount,Percentage Discount,15,23.25,1,1,1,1,23-03-2026
CAMP06577,C0368,11-10-2024,Birthday,Percentage Discount,15,20.25,1,1,0,0,
CAMP06578,C0071,27-08-2025,Loyalty,Points,50,14,1,1,0,0,
CAMP06579,C0455,26-09-2025,New Product,Free Item,1,23,1,1,0,0,
CAMP06580,C0829,23-04-2025,Birthday,Percentage Discount,20,22,1,0,0,0,
CAMP06581,C0018,24-12-2025,New Product,Free Item,1,23,1,1,0,0,
CAMP06582,C0805,07-12-2023,Loyalty,Points,250,22,1,1,0,0,
CAMP06583,C0653,04-05-2026,Discount,Percentage Discount,15,23.25,1,1,0,0,
CAMP06584,C0060,10-07-2026,Festival,Percentage Discount,10,25.5,1,1,0,0,
CAMP06585,C0959,12-06-2026,Discount,Percentage Discount,10,21.5,1,1,0,0,
CAMP06586,C0676,10-01-2025,Loyalty,Points,250,22,1,1,1,0,
CAMP06587,C0414,29-12-2025,Discount,Percentage Discount,20,25,1,1,0,0,
CAMP06588,C0801,03-02-2025,Loyalty,Points,50,14,1,1,0,0,
CAMP06589,C0731,21-07-2025,Win-back,Percentage Discount,15,29.25,1,1,1,1,01-08-2025
CAMP06590,C0711,07-08-2026,Festival,Percentage Discount,20,29,1,1,1,0,
CAMP06591,C0702,24-07-2026,Discount,Percentage Discount,10,21.5,1,1,0,0,
CAMP06592,C0365,13-04-2025,Festival,Percentage Discount,15,27.25,1,1,0,0,
CAMP06593,C0783,03-02-2026,Festival,Percentage Discount,10,25.5,1,1,1,1,05-02-2026
CAMP06594,C0519,19-03-2026,Festival,Percentage Discount,10,25.5,1,1,1,0,
CAMP06595,C0204,29-03-2026,Win-back,Percentage Discount,25,32.75,1,1,1,0,
CAMP06596,C0843,18-08-2026,New Product,Free Item,1,23,1,1,0,0,
CAMP06597,C0960,11-03-2025,Discount,Percentage Discount,20,25,1,1,0,0,
CAMP06598,C0119,25-12-2025,Loyalty,Points,50,14,1,1,1,0,
CAMP06599,C0167,27-10-2025,Discount,Percentage Discount,5,19.75,1,1,0,0,
CAMP06600,C0596,26-03-2025,New Product,Free Item,1,23,1,1,1,1,02-04-2025
CAMP06601,C0576,19-08-2026,Loyalty,Points,250,22,1,1,1,1,31-08-2026
CAMP06602,C0848,10-03-2026,Discount,Percentage Discount,5,19.75,1,1,1,0,
CAMP06603,C0336,15-05-2026,Loyalty,Points,100,16,1,1,0,0,
CAMP06604,C0743,08-01-2026,New Product,Free Item,1,23,1,1,0,0,
CAMP06605,C0484,19-12-2024,Discount,Percentage Discount,15,23.25,1,1,0,0,
CAMP06606,C0572,18-05-2025,Discount,Percentage Discount,15,23.25,1,1,0,0,
CAMP06607,C0788,21-08-2025,Birthday,Percentage Discount,20,22,1,0,0,0,
CAMP06608,C0401,28-05-2025,Birthday,Percentage Discount,20,22,1,1,1,0,
CAMP06609,C0965,20-01-2026,Win-back,Percentage Discount,20,31,1,1,0,0,
CAMP06610,C0430,14-04-2026,Win-back,Percentage Discount,25,32.75,1,1,0,0,
CAMP06611,C0794,25-08-2024,Birthday,Percentage Discount,15,20.25,1,1,1,0,
CAMP06612,C0632,30-05-2025,Win-back,Percentage Discount,20,31,1,1,0,0,
CAMP06613,C0580,14-07-2026,New Product,Free Item,1,23,1,1,0,0,
CAMP06614,C0461,18-08-2026,Loyalty,Points,50,14,1,1,0,0,
CAMP06615,C0843,04-08-2026,Festival,Percentage Discount,10,25.5,1,1,1,0,
CAMP06616,C0742,26-07-2026,Festival,Percentage Discount,25,30.75,1,1,0,0,
CAMP06617,C0877,11-01-2026,Win-back,Percentage Discount,20,31,1,1,0,0,
CAMP06618,C0475,19-02-2026,Win-back,Percentage Discount,20,31,1,1,0,0,
CAMP06619,C0076,27-04-2025,Birthday,Percentage Discount,10,18.5,1,1,0,0,
CAMP06620,C0338,19-08-2026,New Product,Free Item,1,23,1,1,0,0,
CAMP06621,C0337,07-08-2025,Win-back,Percentage Discount,10,27.5,1,1,0,0,
CAMP06622,C0115,21-08-2024,Festival,Percentage Discount,10,25.5,1,1,0,0,
CAMP06623,C0264,31-07-2025,Festival,Percentage Discount,25,30.75,1,0,0,0,
CAMP06624,C0069,07-08-2024,Festival,Percentage Discount,20,29,1,1,1,1,12-08-2024
CAMP06625,C0023,14-08-2026,New Product,Free Item,1,23,1,1,0,0,
CAMP06626,C0010,15-06-2026,Loyalty,Points,250,22,1,1,0,0,
CAMP06627,C0013,25-02-2024,Loyalty,Points,150,18,1,1,0,0,
CAMP06628,C0619,04-05-2026,Discount,Percentage Discount,15,23.25,1,1,0,0,
CAMP06629,C0294,27-04-2026,Festival,Percentage Discount,25,30.75,1,1,0,0,
CAMP06630,C0874,06-06-2026,Birthday,Percentage Discount,10,18.5,1,1,0,0,
CAMP06631,C0954,21-08-2026,Festival,Percentage Discount,20,29,1,1,0,0,
CAMP06632,C0913,30-08-2025,Birthday,Percentage Discount,15,20.25,1,1,1,0,
CAMP06633,C0229,07-02-2025,Win-back,Percentage Discount,10,27.5,1,1,1,1,20-02-2025
CAMP06634,C0038,10-02-2026,Loyalty,Points,250,22,1,1,0,0,
CAMP06635,C0953,21-08-2026,Loyalty,Points,250,22,1,1,0,0,
CAMP06636,C0386,02-01-2026,Loyalty,Points,250,22,1,1,1,0,
CAMP06637,C0636,04-06-2024,Birthday,Percentage Discount,15,20.25,1,1,1,0,
CAMP06638,C0433,14-03-2026,Birthday,Percentage Discount,15,20.25,1,1,1,1,28-03-2026
CAMP06639,C0991,09-06-2026,New Product,Free Item,1,23,1,1,0,0,
CAMP06640,C0224,12-06-2026,Discount,Percentage Discount,5,19.75,1,1,1,1,20-06-2026
CAMP06641,C0875,23-11-2025,New Product,Free Item,1,23,1,1,0,0,
CAMP06642,C0135,13-07-2025,Win-back,Percentage Discount,15,29.25,1,1,0,0,
CAMP06643,C0538,04-06-2025,New Product,Free Item,1,23,1,1,0,0,
CAMP06644,C0335,02-11-2025,Loyalty,Points,100,16,1,1,0,0,
CAMP06645,C0484,11-01-2025,New Product,Free Item,1,23,1,1,0,0,
CAMP06646,C0267,22-08-2026,Discount,Percentage Discount,20,25,1,0,0,0,
CAMP06647,C0547,13-09-2024,Discount,Percentage Discount,15,23.25,1,1,0,0,
CAMP06648,C0268,14-06-2024,Loyalty,Points,50,14,1,1,0,0,
CAMP06649,C0917,01-06-2026,Discount,Percentage Discount,15,23.25,1,1,1,1,12-06-2026
CAMP06650,C0553,10-06-2026,Discount,Percentage Discount,20,25,1,1,0,0,
CAMP06651,C0861,24-06-2026,Birthday,Percentage Discount,15,20.25,1,1,0,0,
CAMP06652,C0843,29-08-2026,Discount,Percentage Discount,5,19.75,1,1,0,0,
CAMP06653,C0129,11-09-2024,Loyalty,Points,100,16,1,1,0,0,
CAMP06654,C0392,30-03-2026,Discount,Percentage Discount,15,23.25,1,0,0,0,
CAMP06655,C0283,28-11-2025,Birthday,Percentage Discount,20,22,1,1,0,0,
CAMP06656,C0945,15-06-2026,Win-back,Percentage Discount,25,32.75,1,1,0,0,
CAMP06657,C0561,05-05-2025,Festival,Percentage Discount,25,30.75,1,1,1,0,
CAMP06658,C0519,12-07-2026,Festival,Percentage Discount,10,25.5,1,1,0,0,
CAMP06659,C0120,22-05-2026,Birthday,Percentage Discount,10,18.5,1,1,0,0,
CAMP06660,C0860,27-07-2026,Birthday,Percentage Discount,20,22,1,1,1,1,29-07-2026
CAMP06661,C0945,03-02-2024,Win-back,Percentage Discount,10,27.5,1,1,0,0,
CAMP06662,C0882,15-09-2024,Festival,Percentage Discount,20,29,1,1,1,0,
CAMP06663,C0364,14-04-2026,Win-back,Percentage Discount,15,29.25,1,1,0,0,
CAMP06664,C0031,26-06-2026,Birthday,Percentage Discount,10,18.5,1,0,0,0,
CAMP06665,C0892,26-08-2026,New Product,Free Item,1,23,1,0,0,0,
CAMP06666,C0082,24-07-2024,New Product,Free Item,1,23,1,1,0,0,
CAMP06667,C0748,18-06-2026,Loyalty,Points,50,14,1,1,0,0,
CAMP06668,C0055,13-12-2025,Win-back,Percentage Discount,15,29.25,1,1,1,0,
CAMP06669,C0354,28-07-2026,Discount,Percentage Discount,10,21.5,1,1,1,0,
CAMP06670,C0630,27-06-2026,Birthday,Percentage Discount,20,22,1,1,0,0,
CAMP06671,C0628,27-07-2026,Discount,Percentage Discount,5,19.75,1,1,0,0,
CAMP06672,C0372,17-01-2025,New Product,Free Item,1,23,1,1,0,0,
CAMP06673,C0788,01-05-2026,Festival,Percentage Discount,20,29,1,1,0,0,
CAMP06674,C0698,27-10-2025,Win-back,Percentage Discount,25,32.75,1,1,1,0,
CAMP06675,C0367,19-09-2025,Win-back,Percentage Discount,10,27.5,1,1,0,0,
CAMP06676,C0065,29-12-2024,Festival,Percentage Discount,15,27.25,1,1,0,0,
CAMP06677,C0083,29-12-2024,Festival,Percentage Discount,15,27.25,1,1,0,0,
CAMP06678,C0152,12-04-2025,Win-back,Percentage Discount,15,29.25,1,1,0,0,
CAMP06679,C0817,10-12-2025,Win-back,Percentage Discount,10,27.5,1,1,1,0,
CAMP06680,C0436,25-01-2026,Win-back,Percentage Discount,20,31,1,1,0,0,
CAMP06681,C0455,18-12-2025,Birthday,Percentage Discount,15,20.25,1,1,0,0,
CAMP06682,C0233,04-08-2025,Birthday,Percentage Discount,10,18.5,1,0,0,0,
CAMP06683,C0283,10-01-2026,Birthday,Percentage Discount,15,20.25,1,1,0,0,
CAMP06684,C0174,14-08-2025,New Product,Free Item,1,23,1,1,1,0,
CAMP06685,C0358,28-08-2025,Birthday,Percentage Discount,10,18.5,1,1,0,0,
CAMP06686,C0282,01-12-2024,Win-back,Percentage Discount,25,32.75,1,1,0,0,
CAMP06687,C0521,28-07-2024,Festival,Percentage Discount,10,25.5,1,1,0,0,
CAMP06688,C0547,04-05-2025,New Product,Free Item,1,23,1,1,0,0,
CAMP06689,C0459,10-11-2025,Festival,Percentage Discount,20,29,1,1,1,0,
CAMP06690,C0123,28-01-2026,Win-back,Percentage Discount,10,27.5,1,1,1,0,
CAMP06691,C0024,09-07-2026,New Product,Free Item,1,23,1,1,0,0,
CAMP06692,C0743,05-02-2026,Festival,Percentage Discount,30,32.5,1,1,0,0,
CAMP06693,C0782,22-08-2024,Festival,Percentage Discount,10,25.5,1,1,0,0,
CAMP06694,C0711,30-08-2026,Win-back,Percentage Discount,10,27.5,1,0,0,0,
CAMP06695,C0102,22-07-2025,Discount,Percentage Discount,10,21.5,1,1,1,1,02-08-2025
CAMP06696,C0654,30-09-2024,Loyalty,Points,150,18,1,1,0,0,
CAMP06697,C0513,16-09-2024,Discount,Percentage Discount,20,25,1,1,0,0,
CAMP06698,C0537,20-12-2025,Birthday,Percentage Discount,10,18.5,1,1,0,0,
CAMP06699,C0356,28-06-2025,New Product,Free Item,1,23,1,1,0,0,
CAMP06700,C0140,30-07-2026,Loyalty,Points,50,14,1,1,1,1,04-08-2026
CAMP06701,C0813,18-06-2026,New Product,Free Item,1,23,1,1,0,0,
CAMP06702,C0139,29-12-2024,Discount,Percentage Discount,5,19.75,1,1,1,1,11-01-2025
CAMP06703,C0693,30-07-2026,New Product,Free Item,1,23,1,0,0,0,
CAMP06704,C0605,31-01-2025,Festival,Percentage Discount,25,30.75,1,1,0,0,
CAMP06705,C0883,13-12-2025,Discount,Percentage Discount,10,21.5,1,1,0,0,
CAMP06706,C0450,29-08-2026,Festival,Percentage Discount,30,32.5,1,1,0,0,
CAMP06707,C0379,13-06-2025,Festival,Percentage Discount,30,32.5,1,1,0,0,
CAMP06708,C0115,02-08-2024,Loyalty,Points,250,22,1,1,0,0,
CAMP06709,C0941,10-01-2024,Birthday,Percentage Discount,10,18.5,1,0,0,0,
CAMP06710,C0428,10-06-2026,New Product,Free Item,1,23,1,1,0,0,
CAMP06711,C0669,26-11-2025,Festival,Percentage Discount,30,32.5,1,1,0,0,
CAMP06712,C0458,06-11-2024,Loyalty,Points,250,22,1,1,0,0,
CAMP06713,C0568,23-06-2026,Festival,Percentage Discount,15,27.25,1,1,1,1,06-07-2026
CAMP06714,C0375,24-08-2026,Win-back,Percentage Discount,10,27.5,1,1,0,0,
CAMP06715,C0156,16-08-2026,Loyalty,Points,100,16,1,1,0,0,
CAMP06716,C0696,30-04-2026,New Product,Free Item,1,23,1,1,0,0,
CAMP06717,C0446,23-01-2026,Loyalty,Points,100,16,1,1,0,0,
CAMP06718,C0729,21-12-2024,Discount,Percentage Discount,20,25,1,1,0,0,
CAMP06719,C0773,18-02-2025,Discount,Percentage Discount,10,21.5,1,1,1,0,
CAMP06720,C0303,09-09-2025,Win-back,Percentage Discount,25,32.75,1,1,0,0,
CAMP06721,C0239,30-08-2026,Discount,Percentage Discount,5,19.75,1,1,0,0,
CAMP06722,C0599,12-12-2025,Festival,Percentage Discount,10,25.5,1,1,0,0,
CAMP06723,C0125,25-01-2026,Win-back,Percentage Discount,15,29.25,1,1,1,1,01-02-2026
CAMP06724,C0414,24-03-2026,Win-back,Percentage Discount,25,32.75,1,1,0,0,
CAMP06725,C0734,01-07-2026,Discount,Percentage Discount,5,19.75,1,0,0,0,
CAMP06726,C0630,12-04-2026,Discount,Percentage Discount,15,23.25,1,1,0,0,
CAMP06727,C0843,12-08-2026,Discount,Percentage Discount,20,25,1,1,1,1,15-08-2026
CAMP06728,C0892,02-08-2026,Win-back,Percentage Discount,25,32.75,1,1,0,0,
CAMP06729,C0412,28-06-2026,Win-back,Percentage Discount,10,27.5,1,1,0,0,
CAMP06730,C0014,28-05-2025,Birthday,Percentage Discount,10,18.5,1,1,0,0,
CAMP06731,C0097,05-01-2026,Birthday,Percentage Discount,10,18.5,1,0,0,0,
CAMP06732,C0717,22-06-2025,Festival,Percentage Discount,20,29,1,0,0,0,
CAMP06733,C0768,18-08-2026,New Product,Free Item,1,23,1,0,0,0,
CAMP06734,C0211,02-06-2026,Birthday,Percentage Discount,20,22,1,1,1,0,
CAMP06735,C0085,27-08-2024,Discount,Percentage Discount,15,23.25,1,1,0,0,
CAMP06736,C0179,19-03-2026,New Product,Free Item,1,23,1,1,0,0,
CAMP06737,C0101,03-02-2026,Birthday,Percentage Discount,15,20.25,1,1,0,0,
CAMP06738,C0081,06-08-2025,Birthday,Percentage Discount,10,18.5,1,1,0,0,
CAMP06739,C0414,26-05-2026,Discount,Percentage Discount,10,21.5,1,1,0,0,
CAMP06740,C0515,14-03-2026,Loyalty,Points,250,22,1,1,0,0,
CAMP06741,C0788,26-07-2026,New Product,Free Item,1,23,1,1,0,0,
CAMP06742,C0099,03-01-2025,Festival,Percentage Discount,30,32.5,1,1,0,0,
CAMP06743,C0390,03-04-2026,Birthday,Percentage Discount,15,20.25,1,1,1,0,
CAMP06744,C0397,27-06-2025,Win-back,Percentage Discount,20,31,1,1,0,0,
CAMP06745,C0906,03-08-2026,Discount,Percentage Discount,15,23.25,1,1,1,1,06-08-2026
CAMP06746,C0009,31-01-2026,Festival,Percentage Discount,25,30.75,1,1,1,1,08-02-2026
CAMP06747,C0064,15-01-2026,Discount,Percentage Discount,5,19.75,1,0,0,0,
CAMP06748,C0018,29-06-2026,Loyalty,Points,150,18,1,1,0,0,
CAMP06749,C0433,30-04-2026,Loyalty,Points,250,22,1,1,0,0,
CAMP06750,C0703,20-10-2024,Loyalty,Points,100,16,1,1,0,0,
CAMP06751,C0827,01-12-2025,New Product,Free Item,1,23,1,1,0,0,
CAMP06752,C0324,30-06-2026,Festival,Percentage Discount,20,29,1,1,0,0,
CAMP06753,C0985,16-08-2026,Birthday,Percentage Discount,10,18.5,1,0,0,0,
CAMP06754,C0970,10-09-2025,Festival,Percentage Discount,30,32.5,1,1,1,0,
CAMP06755,C0123,26-12-2024,Festival,Percentage Discount,25,30.75,1,1,1,1,03-01-2025
CAMP06756,C0749,20-05-2026,New Product,Free Item,1,23,1,1,0,0,
CAMP06757,C0947,25-07-2026,Win-back,Percentage Discount,10,27.5,1,1,1,0,
CAMP06758,C0704,13-05-2025,Festival,Percentage Discount,30,32.5,1,1,0,0,
CAMP06759,C0278,20-04-2026,Festival,Percentage Discount,10,25.5,1,1,0,0,
CAMP06760,C0798,12-06-2025,Loyalty,Points,150,18,1,1,0,0,
CAMP06761,C0457,23-10-2025,Discount,Percentage Discount,15,23.25,1,1,0,0,
CAMP06762,C0155,26-12-2024,Festival,Percentage Discount,20,29,1,1,1,0,
CAMP06763,C0001,02-02-2025,Festival,Percentage Discount,25,30.75,1,1,0,0,
CAMP06764,C0804,06-09-2025,New Product,Free Item,1,23,1,1,0,0,
CAMP06765,C0250,18-02-2026,Birthday,Percentage Discount,15,20.25,1,1,0,0,
CAMP06766,C0084,14-09-2025,Birthday,Percentage Discount,10,18.5,1,1,1,0,
CAMP06767,C0277,08-07-2026,Loyalty,Points,150,18,1,1,0,0,
CAMP06768,C0442,31-01-2026,Birthday,Percentage Discount,20,22,1,1,0,0,
CAMP06769,C0106,04-05-2024,Discount,Percentage Discount,10,21.5,1,1,0,0,
CAMP06770,C0298,28-07-2026,New Product,Free Item,1,23,1,1,0,0,
CAMP06771,C0043,03-11-2025,Win-back,Percentage Discount,20,31,1,1,1,0,
CAMP06772,C0708,28-06-2026,Win-back,Percentage Discount,20,31,1,1,0,0,
CAMP06773,C0426,05-01-2026,Discount,Percentage Discount,20,25,1,1,0,0,
CAMP06774,C0928,24-08-2026,Loyalty,Points,250,22,1,1,0,0,
CAMP06775,C0970,17-10-2025,Discount,Percentage Discount,5,19.75,1,1,0,0,
CAMP06776,C0703,14-03-2025,Win-back,Percentage Discount,20,31,1,1,0,0,
CAMP06777,C0300,11-08-2026,Discount,Percentage Discount,5,19.75,1,1,1,1,16-08-2026
CAMP06778,C0071,26-11-2025,New Product,Free Item,1,23,1,1,0,0,
CAMP06779,C0318,29-07-2026,Win-back,Percentage Discount,10,27.5,1,1,0,0,
CAMP06780,C0444,04-01-2026,Discount,Percentage Discount,10,21.5,1,1,0,0,
CAMP06781,C0186,30-04-2026,New Product,Free Item,1,23,1,1,0,0,
CAMP06782,C0024,17-07-2026,New Product,Free Item,1,23,1,1,0,0,
CAMP06783,C0353,30-06-2026,Loyalty,Points,150,18,1,1,0,0,
CAMP06784,C0625,02-06-2025,Discount,Percentage Discount,10,21.5,1,1,1,1,13-06-2025
CAMP06785,C0653,07-06-2026,Win-back,Percentage Discount,25,32.75,1,1,1,0,
CAMP06786,C0261,04-07-2026,New Product,Free Item,1,23,1,1,1,0,
CAMP06787,C0372,16-03-2026,Festival,Percentage Discount,10,25.5,1,1,1,0,
CAMP06788,C0595,21-05-2026,New Product,Free Item,1,23,1,1,0,0,
CAMP06789,C0145,27-05-2026,New Product,Free Item,1,23,1,1,0,0,
CAMP06790,C0101,02-06-2026,Birthday,Percentage Discount,15,20.25,1,1,1,1,10-06-2026
CAMP06791,C0706,19-08-2025,Loyalty,Points,250,22,1,1,1,1,23-08-2025
CAMP06792,C0077,28-12-2025,Win-back,Percentage Discount,10,27.5,1,1,0,0,
CAMP06793,C0736,30-09-2025,Discount,Percentage Discount,15,23.25,1,1,0,0,
CAMP06794,C0356,29-04-2025,Festival,Percentage Discount,20,29,1,0,0,0,
CAMP06795,C0478,24-06-2024,Festival,Percentage Discount,20,29,1,1,0,0,
CAMP06796,C0399,18-09-2025,Loyalty,Points,250,22,1,1,1,0,
CAMP06797,C0439,16-07-2026,Festival,Percentage Discount,30,32.5,1,1,0,0,
CAMP06798,C0514,05-07-2025,New Product,Free Item,1,23,1,1,0,0,
CAMP06799,C0024,16-08-2026,New Product,Free Item,1,23,1,1,0,0,
CAMP06800,C0164,09-06-2026,Win-back,Percentage Discount,10,27.5,1,1,0,0,
CAMP06801,C0856,18-08-2026,Win-back,Percentage Discount,15,29.25,1,1,1,1,25-08-2026
CAMP06802,C0240,06-07-2026,New Product,Free Item,1,23,1,1,0,0,
CAMP06803,C0157,05-07-2026,New Product,Free Item,1,23,1,1,0,0,
CAMP06804,C0649,16-08-2026,New Product,Free Item,1,23,1,1,0,0,
CAMP06805,C0587,28-05-2026,Discount,Percentage Discount,15,23.25,1,1,0,0,
CAMP06806,C0177,24-08-2026,Discount,Percentage Discount,20,25,1,1,1,1,31-08-2026
CAMP06807,C0869,05-08-2026,New Product,Free Item,1,23,1,1,0,0,
CAMP06808,C0835,25-09-2024,Win-back,Percentage Discount,15,29.25,1,1,0,0,
CAMP06809,C0061,10-06-2026,Discount,Percentage Discount,20,25,1,1,1,0,
CAMP06810,C0725,31-08-2026,New Product,Free Item,1,23,1,1,0,0,
CAMP06811,C0004,01-08-2025,Loyalty,Points,150,18,1,1,1,0,
CAMP06812,C0138,21-08-2026,Birthday,Percentage Discount,15,20.25,1,1,0,0,
CAMP06813,C0825,25-05-2026,Loyalty,Points,250,22,1,0,0,0,
CAMP06814,C0046,17-02-2026,Festival,Percentage Discount,25,30.75,1,1,1,1,21-02-2026
CAMP06815,C0953,13-06-2026,Win-back,Percentage Discount,25,32.75,1,1,0,0,
CAMP06816,C0591,25-07-2026,Loyalty,Points,150,18,1,1,0,0,
CAMP06817,C0261,22-07-2026,Festival,Percentage Discount,20,29,1,1,0,0,
CAMP06818,C0736,01-11-2024,Loyalty,Points,150,18,1,1,1,1,13-11-2024
CAMP06819,C0833,08-11-2025,Loyalty,Points,150,18,1,1,0,0,
CAMP06820,C0971,11-06-2026,Birthday,Percentage Discount,10,18.5,1,1,0,0,
CAMP06821,C0488,04-04-2025,New Product,Free Item,1,23,1,1,0,0,
CAMP06822,C0632,27-01-2026,New Product,Free Item,1,23,1,0,0,0,
CAMP06823,C0446,28-03-2026,New Product,Free Item,1,23,1,1,0,0,
CAMP06824,C0685,03-06-2026,Discount,Percentage Discount,20,25,1,0,0,0,
CAMP06825,C0079,11-08-2026,Discount,Percentage Discount,20,25,1,1,0,0,
CAMP06826,C0985,02-07-2026,Loyalty,Points,250,22,1,1,0,0,
CAMP06827,C0002,22-02-2026,Loyalty,Points,100,16,1,1,0,0,
CAMP06828,C0818,13-01-2024,Festival,Percentage Discount,20,29,1,1,1,0,
CAMP06829,C0775,19-02-2025,Birthday,Percentage Discount,10,18.5,1,1,0,0,
CAMP06830,C0853,10-07-2026,Loyalty,Points,150,18,1,0,0,0,
CAMP06831,C0213,05-10-2025,Birthday,Percentage Discount,15,20.25,1,1,0,0,
CAMP06832,C0097,06-05-2026,Win-back,Percentage Discount,10,27.5,1,1,0,0,
CAMP06833,C0749,12-04-2026,Discount,Percentage Discount,5,19.75,1,1,0,0,
CAMP06834,C0217,12-09-2025,Festival,Percentage Discount,10,25.5,1,1,0,0,
CAMP06835,C0651,17-03-2026,New Product,Free Item,1,23,1,1,0,0,
CAMP06836,C0831,29-07-2026,Festival,Percentage Discount,30,32.5,1,1,0,0,
CAMP06837,C0767,15-11-2025,Loyalty,Points,150,18,1,1,1,0,
CAMP06838,C0232,11-12-2025,Festival,Percentage Discount,10,25.5,1,1,1,0,
CAMP06839,C0462,25-05-2026,Win-back,Percentage Discount,10,27.5,1,1,0,0,
CAMP06840,C0010,09-05-2026,Discount,Percentage Discount,5,19.75,1,1,0,0,
CAMP06841,C0363,25-06-2026,Discount,Percentage Discount,20,25,1,1,1,0,
CAMP06842,C0084,18-03-2025,Loyalty,Points,50,14,1,1,1,0,
CAMP06843,C0349,08-02-2026,Birthday,Percentage Discount,20,22,1,1,0,0,
CAMP06844,C0930,12-07-2026,Festival,Percentage Discount,20,29,1,1,0,0,
CAMP06845,C0612,17-08-2026,Loyalty,Points,150,18,1,1,1,1,26-08-2026
CAMP06846,C0522,24-01-2025,Discount,Percentage Discount,10,21.5,1,1,0,0,
CAMP06847,C0872,12-02-2025,Birthday,Percentage Discount,15,20.25,1,1,1,1,26-02-2025
CAMP06848,C0685,18-06-2026,Loyalty,Points,250,22,1,1,0,0,
CAMP06849,C0527,02-08-2026,New Product,Free Item,1,23,1,1,1,0,
CAMP06850,C0452,13-02-2026,New Product,Free Item,1,23,1,0,0,0,
CAMP06851,C0882,13-03-2025,New Product,Free Item,1,23,1,1,0,0,
CAMP06852,C0122,26-08-2026,Festival,Percentage Discount,20,29,1,1,0,0,
CAMP06853,C0238,12-01-2026,New Product,Free Item,1,23,1,0,0,0,
CAMP06854,C0051,07-03-2025,Festival,Percentage Discount,25,30.75,1,1,0,0,
CAMP06855,C0414,12-03-2026,Birthday,Percentage Discount,15,20.25,1,1,1,1,23-03-2026
CAMP06856,C0521,23-06-2026,Loyalty,Points,150,18,1,1,0,0,
CAMP06857,C0722,12-08-2026,New Product,Free Item,1,23,1,1,1,0,
CAMP06858,C0154,14-09-2025,Festival,Percentage Discount,10,25.5,1,1,0,0,
CAMP06859,C0525,19-11-2025,Discount,Percentage Discount,10,21.5,1,1,1,0,
CAMP06860,C0011,18-06-2026,Loyalty,Points,150,18,1,1,1,0,
CAMP06861,C0104,12-08-2026,New Product,Free Item,1,23,1,1,0,0,
CAMP06862,C0482,12-09-2025,Win-back,Percentage Discount,20,31,1,1,0,0,
CAMP06863,C0964,27-11-2025,Discount,Percentage Discount,20,25,1,1,1,0,
CAMP06864,C0215,20-04-2026,Festival,Percentage Discount,20,29,1,1,0,0,
CAMP06865,C0556,11-03-2026,Discount,Percentage Discount,20,25,1,1,0,0,
CAMP06866,C0840,15-08-2025,Loyalty,Points,50,14,1,1,0,0,
CAMP06867,C0533,13-10-2024,Loyalty,Points,50,14,1,1,0,0,
CAMP06868,C0807,23-03-2025,Win-back,Percentage Discount,10,27.5,1,1,1,0,
CAMP06869,C0212,21-03-2026,Win-back,Percentage Discount,25,32.75,1,1,0,0,
CAMP06870,C0481,16-07-2026,Win-back,Percentage Discount,25,32.75,1,1,0,0,
CAMP06871,C0716,04-02-2026,New Product,Free Item,1,23,1,1,0,0,
CAMP06872,C0298,08-07-2026,Loyalty,Points,250,22,1,1,0,0,
CAMP06873,C0094,14-10-2025,Birthday,Percentage Discount,20,22,1,1,0,0,
CAMP06874,C0940,06-05-2025,Loyalty,Points,50,14,1,1,0,0,
CAMP06875,C0064,04-07-2026,Win-back,Percentage Discount,15,29.25,1,1,0,0,
CAMP06876,C0983,19-08-2026,Birthday,Percentage Discount,10,18.5,1,1,1,1,26-08-2026
CAMP06877,C0948,03-04-2026,Festival,Percentage Discount,30,32.5,1,1,1,0,
CAMP06878,C0964,30-04-2026,Discount,Percentage Discount,10,21.5,1,1,1,1,05-05-2026
CAMP06879,C0549,20-12-2025,Loyalty,Points,250,22,1,1,0,0,
CAMP06880,C0030,02-06-2025,Discount,Percentage Discount,10,21.5,1,1,0,0,
CAMP06881,C0640,23-05-2026,New Product,Free Item,1,23,1,1,0,0,
CAMP06882,C0802,26-01-2026,Win-back,Percentage Discount,10,27.5,1,1,1,0,
CAMP06883,C0628,27-07-2026,Win-back,Percentage Discount,25,32.75,1,1,0,0,
CAMP06884,C0442,12-03-2026,Win-back,Percentage Discount,15,29.25,1,1,0,0,
CAMP06885,C0958,05-04-2026,New Product,Free Item,1,23,1,1,1,0,
CAMP06886,C0888,23-08-2026,Discount,Percentage Discount,10,21.5,1,1,1,1,25-08-2026
CAMP06887,C0947,06-07-2026,Festival,Percentage Discount,30,32.5,1,1,1,1,16-07-2026
CAMP06888,C0777,25-03-2025,Loyalty,Points,150,18,1,1,0,0,
CAMP06889,C0393,10-05-2025,Birthday,Percentage Discount,20,22,1,1,0,0,
CAMP06890,C0421,12-08-2026,Win-back,Percentage Discount,20,31,1,0,0,0,
CAMP06891,C0204,13-05-2026,Loyalty,Points,100,16,1,1,0,0,
CAMP06892,C0091,20-01-2026,Win-back,Percentage Discount,10,27.5,1,1,0,0,
CAMP06893,C0005,18-09-2025,Loyalty,Points,50,14,1,1,0,0,
CAMP06894,C0619,22-04-2026,Festival,Percentage Discount,10,25.5,1,1,0,0,
CAMP06895,C0987,05-09-2025,Festival,Percentage Discount,15,27.25,1,1,0,0,
CAMP06896,C0358,14-05-2025,Discount,Percentage Discount,10,21.5,1,1,0,0,
CAMP06897,C0375,05-05-2026,Win-back,Percentage Discount,25,32.75,1,0,0,0,
CAMP06898,C0689,28-05-2026,New Product,Free Item,1,23,1,1,0,0,
CAMP06899,C0673,10-12-2024,New Product,Free Item,1,23,1,1,0,0,
CAMP06900,C0665,27-08-2025,Birthday,Percentage Discount,20,22,1,1,0,0,
CAMP06901,C0535,02-11-2024,Win-back,Percentage Discount,25,32.75,1,1,0,0,
CAMP06902,C0231,04-09-2025,Festival,Percentage Discount,15,27.25,1,1,0,0,
CAMP06903,C0649,22-07-2025,Discount,Percentage Discount,15,23.25,1,1,0,0,
CAMP06904,C0024,16-07-2026,Loyalty,Points,50,14,1,1,0,0,
CAMP06905,C0393,01-03-2025,Loyalty,Points,50,14,1,1,0,0,
CAMP06906,C0676,11-07-2025,Birthday,Percentage Discount,20,22,1,1,1,0,
CAMP06907,C0155,22-09-2024,Loyalty,Points,100,16,1,1,0,0,
CAMP06908,C0411,27-07-2026,Loyalty,Points,150,18,1,1,0,0,
CAMP06909,C0717,06-02-2026,Festival,Percentage Discount,30,32.5,1,1,0,0,
CAMP06910,C0231,23-07-2025,Discount,Percentage Discount,10,21.5,1,1,1,0,
CAMP06911,C0988,08-06-2026,New Product,Free Item,1,23,1,1,1,0,
CAMP06912,C0734,25-06-2026,Loyalty,Points,150,18,1,1,0,0,
CAMP06913,C0028,03-10-2025,Discount,Percentage Discount,10,21.5,1,1,1,0,
CAMP06914,C0877,06-06-2026,Discount,Percentage Discount,5,19.75,1,0,0,0,
CAMP06915,C0414,01-12-2025,Discount,Percentage Discount,20,25,1,0,0,0,
CAMP06916,C0939,28-09-2025,Discount,Percentage Discount,20,25,1,1,0,0,
CAMP06917,C0202,19-08-2026,Loyalty,Points,50,14,1,1,1,0,
CAMP06918,C0992,05-02-2026,Birthday,Percentage Discount,15,20.25,1,1,0,0,
CAMP06919,C0663,23-03-2026,Loyalty,Points,150,18,1,1,0,0,
CAMP06920,C0631,19-02-2026,Loyalty,Points,250,22,1,1,0,0,
CAMP06921,C0595,04-06-2026,Loyalty,Points,100,16,1,1,1,1,15-06-2026
CAMP06922,C0977,29-05-2026,Festival,Percentage Discount,30,32.5,1,1,0,0,
CAMP06923,C0711,07-08-2026,Loyalty,Points,250,22,1,1,0,0,
CAMP06924,C0439,28-06-2026,New Product,Free Item,1,23,1,1,1,0,
CAMP06925,C0505,21-02-2026,New Product,Free Item,1,23,1,1,1,0,
CAMP06926,C0332,13-06-2024,Loyalty,Points,100,16,1,1,0,0,
CAMP06927,C0718,15-07-2026,Loyalty,Points,150,18,1,1,0,0,
CAMP06928,C0759,29-02-2024,Discount,Percentage Discount,10,21.5,1,1,0,0,
CAMP06929,C0570,03-02-2026,Birthday,Percentage Discount,15,20.25,1,1,1,1,17-02-2026
CAMP06930,C0556,03-06-2026,Festival,Percentage Discount,25,30.75,1,1,1,0,
CAMP06931,C0968,05-09-2025,Win-back,Percentage Discount,10,27.5,1,0,0,0,
CAMP06932,C0328,05-01-2024,Birthday,Percentage Discount,10,18.5,1,1,1,1,18-01-2024
CAMP06933,C0572,22-05-2026,Win-back,Percentage Discount,20,31,1,1,0,0,
CAMP06934,C0295,26-07-2026,Loyalty,Points,150,18,1,1,0,0,
CAMP06935,C0638,10-10-2025,Festival,Percentage Discount,10,25.5,1,1,0,0,
CAMP06936,C0943,22-07-2026,Discount,Percentage Discount,10,21.5,1,1,1,1,23-07-2026
CAMP06937,C0789,27-03-2026,Loyalty,Points,100,16,1,1,1,0,
CAMP06938,C0444,16-08-2025,Win-back,Percentage Discount,25,32.75,1,1,1,1,25-08-2025
CAMP06939,C0870,09-04-2025,Birthday,Percentage Discount,15,20.25,1,1,0,0,
CAMP06940,C0826,29-03-2025,Discount,Percentage Discount,15,23.25,1,1,0,0,
CAMP06941,C0497,23-08-2026,Discount,Percentage Discount,5,19.75,1,1,0,0,
CAMP06942,C0511,06-08-2025,Birthday,Percentage Discount,20,22,1,1,1,0,
CAMP06943,C0002,11-07-2025,Win-back,Percentage Discount,15,29.25,1,1,0,0,
CAMP06944,C0095,04-02-2026,Birthday,Percentage Discount,10,18.5,1,1,0,0,
CAMP06945,C0763,07-07-2026,New Product,Free Item,1,23,1,1,0,0,
CAMP06946,C0065,11-01-2026,Loyalty,Points,100,16,1,1,1,0,
CAMP06947,C0633,23-08-2025,Festival,Percentage Discount,25,30.75,1,1,0,0,
CAMP06948,C0333,19-01-2026,Festival,Percentage Discount,20,29,1,1,0,0,
CAMP06949,C0003,16-01-2025,New Product,Free Item,1,23,1,1,0,0,
CAMP06950,C0937,14-01-2026,New Product,Free Item,1,23,1,1,0,0,
CAMP06951,C0403,31-03-2025,Festival,Percentage Discount,30,32.5,1,1,1,0,
CAMP06952,C0307,31-07-2026,Discount,Percentage Discount,15,23.25,1,1,0,0,
CAMP06953,C0632,12-07-2026,Festival,Percentage Discount,30,32.5,1,1,1,0,
CAMP06954,C0392,11-03-2026,Win-back,Percentage Discount,20,31,1,1,0,0,
CAMP06955,C0854,11-05-2026,New Product,Free Item,1,23,1,1,0,0,
CAMP06956,C0609,26-07-2026,Loyalty,Points,150,18,1,1,1,1,01-08-2026
CAMP06957,C0919,02-02-2026,Discount,Percentage Discount,10,21.5,1,1,0,0,
CAMP06958,C0055,06-05-2026,Loyalty,Points,250,22,1,1,0,0,
CAMP06959,C0856,11-06-2026,Loyalty,Points,250,22,1,1,0,0,
CAMP06960,C0959,23-06-2026,Festival,Percentage Discount,30,32.5,1,1,0,0,
CAMP06961,C0064,19-05-2026,Win-back,Percentage Discount,15,29.25,1,1,0,0,
CAMP06962,C0540,13-08-2026,Discount,Percentage Discount,5,19.75,1,1,0,0,
CAMP06963,C0567,06-08-2024,Win-back,Percentage Discount,15,29.25,1,0,0,0,
CAMP06964,C0418,28-01-2026,Loyalty,Points,100,16,1,1,0,0,
CAMP06965,C0184,17-05-2026,Discount,Percentage Discount,10,21.5,1,1,1,0,
CAMP06966,C0437,23-06-2026,Birthday,Percentage Discount,10,18.5,1,1,0,0,
CAMP06967,C0384,16-06-2026,Discount,Percentage Discount,20,25,1,0,0,0,
CAMP06968,C0175,23-09-2025,Festival,Percentage Discount,15,27.25,1,1,0,0,
CAMP06969,C0795,01-11-2025,Birthday,Percentage Discount,20,22,1,1,0,0,
CAMP06970,C0137,02-04-2026,Discount,Percentage Discount,15,23.25,1,1,1,1,07-04-2026
CAMP06971,C0753,10-02-2026,Discount,Percentage Discount,15,23.25,1,1,1,0,
CAMP06972,C0185,23-10-2025,Win-back,Percentage Discount,20,31,1,1,0,0,
CAMP06973,C0013,03-10-2025,Loyalty,Points,250,22,1,1,1,0,
CAMP06974,C0430,16-11-2025,Loyalty,Points,250,22,1,1,0,0,
CAMP06975,C0311,07-09-2024,Loyalty,Points,100,16,1,1,1,0,
CAMP06976,C0550,30-01-2026,Festival,Percentage Discount,10,25.5,1,0,0,0,
CAMP06977,C0511,19-11-2025,Win-back,Percentage Discount,15,29.25,1,1,0,0,
CAMP06978,C0426,21-08-2025,Birthday,Percentage Discount,10,18.5,1,1,1,1,23-08-2025
CAMP06979,C0775,27-05-2026,Discount,Percentage Discount,15,23.25,1,1,1,0,
CAMP06980,C0546,28-08-2026,Festival,Percentage Discount,30,32.5,1,1,0,0,
CAMP06981,C0185,10-03-2025,Birthday,Percentage Discount,20,22,1,1,0,0,
CAMP06982,C0029,02-03-2026,Festival,Percentage Discount,30,32.5,1,1,0,0,
CAMP06983,C0532,30-06-2026,Loyalty,Points,100,16,1,1,1,0,
CAMP06984,C0938,16-09-2025,New Product,Free Item,1,23,1,1,0,0,
CAMP06985,C0754,12-11-2024,New Product,Free Item,1,23,1,1,0,0,
CAMP06986,C0294,13-04-2026,Loyalty,Points,100,16,1,1,0,0,
CAMP06987,C0580,05-03-2026,Festival,Percentage Discount,15,27.25,1,1,1,0,
CAMP06988,C0597,18-02-2025,Win-back,Percentage Discount,20,31,1,1,0,0,
CAMP06989,C0930,12-08-2026,Win-back,Percentage Discount,20,31,1,1,1,0,
CAMP06990,C0543,13-02-2026,Birthday,Percentage Discount,10,18.5,1,1,1,0,
CAMP06991,C0466,07-06-2026,Birthday,Percentage Discount,10,18.5,1,1,1,0,
CAMP06992,C0353,25-07-2026,Win-back,Percentage Discount,15,29.25,1,1,1,0,
CAMP06993,C0807,17-09-2024,New Product,Free Item,1,23,1,1,0,0,
CAMP06994,C0931,31-10-2025,Birthday,Percentage Discount,10,18.5,1,1,1,0,
CAMP06995,C0971,19-02-2026,Win-back,Percentage Discount,10,27.5,1,1,0,0,
CAMP06996,C0705,25-05-2026,Win-back,Percentage Discount,15,29.25,1,1,0,0,
CAMP06997,C0804,27-02-2026,Discount,Percentage Discount,10,21.5,1,1,0,0,
CAMP06998,C0263,26-07-2026,Discount,Percentage Discount,5,19.75,1,1,0,0,
CAMP06999,C0476,20-09-2025,Loyalty,Points,150,18,1,1,0,0,
CAMP07000,C0836,27-06-2026,Loyalty,Points,150,18,1,1,1,1,28-06-2026
CAMP07001,C0191,14-01-2026,Discount,Percentage Discount,15,23.25,1,1,0,0,
CAMP07002,C0052,06-08-2026,Discount,Percentage Discount,5,19.75,1,1,1,1,14-08-2026
CAMP07003,C0019,27-07-2026,Birthday,Percentage Discount,20,22,1,1,1,1,01-08-2026
CAMP07004,C0794,19-04-2024,Festival,Percentage Discount,25,30.75,1,0,0,0,
CAMP07005,C0191,18-03-2026,New Product,Free Item,1,23,1,1,0,0,
CAMP07006,C0156,17-04-2025,Loyalty,Points,50,14,1,1,0,0,
CAMP07007,C0173,15-12-2025,New Product,Free Item,1,23,1,1,0,0,
CAMP07008,C0438,18-07-2026,Win-back,Percentage Discount,15,29.25,1,1,0,0,
CAMP07009,C0172,21-07-2025,Festival,Percentage Discount,15,27.25,1,0,0,0,
CAMP07010,C0506,16-02-2026,Birthday,Percentage Discount,15,20.25,1,1,1,0,
CAMP07011,C0546,21-04-2026,New Product,Free Item,1,23,1,1,0,0,
CAMP07012,C0724,22-06-2026,New Product,Free Item,1,23,1,1,0,0,
CAMP07013,C0573,05-05-2026,Loyalty,Points,150,18,1,1,0,0,
CAMP07014,C0431,15-06-2026,Discount,Percentage Discount,15,23.25,1,1,0,0,
CAMP07015,C0629,22-06-2025,Discount,Percentage Discount,15,23.25,1,1,0,0,
CAMP07016,C0407,26-07-2026,Discount,Percentage Discount,15,23.25,1,1,0,0,
CAMP07017,C0933,25-07-2025,Birthday,Percentage Discount,10,18.5,1,1,1,0,
CAMP07018,C0333,14-05-2025,Discount,Percentage Discount,10,21.5,1,1,1,1,24-05-2025
CAMP07019,C0895,15-11-2025,Loyalty,Points,250,22,1,1,1,0,
CAMP07020,C0318,09-07-2026,Loyalty,Points,100,16,1,1,0,0,
CAMP07021,C0365,02-09-2024,Win-back,Percentage Discount,15,29.25,1,1,1,0,
CAMP07022,C0101,08-05-2026,New Product,Free Item,1,23,1,1,0,0,
CAMP07023,C0156,29-08-2025,New Product,Free Item,1,23,1,1,0,0,
CAMP07024,C0192,02-05-2026,Birthday,Percentage Discount,15,20.25,1,1,1,1,11-05-2026
CAMP07025,C0076,19-02-2025,New Product,Free Item,1,23,1,1,0,0,
CAMP07026,C0258,03-06-2026,Win-back,Percentage Discount,25,32.75,1,0,0,0,
CAMP07027,C0629,27-02-2026,Discount,Percentage Discount,10,21.5,1,1,0,0,
CAMP07028,C0470,21-06-2025,Win-back,Percentage Discount,15,29.25,1,1,0,0,
CAMP07029,C0259,16-06-2026,Discount,Percentage Discount,20,25,1,1,1,1,20-06-2026
CAMP07030,C0825,22-07-2026,Discount,Percentage Discount,20,25,1,1,0,0,
CAMP07031,C0786,05-06-2026,New Product,Free Item,1,23,1,1,0,0,
CAMP07032,C0353,14-07-2026,Festival,Percentage Discount,25,30.75,1,1,0,0,
CAMP07033,C0575,01-08-2025,Loyalty,Points,100,16,1,1,0,0,
CAMP07034,C0522,13-01-2025,Birthday,Percentage Discount,15,20.25,1,1,1,0,
CAMP07035,C0556,18-07-2025,Festival,Percentage Discount,25,30.75,1,1,0,0,
CAMP07036,C0314,01-08-2026,New Product,Free Item,1,23,1,1,0,0,
CAMP07037,C0525,19-03-2026,Loyalty,Points,250,22,1,1,1,0,
CAMP07038,C0448,04-06-2026,Birthday,Percentage Discount,20,22,1,1,1,1,06-06-2026
CAMP07039,C0582,11-07-2025,Loyalty,Points,250,22,1,1,0,0,
CAMP07040,C0187,21-06-2026,Festival,Percentage Discount,10,25.5,1,1,0,0,
CAMP07041,C0072,24-05-2026,Loyalty,Points,50,14,1,1,1,0,
CAMP07042,C0772,20-03-2026,Birthday,Percentage Discount,15,20.25,1,1,0,0,
CAMP07043,C0666,14-05-2025,Loyalty,Points,150,18,1,1,0,0,
CAMP07044,C0445,06-05-2025,Discount,Percentage Discount,5,19.75,1,1,0,0,
CAMP07045,C0527,28-08-2026,Loyalty,Points,50,14,1,1,0,0,
CAMP07046,C0785,25-12-2025,Festival,Percentage Discount,10,25.5,1,0,0,0,
CAMP07047,C0816,22-04-2026,Loyalty,Points,150,18,1,1,0,0,
CAMP07048,C0288,09-09-2024,New Product,Free Item,1,23,1,1,0,0,
CAMP07049,C0291,20-06-2026,Loyalty,Points,150,18,1,1,0,0,
CAMP07050,C0629,09-08-2026,Birthday,Percentage Discount,10,18.5,1,1,0,0,
CAMP07051,C0506,16-02-2026,Birthday,Percentage Discount,15,20.25,1,0,0,0,
CAMP07052,C0486,11-03-2026,Festival,Percentage Discount,20,29,1,1,0,0,
CAMP07053,C0415,24-10-2025,New Product,Free Item,1,23,1,1,0,0,
CAMP07054,C0588,19-12-2024,Loyalty,Points,150,18,1,1,1,0,
CAMP07055,C0723,23-01-2026,Discount,Percentage Discount,20,25,1,1,0,0,
CAMP07056,C0426,15-09-2025,Birthday,Percentage Discount,20,22,1,1,0,0,
CAMP07057,C0204,31-12-2025,New Product,Free Item,1,23,1,1,1,0,
CAMP07058,C0464,24-02-2025,Festival,Percentage Discount,30,32.5,1,1,1,0,
CAMP07059,C0802,21-09-2025,New Product,Free Item,1,23,1,1,0,0,
CAMP07060,C0846,13-07-2026,Festival,Percentage Discount,25,30.75,1,1,0,0,
CAMP07061,C0762,16-06-2026,Loyalty,Points,100,16,1,1,0,0,
CAMP07062,C0553,30-08-2026,New Product,Free Item,1,23,1,1,0,0,
CAMP07063,C0658,24-05-2026,Birthday,Percentage Discount,20,22,1,1,1,1,28-05-2026
CAMP07064,C0142,14-05-2026,Festival,Percentage Discount,15,27.25,1,1,0,0,
CAMP07065,C0846,03-04-2026,Festival,Percentage Discount,25,30.75,1,1,0,0,
CAMP07066,C0322,28-06-2026,Loyalty,Points,250,22,1,1,0,0,
CAMP07067,C0461,31-12-2025,Festival,Percentage Discount,15,27.25,1,1,1,0,
CAMP07068,C0299,14-08-2024,Discount,Percentage Discount,15,23.25,1,1,0,0,
CAMP07069,C0652,19-02-2026,Birthday,Percentage Discount,20,22,1,1,0,0,
CAMP07070,C0990,02-04-2025,Festival,Percentage Discount,30,32.5,1,1,1,0,
CAMP07071,C0154,06-10-2024,Festival,Percentage Discount,10,25.5,1,1,0,0,
CAMP07072,C0050,17-06-2026,Discount,Percentage Discount,5,19.75,1,1,0,0,
CAMP07073,C0927,24-06-2025,New Product,Free Item,1,23,1,1,0,0,
CAMP07074,C0819,12-01-2026,Birthday,Percentage Discount,20,22,1,1,1,1,21-01-2026
CAMP07075,C0810,22-04-2025,Win-back,Percentage Discount,25,32.75,1,1,0,0,
CAMP07076,C0755,02-12-2025,Loyalty,Points,100,16,1,1,1,0,
CAMP07077,C0998,28-07-2024,New Product,Free Item,1,23,1,1,0,0,
CAMP07078,C0370,25-05-2026,Birthday,Percentage Discount,10,18.5,1,1,0,0,
CAMP07079,C0394,09-12-2025,Discount,Percentage Discount,5,19.75,1,0,0,0,
CAMP07080,C0398,16-04-2025,Loyalty,Points,250,22,1,1,0,0,
CAMP07081,C0964,30-10-2025,New Product,Free Item,1,23,1,1,0,0,
CAMP07082,C0036,30-11-2025,Birthday,Percentage Discount,10,18.5,1,1,0,0,
CAMP07083,C0079,08-06-2026,New Product,Free Item,1,23,1,1,0,0,
CAMP07084,C0555,04-06-2026,New Product,Free Item,1,23,1,1,1,1,17-06-2026
CAMP07085,C0922,30-07-2026,New Product,Free Item,1,23,1,1,0,0,
CAMP07086,C0700,16-09-2025,Birthday,Percentage Discount,10,18.5,1,1,1,0,
CAMP07087,C0101,23-07-2026,New Product,Free Item,1,23,1,1,1,1,29-07-2026
CAMP07088,C0527,08-07-2026,Loyalty,Points,100,16,1,1,0,0,
CAMP07089,C0549,09-06-2024,Loyalty,Points,250,22,1,1,0,0,
CAMP07090,C0090,15-09-2025,Discount,Percentage Discount,15,23.25,1,1,0,0,
CAMP07091,C0957,08-03-2026,Win-back,Percentage Discount,15,29.25,1,1,1,0,
CAMP07092,C0415,12-08-2024,New Product,Free Item,1,23,1,1,0,0,
CAMP07093,C0046,07-07-2026,Win-back,Percentage Discount,25,32.75,1,1,1,0,
CAMP07094,C0776,16-05-2026,Win-back,Percentage Discount,25,32.75,1,0,0,0,
CAMP07095,C0877,14-08-2026,Loyalty,Points,100,16,1,1,0,0,
CAMP07096,C0354,19-06-2026,Festival,Percentage Discount,15,27.25,1,1,0,0,
CAMP07097,C0311,31-07-2024,Win-back,Percentage Discount,20,31,1,1,0,0,
CAMP07098,C0968,15-03-2026,Win-back,Percentage Discount,20,31,1,1,0,0,
CAMP07099,C0139,08-01-2025,Festival,Percentage Discount,25,30.75,1,1,0,0,
CAMP07100,C0748,21-03-2026,Win-back,Percentage Discount,20,31,1,1,0,0,
CAMP07101,C0039,19-12-2024,Birthday,Percentage Discount,20,22,1,0,0,0,
CAMP07102,C0025,26-12-2025,Birthday,Percentage Discount,20,22,1,1,0,0,
CAMP07103,C0994,03-03-2026,New Product,Free Item,1,23,1,0,0,0,
CAMP07104,C0719,12-09-2025,Discount,Percentage Discount,10,21.5,1,1,1,0,
CAMP07105,C0900,22-01-2026,New Product,Free Item,1,23,1,1,0,0,
CAMP07106,C0246,24-06-2026,Birthday,Percentage Discount,10,18.5,1,1,0,0,
CAMP07107,C0737,28-05-2026,Birthday,Percentage Discount,15,20.25,1,1,0,0,
CAMP07108,C0578,26-05-2026,New Product,Free Item,1,23,1,1,0,0,
CAMP07109,C0065,13-02-2025,Discount,Percentage Discount,10,21.5,1,1,1,0,
CAMP07110,C0786,13-10-2023,Win-back,Percentage Discount,10,27.5,1,1,0,0,
CAMP07111,C0154,08-07-2026,New Product,Free Item,1,23,1,1,0,0,
CAMP07112,C0850,27-02-2026,New Product,Free Item,1,23,1,1,1,0,
CAMP07113,C0642,25-03-2026,Birthday,Percentage Discount,20,22,1,1,0,0,
CAMP07114,C0159,21-11-2025,Birthday,Percentage Discount,15,20.25,1,1,1,1,28-11-2025
CAMP07115,C0031,13-07-2026,Birthday,Percentage Discount,20,22,1,0,0,0,
CAMP07116,C0832,09-01-2026,Loyalty,Points,250,22,1,1,1,1,10-01-2026
CAMP07117,C0552,31-08-2026,Festival,Percentage Discount,20,29,1,1,1,0,
CAMP07118,C0059,23-04-2026,New Product,Free Item,1,23,1,1,0,0,
CAMP07119,C0678,03-03-2025,Loyalty,Points,250,22,1,1,1,1,13-03-2025
CAMP07120,C0365,21-12-2024,Win-back,Percentage Discount,25,32.75,1,1,1,1,03-01-2025
CAMP07121,C0045,06-09-2025,New Product,Free Item,1,23,1,1,0,0,
CAMP07122,C0607,06-06-2025,Loyalty,Points,100,16,1,1,0,0,
CAMP07123,C0042,08-04-2026,Festival,Percentage Discount,20,29,1,1,1,0,
CAMP07124,C0955,29-11-2025,Birthday,Percentage Discount,10,18.5,1,1,1,0,
CAMP07125,C0982,15-05-2025,New Product,Free Item,1,23,1,1,0,0,
CAMP07126,C0229,14-01-2025,Festival,Percentage Discount,15,27.25,1,1,0,0,
CAMP07127,C0757,05-04-2025,Festival,Percentage Discount,30,32.5,1,1,0,0,
CAMP07128,C0421,29-01-2026,New Product,Free Item,1,23,1,1,0,0,
CAMP07129,C0794,04-09-2025,New Product,Free Item,1,23,1,1,0,0,
CAMP07130,C0974,30-08-2026,Loyalty,Points,100,16,1,0,0,0,
CAMP07131,C0200,13-03-2026,Loyalty,Points,250,22,1,0,0,0,
CAMP07132,C0355,28-10-2025,New Product,Free Item,1,23,1,1,1,0,
CAMP07133,C0164,13-01-2026,Loyalty,Points,250,22,1,1,1,0,
CAMP07134,C0190,15-07-2026,Festival,Percentage Discount,30,32.5,1,1,1,0,
CAMP07135,C0367,23-10-2025,Loyalty,Points,250,22,1,1,0,0,
CAMP07136,C0833,27-06-2025,Discount,Percentage Discount,20,25,1,1,0,0,
CAMP07137,C0135,09-03-2026,Discount,Percentage Discount,10,21.5,1,1,1,0,
CAMP07138,C0552,11-05-2026,Loyalty,Points,50,14,1,1,0,0,
CAMP07139,C0276,14-06-2025,Win-back,Percentage Discount,10,27.5,1,1,0,0,
CAMP07140,C0476,05-11-2025,Loyalty,Points,250,22,1,1,1,1,12-11-2025
CAMP07141,C0027,27-10-2025,New Product,Free Item,1,23,1,1,1,0,
CAMP07142,C0471,02-01-2026,Festival,Percentage Discount,10,25.5,1,1,0,0,
CAMP07143,C0978,13-02-2026,New Product,Free Item,1,23,1,1,0,0,
CAMP07144,C0269,07-04-2025,Loyalty,Points,150,18,1,1,1,0,
CAMP07145,C0752,17-05-2025,Win-back,Percentage Discount,15,29.25,1,1,0,0,
CAMP07146,C0284,30-07-2026,Birthday,Percentage Discount,20,22,1,1,0,0,
CAMP07147,C0096,29-05-2025,Birthday,Percentage Discount,15,20.25,1,1,1,1,07-06-2025
CAMP07148,C0557,14-06-2026,Loyalty,Points,250,22,1,0,0,0,
CAMP07149,C0202,03-04-2025,Discount,Percentage Discount,15,23.25,1,1,0,0,
CAMP07150,C0106,04-11-2025,Discount,Percentage Discount,5,19.75,1,1,1,0,
CAMP07151,C0364,20-01-2026,Festival,Percentage Discount,25,30.75,1,1,0,0,
CAMP07152,C0857,15-01-2026,Loyalty,Points,150,18,1,1,0,0,
CAMP07153,C0041,19-08-2026,Discount,Percentage Discount,10,21.5,1,0,0,0,
CAMP07154,C0703,06-04-2025,Festival,Percentage Discount,30,32.5,1,1,0,0,
CAMP07155,C0194,01-01-2026,Birthday,Percentage Discount,10,18.5,1,1,0,0,
CAMP07156,C0635,26-05-2026,Loyalty,Points,100,16,1,1,0,0,
CAMP07157,C0612,18-08-2026,New Product,Free Item,1,23,1,1,1,0,
CAMP07158,C0780,29-01-2026,New Product,Free Item,1,23,1,1,0,0,
CAMP07159,C0382,29-03-2025,Discount,Percentage Discount,20,25,1,1,0,0,
CAMP07160,C0715,25-05-2026,Festival,Percentage Discount,15,27.25,1,1,0,0,
CAMP07161,C0453,26-05-2026,New Product,Free Item,1,23,1,1,0,0,
CAMP07162,C0292,04-02-2026,Birthday,Percentage Discount,15,20.25,1,0,0,0,
CAMP07163,C0919,05-07-2026,Loyalty,Points,150,18,1,1,0,0,
CAMP07164,C0469,10-05-2026,Win-back,Percentage Discount,10,27.5,1,1,1,1,14-05-2026
CAMP07165,C0612,10-08-2026,Birthday,Percentage Discount,15,20.25,1,0,0,0,
CAMP07166,C0385,30-03-2026,Discount,Percentage Discount,10,21.5,1,1,1,1,13-04-2026
CAMP07167,C0027,30-11-2025,Discount,Percentage Discount,20,25,1,1,0,0,
CAMP07168,C0261,18-07-2026,Discount,Percentage Discount,15,23.25,1,1,1,0,
CAMP07169,C0907,14-01-2026,New Product,Free Item,1,23,1,1,0,0,
CAMP07170,C0764,01-07-2026,Discount,Percentage Discount,10,21.5,1,1,0,0,
CAMP07171,C0604,02-07-2026,New Product,Free Item,1,23,1,1,0,0,
CAMP07172,C0614,08-01-2026,Birthday,Percentage Discount,20,22,1,1,0,0,
CAMP07173,C0977,25-12-2024,Win-back,Percentage Discount,25,32.75,1,1,0,0,
CAMP07174,C0685,19-08-2026,Birthday,Percentage Discount,10,18.5,1,1,0,0,
CAMP07175,C0164,30-10-2025,Birthday,Percentage Discount,15,20.25,1,1,1,0,
CAMP07176,C0611,11-08-2026,Win-back,Percentage Discount,15,29.25,1,0,0,0,
CAMP07177,C0506,24-02-2026,New Product,Free Item,1,23,1,1,0,0,
CAMP07178,C0416,31-07-2026,Win-back,Percentage Discount,20,31,1,1,1,0,
CAMP07179,C0822,19-08-2026,Win-back,Percentage Discount,25,32.75,1,1,0,0,
CAMP07180,C0538,12-05-2026,New Product,Free Item,1,23,1,1,1,0,
CAMP07181,C0022,18-01-2026,Loyalty,Points,100,16,1,1,0,0,
CAMP07182,C0843,28-07-2026,Birthday,Percentage Discount,20,22,1,1,1,0,
CAMP07183,C0141,13-05-2026,Discount,Percentage Discount,15,23.25,1,1,0,0,
CAMP07184,C0135,15-01-2024,Win-back,Percentage Discount,25,32.75,1,1,0,0,
CAMP07185,C0111,05-02-2025,Discount,Percentage Discount,20,25,1,1,0,0,
CAMP07186,C0652,01-08-2026,Birthday,Percentage Discount,10,18.5,1,1,0,0,
CAMP07187,C0598,15-02-2026,New Product,Free Item,1,23,1,1,1,0,
CAMP07188,C0821,29-02-2024,Birthday,Percentage Discount,10,18.5,1,1,1,1,04-03-2024
CAMP07189,C0465,17-03-2026,New Product,Free Item,1,23,1,1,0,0,
CAMP07190,C0908,19-07-2026,Loyalty,Points,50,14,1,1,0,0,
CAMP07191,C0891,27-08-2026,New Product,Free Item,1,23,1,1,0,0,
CAMP07192,C0143,14-11-2024,Birthday,Percentage Discount,15,20.25,1,1,0,0,
CAMP07193,C0756,30-06-2025,Festival,Percentage Discount,15,27.25,1,1,0,0,
CAMP07194,C0369,12-08-2026,Win-back,Percentage Discount,15,29.25,1,1,0,0,
CAMP07195,C0450,11-08-2026,Win-back,Percentage Discount,15,29.25,1,1,1,0,
CAMP07196,C0004,18-01-2026,Discount,Percentage Discount,15,23.25,1,1,1,0,
CAMP07197,C0546,02-05-2026,Win-back,Percentage Discount,20,31,1,1,0,0,
CAMP07198,C0529,16-05-2026,New Product,Free Item,1,23,1,1,0,0,
CAMP07199,C0298,20-07-2026,Birthday,Percentage Discount,20,22,1,1,0,0,
CAMP07200,C0561,14-09-2025,Win-back,Percentage Discount,10,27.5,1,1,1,0,
CAMP07201,C0622,18-08-2026,Loyalty,Points,100,16,1,1,0,0,
CAMP07202,C0734,04-07-2026,Birthday,Percentage Discount,20,22,1,1,0,0,
CAMP07203,C0455,09-12-2025,New Product,Free Item,1,23,1,1,0,0,
CAMP07204,C0926,01-08-2026,Win-back,Percentage Discount,10,27.5,1,1,1,0,
CAMP07205,C0332,22-03-2026,Win-back,Percentage Discount,20,31,1,1,0,0,
CAMP07206,C0806,28-05-2026,Birthday,Percentage Discount,10,18.5,1,1,0,0,
CAMP07207,C0257,21-09-2025,Birthday,Percentage Discount,10,18.5,1,0,0,0,
CAMP07208,C0878,18-05-2026,Loyalty,Points,100,16,1,1,0,0,
CAMP07209,C0447,11-08-2026,Discount,Percentage Discount,5,19.75,1,1,0,0,
CAMP07210,C0341,27-05-2026,Festival,Percentage Discount,10,25.5,1,1,0,0,
CAMP07211,C0630,28-05-2026,New Product,Free Item,1,23,1,1,0,0,
CAMP07212,C0958,23-04-2026,Birthday,Percentage Discount,20,22,1,1,0,0,
CAMP07213,C0693,03-08-2026,Loyalty,Points,150,18,1,1,1,0,
CAMP07214,C0742,27-06-2026,Discount,Percentage Discount,15,23.25,1,1,1,1,28-06-2026
CAMP07215,C0124,09-02-2026,Birthday,Percentage Discount,20,22,1,1,1,0,
CAMP07216,C0570,08-09-2025,Loyalty,Points,100,16,1,1,0,0,
CAMP07217,C0658,06-08-2026,Discount,Percentage Discount,10,21.5,1,1,0,0,
CAMP07218,C0369,26-07-2026,Win-back,Percentage Discount,20,31,1,1,1,0,
CAMP07219,C0710,04-06-2026,New Product,Free Item,1,23,1,1,0,0,
CAMP07220,C0113,05-07-2026,Loyalty,Points,50,14,1,1,0,0,
CAMP07221,C0769,06-07-2024,Loyalty,Points,150,18,1,0,0,0,
CAMP07222,C0777,15-03-2026,Birthday,Percentage Discount,10,18.5,1,1,0,0,
CAMP07223,C0859,17-07-2025,Discount,Percentage Discount,20,25,1,1,1,1,30-07-2025
CAMP07224,C0969,19-12-2024,New Product,Free Item,1,23,1,1,1,0,
CAMP07225,C0559,15-07-2026,Win-back,Percentage Discount,25,32.75,1,1,1,0,
CAMP07226,C0557,10-06-2026,Festival,Percentage Discount,10,25.5,1,1,0,0,
CAMP07227,C0333,07-03-2025,Birthday,Percentage Discount,20,22,1,1,1,1,21-03-2025
CAMP07228,C0011,21-11-2024,Birthday,Percentage Discount,10,18.5,1,1,0,0,
CAMP07229,C0184,19-07-2024,New Product,Free Item,1,23,1,1,0,0,
CAMP07230,C0041,27-06-2025,Loyalty,Points,150,18,1,1,0,0,
CAMP07231,C0362,14-12-2025,Festival,Percentage Discount,10,25.5,1,1,1,0,
CAMP07232,C0592,22-02-2026,Festival,Percentage Discount,15,27.25,1,1,0,0,
CAMP07233,C0053,21-07-2026,Loyalty,Points,250,22,1,0,0,0,
CAMP07234,C0210,30-05-2026,Birthday,Percentage Discount,15,20.25,1,1,0,0,
CAMP07235,C0407,17-08-2026,Discount,Percentage Discount,5,19.75,1,1,0,0,
CAMP07236,C0047,15-12-2024,Birthday,Percentage Discount,20,22,1,1,0,0,
CAMP07237,C0161,17-05-2025,New Product,Free Item,1,23,1,1,0,0,
CAMP07238,C0565,31-07-2026,Win-back,Percentage Discount,25,32.75,1,1,1,0,
CAMP07239,C0425,22-02-2026,Festival,Percentage Discount,30,32.5,1,1,0,0,
CAMP07240,C0789,01-11-2025,New Product,Free Item,1,23,1,1,1,1,10-11-2025
CAMP07241,C0540,13-08-2026,Birthday,Percentage Discount,10,18.5,1,1,0,0,
CAMP07242,C0167,16-10-2025,New Product,Free Item,1,23,1,1,1,0,
CAMP07243,C0771,03-06-2025,Birthday,Percentage Discount,20,22,1,1,0,0,
CAMP07244,C0026,18-08-2025,Birthday,Percentage Discount,15,20.25,1,1,0,0,
CAMP07245,C0034,11-08-2026,Birthday,Percentage Discount,10,18.5,1,1,0,0,
CAMP07246,C0399,27-06-2026,Loyalty,Points,250,22,1,1,0,0,
CAMP07247,C0267,06-08-2025,Win-back,Percentage Discount,20,31,1,1,0,0,
CAMP07248,C0746,04-05-2025,Win-back,Percentage Discount,10,27.5,1,1,0,0,
CAMP07249,C0436,24-12-2025,Win-back,Percentage Discount,25,32.75,1,1,0,0,
CAMP07250,C0106,07-08-2025,Win-back,Percentage Discount,15,29.25,1,1,1,0,
CAMP07251,C0246,24-08-2026,New Product,Free Item,1,23,1,1,0,0,
CAMP07252,C0556,26-05-2025,Loyalty,Points,100,16,1,1,0,0,
CAMP07253,C0067,21-12-2024,Discount,Percentage Discount,20,25,1,0,0,0,
CAMP07254,C0605,30-08-2025,Festival,Percentage Discount,20,29,1,1,0,0,
CAMP07255,C0254,12-07-2025,Birthday,Percentage Discount,15,20.25,1,1,0,0,
CAMP07256,C0708,28-04-2026,Festival,Percentage Discount,30,32.5,1,1,1,0,
CAMP07257,C0641,19-01-2025,Discount,Percentage Discount,5,19.75,1,1,0,0,
CAMP07258,C0412,07-03-2026,New Product,Free Item,1,23,1,1,0,0,
CAMP07259,C0362,08-11-2024,Festival,Percentage Discount,20,29,1,1,0,0,
CAMP07260,C0815,02-08-2025,Festival,Percentage Discount,10,25.5,1,1,0,0,
CAMP07261,C0169,21-10-2024,Birthday,Percentage Discount,10,18.5,1,1,0,0,
CAMP07262,C0786,18-05-2025,Win-back,Percentage Discount,20,31,1,1,0,0,
CAMP07263,C0602,31-08-2026,New Product,Free Item,1,23,1,1,0,0,
CAMP07264,C0696,16-05-2026,New Product,Free Item,1,23,1,1,0,0,
CAMP07265,C0080,04-12-2025,Birthday,Percentage Discount,20,22,1,1,0,0,
CAMP07266,C0657,21-07-2026,Discount,Percentage Discount,20,25,1,1,1,0,
CAMP07267,C0708,12-11-2025,New Product,Free Item,1,23,1,1,0,0,
CAMP07268,C0540,18-06-2026,New Product,Free Item,1,23,1,1,1,0,
CAMP07269,C0164,18-11-2025,Win-back,Percentage Discount,25,32.75,1,1,0,0,
CAMP07270,C0203,07-06-2026,Win-back,Percentage Discount,15,29.25,1,1,0,0,
CAMP07271,C0044,12-05-2026,Discount,Percentage Discount,10,21.5,1,0,0,0,
CAMP07272,C0032,29-07-2024,New Product,Free Item,1,23,1,1,1,0,
CAMP07273,C0647,01-07-2026,Discount,Percentage Discount,15,23.25,1,1,1,1,09-07-2026
CAMP07274,C0575,14-02-2025,Discount,Percentage Discount,10,21.5,1,1,0,0,
CAMP07275,C0505,18-04-2026,New Product,Free Item,1,23,1,1,0,0,
CAMP07276,C0554,21-01-2025,Birthday,Percentage Discount,20,22,1,1,1,0,
CAMP07277,C0931,24-08-2025,Win-back,Percentage Discount,15,29.25,1,1,0,0,
CAMP07278,C0528,17-06-2026,Loyalty,Points,50,14,1,1,0,0,
CAMP07279,C0293,17-06-2026,Loyalty,Points,150,18,1,1,0,0,
CAMP07280,C0399,06-03-2026,Win-back,Percentage Discount,10,27.5,1,1,0,0,
CAMP07281,C0684,09-04-2025,Discount,Percentage Discount,5,19.75,1,0,0,0,
CAMP07282,C0107,28-02-2026,Birthday,Percentage Discount,20,22,1,1,0,0,
CAMP07283,C0620,11-12-2025,Loyalty,Points,50,14,1,1,0,0,
CAMP07284,C0122,28-11-2025,Festival,Percentage Discount,15,27.25,1,1,0,0,
CAMP07285,C0858,01-08-2026,Loyalty,Points,250,22,1,1,0,0,
CAMP07286,C0549,01-07-2026,Festival,Percentage Discount,10,25.5,1,1,0,0,
CAMP07287,C0195,25-05-2026,Win-back,Percentage Discount,15,29.25,1,1,0,0,
CAMP07288,C0853,04-08-2026,Discount,Percentage Discount,15,23.25,1,0,0,0,
CAMP07289,C0344,18-05-2026,Win-back,Percentage Discount,10,27.5,1,1,0,0,
CAMP07290,C0292,07-12-2024,Loyalty,Points,50,14,1,1,0,0,
CAMP07291,C0495,25-04-2026,Discount,Percentage Discount,5,19.75,1,0,0,0,
CAMP07292,C0244,08-04-2026,Festival,Percentage Discount,15,27.25,1,1,1,0,
CAMP07293,C0420,25-12-2025,Festival,Percentage Discount,15,27.25,1,1,1,1,29-12-2025
CAMP07294,C0274,22-12-2025,Discount,Percentage Discount,15,23.25,1,1,0,0,
CAMP07295,C0929,12-07-2025,Loyalty,Points,150,18,1,1,1,1,18-07-2025
CAMP07296,C0826,13-10-2025,Win-back,Percentage Discount,10,27.5,1,1,1,0,
CAMP07297,C0915,10-01-2025,Discount,Percentage Discount,20,25,1,1,0,0,
CAMP07298,C0006,29-12-2024,Birthday,Percentage Discount,10,18.5,1,1,0,0,
CAMP07299,C0980,25-08-2026,New Product,Free Item,1,23,1,1,0,0,
CAMP07300,C0735,15-05-2026,Win-back,Percentage Discount,20,31,1,1,0,0,
CAMP07301,C0443,23-07-2026,Loyalty,Points,150,18,1,1,0,0,
CAMP07302,C0988,06-07-2026,Birthday,Percentage Discount,15,20.25,1,1,1,0,
CAMP07303,C0881,19-09-2024,Win-back,Percentage Discount,20,31,1,1,1,0,
CAMP07304,C0266,05-07-2024,Discount,Percentage Discount,10,21.5,1,1,0,0,
CAMP07305,C0409,07-07-2026,New Product,Free Item,1,23,1,1,0,0,
CAMP07306,C0102,13-06-2024,Loyalty,Points,250,22,1,1,0,0,
CAMP07307,C0090,07-10-2025,Festival,Percentage Discount,15,27.25,1,1,1,0,
CAMP07308,C0430,21-08-2024,Win-back,Percentage Discount,25,32.75,1,1,0,0,
CAMP07309,C0860,04-12-2025,Win-back,Percentage Discount,10,27.5,1,0,0,0,
CAMP07310,C0253,29-12-2025,Festival,Percentage Discount,25,30.75,1,1,1,0,
CAMP07311,C0059,18-08-2026,Loyalty,Points,150,18,1,1,0,0,
CAMP07312,C0834,07-01-2026,Win-back,Percentage Discount,20,31,1,1,1,0,
CAMP07313,C0697,04-05-2026,Win-back,Percentage Discount,25,32.75,1,1,0,0,
CAMP07314,C0035,30-01-2025,Win-back,Percentage Discount,10,27.5,1,1,1,1,01-02-2025
CAMP07315,C0430,20-02-2026,Birthday,Percentage Discount,15,20.25,1,1,0,0,
CAMP07316,C0540,29-06-2026,Win-back,Percentage Discount,25,32.75,1,1,0,0,
CAMP07317,C0505,11-04-2026,Win-back,Percentage Discount,20,31,1,1,1,0,
CAMP07318,C0980,18-07-2026,Birthday,Percentage Discount,10,18.5,1,1,1,1,24-07-2026
CAMP07319,C0888,11-08-2026,Discount,Percentage Discount,20,25,1,1,1,1,17-08-2026
CAMP07320,C0663,13-06-2026,Loyalty,Points,250,22,1,1,0,0,
CAMP07321,C0211,19-08-2026,Birthday,Percentage Discount,20,22,1,1,1,0,
CAMP07322,C0328,26-04-2024,Win-back,Percentage Discount,20,31,1,1,0,0,
CAMP07323,C0640,06-01-2026,New Product,Free Item,1,23,1,1,0,0,
CAMP07324,C0527,03-07-2026,Festival,Percentage Discount,30,32.5,1,1,0,0,
CAMP07325,C0546,26-07-2026,Festival,Percentage Discount,25,30.75,1,1,0,0,
CAMP07326,C0079,19-08-2026,Festival,Percentage Discount,15,27.25,1,1,0,0,
CAMP07327,C0579,07-04-2026,Discount,Percentage Discount,20,25,1,1,0,0,
CAMP07328,C0802,22-01-2026,Festival,Percentage Discount,20,29,1,0,0,0,
CAMP07329,C0644,09-08-2026,Festival,Percentage Discount,30,32.5,1,1,0,0,
CAMP07330,C0770,13-08-2025,Birthday,Percentage Discount,15,20.25,1,1,0,0,
CAMP07331,C0840,16-08-2025,Discount,Percentage Discount,20,25,1,1,0,0,
CAMP07332,C0751,25-08-2026,Festival,Percentage Discount,25,30.75,1,1,0,0,
CAMP07333,C0168,11-12-2025,New Product,Free Item,1,23,1,1,0,0,
CAMP07334,C0637,09-08-2025,Discount,Percentage Discount,10,21.5,1,1,0,0,
CAMP07335,C0445,31-05-2024,Loyalty,Points,100,16,1,1,1,0,
CAMP07336,C0147,22-07-2026,Loyalty,Points,50,14,1,1,0,0,
CAMP07337,C0154,09-01-2024,Birthday,Percentage Discount,15,20.25,1,1,1,0,
CAMP07338,C0237,01-01-2026,Loyalty,Points,150,18,1,1,0,0,
CAMP07339,C0807,14-05-2026,Loyalty,Points,50,14,1,1,0,0,
CAMP07340,C0881,17-08-2026,Loyalty,Points,250,22,1,1,0,0,
CAMP07341,C0084,13-09-2025,Loyalty,Points,150,18,1,1,1,0,
CAMP07342,C0174,12-04-2026,Festival,Percentage Discount,10,25.5,1,1,0,0,
CAMP07343,C0066,23-07-2025,Festival,Percentage Discount,20,29,1,1,1,0,
CAMP07344,C0395,08-10-2025,Discount,Percentage Discount,15,23.25,1,1,0,0,
CAMP07345,C0544,11-04-2025,Win-back,Percentage Discount,25,32.75,1,1,0,0,
CAMP07346,C0382,10-04-2025,Loyalty,Points,150,18,1,0,0,0,
CAMP07347,C0563,06-08-2026,Birthday,Percentage Discount,15,20.25,1,1,0,0,
CAMP07348,C0969,18-07-2025,Discount,Percentage Discount,5,19.75,1,1,0,0,
CAMP07349,C0124,23-09-2025,Birthday,Percentage Discount,10,18.5,1,1,0,0,
CAMP07350,C0339,07-07-2026,Win-back,Percentage Discount,15,29.25,1,0,0,0,
CAMP07351,C0023,24-01-2026,New Product,Free Item,1,23,1,1,0,0,
CAMP07352,C0241,17-01-2025,Discount,Percentage Discount,20,25,1,1,1,0,
CAMP07353,C0473,15-08-2025,Birthday,Percentage Discount,10,18.5,1,1,1,1,21-08-2025
CAMP07354,C0319,15-04-2026,New Product,Free Item,1,23,1,1,1,0,
CAMP07355,C0176,07-07-2026,Birthday,Percentage Discount,10,18.5,1,1,0,0,
CAMP07356,C0739,20-06-2026,Festival,Percentage Discount,25,30.75,1,1,0,0,
CAMP07357,C0722,22-06-2026,Birthday,Percentage Discount,15,20.25,1,1,0,0,
CAMP07358,C0726,28-10-2024,Loyalty,Points,250,22,1,1,1,0,
CAMP07359,C0209,18-06-2026,Festival,Percentage Discount,10,25.5,1,1,1,1,02-07-2026
CAMP07360,C0123,18-01-2025,Discount,Percentage Discount,10,21.5,1,1,0,0,
CAMP07361,C0137,04-07-2026,New Product,Free Item,1,23,1,1,0,0,
CAMP07362,C0959,29-06-2026,Discount,Percentage Discount,20,25,1,1,0,0,
CAMP07363,C0914,22-03-2025,Birthday,Percentage Discount,20,22,1,1,0,0,
CAMP07364,C0109,11-06-2025,New Product,Free Item,1,23,1,1,0,0,
CAMP07365,C0222,13-03-2026,Discount,Percentage Discount,10,21.5,1,0,0,0,
CAMP07366,C0848,11-02-2026,Win-back,Percentage Discount,15,29.25,1,1,1,1,17-02-2026
CAMP07367,C0937,22-12-2025,Festival,Percentage Discount,25,30.75,1,0,0,0,
CAMP07368,C0300,22-02-2026,Loyalty,Points,150,18,1,1,0,0,
CAMP07369,C0520,02-04-2026,Festival,Percentage Discount,25,30.75,1,1,0,0,
CAMP07370,C0774,08-06-2025,Festival,Percentage Discount,15,27.25,1,1,0,0,
CAMP07371,C0696,26-08-2026,New Product,Free Item,1,23,1,1,0,0,
CAMP07372,C0346,25-09-2025,Birthday,Percentage Discount,20,22,1,1,1,1,03-10-2025
CAMP07373,C0289,06-09-2025,Win-back,Percentage Discount,10,27.5,1,1,0,0,
CAMP07374,C0206,26-01-2026,Loyalty,Points,250,22,1,1,0,0,
CAMP07375,C0473,12-11-2025,Festival,Percentage Discount,25,30.75,1,1,0,0,
CAMP07376,C0055,14-04-2026,Win-back,Percentage Discount,20,31,1,1,0,0,
CAMP07377,C0018,03-06-2024,Birthday,Percentage Discount,20,22,1,1,0,0,
CAMP07378,C0114,28-09-2024,Birthday,Percentage Discount,10,18.5,1,1,1,0,
CAMP07379,C0684,14-05-2025,Loyalty,Points,100,16,1,1,0,0,
CAMP07380,C0508,25-03-2026,New Product,Free Item,1,23,1,1,0,0,
CAMP07381,C0462,23-06-2026,Win-back,Percentage Discount,10,27.5,1,1,0,0,
CAMP07382,C0787,18-01-2026,Loyalty,Points,150,18,1,1,0,0,
CAMP07383,C0060,14-02-2026,Win-back,Percentage Discount,10,27.5,1,1,0,0,
CAMP07384,C0832,28-01-2026,Festival,Percentage Discount,25,30.75,1,1,1,1,03-02-2026
CAMP07385,C0755,23-08-2026,Loyalty,Points,150,18,1,1,1,1,26-08-2026
CAMP07386,C0250,10-08-2026,Festival,Percentage Discount,30,32.5,1,1,0,0,
CAMP07387,C0648,26-05-2026,Festival,Percentage Discount,15,27.25,1,1,0,0,
CAMP07388,C0167,03-12-2025,New Product,Free Item,1,23,1,1,0,0,
CAMP07389,C0928,20-06-2026,Win-back,Percentage Discount,25,32.75,1,1,0,0,
CAMP07390,C0533,23-11-2024,Win-back,Percentage Discount,15,29.25,1,1,0,0,
CAMP07391,C0274,11-03-2026,Win-back,Percentage Discount,20,31,1,1,0,0,
CAMP07392,C0011,11-01-2026,Win-back,Percentage Discount,15,29.25,1,1,1,1,13-01-2026
CAMP07393,C0260,18-02-2025,Win-back,Percentage Discount,20,31,1,1,1,0,
CAMP07394,C0601,16-08-2025,Birthday,Percentage Discount,15,20.25,1,0,0,0,
CAMP07395,C0424,24-10-2025,New Product,Free Item,1,23,1,1,0,0,
CAMP07396,C0191,13-01-2026,Birthday,Percentage Discount,10,18.5,1,1,1,0,
CAMP07397,C0805,10-06-2025,Loyalty,Points,50,14,1,1,0,0,
CAMP07398,C0255,27-12-2025,New Product,Free Item,1,23,1,1,0,0,
CAMP07399,C0023,10-01-2025,Win-back,Percentage Discount,20,31,1,1,1,1,19-01-2025
CAMP07400,C0362,23-12-2025,Festival,Percentage Discount,15,27.25,1,1,0,0,
CAMP07401,C0715,22-02-2025,Birthday,Percentage Discount,10,18.5,1,1,1,1,25-02-2025
CAMP07402,C0761,11-06-2026,New Product,Free Item,1,23,1,1,1,1,13-06-2026
CAMP07403,C0298,19-08-2026,Loyalty,Points,150,18,1,0,0,0,
CAMP07404,C0506,31-08-2026,Discount,Percentage Discount,15,23.25,1,1,1,1,31-08-2026
CAMP07405,C0720,05-12-2025,Discount,Percentage Discount,15,23.25,1,1,1,0,
CAMP07406,C0617,20-09-2025,Birthday,Percentage Discount,15,20.25,1,1,0,0,
CAMP07407,C0464,30-11-2024,Loyalty,Points,150,18,1,0,0,0,
CAMP07408,C0799,16-08-2026,Win-back,Percentage Discount,10,27.5,1,1,0,0,
CAMP07409,C0997,14-10-2025,Discount,Percentage Discount,10,21.5,1,1,0,0,
CAMP07410,C0216,05-02-2026,New Product,Free Item,1,23,1,1,0,0,
CAMP07411,C0502,15-06-2026,Win-back,Percentage Discount,15,29.25,1,1,0,0,
CAMP07412,C0632,26-05-2025,Win-back,Percentage Discount,20,31,1,1,0,0,
CAMP07413,C0119,08-08-2025,Birthday,Percentage Discount,10,18.5,1,1,0,0,
CAMP07414,C0234,29-07-2026,Birthday,Percentage Discount,15,20.25,1,1,0,0,
CAMP07415,C0197,28-03-2025,Birthday,Percentage Discount,15,20.25,1,1,0,0,
CAMP07416,C0846,27-06-2026,Loyalty,Points,50,14,1,1,0,0,
CAMP07417,C0221,04-12-2025,Birthday,Percentage Discount,15,20.25,1,1,0,0,
CAMP07418,C0034,02-08-2026,Discount,Percentage Discount,20,25,1,1,1,0,
CAMP07419,C0993,14-08-2026,Loyalty,Points,150,18,1,1,1,1,17-08-2026
CAMP07420,C0655,18-01-2025,Discount,Percentage Discount,10,21.5,1,1,0,0,
CAMP07421,C0801,05-07-2025,New Product,Free Item,1,23,1,1,0,0,
CAMP07422,C0909,19-07-2026,Discount,Percentage Discount,10,21.5,1,1,0,0,
CAMP07423,C0569,31-07-2025,Birthday,Percentage Discount,15,20.25,1,1,0,0,
CAMP07424,C0234,02-04-2026,Discount,Percentage Discount,15,23.25,1,1,1,0,
CAMP07425,C0493,05-07-2025,New Product,Free Item,1,23,1,1,0,0,
CAMP07426,C0049,02-06-2026,Birthday,Percentage Discount,20,22,1,1,1,0,
CAMP07427,C1000,20-07-2026,Loyalty,Points,150,18,1,1,1,0,
CAMP07428,C0900,20-07-2025,Win-back,Percentage Discount,10,27.5,1,1,1,1,03-08-2025
CAMP07429,C0333,05-03-2025,Loyalty,Points,250,22,1,0,0,0,
CAMP07430,C0759,27-07-2025,Festival,Percentage Discount,10,25.5,1,1,0,0,
CAMP07431,C0740,27-07-2026,Loyalty,Points,150,18,1,1,0,0,
CAMP07432,C0589,31-08-2026,Discount,Percentage Discount,5,19.75,1,1,1,0,
CAMP07433,C0019,16-06-2026,Loyalty,Points,100,16,1,1,1,0,
CAMP07434,C0492,19-01-2025,New Product,Free Item,1,23,1,1,1,0,
CAMP07435,C0535,07-07-2025,Discount,Percentage Discount,20,25,1,1,0,0,
CAMP07436,C0217,29-06-2025,Festival,Percentage Discount,10,25.5,1,1,0,0,
CAMP07437,C0078,13-08-2026,Win-back,Percentage Discount,20,31,1,1,0,0,
CAMP07438,C0668,13-05-2026,Discount,Percentage Discount,20,25,1,1,0,0,
CAMP07439,C0393,24-11-2023,Festival,Percentage Discount,30,32.5,1,1,0,0,
CAMP07440,C0690,07-06-2026,Discount,Percentage Discount,10,21.5,1,1,1,1,16-06-2026
CAMP07441,C0540,24-05-2026,Festival,Percentage Discount,10,25.5,1,1,1,0,
CAMP07442,C0165,20-09-2025,Discount,Percentage Discount,5,19.75,1,1,0,0,
CAMP07443,C0676,30-04-2026,Win-back,Percentage Discount,15,29.25,1,1,0,0,
CAMP07444,C0808,10-08-2026,New Product,Free Item,1,23,1,1,0,0,
CAMP07445,C0755,16-08-2025,New Product,Free Item,1,23,1,1,0,0,
CAMP07446,C0873,01-03-2026,New Product,Free Item,1,23,1,1,0,0,
CAMP07447,C0574,21-08-2026,Birthday,Percentage Discount,20,22,1,1,0,0,
CAMP07448,C0756,04-07-2026,Win-back,Percentage Discount,25,32.75,1,1,1,1,11-07-2026
CAMP07449,C0131,28-08-2026,Win-back,Percentage Discount,15,29.25,1,0,0,0,
CAMP07450,C0047,30-04-2025,New Product,Free Item,1,23,1,1,1,1,09-05-2025
CAMP07451,C0862,31-08-2026,New Product,Free Item,1,23,1,1,0,0,
CAMP07452,C0350,02-02-2026,Loyalty,Points,250,22,1,1,0,0,
CAMP07453,C0895,22-12-2024,Festival,Percentage Discount,20,29,1,1,0,0,
CAMP07454,C0621,26-08-2024,New Product,Free Item,1,23,1,1,0,0,
CAMP07455,C0762,22-04-2026,Discount,Percentage Discount,10,21.5,1,1,1,0,
CAMP07456,C0118,16-04-2024,Loyalty,Points,100,16,1,1,1,0,
CAMP07457,C0196,18-02-2025,Birthday,Percentage Discount,10,18.5,1,1,1,1,01-03-2025
CAMP07458,C0945,17-10-2025,Loyalty,Points,100,16,1,1,0,0,
CAMP07459,C0036,21-01-2026,Birthday,Percentage Discount,10,18.5,1,1,0,0,
CAMP07460,C0679,03-03-2026,New Product,Free Item,1,23,1,1,0,0,
CAMP07461,C0234,01-11-2025,Win-back,Percentage Discount,10,27.5,1,1,1,1,07-11-2025
CAMP07462,C0798,18-05-2026,Loyalty,Points,50,14,1,1,0,0,
CAMP07463,C0666,24-02-2026,Loyalty,Points,50,14,1,1,0,0,
CAMP07464,C0508,26-08-2026,Loyalty,Points,250,22,1,1,1,1,31-08-2026
CAMP07465,C0349,30-10-2025,Loyalty,Points,100,16,1,1,0,0,
CAMP07466,C0156,28-12-2024,Festival,Percentage Discount,30,32.5,1,1,1,1,08-01-2025
CAMP07467,C0662,27-05-2026,Win-back,Percentage Discount,10,27.5,1,1,0,0,
CAMP07468,C0164,22-04-2026,New Product,Free Item,1,23,1,1,0,0,
CAMP07469,C0921,31-01-2026,Birthday,Percentage Discount,20,22,1,1,0,0,
CAMP07470,C0076,30-07-2024,New Product,Free Item,1,23,1,1,0,0,
CAMP07471,C0849,28-09-2024,Discount,Percentage Discount,20,25,1,1,0,0,
CAMP07472,C0353,18-07-2026,Festival,Percentage Discount,15,27.25,1,1,0,0,
CAMP07473,C0156,29-11-2025,Discount,Percentage Discount,10,21.5,1,1,0,0,
CAMP07474,C0285,29-04-2025,Discount,Percentage Discount,15,23.25,1,1,0,0,
CAMP07475,C0611,21-07-2026,Discount,Percentage Discount,10,21.5,1,0,0,0,
CAMP07476,C0943,15-08-2026,Win-back,Percentage Discount,15,29.25,1,0,0,0,
CAMP07477,C0980,18-08-2026,Win-back,Percentage Discount,20,31,1,1,0,0,
CAMP07478,C0264,24-09-2024,Win-back,Percentage Discount,20,31,1,1,1,0,
CAMP07479,C0871,03-05-2026,New Product,Free Item,1,23,1,1,1,1,09-05-2026
CAMP07480,C0167,13-01-2025,Loyalty,Points,250,22,1,1,1,0,
CAMP07481,C0915,18-05-2025,Win-back,Percentage Discount,20,31,1,1,0,0,
CAMP07482,C0404,24-04-2026,Festival,Percentage Discount,15,27.25,1,1,0,0,
CAMP07483,C0256,01-06-2025,New Product,Free Item,1,23,1,1,0,0,
CAMP07484,C0624,19-08-2026,Birthday,Percentage Discount,20,22,1,1,1,0,
CAMP07485,C0473,29-08-2025,Loyalty,Points,150,18,1,1,0,0,
CAMP07486,C0293,16-10-2025,Birthday,Percentage Discount,10,18.5,1,1,1,0,
CAMP07487,C0195,22-03-2026,Loyalty,Points,100,16,1,1,0,0,
CAMP07488,C0926,09-03-2026,Win-back,Percentage Discount,15,29.25,1,1,0,0,
CAMP07489,C0774,31-01-2025,Win-back,Percentage Discount,20,31,1,0,0,0,
CAMP07490,C0866,27-11-2025,Discount,Percentage Discount,15,23.25,1,1,0,0,
CAMP07491,C0306,30-03-2025,Discount,Percentage Discount,20,25,1,1,0,0,
CAMP07492,C0225,14-06-2026,Birthday,Percentage Discount,15,20.25,1,1,0,0,
CAMP07493,C0502,12-08-2026,Loyalty,Points,150,18,1,1,0,0,
CAMP07494,C0250,26-08-2025,Loyalty,Points,100,16,1,1,0,0,
CAMP07495,C0922,20-01-2026,Festival,Percentage Discount,20,29,1,1,1,0,
CAMP07496,C0869,16-06-2026,Loyalty,Points,50,14,1,1,0,0,
CAMP07497,C0757,11-08-2026,Festival,Percentage Discount,20,29,1,1,1,0,
CAMP07498,C0363,22-03-2026,Loyalty,Points,50,14,1,1,0,0,
CAMP07499,C0516,12-09-2024,Win-back,Percentage Discount,20,31,1,1,1,0,
CAMP07500,C0498,26-06-2026,Festival,Percentage Discount,15,27.25,1,1,1,0,
CAMP07501,C0211,14-07-2026,Discount,Percentage Discount,5,19.75,1,1,1,1,28-07-2026
CAMP07502,C0392,16-04-2026,Win-back,Percentage Discount,15,29.25,1,1,0,0,
CAMP07503,C0309,22-08-2025,Win-back,Percentage Discount,20,31,1,1,0,0,
CAMP07504,C0424,25-07-2025,Discount,Percentage Discount,20,25,1,1,0,0,
CAMP07505,C0910,15-03-2026,Win-back,Percentage Discount,15,29.25,1,1,1,1,21-03-2026
CAMP07506,C0380,01-12-2025,Birthday,Percentage Discount,10,18.5,1,1,1,0,
CAMP07507,C0096,18-12-2025,Win-back,Percentage Discount,15,29.25,1,1,1,0,
CAMP07508,C0886,28-04-2026,Loyalty,Points,50,14,1,1,0,0,
CAMP07509,C0541,25-08-2026,Loyalty,Points,150,18,1,1,1,0,
CAMP07510,C0883,26-08-2026,Loyalty,Points,100,16,1,1,0,0,
CAMP07511,C0782,29-05-2026,Birthday,Percentage Discount,15,20.25,1,1,0,0,
CAMP07512,C0896,04-04-2025,Loyalty,Points,50,14,1,1,1,0,
CAMP07513,C0517,03-06-2026,Birthday,Percentage Discount,15,20.25,1,1,0,0,
CAMP07514,C0354,24-05-2026,Birthday,Percentage Discount,10,18.5,1,1,0,0,
CAMP07515,C0737,27-06-2026,Loyalty,Points,250,22,1,1,0,0,
CAMP07516,C0142,01-06-2026,Win-back,Percentage Discount,25,32.75,1,1,1,0,
CAMP07517,C0138,13-09-2025,Discount,Percentage Discount,10,21.5,1,1,0,0,
CAMP07518,C0466,11-04-2025,Win-back,Percentage Discount,20,31,1,1,1,1,14-04-2025
CAMP07519,C0880,04-09-2024,Birthday,Percentage Discount,20,22,1,1,1,1,09-09-2024
CAMP07520,C0908,13-04-2025,Festival,Percentage Discount,10,25.5,1,1,0,0,
CAMP07521,C0209,01-09-2025,Win-back,Percentage Discount,15,29.25,1,1,0,0,
CAMP07522,C0784,04-01-2026,Birthday,Percentage Discount,15,20.25,1,1,0,0,
CAMP07523,C0745,23-05-2025,New Product,Free Item,1,23,1,1,0,0,
CAMP07524,C0884,16-08-2026,Loyalty,Points,250,22,1,1,0,0,
CAMP07525,C0561,13-11-2023,Win-back,Percentage Discount,25,32.75,1,1,0,0,
CAMP07526,C0727,16-06-2026,New Product,Free Item,1,23,1,1,0,0,
CAMP07527,C0015,24-05-2026,Win-back,Percentage Discount,15,29.25,1,1,0,0,
CAMP07528,C0124,18-01-2026,Festival,Percentage Discount,30,32.5,1,0,0,0,
CAMP07529,C0293,31-03-2026,Discount,Percentage Discount,15,23.25,1,1,0,0,
CAMP07530,C0708,01-03-2026,Birthday,Percentage Discount,10,18.5,1,1,1,0,
CAMP07531,C0860,31-08-2025,Discount,Percentage Discount,20,25,1,1,1,1,02-09-2025
CAMP07532,C0978,18-07-2025,Birthday,Percentage Discount,20,22,1,1,0,0,
CAMP07533,C0614,27-03-2026,Birthday,Percentage Discount,10,18.5,1,1,0,0,
CAMP07534,C0314,02-01-2026,Win-back,Percentage Discount,10,27.5,1,1,0,0,
CAMP07535,C0862,06-08-2026,New Product,Free Item,1,23,1,1,0,0,
CAMP07536,C0761,07-11-2025,New Product,Free Item,1,23,1,1,1,0,
CAMP07537,C0320,20-10-2023,Birthday,Percentage Discount,10,18.5,1,1,0,0,
CAMP07538,C0751,29-06-2026,Festival,Percentage Discount,15,27.25,1,0,0,0,
CAMP07539,C0641,09-12-2025,Loyalty,Points,150,18,1,1,1,1,19-12-2025
CAMP07540,C0456,01-06-2026,Loyalty,Points,50,14,1,1,0,0,
CAMP07541,C0162,03-11-2025,Festival,Percentage Discount,20,29,1,0,0,0,
CAMP07542,C0229,06-09-2025,New Product,Free Item,1,23,1,1,0,0,
CAMP07543,C0499,24-04-2026,Birthday,Percentage Discount,10,18.5,1,1,0,0,
CAMP07544,C0887,11-11-2025,Loyalty,Points,100,16,1,1,1,1,25-11-2025
CAMP07545,C0491,12-08-2026,Festival,Percentage Discount,25,30.75,1,1,0,0,
CAMP07546,C0600,19-01-2025,Festival,Percentage Discount,10,25.5,1,1,1,0,
CAMP07547,C0764,30-08-2026,Win-back,Percentage Discount,20,31,1,1,0,0,
CAMP07548,C0569,13-11-2025,Win-back,Percentage Discount,25,32.75,1,1,0,0,
CAMP07549,C0829,02-09-2025,Discount,Percentage Discount,20,25,1,1,0,0,
CAMP07550,C0872,16-05-2026,Festival,Percentage Discount,15,27.25,1,1,0,0,
CAMP07551,C0178,31-05-2025,Festival,Percentage Discount,15,27.25,1,1,1,0,
CAMP07552,C0081,23-03-2025,New Product,Free Item,1,23,1,1,1,0,
CAMP07553,C0243,28-03-2025,Festival,Percentage Discount,30,32.5,1,1,0,0,
CAMP07554,C0362,16-01-2025,New Product,Free Item,1,23,1,1,0,0,
CAMP07555,C0530,21-08-2026,Festival,Percentage Discount,20,29,1,0,0,0,
CAMP07556,C0047,11-10-2024,New Product,Free Item,1,23,1,1,0,0,
CAMP07557,C0132,01-01-2026,New Product,Free Item,1,23,1,1,1,0,
CAMP07558,C0059,29-07-2026,New Product,Free Item,1,23,1,1,0,0,
CAMP07559,C0645,05-07-2026,Birthday,Percentage Discount,20,22,1,1,1,1,14-07-2026
CAMP07560,C0807,28-08-2024,Discount,Percentage Discount,10,21.5,1,1,0,0,
CAMP07561,C0753,31-08-2026,Loyalty,Points,50,14,1,1,0,0,
CAMP07562,C0373,21-02-2025,Loyalty,Points,50,14,1,1,0,0,
CAMP07563,C0536,13-06-2025,New Product,Free Item,1,23,1,1,0,0,
CAMP07564,C0278,13-08-2026,New Product,Free Item,1,23,1,1,0,0,
CAMP07565,C0327,26-07-2025,Loyalty,Points,150,18,1,1,0,0,
CAMP07566,C0282,03-10-2025,Festival,Percentage Discount,10,25.5,1,1,1,1,08-10-2025
CAMP07567,C0191,15-12-2025,Discount,Percentage Discount,5,19.75,1,1,0,0,
CAMP07568,C0185,15-11-2025,Birthday,Percentage Discount,20,22,1,1,1,0,
CAMP07569,C0562,01-09-2025,Festival,Percentage Discount,30,32.5,1,0,0,0,
CAMP07570,C0213,03-03-2025,Festival,Percentage Discount,20,29,1,1,0,0,
CAMP07571,C0143,19-01-2025,New Product,Free Item,1,23,1,1,1,1,24-01-2025
CAMP07572,C0309,21-06-2025,Birthday,Percentage Discount,10,18.5,1,1,0,0,
CAMP07573,C0359,22-12-2024,Festival,Percentage Discount,20,29,1,1,1,0,
CAMP07574,C0017,23-04-2024,Festival,Percentage Discount,25,30.75,1,1,1,0,
CAMP07575,C0311,15-05-2026,Loyalty,Points,150,18,1,1,0,0,
CAMP07576,C0515,29-11-2024,New Product,Free Item,1,23,1,1,1,1,12-12-2024
CAMP07577,C0043,10-07-2026,New Product,Free Item,1,23,1,1,1,0,
CAMP07578,C0176,25-08-2026,Loyalty,Points,150,18,1,1,0,0,
CAMP07579,C0350,20-03-2025,Discount,Percentage Discount,10,21.5,1,1,0,0,
CAMP07580,C0610,27-08-2026,Win-back,Percentage Discount,10,27.5,1,0,0,0,
CAMP07581,C0726,13-04-2025,Win-back,Percentage Discount,25,32.75,1,1,0,0,
CAMP07582,C0232,25-11-2025,Birthday,Percentage Discount,20,22,1,1,1,1,29-11-2025
CAMP07583,C0908,31-03-2026,Discount,Percentage Discount,10,21.5,1,1,0,0,
CAMP07584,C0240,08-05-2025,Birthday,Percentage Discount,20,22,1,1,0,0,
CAMP07585,C0941,16-10-2025,Discount,Percentage Discount,5,19.75,1,1,1,0,
CAMP07586,C0282,16-01-2025,Festival,Percentage Discount,10,25.5,1,0,0,0,
CAMP07587,C0975,28-08-2026,Birthday,Percentage Discount,20,22,1,1,0,0,
CAMP07588,C0801,21-03-2025,New Product,Free Item,1,23,1,1,0,0,
CAMP07589,C0547,08-10-2025,New Product,Free Item,1,23,1,1,0,0,
CAMP07590,C0341,01-12-2025,New Product,Free Item,1,23,1,1,0,0,
CAMP07591,C0599,29-05-2026,New Product,Free Item,1,23,1,1,0,0,
CAMP07592,C0360,12-10-2025,Birthday,Percentage Discount,20,22,1,1,0,0,
CAMP07593,C0309,22-04-2025,Win-back,Percentage Discount,15,29.25,1,1,0,0,
CAMP07594,C0387,20-08-2026,Win-back,Percentage Discount,10,27.5,1,1,1,0,
CAMP07595,C0060,06-06-2026,New Product,Free Item,1,23,1,1,0,0,
CAMP07596,C0633,30-03-2026,Loyalty,Points,250,22,1,1,0,0,
CAMP07597,C0758,06-06-2026,Loyalty,Points,150,18,1,1,0,0,
CAMP07598,C0879,09-03-2026,Festival,Percentage Discount,25,30.75,1,1,0,0,
CAMP07599,C0588,29-10-2023,Birthday,Percentage Discount,15,20.25,1,1,1,0,
CAMP07600,C0038,08-06-2025,Festival,Percentage Discount,15,27.25,1,0,0,0,
CAMP07601,C0127,25-07-2026,Win-back,Percentage Discount,20,31,1,1,1,0,
CAMP07602,C0548,30-05-2026,Win-back,Percentage Discount,15,29.25,1,1,0,0,
CAMP07603,C0910,01-08-2025,Win-back,Percentage Discount,15,29.25,1,1,1,0,
CAMP07604,C0475,07-05-2026,Loyalty,Points,150,18,1,1,1,0,
CAMP07605,C0443,21-09-2025,Win-back,Percentage Discount,15,29.25,1,1,0,0,
CAMP07606,C0919,16-11-2025,New Product,Free Item,1,23,1,1,1,0,
CAMP07607,C0989,18-08-2026,Birthday,Percentage Discount,15,20.25,1,1,0,0,
CAMP07608,C0665,16-06-2025,Win-back,Percentage Discount,10,27.5,1,1,1,0,
CAMP07609,C0329,12-08-2026,Loyalty,Points,100,16,1,1,0,0,
CAMP07610,C0267,15-08-2026,Birthday,Percentage Discount,10,18.5,1,1,0,0,
CAMP07611,C0143,17-10-2025,Win-back,Percentage Discount,15,29.25,1,1,1,0,
CAMP07612,C0421,23-02-2026,New Product,Free Item,1,23,1,1,0,0,
CAMP07613,C0758,24-03-2026,Festival,Percentage Discount,10,25.5,1,1,0,0,
CAMP07614,C0785,13-03-2026,Win-back,Percentage Discount,15,29.25,1,0,0,0,
CAMP07615,C0948,08-04-2026,New Product,Free Item,1,23,1,1,1,0,
CAMP07616,C0628,05-07-2026,Discount,Percentage Discount,5,19.75,1,1,0,0,
CAMP07617,C0968,31-01-2025,New Product,Free Item,1,23,1,1,0,0,
CAMP07618,C0540,23-08-2026,Loyalty,Points,250,22,1,1,0,0,
CAMP07619,C0384,26-06-2026,Festival,Percentage Discount,10,25.5,1,1,0,0,
CAMP07620,C0819,18-06-2025,Birthday,Percentage Discount,20,22,1,1,0,0,
CAMP07621,C0483,29-08-2026,New Product,Free Item,1,23,1,1,1,0,
CAMP07622,C0941,16-10-2024,Discount,Percentage Discount,10,21.5,1,1,1,0,
CAMP07623,C0525,23-07-2026,Discount,Percentage Discount,5,19.75,1,1,0,0,
CAMP07624,C0853,26-07-2026,Loyalty,Points,250,22,1,1,1,0,
CAMP07625,C0732,21-01-2025,Birthday,Percentage Discount,15,20.25,1,1,0,0,
CAMP07626,C0259,03-08-2026,Festival,Percentage Discount,25,30.75,1,1,1,0,
CAMP07627,C0765,21-07-2026,New Product,Free Item,1,23,1,1,0,0,
CAMP07628,C0345,13-06-2025,New Product,Free Item,1,23,1,1,1,1,14-06-2025
CAMP07629,C0294,15-04-2026,Win-back,Percentage Discount,20,31,1,1,0,0,
CAMP07630,C0374,24-02-2024,New Product,Free Item,1,23,1,1,0,0,
CAMP07631,C0303,06-04-2026,Discount,Percentage Discount,5,19.75,1,1,1,1,10-04-2026
CAMP07632,C0550,06-07-2026,Win-back,Percentage Discount,10,27.5,1,0,0,0,
CAMP07633,C0165,16-09-2025,Win-back,Percentage Discount,25,32.75,1,1,1,0,
CAMP07634,C0006,02-06-2026,Discount,Percentage Discount,10,21.5,1,1,1,0,
CAMP07635,C0029,02-11-2024,New Product,Free Item,1,23,1,1,0,0,
CAMP07636,C0447,19-08-2025,Discount,Percentage Discount,20,25,1,1,0,0,
CAMP07637,C0797,17-07-2026,New Product,Free Item,1,23,1,1,0,0,
CAMP07638,C0304,20-03-2024,Festival,Percentage Discount,10,25.5,1,1,0,0,
CAMP07639,C0283,28-06-2026,New Product,Free Item,1,23,1,1,0,0,
CAMP07640,C0894,19-02-2026,Loyalty,Points,150,18,1,1,0,0,
CAMP07641,C0205,12-07-2025,Win-back,Percentage Discount,10,27.5,1,1,0,0,
CAMP07642,C0613,15-03-2026,Birthday,Percentage Discount,20,22,1,1,0,0,
CAMP07643,C0506,30-06-2026,Loyalty,Points,100,16,1,1,0,0,
CAMP07644,C0274,22-06-2024,Festival,Percentage Discount,25,30.75,1,1,1,0,
CAMP07645,C0142,21-03-2026,Loyalty,Points,50,14,1,1,1,1,04-04-2026
CAMP07646,C0812,15-03-2025,Birthday,Percentage Discount,15,20.25,1,1,0,0,
CAMP07647,C0239,28-08-2026,Discount,Percentage Discount,15,23.25,1,1,0,0,
CAMP07648,C0858,27-07-2026,Discount,Percentage Discount,20,25,1,1,0,0,
CAMP07649,C0781,19-05-2026,Discount,Percentage Discount,5,19.75,1,0,0,0,
CAMP07650,C0855,11-08-2024,Birthday,Percentage Discount,20,22,1,1,0,0,
CAMP07651,C0968,04-01-2025,Discount,Percentage Discount,10,21.5,1,1,0,0,
CAMP07652,C0762,27-07-2026,Birthday,Percentage Discount,10,18.5,1,1,0,0,
CAMP07653,C0373,07-01-2026,Win-back,Percentage Discount,20,31,1,0,0,0,
CAMP07654,C0877,25-04-2026,Win-back,Percentage Discount,15,29.25,1,1,0,0,
CAMP07655,C0870,03-10-2024,Loyalty,Points,100,16,1,0,0,0,
CAMP07656,C0189,17-12-2025,Festival,Percentage Discount,20,29,1,1,0,0,
CAMP07657,C0193,30-05-2026,Loyalty,Points,100,16,1,1,1,0,
CAMP07658,C0593,20-07-2026,Discount,Percentage Discount,15,23.25,1,1,0,0,
CAMP07659,C0782,11-04-2024,Discount,Percentage Discount,5,19.75,1,1,0,0,
CAMP07660,C0586,11-01-2026,New Product,Free Item,1,23,1,1,1,0,
CAMP07661,C0096,03-06-2026,Loyalty,Points,150,18,1,1,0,0,
CAMP07662,C0066,10-03-2025,Discount,Percentage Discount,5,19.75,1,1,1,1,14-03-2025
CAMP07663,C0782,01-01-2024,Win-back,Percentage Discount,10,27.5,1,1,1,0,
CAMP07664,C0264,23-03-2026,Festival,Percentage Discount,10,25.5,1,1,1,0,
CAMP07665,C0562,17-03-2026,Loyalty,Points,50,14,1,1,0,0,
CAMP07666,C0120,10-06-2026,Loyalty,Points,150,18,1,1,1,1,13-06-2026
CAMP07667,C0697,23-08-2025,Loyalty,Points,150,18,1,1,1,1,25-08-2025
CAMP07668,C0222,20-07-2025,Loyalty,Points,100,16,1,1,0,0,
CAMP07669,C0862,30-07-2026,Birthday,Percentage Discount,15,20.25,1,1,0,0,
CAMP07670,C0787,22-01-2024,New Product,Free Item,1,23,1,1,0,0,
CAMP07671,C0334,20-08-2025,Discount,Percentage Discount,15,23.25,1,1,0,0,
CAMP07672,C0540,20-07-2026,Birthday,Percentage Discount,20,22,1,1,0,0,
CAMP07673,C0282,28-06-2026,New Product,Free Item,1,23,1,1,0,0,
CAMP07674,C0531,16-11-2025,Win-back,Percentage Discount,15,29.25,1,1,1,0,
CAMP07675,C0714,08-07-2025,Discount,Percentage Discount,10,21.5,1,1,0,0,
CAMP07676,C0174,22-01-2025,Loyalty,Points,150,18,1,1,1,0,
CAMP07677,C0922,27-03-2026,Festival,Percentage Discount,20,29,1,1,1,0,
CAMP07678,C0203,30-07-2026,Birthday,Percentage Discount,10,18.5,1,1,1,0,
CAMP07679,C0809,27-06-2024,New Product,Free Item,1,23,1,1,1,0,
CAMP07680,C0012,15-06-2026,New Product,Free Item,1,23,1,1,0,0,
CAMP07681,C0645,30-07-2026,Birthday,Percentage Discount,10,18.5,1,1,0,0,
CAMP07682,C0907,21-05-2026,Win-back,Percentage Discount,20,31,1,1,0,0,
CAMP07683,C0310,26-06-2025,Loyalty,Points,250,22,1,1,0,0,
CAMP07684,C0359,04-05-2025,Festival,Percentage Discount,15,27.25,1,1,0,0,
CAMP07685,C0222,11-11-2024,Festival,Percentage Discount,30,32.5,1,1,1,0,
CAMP07686,C0674,13-07-2026,Festival,Percentage Discount,15,27.25,1,0,0,0,
CAMP07687,C0791,11-08-2026,Festival,Percentage Discount,20,29,1,1,0,0,
CAMP07688,C0113,19-08-2026,Birthday,Percentage Discount,15,20.25,1,1,0,0,
CAMP07689,C0928,07-08-2026,New Product,Free Item,1,23,1,0,0,0,
CAMP07690,C0936,17-11-2025,Festival,Percentage Discount,25,30.75,1,1,0,0,
CAMP07691,C0959,08-06-2026,Loyalty,Points,100,16,1,1,0,0,
CAMP07692,C0166,26-07-2026,Birthday,Percentage Discount,10,18.5,1,1,0,0,
CAMP07693,C0961,15-08-2026,Discount,Percentage Discount,15,23.25,1,0,0,0,
CAMP07694,C0065,13-12-2025,Loyalty,Points,150,18,1,1,0,0,
CAMP07695,C0156,03-10-2024,Birthday,Percentage Discount,15,20.25,1,1,1,0,
CAMP07696,C0214,14-04-2026,New Product,Free Item,1,23,1,1,0,0,
CAMP07697,C0424,14-07-2025,Festival,Percentage Discount,20,29,1,1,0,0,
CAMP07698,C0917,01-06-2026,Loyalty,Points,150,18,1,1,0,0,
CAMP07699,C0899,08-05-2026,New Product,Free Item,1,23,1,1,0,0,
CAMP07700,C0444,04-01-2026,Win-back,Percentage Discount,10,27.5,1,1,1,0,
CAMP07701,C0623,08-01-2025,Win-back,Percentage Discount,10,27.5,1,1,0,0,
CAMP07702,C0778,10-12-2025,Birthday,Percentage Discount,15,20.25,1,1,1,0,
CAMP07703,C0764,20-12-2025,Birthday,Percentage Discount,20,22,1,1,1,0,
CAMP07704,C0802,21-08-2025,Win-back,Percentage Discount,20,31,1,1,0,0,
CAMP07705,C0562,04-11-2024,Win-back,Percentage Discount,25,32.75,1,1,0,0,
CAMP07706,C0661,10-06-2025,New Product,Free Item,1,23,1,1,1,0,
CAMP07707,C0083,17-01-2026,Birthday,Percentage Discount,20,22,1,1,0,0,
CAMP07708,C0647,22-08-2026,Win-back,Percentage Discount,20,31,1,1,0,0,
CAMP07709,C0889,28-05-2026,Discount,Percentage Discount,5,19.75,1,1,1,0,
CAMP07710,C0394,06-05-2026,Loyalty,Points,100,16,1,1,1,1,08-05-2026
CAMP07711,C0758,30-06-2026,Loyalty,Points,150,18,1,1,0,0,
CAMP07712,C0082,17-12-2025,Birthday,Percentage Discount,10,18.5,1,1,0,0,
CAMP07713,C0205,01-06-2025,New Product,Free Item,1,23,1,1,0,0,
CAMP07714,C0647,11-07-2026,Birthday,Percentage Discount,20,22,1,1,1,0,
CAMP07715,C0156,20-03-2025,Discount,Percentage Discount,15,23.25,1,1,1,0,
CAMP07716,C0324,06-04-2025,Discount,Percentage Discount,15,23.25,1,1,0,0,
CAMP07717,C0447,10-08-2026,Win-back,Percentage Discount,15,29.25,1,1,0,0,
CAMP07718,C0041,03-06-2026,Festival,Percentage Discount,30,32.5,1,1,1,0,
CAMP07719,C0880,09-09-2025,Discount,Percentage Discount,15,23.25,1,1,0,0,
CAMP07720,C0220,19-04-2026,Discount,Percentage Discount,10,21.5,1,1,0,0,
CAMP07721,C0967,24-12-2025,Loyalty,Points,250,22,1,1,1,0,
CAMP07722,C0149,02-09-2025,Birthday,Percentage Discount,15,20.25,1,1,0,0,
CAMP07723,C0668,21-05-2026,Loyalty,Points,50,14,1,1,1,0,
CAMP07724,C0534,12-02-2026,Festival,Percentage Discount,10,25.5,1,1,1,0,
CAMP07725,C0711,10-08-2026,Win-back,Percentage Discount,20,31,1,1,0,0,
CAMP07726,C0721,01-02-2025,New Product,Free Item,1,23,1,1,0,0,
CAMP07727,C0933,04-07-2026,Birthday,Percentage Discount,20,22,1,1,0,0,
CAMP07728,C0462,01-05-2026,Discount,Percentage Discount,20,25,1,1,1,0,
CAMP07729,C0534,23-07-2025,New Product,Free Item,1,23,1,1,1,0,
CAMP07730,C0146,14-07-2026,Win-back,Percentage Discount,20,31,1,1,1,0,
CAMP07731,C0575,26-02-2024,Discount,Percentage Discount,20,25,1,1,1,0,
CAMP07732,C0371,30-10-2024,Festival,Percentage Discount,10,25.5,1,1,0,0,
CAMP07733,C0157,30-01-2026,Discount,Percentage Discount,10,21.5,1,1,0,0,
CAMP07734,C0468,12-08-2026,Birthday,Percentage Discount,10,18.5,1,1,0,0,
CAMP07735,C0732,14-06-2024,Birthday,Percentage Discount,15,20.25,1,1,1,0,
CAMP07736,C0144,04-05-2026,Birthday,Percentage Discount,20,22,1,0,0,0,
CAMP07737,C0955,31-07-2026,Birthday,Percentage Discount,20,22,1,1,0,0,
CAMP07738,C0755,27-02-2026,Birthday,Percentage Discount,20,22,1,1,1,1,08-03-2026
CAMP07739,C0026,29-10-2025,Loyalty,Points,50,14,1,1,1,0,
CAMP07740,C0811,26-05-2026,Discount,Percentage Discount,15,23.25,1,1,1,0,
CAMP07741,C0880,29-06-2025,Discount,Percentage Discount,20,25,1,1,0,0,
CAMP07742,C0581,05-10-2025,New Product,Free Item,1,23,1,1,1,0,
CAMP07743,C0310,18-02-2026,Festival,Percentage Discount,30,32.5,1,1,0,0,
CAMP07744,C0563,27-08-2026,New Product,Free Item,1,23,1,1,1,1,31-08-2026
CAMP07745,C0415,09-08-2024,Win-back,Percentage Discount,20,31,1,1,0,0,
CAMP07746,C0412,24-04-2026,Birthday,Percentage Discount,15,20.25,1,1,0,0,
CAMP07747,C0368,20-08-2026,Loyalty,Points,100,16,1,1,1,0,
CAMP07748,C0407,26-07-2026,Win-back,Percentage Discount,25,32.75,1,0,0,0,
CAMP07749,C0111,28-05-2026,Loyalty,Points,150,18,1,1,1,0,
CAMP07750,C0606,24-05-2025,Discount,Percentage Discount,5,19.75,1,1,0,0,
CAMP07751,C0856,06-07-2026,Loyalty,Points,250,22,1,1,1,0,
CAMP07752,C0590,25-04-2025,Discount,Percentage Discount,10,21.5,1,0,0,0,
CAMP07753,C0748,12-04-2025,Win-back,Percentage Discount,15,29.25,1,1,0,0,
CAMP07754,C0747,27-08-2026,Festival,Percentage Discount,25,30.75,1,1,0,0,
CAMP07755,C0027,12-01-2026,Loyalty,Points,50,14,1,1,1,0,
CAMP07756,C0911,28-04-2026,Win-back,Percentage Discount,15,29.25,1,1,0,0,
CAMP07757,C0655,27-11-2025,Win-back,Percentage Discount,20,31,1,1,0,0,
CAMP07758,C0263,06-07-2026,Win-back,Percentage Discount,20,31,1,1,0,0,
CAMP07759,C0909,14-08-2026,Discount,Percentage Discount,10,21.5,1,1,0,0,
CAMP07760,C0159,04-07-2026,Birthday,Percentage Discount,20,22,1,0,0,0,
CAMP07761,C0796,08-02-2025,New Product,Free Item,1,23,1,1,0,0,
CAMP07762,C0883,20-09-2025,Loyalty,Points,100,16,1,1,0,0,
CAMP07763,C0050,14-08-2026,Loyalty,Points,100,16,1,1,1,0,
CAMP07764,C0326,15-08-2026,Loyalty,Points,250,22,1,1,0,0,
CAMP07765,C0967,02-07-2026,New Product,Free Item,1,23,1,1,1,0,
CAMP07766,C0447,31-12-2024,Loyalty,Points,100,16,1,1,1,0,
CAMP07767,C0335,31-05-2026,Discount,Percentage Discount,20,25,1,1,0,0,
CAMP07768,C0108,31-12-2024,Birthday,Percentage Discount,20,22,1,1,0,0,
CAMP07769,C0533,25-03-2026,Win-back,Percentage Discount,15,29.25,1,1,0,0,
CAMP07770,C0905,29-08-2025,Win-back,Percentage Discount,10,27.5,1,1,1,0,
CAMP07771,C0472,03-04-2026,Discount,Percentage Discount,10,21.5,1,1,0,0,
CAMP07772,C0707,04-03-2026,Festival,Percentage Discount,30,32.5,1,1,0,0,
CAMP07773,C0171,19-07-2026,New Product,Free Item,1,23,1,1,1,0,
CAMP07774,C0144,10-09-2025,Loyalty,Points,100,16,1,1,0,0,
CAMP07775,C0442,16-12-2025,Birthday,Percentage Discount,10,18.5,1,1,1,0,
CAMP07776,C0461,11-07-2025,Win-back,Percentage Discount,15,29.25,1,1,0,0,
CAMP07777,C0345,06-02-2025,Win-back,Percentage Discount,25,32.75,1,1,1,0,
CAMP07778,C0006,23-03-2025,Birthday,Percentage Discount,10,18.5,1,1,0,0,
CAMP07779,C0175,03-06-2026,Win-back,Percentage Discount,25,32.75,1,1,1,0,
CAMP07780,C0749,05-11-2025,Birthday,Percentage Discount,20,22,1,0,0,0,
CAMP07781,C0502,29-07-2026,Discount,Percentage Discount,20,25,1,1,0,0,
CAMP07782,C0068,08-05-2025,Discount,Percentage Discount,15,23.25,1,1,0,0,
CAMP07783,C0041,02-11-2025,Discount,Percentage Discount,20,25,1,1,0,0,
CAMP07784,C0976,26-06-2026,New Product,Free Item,1,23,1,1,0,0,
CAMP07785,C0647,06-06-2026,Birthday,Percentage Discount,20,22,1,1,0,0,
CAMP07786,C0288,17-04-2024,Birthday,Percentage Discount,15,20.25,1,1,0,0,
CAMP07787,C0251,20-05-2026,New Product,Free Item,1,23,1,1,1,0,
CAMP07788,C0553,21-08-2026,Win-back,Percentage Discount,25,32.75,1,1,1,0,
CAMP07789,C0404,13-06-2026,Birthday,Percentage Discount,20,22,1,1,0,0,
CAMP07790,C0236,18-09-2025,New Product,Free Item,1,23,1,1,1,0,
CAMP07791,C0799,16-08-2026,Loyalty,Points,50,14,1,1,0,0,
CAMP07792,C0375,12-10-2024,New Product,Free Item,1,23,1,1,0,0,
CAMP07793,C0585,14-12-2025,Discount,Percentage Discount,15,23.25,1,1,0,0,
CAMP07794,C0097,27-02-2026,Festival,Percentage Discount,20,29,1,1,0,0,
CAMP07795,C0112,29-07-2026,Festival,Percentage Discount,30,32.5,1,1,0,0,
CAMP07796,C0405,27-11-2025,Win-back,Percentage Discount,20,31,1,1,0,0,
CAMP07797,C0533,22-01-2025,Win-back,Percentage Discount,20,31,1,1,0,0,
CAMP07798,C0101,24-06-2026,Loyalty,Points,150,18,1,1,0,0,
CAMP07799,C0873,30-12-2024,Discount,Percentage Discount,5,19.75,1,1,1,1,09-01-2025
CAMP07800,C0919,05-04-2026,New Product,Free Item,1,23,1,1,0,0,
CAMP07801,C0548,21-06-2026,Discount,Percentage Discount,10,21.5,1,1,0,0,
CAMP07802,C0129,15-08-2025,Festival,Percentage Discount,20,29,1,1,1,0,
CAMP07803,C0088,01-06-2026,Discount,Percentage Discount,5,19.75,1,1,0,0,
CAMP07804,C0415,15-05-2024,New Product,Free Item,1,23,1,0,0,0,
CAMP07805,C0033,03-01-2026,Loyalty,Points,50,14,1,1,0,0,
CAMP07806,C0032,29-06-2026,Loyalty,Points,250,22,1,1,1,0,
CAMP07807,C0192,30-11-2025,Loyalty,Points,150,18,1,1,1,0,
CAMP07808,C0033,30-03-2026,Win-back,Percentage Discount,10,27.5,1,1,0,0,
CAMP07809,C0314,02-08-2026,Festival,Percentage Discount,20,29,1,0,0,0,
CAMP07810,C0408,12-07-2025,Birthday,Percentage Discount,20,22,1,1,0,0,
CAMP07811,C0560,13-07-2026,Discount,Percentage Discount,5,19.75,1,0,0,0,
CAMP07812,C0865,27-05-2026,Birthday,Percentage Discount,15,20.25,1,1,1,1,01-06-2026
CAMP07813,C0729,08-10-2025,New Product,Free Item,1,23,1,1,0,0,
CAMP07814,C0608,12-05-2026,Birthday,Percentage Discount,10,18.5,1,1,0,0,
CAMP07815,C0140,29-04-2025,Festival,Percentage Discount,30,32.5,1,1,0,0,
CAMP07816,C0138,22-07-2024,Discount,Percentage Discount,15,23.25,1,1,0,0,
CAMP07817,C0811,24-08-2026,Win-back,Percentage Discount,25,32.75,1,1,0,0,
CAMP07818,C0671,06-08-2025,Loyalty,Points,250,22,1,1,0,0,
CAMP07819,C0879,05-07-2024,Birthday,Percentage Discount,10,18.5,1,1,0,0,
CAMP07820,C0102,13-01-2026,Birthday,Percentage Discount,20,22,1,0,0,0,
CAMP07821,C0089,13-07-2026,Loyalty,Points,50,14,1,1,1,0,
CAMP07822,C0215,23-06-2026,Birthday,Percentage Discount,10,18.5,1,1,0,0,
CAMP07823,C0567,11-10-2023,Discount,Percentage Discount,15,23.25,1,0,0,0,
CAMP07824,C0874,15-03-2026,Birthday,Percentage Discount,20,22,1,1,0,0,
CAMP07825,C0356,28-03-2025,New Product,Free Item,1,23,1,1,0,0,
CAMP07826,C0700,01-10-2025,New Product,Free Item,1,23,1,1,1,0,
CAMP07827,C0251,27-08-2026,New Product,Free Item,1,23,1,0,0,0,
CAMP07828,C0164,08-07-2026,Win-back,Percentage Discount,10,27.5,1,0,0,0,
CAMP07829,C0819,02-01-2025,Festival,Percentage Discount,20,29,1,1,0,0,
CAMP07830,C0569,11-06-2026,New Product,Free Item,1,23,1,1,0,0,
CAMP07831,C0694,02-03-2026,Win-back,Percentage Discount,20,31,1,1,0,0,
CAMP07832,C0447,06-09-2025,Loyalty,Points,50,14,1,1,0,0,
CAMP07833,C0393,31-08-2026,Festival,Percentage Discount,15,27.25,1,1,0,0,
CAMP07834,C0657,04-07-2024,New Product,Free Item,1,23,1,1,0,0,
CAMP07835,C0766,15-07-2024,Birthday,Percentage Discount,20,22,1,1,0,0,
CAMP07836,C0008,08-07-2026,Loyalty,Points,150,18,1,1,0,0,
CAMP07837,C0182,17-04-2026,Festival,Percentage Discount,25,30.75,1,1,0,0,
CAMP07838,C0987,28-09-2025,Discount,Percentage Discount,20,25,1,0,0,0,
CAMP07839,C0104,18-07-2026,Loyalty,Points,100,16,1,1,1,0,
CAMP07840,C0082,27-08-2024,Win-back,Percentage Discount,15,29.25,1,1,0,0,
CAMP07841,C0300,05-07-2026,New Product,Free Item,1,23,1,1,0,0,
CAMP07842,C0290,11-04-2025,Win-back,Percentage Discount,20,31,1,1,0,0,
CAMP07843,C0750,11-05-2026,New Product,Free Item,1,23,1,1,1,0,
CAMP07844,C0150,25-02-2025,Loyalty,Points,150,18,1,1,0,0,
CAMP07845,C0947,01-06-2024,New Product,Free Item,1,23,1,0,0,0,
CAMP07846,C0351,18-04-2026,Festival,Percentage Discount,25,30.75,1,1,1,0,
CAMP07847,C0594,06-12-2025,Loyalty,Points,150,18,1,1,1,0,
CAMP07848,C0936,27-02-2026,Loyalty,Points,50,14,1,1,0,0,
CAMP07849,C0922,20-07-2026,Festival,Percentage Discount,30,32.5,1,1,1,0,
CAMP07850,C0963,11-05-2026,Loyalty,Points,250,22,1,1,0,0,
CAMP07851,C0791,13-06-2025,Win-back,Percentage Discount,15,29.25,1,1,0,0,
CAMP07852,C0212,13-07-2024,Birthday,Percentage Discount,10,18.5,1,1,0,0,
CAMP07853,C0620,19-11-2025,Win-back,Percentage Discount,20,31,1,1,0,0,
CAMP07854,C0989,16-08-2026,New Product,Free Item,1,23,1,0,0,0,
CAMP07855,C0236,19-01-2026,Win-back,Percentage Discount,20,31,1,1,0,0,
CAMP07856,C0491,13-08-2026,Win-back,Percentage Discount,15,29.25,1,1,1,1,21-08-2026
CAMP07857,C0962,30-03-2026,New Product,Free Item,1,23,1,1,0,0,
CAMP07858,C0067,18-03-2026,Loyalty,Points,50,14,1,1,0,0,
CAMP07859,C0929,21-06-2026,Birthday,Percentage Discount,20,22,1,1,0,0,
CAMP07860,C0301,26-03-2026,Win-back,Percentage Discount,10,27.5,1,1,1,1,05-04-2026
CAMP07861,C0232,18-12-2025,Discount,Percentage Discount,10,21.5,1,1,0,0,
CAMP07862,C0239,09-11-2025,Loyalty,Points,100,16,1,1,0,0,
CAMP07863,C0820,23-10-2025,Festival,Percentage Discount,10,25.5,1,1,1,0,
CAMP07864,C0233,30-11-2025,Festival,Percentage Discount,20,29,1,1,0,0,
CAMP07865,C0709,26-08-2026,New Product,Free Item,1,23,1,0,0,0,
CAMP07866,C0137,12-06-2026,Festival,Percentage Discount,20,29,1,1,1,0,
CAMP07867,C0914,19-08-2025,Loyalty,Points,250,22,1,1,0,0,
CAMP07868,C0293,24-02-2025,Discount,Percentage Discount,5,19.75,1,1,0,0,
CAMP07869,C0774,08-08-2026,Win-back,Percentage Discount,10,27.5,1,1,0,0,
CAMP07870,C0628,25-08-2026,Discount,Percentage Discount,5,19.75,1,1,0,0,
CAMP07871,C0247,22-12-2024,Birthday,Percentage Discount,15,20.25,1,1,0,0,
CAMP07872,C0649,14-05-2025,New Product,Free Item,1,23,1,1,0,0,
CAMP07873,C0451,04-08-2026,Festival,Percentage Discount,20,29,1,1,1,0,
CAMP07874,C0530,28-08-2025,Discount,Percentage Discount,5,19.75,1,1,0,0,
CAMP07875,C0439,16-07-2026,New Product,Free Item,1,23,1,1,0,0,
CAMP07876,C0283,11-02-2025,New Product,Free Item,1,23,1,0,0,0,
CAMP07877,C0389,27-08-2026,Birthday,Percentage Discount,10,18.5,1,1,0,0,
CAMP07878,C0124,23-08-2026,New Product,Free Item,1,23,1,0,0,0,
CAMP07879,C0803,07-01-2026,New Product,Free Item,1,23,1,0,0,0,
CAMP07880,C0310,16-09-2025,Win-back,Percentage Discount,10,27.5,1,1,0,0,
CAMP07881,C0399,31-05-2026,Birthday,Percentage Discount,15,20.25,1,1,1,1,11-06-2026
CAMP07882,C0475,11-08-2026,New Product,Free Item,1,23,1,0,0,0,
CAMP07883,C0893,29-10-2025,Festival,Percentage Discount,10,25.5,1,1,0,0,
CAMP07884,C0629,15-11-2024,Discount,Percentage Discount,20,25,1,1,0,0,
CAMP07885,C0281,12-05-2025,Discount,Percentage Discount,5,19.75,1,1,0,0,
CAMP07886,C0184,27-01-2025,Discount,Percentage Discount,10,21.5,1,1,0,0,
CAMP07887,C0967,16-01-2026,Loyalty,Points,250,22,1,1,0,0,
CAMP07888,C0971,22-05-2026,Birthday,Percentage Discount,15,20.25,1,1,0,0,
CAMP07889,C0087,23-03-2026,Loyalty,Points,50,14,1,1,0,0,
CAMP07890,C0940,31-03-2026,Win-back,Percentage Discount,15,29.25,1,1,0,0,
CAMP07891,C0549,01-03-2025,Win-back,Percentage Discount,20,31,1,1,0,0,
CAMP07892,C0032,07-01-2026,Birthday,Percentage Discount,15,20.25,1,1,0,0,
CAMP07893,C0465,19-05-2026,Discount,Percentage Discount,20,25,1,1,0,0,
CAMP07894,C0343,12-03-2026,Birthday,Percentage Discount,10,18.5,1,1,1,1,24-03-2026
CAMP07895,C0782,26-01-2026,Festival,Percentage Discount,20,29,1,1,0,0,
CAMP07896,C0124,29-08-2026,Loyalty,Points,150,18,1,1,1,0,
CAMP07897,C0145,20-04-2026,Birthday,Percentage Discount,15,20.25,1,1,0,0,
CAMP07898,C0876,26-06-2026,Loyalty,Points,50,14,1,1,0,0,
CAMP07899,C0175,08-01-2026,Loyalty,Points,50,14,1,1,0,0,
CAMP07900,C0479,04-09-2025,Festival,Percentage Discount,15,27.25,1,1,0,0,
CAMP07901,C0448,11-07-2025,Discount,Percentage Discount,10,21.5,1,1,1,0,
CAMP07902,C0972,27-01-2026,Birthday,Percentage Discount,20,22,1,1,1,0,
CAMP07903,C0322,13-01-2025,Win-back,Percentage Discount,15,29.25,1,0,0,0,
CAMP07904,C0537,16-03-2026,Festival,Percentage Discount,30,32.5,1,1,0,0,
CAMP07905,C0541,16-07-2026,Birthday,Percentage Discount,10,18.5,1,1,0,0,
CAMP07906,C0780,22-01-2026,Discount,Percentage Discount,15,23.25,1,1,0,0,
CAMP07907,C0207,24-05-2026,Festival,Percentage Discount,20,29,1,1,0,0,
CAMP07908,C0643,20-02-2026,Win-back,Percentage Discount,15,29.25,1,1,0,0,
CAMP07909,C0687,18-11-2024,Festival,Percentage Discount,10,25.5,1,1,0,0,
CAMP07910,C0182,05-06-2026,New Product,Free Item,1,23,1,1,1,0,
CAMP07911,C0396,30-01-2026,Win-back,Percentage Discount,10,27.5,1,1,0,0,
CAMP07912,C0273,21-05-2025,Birthday,Percentage Discount,10,18.5,1,1,0,0,
CAMP07913,C0499,07-05-2026,Birthday,Percentage Discount,20,22,1,1,0,0,
CAMP07914,C0105,08-08-2026,Festival,Percentage Discount,20,29,1,0,0,0,
CAMP07915,C0484,28-06-2025,Win-back,Percentage Discount,15,29.25,1,1,0,0,
CAMP07916,C0352,08-07-2026,Loyalty,Points,150,18,1,0,0,0,
CAMP07917,C0548,11-08-2026,Win-back,Percentage Discount,10,27.5,1,1,0,0,
CAMP07918,C0346,14-07-2025,New Product,Free Item,1,23,1,1,0,0,
CAMP07919,C0410,23-10-2024,New Product,Free Item,1,23,1,1,0,0,
CAMP07920,C0616,06-09-2025,Discount,Percentage Discount,5,19.75,1,1,0,0,
CAMP07921,C0257,08-01-2024,Win-back,Percentage Discount,25,32.75,1,1,0,0,
CAMP07922,C0491,26-07-2026,Festival,Percentage Discount,10,25.5,1,1,0,0,
CAMP07923,C0913,17-07-2026,Festival,Percentage Discount,15,27.25,1,1,0,0,
CAMP07924,C0384,01-01-2026,New Product,Free Item,1,23,1,1,0,0,
CAMP07925,C0220,19-05-2025,Loyalty,Points,150,18,1,1,1,0,
CAMP07926,C0701,18-03-2026,Discount,Percentage Discount,15,23.25,1,1,1,0,
CAMP07927,C0099,03-10-2024,Birthday,Percentage Discount,10,18.5,1,1,0,0,
CAMP07928,C0039,22-08-2024,Discount,Percentage Discount,5,19.75,1,1,1,0,
CAMP07929,C0220,29-09-2025,Discount,Percentage Discount,20,25,1,1,0,0,
CAMP07930,C0291,21-04-2026,Loyalty,Points,100,16,1,0,0,0,
CAMP07931,C0309,16-07-2026,Festival,Percentage Discount,10,25.5,1,1,0,0,
CAMP07932,C0593,20-08-2026,Loyalty,Points,50,14,1,1,0,0,
CAMP07933,C0046,29-04-2026,Festival,Percentage Discount,30,32.5,1,1,0,0,
CAMP07934,C0749,18-05-2026,Birthday,Percentage Discount,20,22,1,1,0,0,
CAMP07935,C0335,03-12-2025,Loyalty,Points,150,18,1,1,0,0,
CAMP07936,C0093,21-08-2025,Birthday,Percentage Discount,10,18.5,1,1,0,0,
CAMP07937,C0065,03-11-2025,Loyalty,Points,100,16,1,1,0,0,
CAMP07938,C0511,10-09-2025,Discount,Percentage Discount,10,21.5,1,1,1,1,15-09-2025
CAMP07939,C0079,12-03-2026,New Product,Free Item,1,23,1,1,0,0,
CAMP07940,C0107,22-10-2025,Loyalty,Points,100,16,1,1,1,0,
CAMP07941,C0154,26-07-2024,New Product,Free Item,1,23,1,0,0,0,
CAMP07942,C0346,17-05-2025,New Product,Free Item,1,23,1,1,0,0,
CAMP07943,C0684,16-07-2026,Discount,Percentage Discount,10,21.5,1,1,0,0,
CAMP07944,C0262,28-04-2026,New Product,Free Item,1,23,1,1,1,1,02-05-2026
CAMP07945,C0889,07-05-2026,Discount,Percentage Discount,15,23.25,1,1,0,0,
CAMP07946,C0472,04-02-2026,New Product,Free Item,1,23,1,1,0,0,
CAMP07947,C0185,23-07-2025,Festival,Percentage Discount,10,25.5,1,1,0,0,
CAMP07948,C0614,13-05-2026,Win-back,Percentage Discount,10,27.5,1,1,0,0,
CAMP07949,C0812,01-02-2026,Festival,Percentage Discount,25,30.75,1,1,0,0,
CAMP07950,C0876,27-10-2024,Win-back,Percentage Discount,10,27.5,1,1,0,0,
CAMP07951,C0804,17-04-2026,Festival,Percentage Discount,10,25.5,1,0,0,0,
CAMP07952,C0124,19-05-2026,Loyalty,Points,150,18,1,1,1,1,20-05-2026
CAMP07953,C0589,02-08-2026,Festival,Percentage Discount,10,25.5,1,1,1,0,
CAMP07954,C0169,24-02-2025,Loyalty,Points,100,16,1,1,0,0,
CAMP07955,C0868,14-02-2026,New Product,Free Item,1,23,1,1,0,0,
CAMP07956,C0799,23-07-2026,Discount,Percentage Discount,10,21.5,1,1,1,1,28-07-2026
CAMP07957,C0316,12-03-2026,Discount,Percentage Discount,20,25,1,1,0,0,
CAMP07958,C0613,19-06-2026,Festival,Percentage Discount,10,25.5,1,1,0,0,
CAMP07959,C0129,29-07-2026,Festival,Percentage Discount,15,27.25,1,1,0,0,
CAMP07960,C0747,07-04-2026,Win-back,Percentage Discount,10,27.5,1,1,0,0,
CAMP07961,C0519,17-06-2026,Win-back,Percentage Discount,10,27.5,1,1,0,0,
CAMP07962,C0863,06-08-2026,New Product,Free Item,1,23,1,1,1,0,
CAMP07963,C0712,10-10-2025,Birthday,Percentage Discount,15,20.25,1,1,0,0,
CAMP07964,C0177,03-08-2026,Festival,Percentage Discount,10,25.5,1,1,0,0,
CAMP07965,C0514,09-04-2026,Discount,Percentage Discount,15,23.25,1,0,0,0,
CAMP07966,C0618,06-07-2026,Loyalty,Points,250,22,1,1,0,0,
CAMP07967,C0380,10-01-2025,Win-back,Percentage Discount,20,31,1,1,0,0,
CAMP07968,C0238,23-07-2026,New Product,Free Item,1,23,1,1,0,0,
CAMP07969,C0104,28-08-2026,Win-back,Percentage Discount,25,32.75,1,1,1,0,
CAMP07970,C0147,02-07-2026,New Product,Free Item,1,23,1,1,1,0,
CAMP07971,C0533,22-12-2025,Festival,Percentage Discount,20,29,1,1,0,0,
CAMP07972,C0572,28-02-2025,Win-back,Percentage Discount,10,27.5,1,1,0,0,
CAMP07973,C0655,07-03-2024,New Product,Free Item,1,23,1,1,0,0,
CAMP07974,C0727,10-03-2026,Loyalty,Points,250,22,1,1,0,0,
CAMP07975,C0836,09-11-2025,New Product,Free Item,1,23,1,1,0,0,
CAMP07976,C0400,16-05-2026,Festival,Percentage Discount,30,32.5,1,1,0,0,
CAMP07977,C0940,25-06-2026,Win-back,Percentage Discount,15,29.25,1,1,1,0,
CAMP07978,C0023,14-05-2024,Festival,Percentage Discount,10,25.5,1,1,0,0,
CAMP07979,C0693,13-06-2026,New Product,Free Item,1,23,1,1,0,0,
CAMP07980,C0655,24-08-2024,Loyalty,Points,150,18,1,1,0,0,
CAMP07981,C0548,11-07-2026,Birthday,Percentage Discount,15,20.25,1,1,0,0,
CAMP07982,C0062,23-06-2026,Festival,Percentage Discount,30,32.5,1,1,0,0,
CAMP07983,C0179,10-11-2024,New Product,Free Item,1,23,1,1,0,0,
CAMP07984,C0826,01-01-2025,Festival,Percentage Discount,15,27.25,1,0,0,0,
CAMP07985,C0601,21-03-2026,Birthday,Percentage Discount,10,18.5,1,1,0,0,
CAMP07986,C0693,04-07-2026,New Product,Free Item,1,23,1,1,1,0,
CAMP07987,C0068,12-06-2026,Loyalty,Points,250,22,1,1,1,0,
CAMP07988,C0483,19-02-2026,Birthday,Percentage Discount,15,20.25,1,1,0,0,
CAMP07989,C0128,18-03-2026,Birthday,Percentage Discount,20,22,1,1,0,0,
CAMP07990,C0089,17-07-2026,Loyalty,Points,150,18,1,1,0,0,
CAMP07991,C0382,25-08-2025,Loyalty,Points,100,16,1,1,0,0,
CAMP07992,C0840,17-09-2025,New Product,Free Item,1,23,1,1,0,0,
CAMP07993,C0307,22-08-2026,Festival,Percentage Discount,25,30.75,1,1,0,0,
CAMP07994,C0948,28-04-2026,Birthday,Percentage Discount,10,18.5,1,1,1,0,
CAMP07995,C0513,09-03-2026,Birthday,Percentage Discount,10,18.5,1,1,0,0,
CAMP07996,C0865,01-08-2026,New Product,Free Item,1,23,1,1,0,0,
CAMP07997,C0091,28-08-2026,Festival,Percentage Discount,30,32.5,1,1,0,0,
CAMP07998,C0191,15-07-2025,Loyalty,Points,100,16,1,1,0,0,
CAMP07999,C0201,03-07-2026,Win-back,Percentage Discount,15,29.25,1,1,1,0,
CAMP08000,C0618,22-03-2026,Birthday,Percentage Discount,10,18.5,1,1,0,0,
