customer_id,observation_date,customer_tenure,recency,frequency,monetary,average_bill,avg_purchase_gap,campaigns_received,campaigns_sent,campaigns_delivered,campaign_clicks,previous_redemptions,delivery_rate,click_rate,redemption_rate,campaigns_since_last_purchase,future_90d_purchases,churn
C0003,31-03-2024,154,49,2,1219.7,609.85,32,0,0,0,0,0,0,0,0,0,1,0
C0011,31-03-2024,80,9,1,928.95,928.95,0,0,0,0,0,0,0,0,0,0,3,0
C0013,31-03-2024,198,11,6,5938.71,989.78,66,1,1,1,0,0,1,0,0,0,2,0
C0029,31-03-2024,162,114,2,948.62,474.31,0,4,4,3,1,0,0.75,0.333333333,0,2,8,0
C0036,31-03-2024,32,12,2,3427.52,1713.76,0,0,0,0,0,0,0,0,0,0,0,1
C0038,31-03-2024,180,67,1,1151.11,1151.11,0,0,0,0,0,0,0,0,0,0,0,1
C0054,31-03-2024,165,111,3,2108.94,702.98,0,1,1,1,0,0,1,0,0,1,1,0
C0057,31-03-2024,129,114,1,2353.02,2353.02,0,0,0,0,0,0,0,0,0,0,5,0
C0065,31-03-2024,141,32,2,3479.76,1739.88,0,2,2,1,1,0,0.5,1,0,0,1,0
C0094,31-03-2024,130,3,8,10973.73,1371.72,56,0,0,0,0,0,0,0,0,0,3,0
C0099,31-03-2024,120,14,3,1559.64,519.88,0,0,0,0,0,0,0,0,0,0,0,1
C0106,31-03-2024,139,54,2,1031.84,515.92,0,2,2,2,1,0,1,0.5,0,0,0,1
C0114,31-03-2024,178,20,1,556.41,556.41,0,0,0,0,0,0,0,0,0,0,1,0
C0146,31-03-2024,151,10,3,2972.99,991,40,3,3,3,1,0,1,0.333333333,0,0,0,1
C0150,31-03-2024,159,70,3,2252.35,750.78,44,0,0,0,0,0,0,0,0,0,3,0
C0154,31-03-2024,136,64,7,18498.51,2642.64,23,3,3,3,2,0,1,0.666666667,0,1,5,0
C0184,31-03-2024,198,101,4,5079.25,1269.81,29,1,1,1,0,0,1,0,0,1,4,0
C0200,31-03-2024,152,0,7,13129.23,1875.6,30.25,0,0,0,0,0,0,0,0,0,3,0
C0209,31-03-2024,193,36,2,1538.96,769.48,0,4,4,4,2,1,1,0.5,0.25,2,4,0
C0213,31-03-2024,170,13,1,566.77,566.77,0,1,1,1,1,1,1,1,1,0,0,1
C0218,31-03-2024,159,10,4,5279.64,1319.91,54,0,0,0,0,0,0,0,0,0,1,0
C0233,31-03-2024,159,58,1,1717.66,1717.66,0,1,1,1,0,0,1,0,0,1,6,0
C0243,31-03-2024,126,39,3,1809.33,603.11,0,1,1,1,1,0,1,1,0,0,0,1
C0244,31-03-2024,77,12,3,6027.87,2009.29,0,0,0,0,0,0,0,0,0,0,0,1
C0257,31-03-2024,163,11,4,7309.69,1827.42,22,1,1,1,0,0,1,0,0,0,1,0
C0268,31-03-2024,138,22,1,526.93,526.93,0,2,2,2,0,0,1,0,0,1,1,0
C0320,31-03-2024,191,43,1,1491.92,1491.92,0,2,2,2,0,0,1,0,0,0,2,0
C0323,31-03-2024,171,94,3,2659.61,886.54,32,0,0,0,0,0,0,0,0,0,6,0
C0330,31-03-2024,91,12,2,6237.88,3118.94,0,0,0,0,0,0,0,0,0,0,5,0
C0334,31-03-2024,101,36,4,9705.98,2426.5,22,1,1,1,0,0,1,0,0,0,2,0
C0337,31-03-2024,121,58,1,2976.95,2976.95,0,0,0,0,0,0,0,0,0,0,0,1
C0357,31-03-2024,140,5,1,2630.27,2630.27,0,0,0,0,0,0,0,0,0,0,6,0
C0374,31-03-2024,154,69,1,1044.43,1044.43,0,3,3,2,0,0,0.666666667,0,0,2,0,1
C0393,31-03-2024,201,26,5,6716.09,1343.22,29.33,3,3,3,0,0,1,0,0,0,2,0
C0432,31-03-2024,131,90,1,991.53,991.53,0,0,0,0,0,0,0,0,0,0,2,0
C0445,31-03-2024,154,21,3,2700.16,900.05,8,2,2,2,0,0,1,0,0,0,3,0
C0464,31-03-2024,130,26,3,5862.6,1954.2,0,0,0,0,0,0,0,0,0,0,4,0
C0507,31-03-2024,173,33,3,891.48,297.16,0,1,1,1,0,0,1,0,0,0,3,0
C0510,31-03-2024,190,26,5,8493.76,1698.75,64.5,1,1,1,0,0,1,0,0,0,10,0
C0561,31-03-2024,176,33,2,1139.38,569.69,0,3,3,3,1,1,1,0.333333333,0.333333333,0,0,1
C0567,31-03-2024,187,57,5,7483.39,1496.68,21,1,1,0,0,0,0,0,0,0,11,0
C0568,31-03-2024,145,7,5,4426.83,885.37,45,2,2,2,1,1,1,0.5,0.5,0,1,0
C0575,31-03-2024,188,30,2,2601.5,1300.75,0,2,2,2,2,1,1,1,0.5,0,5,0
C0588,31-03-2024,183,9,8,8190.3,1023.79,33,5,5,4,4,2,0.8,1,0.5,0,13,0
C0596,31-03-2024,50,4,2,2845.06,1422.53,25,0,0,0,0,0,0,0,0,0,2,0
C0601,31-03-2024,120,23,3,1458.81,486.27,26,0,0,0,0,0,0,0,0,0,2,0
C0621,31-03-2024,90,56,1,647,647,0,0,0,0,0,0,0,0,0,0,2,0
C0636,31-03-2024,190,62,3,5039.52,1679.84,20,1,1,1,0,0,1,0,0,0,2,0
C0654,31-03-2024,161,2,5,4920.28,984.06,45.5,1,1,1,0,0,1,0,0,0,2,0
C0655,31-03-2024,189,74,2,2334.66,1167.33,0,2,2,2,0,0,1,0,0,2,6,0
C0661,31-03-2024,198,39,2,2519.45,1259.72,15,1,1,1,0,0,1,0,0,0,2,0
C0673,31-03-2024,87,47,1,452.38,452.38,0,0,0,0,0,0,0,0,0,0,0,1
C0675,31-03-2024,107,37,4,6073.23,1518.31,15,1,1,1,0,0,1,0,0,0,3,0
C0683,31-03-2024,100,3,3,5380.09,1793.36,35,1,1,1,0,0,1,0,0,0,6,0
C0687,31-03-2024,202,24,6,15007.36,2501.23,9.5,0,0,0,0,0,0,0,0,0,8,0
C0699,31-03-2024,202,31,8,20931.51,2616.44,29,1,1,1,0,0,1,0,0,0,5,0
C0700,31-03-2024,177,16,8,8999.87,1124.98,41,3,3,3,2,2,1,0.666666667,0.666666667,0,12,0
C0703,31-03-2024,48,24,3,6513.15,2171.05,0,0,0,0,0,0,0,0,0,0,2,0
C0732,31-03-2024,196,7,8,5152.61,644.08,18.33,1,1,1,1,0,1,1,0,0,6,0
C0782,31-03-2024,185,57,2,1963.88,981.94,0,1,1,1,1,0,1,1,0,0,0,1
C0786,31-03-2024,189,50,6,8415.89,1402.65,57.5,2,2,1,0,0,0.5,0,0,0,3,0
C0787,31-03-2024,205,52,3,2379.89,793.3,35,3,3,3,1,0,1,0.333333333,0,1,2,0
C0794,31-03-2024,192,32,1,667.04,667.04,0,1,1,1,0,0,1,0,0,0,3,0
C0805,31-03-2024,166,44,2,1925.1,962.55,0,3,3,3,1,0,1,0.333333333,0,0,0,1
C0818,31-03-2024,133,12,7,15283.3,2183.33,14,1,1,1,1,0,1,1,0,0,4,0
C0819,31-03-2024,161,48,2,8162.46,4081.23,0,3,3,2,0,0,0.666666667,0,0,0,0,1
C0821,31-03-2024,197,10,7,9958.11,1422.59,15.33,3,3,3,1,1,1,0.333333333,0.333333333,0,6,0
C0838,31-03-2024,151,20,2,1136.76,568.38,0,1,1,1,0,0,1,0,0,0,5,0
C0849,31-03-2024,178,57,3,4796.95,1598.98,36.5,1,1,1,0,0,1,0,0,0,1,0
C0867,31-03-2024,164,70,2,837.71,418.86,75,0,0,0,0,0,0,0,0,0,2,0
C0870,31-03-2024,199,9,9,9815.98,1090.66,9.33,0,0,0,0,0,0,0,0,0,4,0
C0882,31-03-2024,192,7,2,1463.06,731.53,17,1,1,1,0,0,1,0,0,0,4,0
C0890,31-03-2024,151,0,6,7694.64,1282.44,22.5,0,0,0,0,0,0,0,0,0,5,0
C0897,31-03-2024,190,11,5,9245.51,1849.1,28,1,1,1,0,0,1,0,0,0,8,0
C0898,31-03-2024,48,37,2,1857.52,928.76,0,0,0,0,0,0,0,0,0,0,1,0
C0904,31-03-2024,130,50,1,1261.79,1261.79,0,3,3,3,0,0,1,0,0,1,0,1
C0923,31-03-2024,210,5,9,8497,944.11,22.25,3,3,3,1,0,1,0.333333333,0,0,5,0
C0939,31-03-2024,205,75,1,619.85,619.85,0,2,2,2,1,0,1,0.5,0,1,2,0
C0941,31-03-2024,171,22,1,535.48,535.48,0,2,2,0,0,0,0,0,0,0,2,0
C0986,31-03-2024,192,44,10,16943.79,1694.38,25.25,0,0,0,0,0,0,0,0,0,3,0
C0003,30-06-2024,245,73,3,1700.54,566.85,49.5,0,0,0,0,0,0,0,0,0,1,0
C0005,30-06-2024,173,70,1,2852.8,2852.8,0,2,2,2,1,0,1,0.5,0,0,6,0
C0006,30-06-2024,104,7,1,2541.73,2541.73,0,0,0,0,0,0,0,0,0,0,2,0
C0011,30-06-2024,171,41,4,3489.3,872.32,59,1,1,1,0,0,1,0,0,0,0,1
C0013,30-06-2024,289,39,8,7494.85,936.86,48.75,1,1,1,0,0,1,0,0,0,2,0
C0016,30-06-2024,159,79,6,9172.5,1528.75,5.5,2,2,2,0,0,1,0,0,1,3,0
C0023,30-06-2024,105,15,2,3105.96,1552.98,2,2,2,1,0,0,0.5,0,0,1,6,0
C0029,30-06-2024,253,5,10,8864.72,886.47,40,4,4,3,1,0,0.75,0.333333333,0,0,2,0
C0030,30-06-2024,217,16,8,8328.29,1041.04,15,1,1,1,0,0,1,0,0,0,2,0
C0031,30-06-2024,284,1,6,4559.05,759.84,27,3,3,3,1,1,1,0.333333333,0.333333333,0,1,0
C0032,30-06-2024,220,42,1,420.26,420.26,0,1,1,1,0,0,1,0,0,0,2,0
C0036,30-06-2024,123,103,2,3427.52,1713.76,0,0,0,0,0,0,0,0,0,0,1,0
C0038,30-06-2024,271,158,1,1151.11,1151.11,0,1,1,1,0,0,1,0,0,1,7,0
C0054,30-06-2024,256,9,4,2965.96,741.49,193,4,4,4,0,0,1,0,0,0,2,0
C0057,30-06-2024,220,20,6,11256.91,1876.15,61.67,1,1,1,1,0,1,1,0,0,2,0
C0065,30-06-2024,232,76,3,4926.55,1642.18,47,4,4,3,2,0,0.75,0.666666667,0,2,12,0
C0082,30-06-2024,145,33,2,2497.08,1248.54,0,1,1,1,0,0,1,0,0,0,3,0
C0091,30-06-2024,141,5,3,1914.19,638.06,52,1,1,1,0,0,1,0,0,0,4,0
C0094,30-06-2024,221,17,11,16242.15,1476.56,44.33,1,1,1,0,0,1,0,0,0,3,0
C0095,30-06-2024,103,15,2,3004.76,1502.38,0,1,1,0,0,0,0,0,0,0,4,0
C0098,30-06-2024,154,15,7,3548.49,506.93,25.5,2,2,1,0,0,0.5,0,0,0,1,0
C0099,30-06-2024,211,105,3,1559.64,519.88,0,0,0,0,0,0,0,0,0,0,3,0
C0100,30-06-2024,227,17,4,5170.68,1292.67,21.5,4,4,3,1,0,0.75,0.333333333,0,0,5,0
C0102,30-06-2024,154,10,5,3135.21,627.04,40,3,3,3,0,0,1,0,0,0,0,1
C0106,30-06-2024,230,145,2,1031.84,515.92,0,3,3,3,1,0,1,0.333333333,0,1,7,0
C0114,30-06-2024,269,46,2,848.95,424.48,65,0,0,0,0,0,0,0,0,0,3,0
C0115,30-06-2024,106,14,4,2915.82,728.96,5,0,0,0,0,0,0,0,0,0,4,0
C0119,30-06-2024,79,59,1,555.07,555.07,0,0,0,0,0,0,0,0,0,0,2,0
C0123,30-06-2024,110,17,1,2631.4,2631.4,0,0,0,0,0,0,0,0,0,0,1,0
C0130,30-06-2024,98,11,7,7017.63,1002.52,37.5,2,2,2,0,0,1,0,0,1,0,1
C0133,30-06-2024,281,52,3,6739.38,2246.46,0,0,0,0,0,0,0,0,0,0,7,0
C0135,30-06-2024,254,70,1,1148.1,1148.1,0,3,3,3,0,0,1,0,0,2,5,0
C0146,30-06-2024,242,101,3,2972.99,991,40,3,3,3,1,0,1,0.333333333,0,0,2,0
C0150,30-06-2024,250,31,6,4470.44,745.07,58,0,0,0,0,0,0,0,0,0,2,0
C0154,30-06-2024,227,5,12,29209.51,2434.13,34.6,4,4,4,2,0,1,0.5,0,0,1,0
C0155,30-06-2024,70,39,1,477.79,477.79,0,0,0,0,0,0,0,0,0,0,1,0
C0163,30-06-2024,72,5,1,1884.22,1884.22,0,2,2,2,0,0,1,0,0,0,3,0
C0174,30-06-2024,123,16,3,2195.86,731.95,57,0,0,0,0,0,0,0,0,0,0,1
C0181,30-06-2024,219,17,1,1823.5,1823.5,0,1,1,1,1,0,1,1,0,0,0,1
C0184,30-06-2024,289,3,8,8758.42,1094.8,54.5,1,1,1,0,0,1,0,0,0,8,0
C0189,30-06-2024,48,27,1,811.91,811.91,0,0,0,0,0,0,0,0,0,0,2,0
C0190,30-06-2024,168,4,3,1529.2,509.73,82,2,2,2,1,0,1,0.5,0,0,0,1
C0200,30-06-2024,243,15,10,19356.77,1935.68,32.83,3,3,3,2,1,1,0.666666667,0.333333333,0,3,0
C0209,30-06-2024,284,9,6,7422.67,1237.11,39.33,6,6,5,2,1,0.833333333,0.4,0.2,0,6,0
C0213,30-06-2024,261,104,1,566.77,566.77,0,3,3,3,2,1,1,0.666666667,0.333333333,2,4,0
C0218,30-06-2024,250,45,5,7500.24,1500.05,55,2,2,2,1,1,1,0.5,0.5,1,8,0
C0228,30-06-2024,281,41,1,461.51,461.51,0,1,1,1,1,0,1,1,0,0,6,0
C0233,30-06-2024,250,17,7,16443.26,2349.04,44,1,1,1,0,0,1,0,0,0,5,0
C0243,30-06-2024,217,130,3,1809.33,603.11,0,1,1,1,1,0,1,1,0,0,2,0
C0244,30-06-2024,168,103,3,6027.87,2009.29,0,2,2,2,0,0,1,0,0,2,5,0
C0257,30-06-2024,254,76,5,8996.88,1799.38,24,1,1,1,0,0,1,0,0,0,15,0
C0264,30-06-2024,100,45,3,2255.64,751.88,22,0,0,0,0,0,0,0,0,0,0,1
C0266,30-06-2024,156,1,3,3738.82,1246.27,26,0,0,0,0,0,0,0,0,0,4,0
C0268,30-06-2024,229,32,2,1257.82,628.91,81,3,3,3,0,0,1,0,0,1,4,0
C0274,30-06-2024,251,6,3,1909.17,636.39,0,2,2,2,1,0,1,0.5,0,0,3,0
C0288,30-06-2024,113,9,5,3185.94,637.19,26,2,2,2,1,1,1,0.5,0.5,0,2,0
C0290,30-06-2024,274,0,6,10027.63,1671.27,22,1,1,1,1,1,1,1,1,0,3,0
C0299,30-06-2024,134,46,3,1212.15,404.05,0,0,0,0,0,0,0,0,0,0,1,0
C0306,30-06-2024,157,0,2,2277.38,1138.69,0,1,1,0,0,0,0,0,0,0,4,0
C0320,30-06-2024,282,27,3,6234.76,2078.25,107,2,2,2,0,0,1,0,0,0,14,0
C0322,30-06-2024,126,65,1,1900.21,1900.21,0,0,0,0,0,0,0,0,0,0,11,0
C0323,30-06-2024,262,3,9,10443.96,1160.44,42.8,1,1,1,0,0,1,0,0,0,4,0
C0328,30-06-2024,276,32,2,2066,1033,0,4,4,3,1,1,0.75,0.333333333,0.333333333,0,4,0
C0329,30-06-2024,272,27,3,6430.48,2143.49,6,2,2,2,1,0,1,0.5,0,0,11,0
C0330,30-06-2024,182,17,7,26031.07,3718.72,43,1,1,1,1,0,1,1,0,1,4,0
C0334,30-06-2024,192,50,6,12709.22,2118.2,49.5,2,2,1,0,0,0.5,0,0,1,9,0
C0336,30-06-2024,137,23,3,3730.45,1243.48,34,2,2,2,2,1,1,1,0.5,0,2,0
C0337,30-06-2024,212,149,1,2976.95,2976.95,0,1,1,1,0,0,1,0,0,1,1,0
C0357,30-06-2024,231,16,7,11749.33,1678.48,26.67,0,0,0,0,0,0,0,0,0,2,0
C0360,30-06-2024,276,2,2,4239.33,2119.66,9,3,3,3,1,0,1,0.333333333,0,0,7,0
C0374,30-06-2024,245,160,1,1044.43,1044.43,0,3,3,2,0,0,0.666666667,0,0,2,5,0
C0376,30-06-2024,80,1,4,2314.52,578.63,5,0,0,0,0,0,0,0,0,0,6,0
C0391,30-06-2024,118,14,3,5441.66,1813.89,6,0,0,0,0,0,0,0,0,0,2,0
C0393,30-06-2024,292,48,7,8473.05,1210.44,39.25,4,4,4,0,0,1,0,0,1,1,0
C0419,30-06-2024,202,16,3,3190.29,1063.43,32,2,2,2,0,0,1,0,0,0,0,1
C0425,30-06-2024,104,48,3,3637.68,1212.56,0,1,1,1,0,0,1,0,0,0,2,0
C0428,30-06-2024,97,41,1,615.14,615.14,0,0,0,0,0,0,0,0,0,0,0,1
C0432,30-06-2024,222,52,3,3997.64,1332.55,64.5,1,1,1,0,0,1,0,0,0,8,0
C0435,30-06-2024,229,28,2,2154.92,1077.46,0,0,0,0,0,0,0,0,0,0,2,0
C0441,30-06-2024,77,41,2,2309.58,1154.79,0,1,1,1,1,0,1,1,0,0,3,0
C0445,30-06-2024,245,32,6,4777.03,796.17,29.33,4,4,4,2,0,1,0.5,0,1,9,0
C0464,30-06-2024,221,32,7,14943.96,2134.85,42.5,0,0,0,0,0,0,0,0,0,5,0
C0469,30-06-2024,253,11,6,8162.02,1360.34,16.33,2,2,2,0,0,1,0,0,0,4,0
C0475,30-06-2024,92,44,2,2843.36,1421.68,0,0,0,0,0,0,0,0,0,0,1,0
C0478,30-06-2024,210,9,2,4814.35,2407.18,51,3,3,3,0,0,1,0,0,1,0,1
C0507,30-06-2024,264,60,6,2308.41,384.73,64,3,3,3,0,0,1,0,0,0,5,0
C0510,30-06-2024,281,6,15,35182.13,2345.48,34.29,1,1,1,0,0,1,0,0,0,8,0
C0526,30-06-2024,302,5,3,1720.94,573.65,69,1,1,1,0,0,1,0,0,0,0,1
C0533,30-06-2024,72,13,3,1670.55,556.85,0,0,0,0,0,0,0,0,0,0,0,1
C0535,30-06-2024,121,8,3,2863.2,954.4,29,1,1,0,0,0,0,0,0,0,2,0
C0549,30-06-2024,272,0,5,10731.57,2146.31,21,3,3,3,1,0,1,0.333333333,0,0,5,0
C0558,30-06-2024,87,15,5,7501.75,1500.35,0,1,1,1,0,0,1,0,0,1,1,0
C0561,30-06-2024,267,124,2,1139.38,569.69,0,3,3,3,1,1,1,0.333333333,0.333333333,0,2,0
C0562,30-06-2024,106,14,3,1819.56,606.52,0,1,1,1,0,0,1,0,0,0,0,1
C0567,30-06-2024,278,13,16,24897.84,1556.12,25.29,1,1,0,0,0,0,0,0,0,5,0
C0568,30-06-2024,236,25,6,5652.28,942.05,54.33,4,4,4,3,2,1,0.75,0.5,1,7,0
C0575,30-06-2024,279,1,7,7835.49,1119.36,30,2,2,2,2,1,1,1,0.5,0,7,0
C0578,30-06-2024,186,5,6,3934.5,655.75,37,0,0,0,0,0,0,0,0,0,6,0
C0580,30-06-2024,197,23,4,7772.44,1943.11,61,3,3,3,1,0,1,0.333333333,0,1,3,0
C0581,30-06-2024,100,23,1,1759.47,1759.47,0,0,0,0,0,0,0,0,0,0,1,0
C0588,30-06-2024,274,11,21,20865.77,993.61,25.83,5,5,4,4,2,0.8,1,0.5,0,4,0
C0596,30-06-2024,141,45,4,4135.47,1033.87,25,0,0,0,0,0,0,0,0,0,4,0
C0601,30-06-2024,211,34,5,3198.8,639.76,33,0,0,0,0,0,0,0,0,0,2,0
C0609,30-06-2024,166,32,6,3483.08,580.51,10.5,1,1,1,1,0,1,1,0,0,2,0
C0617,30-06-2024,171,11,5,11833.32,2366.66,21,2,2,2,0,0,1,0,0,0,2,0
C0621,30-06-2024,181,36,3,2346.06,782.02,111,0,0,0,0,0,0,0,0,0,1,0
C0629,30-06-2024,271,29,2,3830.15,1915.07,40,2,2,2,0,0,1,0,0,0,6,0
C0636,30-06-2024,281,66,5,7235.96,1447.19,53.5,2,2,2,1,0,1,0.5,0,1,5,0
C0641,30-06-2024,101,16,2,2392.52,1196.26,0,0,0,0,0,0,0,0,0,0,1,0
C0646,30-06-2024,83,50,1,1463.77,1463.77,0,1,1,1,0,0,1,0,0,1,7,0
C0654,30-06-2024,252,15,7,6005.26,857.89,56.33,3,3,3,1,0,1,0.333333333,0,0,4,0
C0655,30-06-2024,280,20,8,8271.53,1033.94,36.25,3,3,3,0,0,1,0,0,0,12,0
C0661,30-06-2024,289,12,4,4350.51,1087.63,66.5,1,1,1,0,0,1,0,0,0,5,0
C0669,30-06-2024,138,8,6,10701.84,1783.64,34,1,1,1,0,0,1,0,0,0,4,0
C0673,30-06-2024,178,138,1,452.38,452.38,0,1,1,1,0,0,1,0,0,1,7,0
C0675,30-06-2024,198,51,7,9813.31,1401.9,30.67,1,1,1,0,0,1,0,0,0,3,0
C0676,30-06-2024,186,5,1,1244.57,1244.57,0,3,3,2,0,0,0.666666667,0,0,0,4,0
C0678,30-06-2024,99,21,1,1075.97,1075.97,0,0,0,0,0,0,0,0,0,0,6,0
C0680,30-06-2024,212,16,2,1211.42,605.71,0,3,3,2,0,0,0.666666667,0,0,0,11,0
C0681,30-06-2024,100,82,1,2196.85,2196.85,0,0,0,0,0,0,0,0,0,0,3,0
C0683,30-06-2024,191,34,9,13542.8,1504.76,23.75,1,1,1,0,0,1,0,0,0,2,0
C0687,30-06-2024,293,12,14,24087.84,1720.56,20.33,0,0,0,0,0,0,0,0,0,2,0
C0697,30-06-2024,122,17,1,419.53,419.53,0,2,2,2,1,0,1,0.5,0,0,1,0
C0698,30-06-2024,94,65,1,1720.56,1720.56,0,0,0,0,0,0,0,0,0,0,2,0
C0699,30-06-2024,293,9,13,35395.87,2722.76,42.75,2,2,2,1,0,1,0.5,0,0,8,0
C0700,30-06-2024,268,26,20,22634.49,1131.72,16.3,4,4,4,2,2,1,0.5,0.5,0,11,0
C0703,30-06-2024,139,12,5,9090.63,1818.13,103,0,0,0,0,0,0,0,0,0,3,0
C0706,30-06-2024,118,39,1,493.66,493.66,0,0,0,0,0,0,0,0,0,0,0,1
C0716,30-06-2024,213,31,7,5211.17,744.45,12,1,1,1,1,0,1,1,0,0,1,0
C0721,30-06-2024,191,59,3,2162.28,720.76,0,2,2,2,1,0,1,0.5,0,2,6,0
C0732,30-06-2024,287,17,14,9402.69,671.62,22.67,3,3,3,2,0,1,0.666666667,0,1,3,0
C0763,30-06-2024,238,69,1,863.44,863.44,0,0,0,0,0,0,0,0,0,0,2,0
C0774,30-06-2024,194,1,2,2157.12,1078.56,16,1,1,1,0,0,1,0,0,0,2,0
C0780,30-06-2024,243,60,1,1202,1202,0,2,2,2,0,0,1,0,0,2,7,0
C0782,30-06-2024,276,0,4,3923.36,980.84,148,4,4,4,1,0,1,0.25,0,0,10,0
C0786,30-06-2024,280,1,9,11280.71,1253.41,63.75,2,2,1,0,0,0.5,0,0,0,6,0
C0787,30-06-2024,296,3,5,3715.79,743.16,87.5,3,3,3,1,0,1,0.333333333,0,0,6,0
C0794,30-06-2024,283,19,4,2415.35,603.84,104,2,2,1,0,0,0.5,0,0,0,3,0
C0795,30-06-2024,129,72,3,3736.95,1245.65,0,0,0,0,0,0,0,0,0,0,0,1
C0805,30-06-2024,257,0,3,2993.76,997.92,135,4,4,4,1,0,1,0.25,0,0,6,0
C0809,30-06-2024,110,0,1,2731.64,2731.64,0,1,1,1,1,0,1,1,0,0,0,1
C0818,30-06-2024,224,2,11,24215.28,2201.39,25.8,1,1,1,1,0,1,1,0,0,4,0
C0819,30-06-2024,252,139,2,8162.46,4081.23,0,3,3,2,0,0,0.666666667,0,0,0,2,0
C0821,30-06-2024,288,36,13,16796.97,1292.07,18.5,3,3,3,1,1,1,0.333333333,0.333333333,0,4,0
C0835,30-06-2024,144,34,4,2078.88,519.72,2,0,0,0,0,0,0,0,0,0,3,0
C0838,30-06-2024,242,30,7,4949.61,707.09,40.5,2,2,2,0,0,1,0,0,0,0,1
C0849,30-06-2024,269,89,4,6624.03,1656.01,44,1,1,1,0,0,1,0,0,0,4,0
C0867,30-06-2024,255,20,4,2424.55,606.14,72,0,0,0,0,0,0,0,0,0,2,0
C0870,30-06-2024,290,23,13,18016.62,1385.89,21,0,0,0,0,0,0,0,0,0,4,0
C0882,30-06-2024,283,32,6,3434.14,572.36,20.75,1,1,1,0,0,1,0,0,0,7,0
C0885,30-06-2024,246,17,7,6381.55,911.65,35.5,1,1,1,0,0,1,0,0,0,3,0
C0890,30-06-2024,242,17,11,12169.79,1106.34,29.75,0,0,0,0,0,0,0,0,0,5,0
C0897,30-06-2024,281,6,13,26733.48,2056.42,24.8,4,4,4,0,0,1,0,0,0,10,0
C0898,30-06-2024,139,12,3,3329.28,1109.76,116,1,1,1,1,0,1,1,0,0,3,0
C0899,30-06-2024,76,22,1,796.52,796.52,0,2,2,2,0,0,1,0,0,1,4,0
C0904,30-06-2024,221,141,1,1261.79,1261.79,0,6,6,6,1,0,1,0.166666667,0,4,1,0
C0923,30-06-2024,301,1,14,14912.6,1065.19,26.29,3,3,3,1,0,1,0.333333333,0,0,1,0
C0932,30-06-2024,107,34,1,1224.01,1224.01,0,1,1,1,1,0,1,1,0,1,4,0
C0939,30-06-2024,296,5,3,3027.83,1009.28,80.5,2,2,2,1,0,1,0.5,0,0,7,0
C0941,30-06-2024,262,8,3,2052.94,684.31,105,2,2,0,0,0,0,0,0,0,6,0
C0945,30-06-2024,266,85,3,1191.15,397.05,0,1,1,1,0,0,1,0,0,0,0,1
C0957,30-06-2024,42,8,1,1229.76,1229.76,0,1,1,1,0,0,1,0,0,1,2,0
C0986,30-06-2024,283,77,13,20814.36,1601.1,26.5,0,0,0,0,0,0,0,0,0,9,0
C0001,30-09-2024,198,10,11,15714.9,1428.63,24.33,0,0,0,0,0,0,0,0,0,0,1
C0003,30-09-2024,337,22,4,2544.74,636.18,80.67,1,1,1,1,0,1,1,0,0,0,1
C0005,30-09-2024,265,4,7,10129.37,1447.05,52.67,2,2,2,1,0,1,0.5,0,0,6,0
C0006,30-09-2024,196,73,3,6835.65,2278.55,26,0,0,0,0,0,0,0,0,0,8,0
C0011,30-09-2024,263,133,4,3489.3,872.32,59,1,1,1,0,0,1,0,0,0,4,0
C0013,30-09-2024,381,61,10,16920.77,1692.08,53,2,2,1,0,0,0.5,0,0,1,14,0
C0016,30-09-2024,251,40,9,11456.61,1272.96,35.5,2,2,2,0,0,1,0,0,0,0,1
C0017,30-09-2024,233,22,2,1701.73,850.86,3,2,2,2,1,0,1,0.5,0,0,3,0
C0018,30-09-2024,217,3,2,2410.9,1205.45,34,1,1,1,0,0,1,0,0,0,3,0
C0020,30-09-2024,133,2,8,13270.76,1658.84,15.33,2,2,2,0,0,1,0,0,0,3,0
C0023,30-09-2024,197,28,8,14520.07,1815.01,16.2,3,3,2,0,0,0.666666667,0,0,0,11,0
C0025,30-09-2024,279,0,12,13979.39,1164.95,13,1,1,0,0,0,0,0,0,0,5,0
C0029,30-09-2024,345,38,12,11507.19,958.93,37,6,6,4,1,0,0.666666667,0.25,0,1,1,0
C0030,30-09-2024,309,15,10,11218.1,1121.81,27.6,2,2,2,0,0,1,0,0,0,2,0
C0031,30-09-2024,376,30,7,5377.66,768.24,36,3,3,3,1,1,1,0.333333333,0.333333333,0,6,0
C0032,30-09-2024,312,84,3,1596.33,532.11,25,2,2,2,1,0,1,0.5,0,1,2,0
C0036,30-09-2024,215,8,3,4994.86,1664.95,187,1,1,1,0,0,1,0,0,0,3,0
C0038,30-09-2024,363,16,8,5345.92,668.24,58.5,1,1,1,0,0,1,0,0,0,5,0
C0039,30-09-2024,143,28,3,3745.19,1248.4,24,2,2,2,1,0,1,0.5,0,0,1,0
C0053,30-09-2024,161,35,1,1057.55,1057.55,0,2,2,2,0,0,1,0,0,2,1,0
C0054,30-09-2024,348,3,6,4510.49,751.75,97,4,4,4,0,0,1,0,0,0,5,0
C0057,30-09-2024,312,27,8,14120.11,1765.01,67.5,2,2,2,2,0,1,1,0,0,15,0
C0065,30-09-2024,324,10,15,22928.92,1528.59,25.62,4,4,3,2,0,0.75,0.666666667,0,0,7,0
C0069,30-09-2024,212,8,3,3934.19,1311.4,14,1,1,1,1,1,1,1,1,0,1,0
C0076,30-09-2024,269,23,3,1926.8,642.27,49,4,4,4,2,0,1,0.5,0,0,8,0
C0080,30-09-2024,369,41,1,4779.59,4779.59,0,2,2,2,1,1,1,0.5,0.5,0,4,0
C0082,30-09-2024,237,7,5,6691.51,1338.3,59,3,3,3,0,0,1,0,0,0,0,1
C0083,30-09-2024,148,17,1,1354.57,1354.57,0,0,0,0,0,0,0,0,0,0,0,1
C0085,30-09-2024,116,44,2,2944.98,1472.49,0,2,2,1,0,0,0.5,0,0,2,0,1
C0087,30-09-2024,203,20,2,1808,904,0,2,2,2,1,0,1,0.5,0,0,0,1
C0091,30-09-2024,233,32,7,4420.85,631.55,29.25,1,1,1,0,0,1,0,0,0,2,0
C0094,30-09-2024,313,0,16,22539.54,1408.72,34.57,1,1,1,0,0,1,0,0,0,5,0
C0095,30-09-2024,195,5,6,8935.84,1489.31,51,3,3,2,1,0,0.666666667,0.5,0,0,0,1
C0098,30-09-2024,246,88,8,3933.87,491.73,23.33,3,3,1,0,0,0.333333333,0,0,1,2,0
C0099,30-09-2024,303,22,6,3863.2,643.87,87.5,0,0,0,0,0,0,0,0,0,5,0
C0100,30-09-2024,319,44,9,11006.94,1222.99,27,7,7,6,1,0,0.857142857,0.166666667,0,1,3,0
C0102,30-09-2024,246,102,5,3135.21,627.04,40,3,3,3,0,0,1,0,0,0,8,0
C0106,30-09-2024,322,4,9,5266.56,585.17,58.25,3,3,3,1,0,1,0.333333333,0,0,5,0
C0108,30-09-2024,122,54,1,2412.92,2412.92,0,1,1,1,0,0,1,0,0,0,0,1
C0114,30-09-2024,361,4,5,3426.17,685.23,49.75,3,3,3,1,0,1,0.333333333,0,1,4,0
C0115,30-09-2024,198,31,8,5155.85,644.48,20,2,2,2,0,0,1,0,0,0,4,0
C0116,30-09-2024,160,18,1,655.17,655.17,0,2,2,2,1,0,1,0.5,0,0,4,0
C0118,30-09-2024,303,25,6,7597.42,1266.24,20,4,4,4,1,0,1,0.25,0,0,1,0
C0119,30-09-2024,171,75,3,2143.53,714.51,76,1,1,1,0,0,1,0,0,0,2,0
C0123,30-09-2024,202,68,2,4891.87,2445.94,41,2,2,2,1,0,1,0.5,0,2,0,1
C0130,30-09-2024,190,103,7,7017.63,1002.52,37.5,2,2,2,0,0,1,0,0,1,3,0
C0133,30-09-2024,373,24,10,15304.64,1530.46,40,0,0,0,0,0,0,0,0,0,3,0
C0135,30-09-2024,346,0,7,6989.31,998.47,40.5,4,4,4,0,0,1,0,0,0,2,0
C0143,30-09-2024,197,39,6,4644.91,774.15,19,1,1,1,0,0,1,0,0,0,1,0
C0146,30-09-2024,334,44,5,5290.39,1058.08,63,3,3,3,1,0,1,0.333333333,0,0,1,0
C0150,30-09-2024,342,19,8,7016.26,877.03,69.5,0,0,0,0,0,0,0,0,0,10,0
C0154,30-09-2024,319,48,13,31585.15,2429.63,37,6,6,5,2,0,0.833333333,0.4,0,1,7,0
C0155,30-09-2024,162,74,2,1107.53,553.76,57,2,2,2,0,0,1,0,0,2,8,0
C0157,30-09-2024,156,9,2,2124.56,1062.28,50,0,0,0,0,0,0,0,0,0,3,0
C0163,30-09-2024,164,43,4,6356.36,1589.09,18,2,2,2,0,0,1,0,0,0,0,1
C0174,30-09-2024,215,108,3,2195.86,731.95,57,0,0,0,0,0,0,0,0,0,4,0
C0181,30-09-2024,311,109,1,1823.5,1823.5,0,3,3,3,1,0,1,0.333333333,0,2,2,0
C0184,30-09-2024,381,45,16,18509.45,1156.84,33.5,2,2,2,0,0,1,0,0,0,14,0
C0189,30-09-2024,140,2,3,1678.75,559.58,117,0,0,0,0,0,0,0,0,0,4,0
C0190,30-09-2024,260,96,3,1529.2,509.73,82,2,2,2,1,0,1,0.5,0,0,6,0
C0196,30-09-2024,297,13,1,526.54,526.54,0,2,2,2,1,0,1,0.5,0,0,1,0
C0200,30-09-2024,335,17,13,24355.49,1873.5,35.88,3,3,3,2,1,1,0.666666667,0.333333333,0,3,0
C0209,30-09-2024,376,13,12,14314.03,1192.84,34.33,6,6,5,2,1,0.833333333,0.4,0.2,0,12,0
C0212,30-09-2024,250,11,6,3845.58,640.93,16,2,2,2,0,0,1,0,0,0,6,0
C0213,30-09-2024,353,63,5,3358.17,671.63,44.33,4,4,4,2,1,1,0.5,0.25,1,4,0
C0218,30-09-2024,342,2,13,23518.97,1809.15,30.62,2,2,2,1,1,1,0.5,0.5,0,12,0
C0221,30-09-2024,101,2,2,2059.06,1029.53,0,0,0,0,0,0,0,0,0,0,0,1
C0222,30-09-2024,283,30,6,4548.02,758,23,1,1,1,1,1,1,1,1,0,4,0
C0223,30-09-2024,152,12,3,2792.58,930.86,0,3,3,3,2,0,1,0.666666667,0,0,1,0
C0227,30-09-2024,195,1,3,1886.58,628.86,53,1,1,1,0,0,1,0,0,0,4,0
C0228,30-09-2024,373,10,7,3757.82,536.83,41,2,2,2,1,0,1,0.5,0,0,7,0
C0229,30-09-2024,86,8,1,866.71,866.71,0,0,0,0,0,0,0,0,0,0,4,0
C0233,30-09-2024,342,14,12,46636.25,3886.35,37.83,3,3,2,1,0,0.666666667,0.5,0,1,9,0
C0243,30-09-2024,309,58,5,3334.18,666.84,82,1,1,1,1,0,1,1,0,0,5,0
C0244,30-09-2024,260,3,8,15511.08,1938.88,48,2,2,2,0,0,1,0,0,0,7,0
C0249,30-09-2024,117,21,3,9044.01,3014.67,15,0,0,0,0,0,0,0,0,0,6,0
C0254,30-09-2024,122,9,2,1584.94,792.47,0,1,1,1,0,0,1,0,0,1,3,0
C0257,30-09-2024,346,5,20,37742.99,1887.15,19.18,2,2,2,1,0,1,0.5,0,0,11,0
C0260,30-09-2024,106,13,2,1371.73,685.86,18,0,0,0,0,0,0,0,0,0,0,1
C0264,30-09-2024,192,137,3,2255.64,751.88,22,1,1,1,1,0,1,1,0,1,2,0
C0266,30-09-2024,248,20,7,6451,921.57,24.75,2,2,2,0,0,1,0,0,1,4,0
C0268,30-09-2024,321,46,6,4182.64,697.11,53,4,4,4,0,0,1,0,0,1,0,1
C0272,30-09-2024,97,51,1,914.25,914.25,0,0,0,0,0,0,0,0,0,0,0,1
C0274,30-09-2024,343,28,6,3306.43,551.07,35,3,3,3,1,0,1,0.333333333,0,1,5,0
C0281,30-09-2024,159,50,1,419.56,419.56,0,1,1,1,0,0,1,0,0,0,1,0
C0285,30-09-2024,219,11,7,8844.82,1263.55,18.5,0,0,0,0,0,0,0,0,0,10,0
C0287,30-09-2024,135,45,2,2884.73,1442.36,16,0,0,0,0,0,0,0,0,0,4,0
C0288,30-09-2024,205,54,7,4825.39,689.34,24.33,3,3,3,1,1,1,0.333333333,0.333333333,1,5,0
C0290,30-09-2024,366,42,9,14687.71,1631.97,27.6,1,1,1,1,1,1,1,1,0,6,0
C0292,30-09-2024,228,31,1,1481.22,1481.22,0,3,3,3,1,0,1,0.333333333,0,0,8,0
C0297,30-09-2024,235,8,5,6378.02,1275.6,33,0,0,0,0,0,0,0,0,0,2,0
C0299,30-09-2024,226,40,4,1866.47,466.62,98,3,3,2,0,0,0.666666667,0,0,0,2,0
C0304,30-09-2024,199,54,1,938.43,938.43,0,2,2,2,0,0,1,0,0,0,2,0
C0306,30-09-2024,249,6,6,7135.94,1189.32,43,1,1,0,0,0,0,0,0,0,1,0
C0311,30-09-2024,134,22,2,3461.26,1730.63,0,6,6,5,3,0,0.833333333,0.6,0,1,4,0
C0320,30-09-2024,374,40,17,26136.98,1537.47,23.25,3,3,3,0,0,1,0,0,0,15,0
C0322,30-09-2024,218,10,12,22381.84,1865.15,29.4,0,0,0,0,0,0,0,0,0,11,0
C0323,30-09-2024,354,27,13,15269.54,1174.58,40.29,1,1,1,0,0,1,0,0,0,13,0
C0328,30-09-2024,368,0,8,8210.94,1026.37,41.33,6,6,5,2,1,0.833333333,0.4,0.2,0,3,0
C0329,30-09-2024,364,24,14,26097.25,1864.09,20.2,3,3,3,1,0,1,0.333333333,0,0,12,0
C0330,30-09-2024,274,29,11,32730.48,2975.5,33.2,2,2,2,1,0,1,0.5,0,0,14,0
C0332,30-09-2024,159,0,3,2081.57,693.86,43,1,1,1,0,0,1,0,0,0,1,0
C0334,30-09-2024,284,11,15,27538.17,1835.88,32.86,3,3,2,1,0,0.666666667,0.5,0,0,17,0
C0336,30-09-2024,229,59,5,5064.75,1012.95,45,2,2,2,2,1,1,1,0.5,0,11,0
C0337,30-09-2024,304,22,2,4719.88,2359.94,219,1,1,1,0,0,1,0,0,0,8,0
C0357,30-09-2024,323,86,9,14327.25,1591.92,25.5,1,1,1,0,0,1,0,0,1,10,0
C0359,30-09-2024,51,5,2,2634.45,1317.22,9,2,2,2,1,0,1,0.5,0,0,5,0
C0360,30-09-2024,368,25,9,13170.45,1463.38,15.6,4,4,4,2,0,1,0.5,0,0,8,0
C0368,30-09-2024,186,74,1,468.09,468.09,0,0,0,0,0,0,0,0,0,0,8,0
C0374,30-09-2024,337,13,6,8842.28,1473.71,59.75,4,4,3,1,0,0.75,0.333333333,0,0,3,0
C0375,30-09-2024,388,23,3,2413.52,804.51,67,2,2,1,0,0,0.5,0,0,0,2,0
C0376,30-09-2024,172,13,10,9902.7,990.27,21.25,0,0,0,0,0,0,0,0,0,1,0
C0380,30-09-2024,189,53,3,4830.98,1610.33,9,2,2,2,1,1,1,0.5,0.5,0,0,1
C0391,30-09-2024,210,25,5,7564.73,1512.95,29,2,2,2,0,0,1,0,0,2,6,0
C0393,30-09-2024,384,70,8,9767.12,1220.89,45.4,5,5,5,1,1,1,0.2,0.2,1,12,0
C0395,30-09-2024,120,21,2,2365.04,1182.52,0,0,0,0,0,0,0,0,0,0,2,0
C0397,30-09-2024,104,43,3,1241.43,413.81,0,0,0,0,0,0,0,0,0,0,2,0
C0403,30-09-2024,224,8,4,3412.67,853.17,20.5,0,0,0,0,0,0,0,0,0,7,0
C0410,30-09-2024,81,25,1,3159.01,3159.01,0,0,0,0,0,0,0,0,0,0,3,0
C0415,30-09-2024,159,0,4,5067.88,1266.97,25,3,3,2,0,0,0.666666667,0,0,0,4,0
C0419,30-09-2024,294,108,3,3190.29,1063.43,32,2,2,2,0,0,1,0,0,0,2,0
C0425,30-09-2024,196,66,5,4734.66,946.93,74,2,2,2,0,0,1,0,0,1,2,0
C0428,30-09-2024,189,133,1,615.14,615.14,0,2,2,2,2,2,1,1,1,2,4,0
C0430,30-09-2024,209,58,1,681.28,681.28,0,3,3,3,0,0,1,0,0,2,3,0
C0432,30-09-2024,314,10,11,13482.08,1225.64,52.6,1,1,1,0,0,1,0,0,0,10,0
C0435,30-09-2024,321,12,4,4932.48,1233.12,54,0,0,0,0,0,0,0,0,0,5,0
C0441,30-09-2024,169,50,5,6033.09,1206.62,83,1,1,1,1,0,1,1,0,0,1,0
C0445,30-09-2024,337,0,16,14723.88,920.24,26.5,4,4,4,2,0,1,0.5,0,0,8,0
C0452,30-09-2024,113,22,1,1434.64,1434.64,0,1,1,1,0,0,1,0,0,0,5,0
C0454,30-09-2024,102,2,3,5811.69,1937.23,0,0,0,0,0,0,0,0,0,0,6,0
C0463,30-09-2024,184,25,5,8832.59,1766.52,27,0,0,0,0,0,0,0,0,0,5,0
C0464,30-09-2024,313,7,12,23714.02,1976.17,40.4,0,0,0,0,0,0,0,0,0,12,0
C0469,30-09-2024,345,5,10,13424.79,1342.48,29.4,3,3,3,0,0,1,0,0,0,8,0
C0475,30-09-2024,184,64,3,3580.95,1193.65,72,1,1,1,0,0,1,0,0,0,12,0
C0478,30-09-2024,302,101,2,4814.35,2407.18,51,5,5,5,2,0,1,0.4,0,3,8,0
C0484,30-09-2024,88,53,1,2524.71,2524.71,0,0,0,0,0,0,0,0,0,0,0,1
C0490,30-09-2024,166,65,1,1622.12,1622.12,0,1,1,1,0,0,1,0,0,0,2,0
C0507,30-09-2024,356,32,11,4353.17,395.74,61.33,3,3,3,0,0,1,0,0,0,4,0
C0510,30-09-2024,373,2,23,49930.85,2170.91,28,4,4,4,0,0,1,0,0,0,7,0
C0515,30-09-2024,187,64,1,1350.89,1350.89,0,0,0,0,0,0,0,0,0,0,0,1
C0516,30-09-2024,166,62,3,1930.96,643.65,12,2,2,2,1,0,1,0.5,0,1,7,0
C0521,30-09-2024,237,14,2,1593.94,796.97,37,4,4,4,1,0,1,0.25,0,0,2,0
C0524,30-09-2024,154,37,3,4586.98,1528.99,50,1,1,1,1,1,1,1,1,0,4,0
C0526,30-09-2024,394,97,3,1720.94,573.65,69,2,2,2,0,0,1,0,0,1,4,0
C0533,30-09-2024,164,105,3,1670.55,556.85,0,0,0,0,0,0,0,0,0,0,6,0
C0535,30-09-2024,213,26,5,4527.92,905.58,34.33,1,1,0,0,0,0,0,0,0,5,0
C0537,30-09-2024,299,9,3,2795.07,931.69,0,2,2,2,0,0,1,0,0,0,3,0
C0547,30-09-2024,137,2,4,7025.67,1756.42,7,1,1,1,0,0,1,0,0,0,5,0
C0549,30-09-2024,364,31,10,19308.15,1930.82,25.75,3,3,3,1,0,1,0.333333333,0,0,1,0
C0558,30-09-2024,179,80,6,7884.51,1314.08,27,1,1,1,0,0,1,0,0,0,12,0
C0561,30-09-2024,359,70,4,4028.38,1007.1,73,3,3,3,1,1,1,0.333333333,0.333333333,0,6,0
C0562,30-09-2024,198,106,3,1819.56,606.52,0,1,1,1,0,0,1,0,0,0,0,1
C0567,30-09-2024,370,0,23,36839.54,1601.72,23.5,4,4,2,1,1,0.5,0.5,0.5,0,6,0
C0568,30-09-2024,328,17,13,15574.55,1198.04,32.88,4,4,4,3,2,1,0.75,0.5,0,8,0
C0575,30-09-2024,371,8,14,14174.38,1012.46,22.78,2,2,2,2,1,1,1,0.5,0,2,0
C0578,30-09-2024,278,27,12,8400.17,700.01,26.75,1,1,1,0,0,1,0,0,0,2,0
C0580,30-09-2024,289,14,7,13369.87,1909.98,54,3,3,3,1,0,1,0.333333333,0,0,5,0
C0581,30-09-2024,192,7,2,3829.95,1914.98,108,0,0,0,0,0,0,0,0,0,9,0
C0588,30-09-2024,366,1,27,28235.07,1045.74,32.12,5,5,4,4,2,0.8,1,0.5,0,4,0
C0596,30-09-2024,233,14,8,9127.52,1140.94,28.29,2,2,2,1,0,1,0.5,0,0,10,0
C0597,30-09-2024,97,36,2,2602.42,1301.21,0,1,1,1,0,0,1,0,0,0,1,0
C0600,30-09-2024,155,18,2,4350.04,2175.02,0,0,0,0,0,0,0,0,0,0,4,0
C0601,30-09-2024,303,71,7,3730.84,532.98,37.4,0,0,0,0,0,0,0,0,0,6,0
C0602,30-09-2024,105,35,2,1777.94,888.97,0,0,0,0,0,0,0,0,0,0,8,0
C0603,30-09-2024,192,9,5,8980.7,1796.14,40,2,2,2,0,0,1,0,0,0,9,0
C0606,30-09-2024,206,9,2,2106.4,1053.2,68,0,0,0,0,0,0,0,0,0,5,0
C0609,30-09-2024,258,79,8,4350.38,543.8,22,2,2,2,1,0,1,0.5,0,1,1,0
C0617,30-09-2024,263,88,7,13790.46,1970.07,19,2,2,2,0,0,1,0,0,0,10,0
C0621,30-09-2024,273,44,4,2989.31,747.33,97.5,1,1,1,0,0,1,0,0,1,4,0
C0629,30-09-2024,363,45,8,22242.73,2780.34,38.67,2,2,2,0,0,1,0,0,0,4,0
C0636,30-09-2024,373,2,10,13902.24,1390.22,52.6,2,2,2,1,0,1,0.5,0,0,7,0
C0641,30-09-2024,193,71,3,3249.19,1083.06,37,2,2,2,1,1,1,0.5,0.5,2,0,1
C0646,30-09-2024,175,2,8,7996.88,999.61,70,2,2,2,0,0,1,0,0,0,2,0
C0649,30-09-2024,81,6,2,1132.14,566.07,0,1,1,1,0,0,1,0,0,0,0,1
C0652,30-09-2024,79,72,1,817.91,817.91,0,1,1,1,0,0,1,0,0,1,0,1
C0654,30-09-2024,344,24,11,9626.86,875.17,50.4,4,4,4,1,0,1,0.25,0,1,3,0
C0655,30-09-2024,372,21,20,25592.69,1279.63,26.22,4,4,4,0,0,1,0,0,0,11,0
C0656,30-09-2024,121,40,1,860.33,860.33,0,1,1,1,0,0,1,0,0,1,0,1
C0657,30-09-2024,242,23,4,6351.56,1587.89,29,4,4,4,0,0,1,0,0,0,4,0
C0661,30-09-2024,381,44,9,10493.91,1165.99,38.6,2,2,2,1,1,1,0.5,0.5,0,6,0
C0669,30-09-2024,230,54,10,16407.81,1640.78,26.67,1,1,1,0,0,1,0,0,0,3,0
C0673,30-09-2024,270,12,8,9284.56,1160.57,72.67,1,1,1,0,0,1,0,0,0,15,0
C0675,30-09-2024,290,66,10,15191.27,1519.13,28.17,1,1,1,0,0,1,0,0,0,5,0
C0676,30-09-2024,278,41,5,5706.47,1141.29,28,3,3,2,0,0,0.666666667,0,0,0,13,0
C0678,30-09-2024,191,21,7,9002.32,1286.05,30.67,2,2,2,0,0,1,0,0,1,2,0
C0680,30-09-2024,304,3,13,7548.17,580.63,17.5,7,7,6,2,0,0.857142857,0.333333333,0,0,3,0
C0681,30-09-2024,192,9,4,8199.35,2049.84,82.5,0,0,0,0,0,0,0,0,0,5,0
C0683,30-09-2024,283,2,11,16065.99,1460.54,36.5,2,2,2,0,0,1,0,0,0,9,0
C0684,30-09-2024,102,5,8,14919.27,1864.91,39,2,2,2,1,0,1,0.5,0,1,5,0
C0687,30-09-2024,385,21,16,26376.89,1648.56,25.62,1,1,1,0,0,1,0,0,0,5,0
C0697,30-09-2024,214,37,2,835.74,417.87,72,3,3,3,1,0,1,0.333333333,0,1,6,0
C0698,30-09-2024,186,16,3,5206.01,1735.34,70.5,0,0,0,0,0,0,0,0,0,10,0
C0699,30-09-2024,385,15,21,49204.35,2343.06,28.56,4,4,4,3,1,1,0.75,0.25,0,8,0
C0700,30-09-2024,360,33,31,39125.63,1262.12,19.08,4,4,4,2,2,1,0.5,0.5,0,8,0
C0702,30-09-2024,186,53,1,336.43,336.43,0,2,2,2,1,0,1,0.5,0,0,7,0
C0703,30-09-2024,231,40,8,14559.28,1819.91,41.75,0,0,0,0,0,0,0,0,0,6,0
C0706,30-09-2024,210,131,1,493.66,493.66,0,3,3,3,1,0,1,0.333333333,0,3,8,0
C0713,30-09-2024,179,78,1,1115.07,1115.07,0,1,1,1,0,0,1,0,0,0,5,0
C0715,30-09-2024,170,43,2,2804.8,1402.4,0,0,0,0,0,0,0,0,0,0,2,0
C0716,30-09-2024,305,2,8,6045.18,755.65,48.33,2,2,2,2,0,1,1,0,0,0,1
C0721,30-09-2024,283,20,9,7184.3,798.26,43.67,3,3,3,2,1,1,0.666666667,0.333333333,0,3,0
C0723,30-09-2024,160,70,3,4988.78,1662.93,1,1,1,1,0,0,1,0,0,1,3,0
C0726,30-09-2024,236,4,1,825.25,825.25,0,0,0,0,0,0,0,0,0,0,0,1
C0729,30-09-2024,59,10,1,1635.12,1635.12,0,0,0,0,0,0,0,0,0,0,10,0
C0730,30-09-2024,131,2,2,3074.27,1537.14,31,1,1,1,1,1,1,1,1,0,3,0
C0732,30-09-2024,379,4,17,12541.38,737.73,26.78,4,4,4,2,0,1,0.5,0,0,3,0
C0746,30-09-2024,196,9,3,4099.79,1366.6,63,3,3,3,2,0,1,0.666666667,0,0,3,0
C0759,30-09-2024,217,14,3,2895.4,965.13,68,2,2,2,0,0,1,0,0,0,3,0
C0763,30-09-2024,330,24,3,2986.23,995.41,68.5,2,2,2,1,0,1,0.5,0,0,3,0
C0766,30-09-2024,122,24,4,8792.7,2198.18,30,5,5,4,2,0,0.8,0.5,0,1,5,0
C0769,30-09-2024,89,4,1,2027.43,2027.43,0,1,1,0,0,0,0,0,0,0,7,0
C0771,30-09-2024,279,11,4,3822.63,955.66,72,3,3,3,0,0,1,0,0,1,6,0
C0774,30-09-2024,286,8,4,4405.18,1101.3,33.67,2,2,2,0,0,1,0,0,0,3,0
C0780,30-09-2024,335,2,8,11138.34,1392.29,30,3,3,3,0,0,1,0,0,0,0,1
C0782,30-09-2024,368,8,14,14590.15,1042.15,33.14,6,6,6,1,0,1,0.166666667,0,0,3,0
C0786,30-09-2024,372,54,15,14881.14,992.08,42,2,2,1,0,0,0.5,0,0,0,3,0
C0787,30-09-2024,388,26,11,10998.42,999.86,40.67,4,4,3,1,0,0.75,0.333333333,0,1,3,0
C0794,30-09-2024,375,76,7,7828.79,1118.4,69.5,4,4,3,2,0,0.75,0.666666667,0,1,2,0
C0795,30-09-2024,221,164,3,3736.95,1245.65,0,0,0,0,0,0,0,0,0,0,5,0
C0805,30-09-2024,349,10,9,13289.6,1476.62,54.25,5,5,5,1,0,1,0.2,0,0,6,0
C0809,30-09-2024,202,92,1,2731.64,2731.64,0,1,1,1,1,0,1,1,0,0,3,0
C0818,30-09-2024,316,4,15,36357.37,2423.82,27.38,2,2,2,2,0,1,1,0,0,5,0
C0819,30-09-2024,344,19,4,21026.72,5256.68,212,3,3,2,0,0,0.666666667,0,0,0,5,0
C0821,30-09-2024,380,12,17,25432.03,1496,25.22,4,4,4,1,1,1,0.25,0.25,1,5,0
C0827,30-09-2024,223,8,5,4779.86,955.97,16.33,1,1,1,0,0,1,0,0,0,8,0
C0829,30-09-2024,189,70,3,2938.23,979.41,0,3,3,3,2,1,1,0.666666667,0.333333333,1,1,0
C0835,30-09-2024,236,13,7,3981.58,568.8,38.33,2,2,2,0,0,1,0,0,1,4,0
C0838,30-09-2024,334,122,7,4949.61,707.09,40.5,2,2,2,0,0,1,0,0,0,2,0
C0839,30-09-2024,186,48,1,3667.28,3667.28,0,1,1,1,0,0,1,0,0,1,4,0
C0841,30-09-2024,213,42,3,5883.15,1961.05,42,1,1,1,1,1,1,1,1,0,5,0
C0849,30-09-2024,361,10,8,10066.1,1258.26,50.5,2,2,2,0,0,1,0,0,1,18,0
C0854,30-09-2024,27,13,2,1536.76,768.38,0,0,0,0,0,0,0,0,0,0,0,1
C0867,30-09-2024,347,75,6,3635.33,605.89,63.25,1,1,1,1,0,1,1,0,1,4,0
C0870,30-09-2024,382,32,17,23607.8,1388.69,26.86,0,0,0,0,0,0,0,0,0,6,0
C0876,30-09-2024,161,9,2,1586.28,793.14,49,1,1,1,0,0,1,0,0,0,4,0
C0879,30-09-2024,253,47,5,3539.02,707.8,7.5,2,2,2,0,0,1,0,0,0,8,0
C0882,30-09-2024,375,10,13,7254.33,558.03,24.62,3,3,3,2,1,1,0.666666667,0.333333333,0,3,0
C0885,30-09-2024,338,42,10,10427.76,1042.78,34.5,1,1,1,0,0,1,0,0,0,2,0
C0887,30-09-2024,63,37,2,2271.42,1135.71,0,0,0,0,0,0,0,0,0,0,1,0
C0890,30-09-2024,334,53,16,17926.28,1120.39,25,2,2,1,1,0,0.5,1,0,1,13,0
C0897,30-09-2024,373,35,23,38988.93,1695.17,18.7,4,4,4,0,0,1,0,0,0,5,0
C0898,30-09-2024,231,15,6,5729.85,954.98,51.25,2,2,2,1,0,1,0.5,0,0,6,0
C0899,30-09-2024,168,35,5,4006.24,801.25,39.5,3,3,3,0,0,1,0,0,1,4,0
C0904,30-09-2024,313,81,2,2329.26,1164.63,152,7,7,7,1,0,1,0.142857143,0,1,3,0
C0906,30-09-2024,93,42,2,4614.18,2307.09,0,1,1,1,0,0,1,0,0,0,4,0
C0923,30-09-2024,393,5,15,15771.2,1051.41,34,3,3,3,1,0,1,0.333333333,0,0,5,0
C0932,30-09-2024,199,1,6,5280.47,880.08,41.67,3,3,3,2,0,1,0.666666667,0,0,7,0
C0935,30-09-2024,223,11,2,988.48,494.24,19,1,1,1,0,0,1,0,0,0,3,0
C0938,30-09-2024,127,11,7,10059.01,1437,17.33,1,1,0,0,0,0,0,0,0,1,0
C0939,30-09-2024,388,17,10,7840.42,784.04,34.43,2,2,2,1,0,1,0.5,0,0,6,0
C0941,30-09-2024,354,5,9,7202.69,800.3,50,2,2,0,0,0,0,0,0,0,4,0
C0945,30-09-2024,358,177,3,1191.15,397.05,0,2,2,2,0,0,1,0,0,1,2,0
C0947,30-09-2024,257,1,4,5385.54,1346.38,35.5,3,3,2,1,0,0.666666667,0.5,0,0,11,0
C0957,30-09-2024,134,6,3,2893.68,964.56,94,1,1,1,0,0,1,0,0,0,0,1
C0960,30-09-2024,106,64,1,1662.5,1662.5,0,0,0,0,0,0,0,0,0,0,5,0
C0962,30-09-2024,124,17,1,470.54,470.54,0,1,1,1,0,0,1,0,0,0,7,0
C0968,30-09-2024,132,0,7,7266.44,1038.06,28,2,2,2,0,0,1,0,0,0,11,0
C0986,30-09-2024,375,5,22,33402.54,1518.3,26.92,0,0,0,0,0,0,0,0,0,7,0
C0990,30-09-2024,218,46,3,6764.14,2254.71,32,1,1,1,0,0,1,0,0,0,9,0
C0001,31-12-2024,290,102,11,15714.9,1428.63,24.33,0,0,0,0,0,0,0,0,0,1,0
C0003,31-12-2024,429,0,6,4589.14,764.86,89,3,3,3,3,0,1,1,0,0,8,0
C0005,31-12-2024,357,6,13,16348.65,1257.59,31,2,2,2,1,0,1,0.5,0,0,8,0
C0006,31-12-2024,288,20,11,22085.99,2007.82,28.5,1,1,1,0,0,1,0,0,1,12,0
C0011,31-12-2024,355,22,8,7590.42,948.8,65.5,2,2,2,0,0,1,0,0,0,2,0
C0013,31-12-2024,473,10,24,36640.32,1526.68,31.38,4,4,3,2,1,0.75,0.666666667,0.333333333,1,10,0
C0016,31-12-2024,343,132,9,11456.61,1272.96,35.5,4,4,4,0,0,1,0,0,2,3,0
C0017,31-12-2024,325,25,5,5847.38,1169.48,30.67,4,4,4,1,0,1,0.25,0,0,5,0
C0018,31-12-2024,309,34,5,10184.58,2036.92,31.67,1,1,1,0,0,1,0,0,0,5,0
C0020,31-12-2024,225,16,11,22592.94,2053.9,24.8,3,3,3,0,0,1,0,0,0,14,0
C0021,31-12-2024,238,45,7,13627.52,1946.79,9.5,1,1,1,0,0,1,0,0,0,3,0
C0023,31-12-2024,289,44,19,36556.73,1924.04,15.7,3,3,2,0,0,0.666666667,0,0,0,6,0
C0025,31-12-2024,371,11,17,22638.08,1331.65,16.22,1,1,0,0,0,0,0,0,0,11,0
C0029,31-12-2024,437,17,13,12297.67,945.97,46.5,7,7,5,1,0,0.714285714,0.2,0,0,3,0
C0030,31-12-2024,401,69,12,12598.11,1049.84,25.14,2,2,2,0,0,1,0,0,0,1,0
C0031,31-12-2024,468,11,13,11803.54,907.96,31.88,3,3,3,1,1,1,0.333333333,0.333333333,0,8,0
C0032,31-12-2024,404,30,5,2697.15,539.43,49,4,4,4,1,0,1,0.25,0,2,0,1
C0036,31-12-2024,307,35,6,9281.11,1546.85,84,1,1,1,0,0,1,0,0,0,8,0
C0038,31-12-2024,455,2,13,8973.83,690.29,42.5,1,1,1,0,0,1,0,0,0,4,0
C0039,31-12-2024,235,36,4,6046.85,1511.71,54,3,3,2,1,0,0.666666667,0.5,0,1,4,0
C0047,31-12-2024,93,8,3,8582.05,2860.68,26,3,3,3,1,0,1,0.333333333,0,0,8,0
C0053,31-12-2024,253,19,2,2058.69,1029.34,108,3,3,3,0,0,1,0,0,0,3,0
C0054,31-12-2024,440,25,11,10583.19,962.11,60.17,4,4,4,0,0,1,0,0,0,4,0
C0057,31-12-2024,404,18,23,34069.89,1481.3,24.73,2,2,2,2,0,1,1,0,0,15,0
C0058,31-12-2024,271,44,1,659.81,659.81,0,3,3,2,1,0,0.666666667,0.5,0,1,1,0
C0064,31-12-2024,135,26,6,13529.54,2254.92,3,0,0,0,0,0,0,0,0,0,4,0
C0065,31-12-2024,416,9,22,34932.53,1587.84,24.83,7,7,6,2,0,0.857142857,0.333333333,0,1,10,0
C0068,31-12-2024,106,19,3,4288.4,1429.47,7,1,1,1,1,0,1,1,0,0,8,0
C0069,31-12-2024,304,87,4,5173.4,1293.35,13.5,2,2,2,1,1,1,0.5,0.5,1,1,0
C0076,31-12-2024,361,10,11,9270.36,842.76,22,4,4,4,2,0,1,0.5,0,0,2,0
C0080,31-12-2024,461,13,5,10919.89,2183.98,60,2,2,2,1,1,1,0.5,0.5,0,1,0
C0082,31-12-2024,329,99,5,6691.51,1338.3,59,3,3,3,0,0,1,0,0,0,0,1
C0083,31-12-2024,240,109,1,1354.57,1354.57,0,1,1,1,0,0,1,0,0,1,4,0
C0085,31-12-2024,208,0,4,5336.06,1334.02,136,4,4,2,1,0,0.5,0.5,0,0,6,0
C0087,31-12-2024,295,112,2,1808,904,0,2,2,2,1,0,1,0.5,0,0,8,0
C0091,31-12-2024,325,72,9,4998.25,555.36,28.17,2,2,2,0,0,1,0,0,1,7,0
C0092,31-12-2024,137,15,2,1079.56,539.78,0,2,2,2,1,0,1,0.5,0,0,0,1
C0093,31-12-2024,162,29,2,1772.36,886.18,0,0,0,0,0,0,0,0,0,0,5,0
C0094,31-12-2024,405,8,21,28852.94,1373.95,32.6,1,1,1,0,0,1,0,0,0,9,0
C0095,31-12-2024,287,97,6,8935.84,1489.31,51,3,3,2,1,0,0.666666667,0.5,0,0,14,0
C0098,31-12-2024,338,89,10,5179.26,517.93,32.2,4,4,2,0,0,0.5,0,0,1,4,0
C0099,31-12-2024,395,21,11,8312.69,755.7,53.6,5,5,4,0,0,0.8,0,0,1,1,0
C0100,31-12-2024,411,71,12,15271.42,1272.62,28.83,7,7,6,1,0,0.857142857,0.166666667,0,0,0,1
C0102,31-12-2024,338,38,13,7977.82,613.68,39.2,3,3,3,0,0,1,0,0,0,2,0
C0106,31-12-2024,414,6,14,8085.2,577.51,53.83,3,3,3,1,0,1,0.333333333,0,0,6,0
C0108,31-12-2024,214,146,1,2412.92,2412.92,0,4,4,4,1,0,1,0.25,0,3,4,0
C0109,31-12-2024,169,5,4,11523.46,2880.86,27.67,1,1,1,0,0,1,0,0,0,7,0
C0110,31-12-2024,163,26,2,7198.6,3599.3,0,1,1,1,0,0,1,0,0,0,6,0
C0114,31-12-2024,453,5,9,5731.54,636.84,41.43,4,4,4,1,0,1,0.25,0,0,7,0
C0115,31-12-2024,290,2,12,8585.24,715.44,28.71,3,3,3,0,0,1,0,0,0,3,0
C0116,31-12-2024,252,11,5,3673.51,734.7,33,2,2,2,1,0,1,0.5,0,0,7,0
C0118,31-12-2024,395,61,7,8814.74,1259.25,38,4,4,4,1,0,1,0.25,0,0,2,0
C0119,31-12-2024,263,20,5,4251.44,850.29,74.33,1,1,1,0,0,1,0,0,0,2,0
C0123,31-12-2024,294,160,2,4891.87,2445.94,41,7,7,7,2,1,1,0.285714286,0.142857143,7,16,0
C0127,31-12-2024,192,41,3,1571.96,523.99,24,2,2,2,1,0,1,0.5,0,0,4,0
C0129,31-12-2024,118,9,5,7181.99,1436.4,17,1,1,1,0,0,1,0,0,0,3,0
C0130,31-12-2024,282,2,10,9116.19,911.62,67,2,2,2,0,0,1,0,0,0,1,0
C0133,31-12-2024,465,46,13,18142.86,1395.6,38,0,0,0,0,0,0,0,0,0,10,0
C0135,31-12-2024,438,7,9,9465.45,1051.72,41.17,5,5,5,0,0,1,0,0,0,4,0
C0136,31-12-2024,132,8,3,6314.28,2104.76,32,2,2,2,0,0,1,0,0,0,6,0
C0138,31-12-2024,212,3,8,15017.74,1877.22,25.33,8,8,8,3,1,1,0.375,0.125,1,4,0
C0140,31-12-2024,103,3,2,3502.78,1751.39,0,3,3,3,0,0,1,0,0,0,5,0
C0143,31-12-2024,289,73,7,5581.84,797.41,38.5,3,3,3,0,0,1,0,0,1,3,0
C0146,31-12-2024,426,41,6,6507.69,1084.62,71,3,3,3,1,0,1,0.333333333,0,0,11,0
C0150,31-12-2024,434,58,18,15745.39,874.74,36.78,1,1,0,0,0,0,0,0,0,5,0
C0154,31-12-2024,411,6,20,44031.37,2201.57,32.36,8,8,7,2,0,0.875,0.285714286,0,0,13,0
C0155,31-12-2024,254,7,10,8973.45,897.34,54,4,4,4,1,0,1,0.25,0,1,3,0
C0156,31-12-2024,97,15,5,6731.37,1346.27,13.5,2,2,2,2,1,1,1,0.5,1,6,0
C0157,31-12-2024,248,13,5,6501.78,1300.36,46,0,0,0,0,0,0,0,0,0,5,0
C0163,31-12-2024,256,135,4,6356.36,1589.09,18,4,4,3,0,0,0.75,0,0,2,3,0
C0174,31-12-2024,307,20,7,6969.7,995.67,79,0,0,0,0,0,0,0,0,0,8,0
C0181,31-12-2024,403,32,3,3053.34,1017.78,169,3,3,3,1,0,1,0.333333333,0,0,7,0
C0184,31-12-2024,473,6,30,31320.09,1044,22.17,2,2,2,0,0,1,0,0,0,8,0
C0189,31-12-2024,232,3,7,3889.34,555.62,52,0,0,0,0,0,0,0,0,0,1,0
C0190,31-12-2024,352,24,9,6766.92,751.88,49.2,3,3,3,2,0,1,0.666666667,0,0,3,0
C0194,31-12-2024,51,0,1,746.42,746.42,0,1,1,1,0,0,1,0,0,0,0,1
C0196,31-12-2024,389,43,2,1302.87,651.43,62,2,2,2,1,0,1,0.5,0,0,11,0
C0200,31-12-2024,427,53,16,28163.15,1760.2,38.11,3,3,3,2,1,1,0.666666667,0.333333333,0,12,0
C0209,31-12-2024,468,9,24,30337.29,1264.05,27.45,8,8,7,3,2,0.875,0.428571429,0.285714286,0,5,0
C0212,31-12-2024,342,18,12,10634.58,886.22,19.5,2,2,2,0,0,1,0,0,0,5,0
C0213,31-12-2024,445,27,9,6105.94,678.44,43.5,4,4,4,2,1,1,0.5,0.25,0,3,0
C0218,31-12-2024,434,10,25,37828.54,1513.14,21.93,2,2,2,1,1,1,0.5,0.5,0,6,0
C0219,31-12-2024,121,45,2,1295.78,647.89,0,2,2,1,0,0,0.5,0,0,0,8,0
C0221,31-12-2024,193,94,2,2059.06,1029.53,0,0,0,0,0,0,0,0,0,0,2,0
C0222,31-12-2024,375,2,10,7069.95,707,41.5,2,2,2,2,1,1,1,0.5,0,0,1
C0223,31-12-2024,244,90,4,3755.66,938.92,14,3,3,3,2,0,1,0.666666667,0,0,0,1
C0227,31-12-2024,287,16,7,4650.12,664.3,43.33,1,1,1,0,0,1,0,0,0,1,0
C0228,31-12-2024,465,34,14,8398.32,599.88,23.88,3,3,3,1,0,1,0.333333333,0,1,6,0
C0229,31-12-2024,178,51,5,6601.43,1320.29,49,1,1,1,0,0,1,0,0,0,6,0
C0231,31-12-2024,139,23,3,8777.99,2926,55,3,3,3,2,1,1,0.666666667,0.333333333,1,9,0
C0233,31-12-2024,434,10,21,59662.07,2841.05,32.3,4,4,3,1,0,0.75,0.333333333,0,0,9,0
C0235,31-12-2024,62,23,2,2045.64,1022.82,0,1,1,1,1,1,1,1,1,0,0,1
C0241,31-12-2024,104,10,3,6380.07,2126.69,58,2,2,1,0,0,0.5,0,0,0,12,0
C0243,31-12-2024,401,25,10,8064.88,806.49,48.17,2,2,2,1,0,1,0.5,0,0,1,0
C0244,31-12-2024,352,0,19,30160.54,1587.4,26.09,2,2,2,0,0,1,0,0,0,7,0
C0249,31-12-2024,209,8,9,16589.87,1843.32,40,0,0,0,0,0,0,0,0,0,5,0
C0254,31-12-2024,214,38,5,5555.86,1111.17,63,1,1,1,0,0,1,0,0,0,8,0
C0257,31-12-2024,438,0,33,64516.02,1955.03,16.21,3,3,3,2,0,1,0.666666667,0,0,12,0
C0260,31-12-2024,198,105,2,1371.73,685.86,18,0,0,0,0,0,0,0,0,0,2,0
C0264,31-12-2024,284,38,5,5160.85,1032.17,71,1,1,1,1,0,1,1,0,0,8,0
C0266,31-12-2024,340,12,11,9736.65,885.15,28.43,2,2,2,0,0,1,0,0,0,8,0
C0268,31-12-2024,413,0,8,5752.4,719.05,74.25,5,5,5,0,0,1,0,0,0,6,0
C0269,31-12-2024,184,31,2,4096.17,2048.08,56,1,1,1,0,0,1,0,0,1,6,0
C0272,31-12-2024,189,143,1,914.25,914.25,0,1,1,1,0,0,1,0,0,1,8,0
C0274,31-12-2024,435,44,11,5668.98,515.36,29.2,4,4,4,1,0,1,0.25,0,1,3,0
C0276,31-12-2024,161,70,1,728.54,728.54,0,1,1,1,0,0,1,0,0,1,2,0
C0281,31-12-2024,251,37,2,2307.2,1153.6,105,4,4,4,0,0,1,0,0,2,1,0
C0285,31-12-2024,311,9,17,20864.62,1227.33,15.27,1,1,1,0,0,1,0,0,0,12,0
C0286,31-12-2024,140,4,2,1573.05,786.52,57,2,2,2,0,0,1,0,0,0,7,0
C0287,31-12-2024,227,11,6,4993.39,832.23,47.33,0,0,0,0,0,0,0,0,0,3,0
C0288,31-12-2024,297,7,12,9781.73,815.14,30.29,4,4,4,1,1,1,0.25,0.25,0,2,0
C0290,31-12-2024,458,20,15,24611.82,1640.79,28,1,1,1,1,1,1,1,1,0,11,0
C0292,31-12-2024,320,9,9,15834.26,1759.36,28.5,4,4,4,1,0,1,0.25,0,0,2,0
C0297,31-12-2024,327,49,7,9617.88,1373.98,42,2,2,2,0,0,1,0,0,2,3,0
C0299,31-12-2024,318,6,6,3195.08,532.51,74.67,3,3,2,0,0,0.666666667,0,0,0,2,0
C0304,31-12-2024,291,41,3,2347.84,782.61,52.5,2,2,2,0,0,1,0,0,0,2,0
C0306,31-12-2024,341,64,7,7769.2,1109.89,40,1,1,0,0,0,0,0,0,0,2,0
C0309,31-12-2024,192,1,8,3557.17,444.65,15.4,1,1,1,0,0,1,0,0,0,3,0
C0311,31-12-2024,226,27,6,7484.92,1247.49,21.75,6,6,5,3,0,0.833333333,0.6,0,0,4,0
C0320,31-12-2024,466,11,32,46431.65,1450.99,20.47,3,3,3,0,0,1,0,0,0,1,0
C0322,31-12-2024,310,4,23,35731.63,1553.55,22.27,0,0,0,0,0,0,0,0,0,10,0
C0323,31-12-2024,446,5,26,32772.26,1260.47,30.46,1,1,1,0,0,1,0,0,0,7,0
C0328,31-12-2024,460,59,11,11069.39,1006.31,31.4,6,6,5,2,1,0.833333333,0.4,0.2,0,8,0
C0329,31-12-2024,456,11,26,48974.78,1883.65,20.6,3,3,3,1,0,1,0.333333333,0,0,11,0
C0330,31-12-2024,366,6,25,63496.35,2539.85,21.62,2,2,2,1,0,1,0.5,0,0,4,0
C0332,31-12-2024,251,41,4,3206.14,801.54,47,2,2,2,0,0,1,0,0,0,2,0
C0334,31-12-2024,376,3,32,64333.16,2010.41,20.62,3,3,2,1,0,0.666666667,0.5,0,0,8,0
C0336,31-12-2024,321,41,16,24412.06,1525.75,28.57,3,3,3,2,1,1,0.666666667,0.333333333,0,10,0
C0337,31-12-2024,396,13,10,14523.88,1452.39,64,2,2,2,0,0,1,0,0,0,6,0
C0345,31-12-2024,155,4,10,11254.74,1125.47,19.25,1,1,1,1,1,1,1,1,0,8,0
C0350,31-12-2024,200,23,2,2241.79,1120.9,9,1,1,1,0,0,1,0,0,0,4,0
C0351,31-12-2024,248,42,6,11956.82,1992.8,13.5,2,2,2,0,0,1,0,0,1,5,0
C0356,31-12-2024,204,4,5,8573.43,1714.69,25.5,1,1,1,0,0,1,0,0,0,11,0
C0357,31-12-2024,415,8,19,27209.28,1432.07,27.2,1,1,1,0,0,1,0,0,0,3,0
C0358,31-12-2024,132,87,1,792.25,792.25,0,3,3,3,2,0,1,0.666666667,0,2,3,0
C0359,31-12-2024,143,5,7,12671.23,1810.18,20.2,3,3,3,2,0,1,0.666666667,0,0,3,0
C0360,31-12-2024,460,11,17,24512.47,1441.91,16.73,4,4,4,2,0,1,0.5,0,0,1,0
C0361,31-12-2024,65,49,1,4178.09,4178.09,0,1,1,1,0,0,1,0,0,1,0,1
C0365,31-12-2024,163,51,1,2241.48,2241.48,0,2,2,2,2,1,1,1,0.5,1,5,0
C0368,31-12-2024,278,25,9,7250.85,805.65,47,4,4,4,1,0,1,0.25,0,2,13,0
C0371,31-12-2024,365,31,5,7764.62,1552.92,19.5,5,5,5,1,0,1,0.2,0,1,12,0
C0373,31-12-2024,76,24,3,7423.08,2474.36,0,2,2,2,0,0,1,0,0,1,11,0
C0374,31-12-2024,429,69,9,12468.33,1385.37,39.29,4,4,3,1,0,0.75,0.333333333,0,0,5,0
C0375,31-12-2024,480,73,5,4431.05,886.21,36.33,4,4,3,0,0,0.75,0,0,0,2,0
C0376,31-12-2024,264,1,12,11227.6,935.63,31.5,0,0,0,0,0,0,0,0,0,5,0
C0379,31-12-2024,351,4,5,6253.71,1250.74,22,3,3,3,0,0,1,0,0,0,7,0
C0380,31-12-2024,281,145,3,4830.98,1610.33,9,3,3,3,1,1,1,0.333333333,0.333333333,1,4,0
C0381,31-12-2024,128,9,1,1379.88,1379.88,0,0,0,0,0,0,0,0,0,0,7,0
C0382,31-12-2024,75,18,2,4164.28,2082.14,0,0,0,0,0,0,0,0,0,0,10,0
C0383,31-12-2024,147,47,4,3866.34,966.58,9,1,1,1,0,0,1,0,0,0,0,1
C0390,31-12-2024,80,10,1,716.72,716.72,0,0,0,0,0,0,0,0,0,0,3,0
C0391,31-12-2024,302,1,12,16175.82,1347.98,22.56,3,3,3,0,0,1,0,0,0,18,0
C0393,31-12-2024,476,19,20,26953.06,1347.65,37,5,5,5,1,1,1,0.2,0.2,0,8,0
C0395,31-12-2024,212,29,4,4823.23,1205.81,42,2,2,2,1,0,1,0.5,0,1,6,0
C0397,31-12-2024,196,30,5,2808.53,561.71,52.5,0,0,0,0,0,0,0,0,0,6,0
C0403,31-12-2024,316,43,11,11020.39,1001.85,19.6,0,0,0,0,0,0,0,0,0,10,0
C0405,31-12-2024,75,13,4,1949.12,487.28,4,2,2,2,0,0,1,0,0,1,11,0
C0406,31-12-2024,270,3,8,8652.26,1081.53,22.67,2,2,2,0,0,1,0,0,0,5,0
C0410,31-12-2024,173,45,4,8280.16,2070.04,36,2,2,1,0,0,0.5,0,0,0,2,0
C0415,31-12-2024,251,55,8,10425.89,1303.24,20.67,3,3,2,0,0,0.666666667,0,0,0,6,0
C0419,31-12-2024,386,79,5,4915.91,983.18,76.5,3,3,3,1,0,1,0.333333333,0,0,10,0
C0422,31-12-2024,136,0,4,9526.7,2381.68,30,2,2,2,0,0,1,0,0,0,5,0
C0425,31-12-2024,288,56,7,5812.8,830.4,88,3,3,3,1,0,1,0.333333333,0,1,7,0
C0428,31-12-2024,281,8,5,7048.85,1409.77,54.25,2,2,2,2,2,1,1,1,0,10,0
C0429,31-12-2024,139,35,2,2453.36,1226.68,0,3,3,3,2,0,1,0.666666667,0,1,5,0
C0430,31-12-2024,301,68,4,3292.49,823.12,41,4,4,4,0,0,1,0,0,1,4,0
C0432,31-12-2024,406,13,21,23072.02,1098.67,32,3,3,3,0,0,1,0,0,0,14,0
C0435,31-12-2024,413,5,9,9923.42,1102.6,41.4,1,1,1,0,0,1,0,0,0,0,1
C0441,31-12-2024,261,41,6,7804.4,1300.73,92,2,2,2,1,0,1,0.5,0,0,6,0
C0445,31-12-2024,429,12,24,22204.15,925.17,26.55,5,5,4,2,0,0.8,0.5,0,1,10,0
C0452,31-12-2024,205,24,6,7495.14,1249.19,45,1,1,1,0,0,1,0,0,0,5,0
C0454,31-12-2024,194,7,9,18104.82,2011.65,17.4,1,1,1,0,0,1,0,0,0,5,0
C0455,31-12-2024,182,37,3,2854.44,951.48,11,0,0,0,0,0,0,0,0,0,3,0
C0463,31-12-2024,276,58,10,13501.02,1350.1,28.25,0,0,0,0,0,0,0,0,0,2,0
C0464,31-12-2024,405,6,24,46161.07,1923.38,24.58,2,2,1,1,0,0.5,1,0,0,10,0
C0466,31-12-2024,101,5,1,882.86,882.86,0,2,2,1,1,0,0.5,1,0,0,3,0
C0469,31-12-2024,437,17,18,27429.52,1523.86,28.38,4,4,4,0,0,1,0,0,1,20,0
C0475,31-12-2024,276,7,15,17905.61,1193.71,27.62,3,3,3,1,1,1,0.333333333,0.333333333,0,4,0
C0477,31-12-2024,43,17,3,2815.59,938.53,0,0,0,0,0,0,0,0,0,0,2,0
C0478,31-12-2024,394,12,10,14403.76,1440.38,33.14,5,5,5,2,0,1,0.4,0,0,8,0
C0481,31-12-2024,193,27,3,1807.32,602.44,30,2,2,2,1,0,1,0.5,0,0,6,0
C0484,31-12-2024,180,145,1,2524.71,2524.71,0,2,2,2,1,1,1,0.5,0.5,2,7,0
C0487,31-12-2024,187,15,4,3985.33,996.33,54,1,1,1,0,0,1,0,0,0,8,0
C0490,31-12-2024,258,58,3,3426.58,1142.19,49.5,3,3,3,0,0,1,0,0,2,6,0
C0492,31-12-2024,172,17,2,3184.04,1592.02,56,1,1,1,0,0,1,0,0,0,6,0
C0501,31-12-2024,200,21,7,15624.25,2232.04,8,0,0,0,0,0,0,0,0,0,5,0
C0503,31-12-2024,325,31,7,5019.7,717.1,20,1,1,1,1,0,1,1,0,0,3,0
C0507,31-12-2024,448,31,15,7406.23,493.75,55.4,3,3,3,0,0,1,0,0,0,5,0
C0509,31-12-2024,178,19,2,3733.98,1866.99,25,0,0,0,0,0,0,0,0,0,10,0
C0510,31-12-2024,465,2,30,60448.33,2014.94,23.78,4,4,4,0,0,1,0,0,0,12,0
C0515,31-12-2024,279,156,1,1350.89,1350.89,0,1,1,1,1,1,1,1,1,1,0,1
C0516,31-12-2024,258,4,10,9069.7,906.97,27,3,3,3,1,0,1,0.333333333,0,0,6,0
C0521,31-12-2024,329,19,4,3337.7,834.42,62,4,4,4,1,0,1,0.25,0,0,11,0
C0522,31-12-2024,94,22,1,1116.3,1116.3,0,0,0,0,0,0,0,0,0,0,4,0
C0524,31-12-2024,246,16,7,14374.23,2053.46,40.75,1,1,1,1,1,1,1,1,0,12,0
C0526,31-12-2024,486,10,7,5167.65,738.24,82.67,2,2,2,0,0,1,0,0,0,0,1
C0533,31-12-2024,256,17,9,7570.44,841.16,45,3,3,3,0,0,1,0,0,0,2,0
C0535,31-12-2024,305,18,10,6576.62,657.66,33.83,4,4,3,0,0,0.75,0,0,0,4,0
C0537,31-12-2024,391,7,6,6137.63,1022.94,31.33,2,2,2,0,0,1,0,0,0,5,0
C0543,31-12-2024,187,77,2,931.14,465.57,0,0,0,0,0,0,0,0,0,0,5,0
C0547,31-12-2024,229,7,9,12554.31,1394.92,23.5,1,1,1,0,0,1,0,0,0,3,0
C0549,31-12-2024,456,7,11,20649.56,1877.23,43.8,3,3,3,1,0,1,0.333333333,0,0,0,1
C0558,31-12-2024,271,12,18,22204.55,1233.59,26.71,3,3,3,1,0,1,0.333333333,0,0,10,0
C0561,31-12-2024,451,5,10,15654.86,1565.49,60.6,3,3,3,1,1,1,0.333333333,0.333333333,0,8,0
C0562,31-12-2024,290,198,3,1819.56,606.52,0,2,2,2,0,0,1,0,0,1,5,0
C0567,31-12-2024,462,8,29,47083.21,1623.56,22.88,6,6,4,1,1,0.666666667,0.25,0.25,0,3,0
C0568,31-12-2024,420,11,21,25789.98,1228.09,25.79,4,4,4,3,2,1,0.75,0.5,0,13,0
C0575,31-12-2024,463,42,16,17679.77,1104.99,23.91,2,2,2,2,1,1,1,0.5,0,6,0
C0578,31-12-2024,370,23,14,10801.51,771.54,40.6,1,1,1,0,0,1,0,0,0,3,0
C0579,31-12-2024,303,31,11,11298.55,1027.14,11.8,1,1,1,1,1,1,1,1,0,7,0
C0580,31-12-2024,381,0,14,24450.08,1746.43,38.29,3,3,3,1,0,1,0.333333333,0,0,16,0
C0581,31-12-2024,284,4,11,16626.42,1511.49,33.83,1,1,1,0,0,1,0,0,0,6,0
C0583,31-12-2024,144,9,1,1412.4,1412.4,0,1,1,1,1,1,1,1,1,0,4,0
C0588,31-12-2024,458,25,31,31927.38,1029.92,32.5,6,6,5,5,2,0.833333333,1,0.4,1,1,0
C0596,31-12-2024,325,0,20,27083.73,1354.19,20.27,3,3,3,1,0,1,0.333333333,0,0,7,0
C0597,31-12-2024,189,6,3,4090.63,1363.54,122,2,2,2,0,0,1,0,0,0,8,0
C0600,31-12-2024,247,6,6,9333.06,1555.51,34.67,0,0,0,0,0,0,0,0,0,6,0
C0601,31-12-2024,395,9,13,7047.22,542.09,37.89,0,0,0,0,0,0,0,0,0,9,0
C0602,31-12-2024,197,1,11,9367.91,851.63,21,0,0,0,0,0,0,0,0,0,1,0
C0603,31-12-2024,284,2,14,20511.75,1465.12,19.89,3,3,3,1,1,1,0.333333333,0.333333333,0,16,0
C0605,31-12-2024,163,41,5,11274.44,2254.89,8.5,1,1,1,1,0,1,1,0,0,7,0
C0606,31-12-2024,298,8,7,5109.59,729.94,40.25,0,0,0,0,0,0,0,0,0,4,0
C0607,31-12-2024,174,64,1,597.1,597.1,0,2,2,2,1,1,1,0.5,0.5,0,0,1
C0608,31-12-2024,57,9,5,3690.02,738,14.67,1,1,1,0,0,1,0,0,0,0,1
C0609,31-12-2024,350,89,9,5474.85,608.32,37,2,2,2,1,0,1,0.5,0,0,2,0
C0617,31-12-2024,355,5,17,31011.48,1824.2,29,3,3,3,0,0,1,0,0,0,10,0
C0621,31-12-2024,365,2,8,6673.37,834.17,54.83,2,2,1,0,0,0.5,0,0,1,5,0
C0626,31-12-2024,276,13,5,2904.19,580.84,31.5,1,1,1,1,0,1,1,0,0,1,0
C0629,31-12-2024,455,1,13,31126.42,2394.34,42,3,3,3,0,0,1,0,0,0,9,0
C0632,31-12-2024,125,26,1,1307.83,1307.83,0,3,3,2,1,1,0.666666667,0.5,0.5,2,6,0
C0636,31-12-2024,465,10,17,24566.06,1445.06,34.7,2,2,2,1,0,1,0.5,0,0,11,0
C0641,31-12-2024,285,163,3,3249.19,1083.06,37,4,4,3,1,1,0.75,0.333333333,0.333333333,4,12,0
C0646,31-12-2024,267,80,10,9932.84,993.28,51.33,3,3,3,0,0,1,0,0,0,10,0
C0649,31-12-2024,173,98,2,1132.14,566.07,0,3,3,3,1,0,1,0.333333333,0,2,10,0
C0652,31-12-2024,171,0,2,1281.53,640.76,164,2,2,2,0,0,1,0,0,0,4,0
C0654,31-12-2024,436,3,14,12165.66,868.98,52.14,5,5,5,1,0,1,0.2,0,0,7,0
C0655,31-12-2024,464,12,31,39224.27,1265.3,22.47,6,6,6,0,0,1,0,0,0,13,0
C0656,31-12-2024,213,132,1,860.33,860.33,0,2,2,2,0,0,1,0,0,2,1,0
C0657,31-12-2024,334,88,8,9844.08,1230.51,28.33,4,4,4,0,0,1,0,0,0,8,0
C0661,31-12-2024,473,2,15,17842.74,1189.52,32.7,2,2,2,1,1,1,0.5,0.5,0,12,0
C0669,31-12-2024,322,44,13,21377.13,1644.39,45.5,1,1,1,0,0,1,0,0,0,8,0
C0670,31-12-2024,66,14,1,1389.5,1389.5,0,3,3,3,0,0,1,0,0,0,1,0
C0673,31-12-2024,362,18,23,21867.75,950.77,38,3,3,3,1,0,1,0.333333333,0,0,15,0
C0675,31-12-2024,382,2,15,24215.96,1614.4,36.11,1,1,1,0,0,1,0,0,0,8,0
C0676,31-12-2024,370,2,18,21317.06,1184.28,18.7,5,5,4,2,0,0.8,0.5,0,0,8,0
C0677,31-12-2024,77,25,1,1188.66,1188.66,0,1,1,1,0,0,1,0,0,1,2,0
C0678,31-12-2024,283,54,9,10710.02,1190,37.75,2,2,2,0,0,1,0,0,0,5,0
C0680,31-12-2024,396,3,16,8704.78,544.05,24.62,7,7,6,2,0,0.857142857,0.333333333,0,0,7,0
C0681,31-12-2024,284,4,9,13145.73,1460.64,65.5,1,1,1,0,0,1,0,0,0,10,0
C0683,31-12-2024,375,14,20,27731.52,1386.58,29.9,4,4,4,0,0,1,0,0,0,3,0
C0684,31-12-2024,194,9,13,22956.59,1765.89,31.75,3,3,3,1,0,1,0.333333333,0,0,8,0
C0686,31-12-2024,121,62,3,2798.07,932.69,0,0,0,0,0,0,0,0,0,0,2,0
C0687,31-12-2024,477,22,21,36195.59,1723.6,26.91,2,2,2,0,0,1,0,0,0,5,0
C0697,31-12-2024,306,14,8,6453.7,806.71,46.75,5,5,5,1,0,1,0.2,0,0,5,0
C0698,31-12-2024,278,3,13,16695.99,1284.31,41,0,0,0,0,0,0,0,0,0,3,0
C0699,31-12-2024,477,31,29,65717.68,2266.13,22.2,5,5,5,4,1,1,0.8,0.2,0,10,0
C0700,31-12-2024,452,20,39,53707.69,1377.12,20.76,4,4,4,2,2,1,0.5,0.5,0,10,0
C0702,31-12-2024,278,15,8,8199.96,1025,32.5,2,2,2,1,0,1,0.5,0,0,12,0
C0703,31-12-2024,323,0,19,32169.13,1693.11,33.22,2,2,2,0,0,1,0,0,0,16,0
C0706,31-12-2024,302,34,9,5209.55,578.84,63,3,3,3,1,0,1,0.333333333,0,0,8,0
C0713,31-12-2024,271,4,6,5251.89,875.32,55.33,1,1,1,0,0,1,0,0,0,8,0
C0715,31-12-2024,262,46,4,5666.72,1416.68,44.5,0,0,0,0,0,0,0,0,0,10,0
C0716,31-12-2024,397,94,8,6045.18,755.65,48.33,3,3,3,2,0,1,0.666666667,0,1,5,0
C0721,31-12-2024,375,34,12,8994.8,749.57,52.25,3,3,3,2,1,1,0.666666667,0.333333333,0,1,0
C0723,31-12-2024,252,17,6,7765.56,1294.26,48.67,1,1,1,0,0,1,0,0,0,7,0
C0724,31-12-2024,223,14,5,4160.78,832.16,56,2,2,2,1,0,1,0.5,0,0,12,0
C0726,31-12-2024,328,96,1,825.25,825.25,0,3,3,3,1,0,1,0.333333333,0,3,5,0
C0729,31-12-2024,151,19,11,15027.83,1366.17,13.83,1,1,1,0,0,1,0,0,1,5,0
C0730,31-12-2024,223,35,5,7246.45,1449.29,22.5,1,1,1,1,1,1,1,1,0,10,0
C0732,31-12-2024,471,42,20,14658.8,732.94,26.82,4,4,4,2,0,1,0.5,0,0,1,0
C0736,31-12-2024,197,54,3,5832.74,1944.25,11,5,5,5,2,1,1,0.4,0.2,1,3,0
C0743,31-12-2024,87,2,1,2208.64,2208.64,0,0,0,0,0,0,0,0,0,0,3,0
C0745,31-12-2024,88,8,1,813.79,813.79,0,0,0,0,0,0,0,0,0,0,2,0
C0746,31-12-2024,288,2,6,7498.62,1249.77,54,3,3,3,2,0,1,0.666666667,0,0,4,0
C0748,31-12-2024,215,15,3,2762.19,920.73,27,0,0,0,0,0,0,0,0,0,4,0
C0752,31-12-2024,77,62,1,649.66,649.66,0,0,0,0,0,0,0,0,0,0,14,0
C0754,31-12-2024,173,3,5,4863.38,972.68,30,2,2,2,1,1,1,0.5,0.5,0,7,0
C0759,31-12-2024,309,69,6,7085.98,1181,26.25,3,3,3,0,0,1,0,0,1,2,0
C0763,31-12-2024,422,9,6,6411.3,1068.55,81.33,2,2,2,1,0,1,0.5,0,0,9,0
C0766,31-12-2024,214,23,9,17085.28,1898.36,30.6,5,5,4,2,0,0.8,0.5,0,0,9,0
C0769,31-12-2024,181,12,8,8856.66,1107.08,21,1,1,0,0,0,0,0,0,0,5,0
C0771,31-12-2024,371,34,10,6806.37,680.64,47,3,3,3,0,0,1,0,0,0,1,0
C0774,31-12-2024,378,9,7,8448.73,1206.96,48,3,3,3,0,0,1,0,0,0,3,0
C0780,31-12-2024,427,94,8,11138.34,1392.29,30,3,3,3,0,0,1,0,0,0,1,0
C0782,31-12-2024,460,9,17,16536.97,972.76,35.89,7,7,7,1,0,1,0.142857143,0,0,6,0
C0786,31-12-2024,464,49,18,16694.05,927.45,43.44,3,3,2,0,0,0.666666667,0,0,1,5,0
C0787,31-12-2024,480,0,18,18246.46,1013.69,36.2,4,4,3,1,0,0.75,0.333333333,0,0,6,0
C0794,31-12-2024,467,69,9,9351.55,1039.06,79.33,5,5,3,2,0,0.6,0.666666667,0,1,0,1
C0795,31-12-2024,313,37,8,7164.74,895.59,73,1,1,1,1,1,1,1,1,0,1,0
C0805,31-12-2024,441,6,15,22466.05,1497.74,34.78,6,6,6,1,0,1,0.166666667,0,0,4,0
C0807,31-12-2024,253,40,3,1785.06,595.02,0,3,3,3,1,0,1,0.333333333,0,0,0,1
C0809,31-12-2024,294,13,4,7287.71,1821.93,85.5,2,2,2,1,0,1,0.5,0,0,9,0
C0812,31-12-2024,42,0,4,1573.7,393.42,3,0,0,0,0,0,0,0,0,0,8,0
C0818,31-12-2024,408,11,20,53460.61,2673.03,25.33,2,2,2,2,0,1,1,0,0,10,0
C0819,31-12-2024,436,27,9,30676.45,3408.49,59.2,4,4,3,0,0,0.75,0,0,1,6,0
C0821,31-12-2024,472,5,22,35087.73,1594.9,25.08,5,5,5,1,1,1,0.2,0.2,0,5,0
C0823,31-12-2024,169,1,4,6571.25,1642.81,20.33,1,1,1,1,0,1,1,0,0,1,0
C0826,31-12-2024,128,40,4,5983.63,1495.91,20,2,2,2,1,0,1,0.5,0,1,4,0
C0827,31-12-2024,315,45,13,17368.86,1336.07,13,2,2,2,1,0,1,0.5,0,1,6,0
C0829,31-12-2024,281,16,4,3776.25,944.06,146,3,3,3,2,1,1,0.666666667,0.333333333,0,6,0
C0835,31-12-2024,328,28,11,6714.62,610.42,27.43,2,2,2,0,0,1,0,0,0,3,0
C0838,31-12-2024,426,31,9,6391.85,710.21,66,3,3,3,0,0,1,0,0,1,4,0
C0839,31-12-2024,278,13,5,9105.42,1821.08,42.33,1,1,1,0,0,1,0,0,0,1,0
C0841,31-12-2024,305,10,8,11193.77,1399.22,41.5,1,1,1,1,1,1,1,1,0,1,0
C0849,31-12-2024,453,3,26,44919.92,1727.69,26.8,4,4,4,0,0,1,0,0,0,13,0
C0852,31-12-2024,159,65,1,1580.26,1580.26,0,1,1,1,1,0,1,1,0,1,14,0
C0854,31-12-2024,119,105,2,1536.76,768.38,0,0,0,0,0,0,0,0,0,0,3,0
C0857,31-12-2024,242,2,6,10588.78,1764.8,39,2,2,2,2,2,1,1,1,0,8,0
C0858,31-12-2024,22,3,1,472.83,472.83,0,0,0,0,0,0,0,0,0,0,15,0
C0859,31-12-2024,33,1,3,2729.79,909.93,0,1,1,0,0,0,0,0,0,0,3,0
C0867,31-12-2024,439,18,10,5650.56,565.06,57.43,2,2,2,1,0,1,0.5,0,1,3,0
C0870,31-12-2024,474,10,23,33759.72,1467.81,27.45,2,2,1,0,0,0.5,0,0,0,2,0
C0871,31-12-2024,146,45,8,11075.94,1384.49,10.67,0,0,0,0,0,0,0,0,0,4,0
C0872,31-12-2024,72,14,3,2667.59,889.2,0,1,1,1,0,0,1,0,0,0,2,0
C0876,31-12-2024,253,10,6,4894.74,815.79,46.67,4,4,4,1,1,1,0.25,0.25,1,5,0
C0879,31-12-2024,345,14,13,9093.57,699.51,20,3,3,3,0,0,1,0,0,0,3,0
C0880,31-12-2024,206,80,1,935.75,935.75,0,1,1,1,1,1,1,1,1,0,2,0
C0882,31-12-2024,467,40,16,8792.41,549.53,23.55,4,4,4,2,1,1,0.5,0.25,1,4,0
C0885,31-12-2024,430,7,12,12619.34,1051.61,53,1,1,1,0,0,1,0,0,0,3,0
C0887,31-12-2024,155,15,3,3264.6,1088.2,114,2,2,2,0,0,1,0,0,0,4,0
C0890,31-12-2024,426,8,29,34644.96,1194.65,24,4,4,3,3,1,0.75,1,0.333333333,0,6,0
C0895,31-12-2024,275,36,6,9564.64,1594.11,17.67,3,3,3,1,0,1,0.333333333,0,1,6,0
C0897,31-12-2024,465,50,28,51649.29,1844.62,20.31,4,4,4,0,0,1,0,0,0,7,0
C0898,31-12-2024,323,15,12,12144.49,1012.04,42.43,2,2,2,1,0,1,0.5,0,0,7,0
C0899,31-12-2024,260,61,9,7726.37,858.49,29,3,3,3,0,0,1,0,0,0,2,0
C0904,31-12-2024,405,32,5,7010.2,1402.04,97.67,7,7,7,1,0,1,0.142857143,0,0,1,0
C0906,31-12-2024,185,1,7,15698.51,2242.64,44.33,2,2,2,1,0,1,0.5,0,1,3,0
C0915,31-12-2024,81,32,1,1376,1376,0,2,2,2,0,0,1,0,0,1,8,0
C0921,31-12-2024,150,10,6,4380.83,730.14,23.33,2,2,2,0,0,1,0,0,0,4,0
C0922,31-12-2024,91,6,1,1418.03,1418.03,0,2,2,2,1,0,1,0.5,0,0,3,0
C0923,31-12-2024,485,89,20,22396.16,1119.81,28,6,6,6,3,0,1,0.5,0,3,5,0
C0925,31-12-2024,188,20,2,2281.16,1140.58,0,2,2,2,0,0,1,0,0,0,7,0
C0932,31-12-2024,291,69,13,14589.24,1122.25,24.83,5,5,5,3,1,1,0.6,0.2,2,12,0
C0935,31-12-2024,315,37,5,4443.37,888.67,42.5,1,1,1,0,0,1,0,0,0,2,0
C0938,31-12-2024,219,44,8,10821.9,1352.74,27.75,2,2,1,0,0,0.5,0,0,0,4,0
C0939,31-12-2024,480,53,16,13982.75,873.92,27,2,2,2,1,0,1,0.5,0,0,9,0
C0940,31-12-2024,65,8,2,1965.88,982.94,0,1,1,0,0,0,0,0,0,0,0,1
C0941,31-12-2024,446,54,13,9086.03,698.93,40.5,3,3,1,1,0,0.333333333,1,0,0,9,0
C0945,31-12-2024,450,23,5,2581.12,516.22,123,2,2,2,0,0,1,0,0,0,2,0
C0947,31-12-2024,349,8,15,18418.03,1227.87,17.33,3,3,2,1,0,0.666666667,0.5,0,0,12,0
C0955,31-12-2024,236,5,4,6492.58,1623.14,22.5,2,2,2,1,0,1,0.5,0,0,4,0
C0957,31-12-2024,226,98,3,2893.68,964.56,94,1,1,1,0,0,1,0,0,0,7,0
C0960,31-12-2024,198,27,6,14778.5,2463.08,43,1,1,1,0,0,1,0,0,1,9,0
C0962,31-12-2024,216,8,8,8499.61,1062.45,25.25,1,1,1,0,0,1,0,0,0,4,0
C0968,31-12-2024,224,9,18,23060.93,1281.16,18.56,2,2,2,0,0,1,0,0,0,3,0
C0986,31-12-2024,467,0,30,41991.02,1399.7,26.25,0,0,0,0,0,0,0,0,0,16,0
C0990,31-12-2024,310,16,12,19853.84,1654.49,22,2,2,2,0,0,1,0,0,0,15,0
C0998,31-12-2024,174,60,3,5337.87,1779.29,0,3,3,3,2,1,1,0.666666667,0.333333333,1,5,0
C0001,31-03-2025,380,69,12,16731.85,1394.32,49,2,2,2,1,0,1,0.5,0,2,3,0
C0003,31-03-2025,519,6,14,13182.63,941.62,48.89,4,4,4,3,0,1,0.75,0,0,0,1
C0005,31-03-2025,447,9,21,36627.03,1744.14,27.92,3,3,3,1,0,1,0.333333333,0,0,6,0
C0006,31-03-2025,378,4,23,57244.23,2488.88,23.08,2,2,2,0,0,1,0,0,0,9,0
C0011,31-03-2025,445,63,10,9029.84,902.98,51.83,4,4,4,2,0,1,0.5,0,1,3,0
C0013,31-03-2025,563,6,34,51271.21,1507.98,26.42,5,5,4,2,1,0.8,0.5,0.25,0,8,0
C0016,31-03-2025,433,5,12,14222.29,1185.19,51.29,4,4,4,0,0,1,0,0,0,8,0
C0017,31-03-2025,415,4,10,12358.87,1235.89,29,4,4,4,1,0,1,0.25,0,0,4,0
C0018,31-03-2025,399,11,10,16314.89,1631.49,41.6,2,2,2,0,0,1,0,0,0,8,0
C0020,31-03-2025,315,0,25,55195.97,2207.84,17.69,3,3,3,0,0,1,0,0,0,2,0
C0021,31-03-2025,328,6,10,17707.03,1770.7,37,2,2,1,0,0,0.5,0,0,0,4,0
C0023,31-03-2025,379,0,25,45985.61,1839.42,20.79,5,5,4,1,1,0.8,0.25,0.25,0,24,0
C0025,31-03-2025,461,25,28,32541.75,1162.21,15.86,2,2,1,1,0,0.5,1,0,0,11,0
C0028,31-03-2025,105,53,1,844.66,844.66,0,3,3,3,2,0,1,0.666666667,0,2,2,0
C0029,31-03-2025,527,40,16,13993.35,874.58,43.9,8,8,6,1,0,0.75,0.166666667,0,0,3,0
C0030,31-03-2025,491,10,13,13354.2,1027.25,40.62,2,2,2,0,0,1,0,0,0,14,0
C0031,31-03-2025,558,5,21,19353.43,921.59,31.91,3,3,3,1,1,1,0.333333333,0.333333333,0,4,0
C0032,31-03-2025,494,120,5,2697.15,539.43,49,6,6,6,2,0,1,0.333333333,0,4,12,0
C0035,31-03-2025,109,1,3,6220.45,2073.48,41,2,2,2,1,1,1,0.5,0.5,0,5,0
C0036,31-03-2025,397,8,14,21241.45,1517.25,46.12,1,1,1,0,0,1,0,0,0,8,0
C0037,31-03-2025,145,43,3,2539.69,846.56,10.5,2,2,2,0,0,1,0,0,1,2,0
C0038,31-03-2025,545,17,17,11661.17,685.95,41.5,2,2,2,0,0,1,0,0,0,3,0
C0039,31-03-2025,325,24,8,11010.09,1376.26,52.5,4,4,3,2,0,0.75,0.666666667,0,0,7,0
C0044,31-03-2025,126,82,1,611.42,611.42,0,1,1,1,1,0,1,1,0,0,2,0
C0047,31-03-2025,183,18,11,19812.65,1801.15,17.67,4,4,4,2,0,1,0.5,0,1,9,0
C0048,31-03-2025,156,16,3,3427.27,1142.42,2,2,2,2,0,0,1,0,0,0,9,0
C0051,31-03-2025,63,63,20,16667.55,833.38,0,2,2,2,0,0,1,0,0,2,0,1
C0053,31-03-2025,343,70,5,4696.86,939.37,73.5,4,4,4,1,0,1,0.25,0,1,0,1
C0054,31-03-2025,530,50,15,13722.2,914.81,47.33,4,4,4,0,0,1,0,0,0,2,0
C0057,31-03-2025,494,7,38,55192.05,1452.42,19.67,4,4,4,3,0,1,0.75,0,0,5,0
C0058,31-03-2025,361,31,2,1329.54,664.77,103,8,8,7,4,1,0.875,0.571428571,0.142857143,3,9,0
C0064,31-03-2025,225,14,10,19227.8,1922.78,26.25,2,2,2,1,1,1,0.5,0.5,0,4,0
C0065,31-03-2025,506,21,32,50523.65,1578.86,23.5,8,8,7,3,0,0.875,0.428571429,0,0,18,0
C0066,31-03-2025,120,58,1,1400.64,1400.64,0,1,1,1,1,1,1,1,1,1,4,0
C0068,31-03-2025,196,1,11,19255.24,1750.48,28.75,2,2,2,2,1,1,1,0.5,0,9,0
C0069,31-03-2025,394,40,5,6102.32,1220.46,54.67,3,3,3,1,1,1,0.333333333,0.333333333,0,1,0
C0074,31-03-2025,304,76,3,2338.35,779.45,0,3,3,3,0,0,1,0,0,1,0,1
C0076,31-03-2025,451,63,13,11086.88,852.84,23.88,5,5,5,2,0,1,0.4,0,1,5,0
C0080,31-03-2025,551,62,6,11551.99,1925.33,53.67,3,3,3,1,1,1,0.333333333,0.333333333,1,4,0
C0082,31-03-2025,419,189,5,6691.51,1338.3,59,3,3,3,0,0,1,0,0,0,8,0
C0083,31-03-2025,330,20,5,4117.18,823.44,89.5,1,1,1,0,0,1,0,0,0,5,0
C0085,31-03-2025,298,0,10,9707.49,970.75,56.5,5,5,3,1,0,0.6,0.333333333,0,0,4,0
C0086,31-03-2025,212,7,5,5177.28,1035.46,13.33,0,0,0,0,0,0,0,0,0,10,0
C0087,31-03-2025,385,6,10,8949.3,894.93,39.2,2,2,2,1,0,1,0.5,0,0,1,0
C0091,31-03-2025,415,4,16,10187.93,636.75,36.33,2,2,2,0,0,1,0,0,0,5,0
C0092,31-03-2025,227,105,2,1079.56,539.78,0,3,3,3,1,0,1,0.333333333,0,1,10,0
C0093,31-03-2025,252,11,7,7142.11,1020.3,36,1,1,1,1,0,1,1,0,0,6,0
C0094,31-03-2025,495,9,30,40813.13,1360.44,24.41,3,3,3,1,0,1,0.333333333,0,1,18,0
C0095,31-03-2025,377,10,20,29094.79,1454.74,31,3,3,2,1,0,0.666666667,0.5,0,0,14,0
C0096,31-03-2025,98,51,1,1865.81,1865.81,0,2,2,1,0,0,0.5,0,0,0,5,0
C0098,31-03-2025,428,37,14,7930.06,566.43,37.88,4,4,2,0,0,0.5,0,0,0,3,0
C0099,31-03-2025,485,57,12,9794.13,816.18,53.67,6,6,5,0,0,0.833333333,0,0,0,5,0
C0100,31-03-2025,501,161,12,15271.42,1272.62,28.83,12,12,9,1,0,0.75,0.111111111,0,5,7,0
C0102,31-03-2025,428,74,15,8442.92,562.86,41.67,4,4,4,1,0,1,0.25,0,1,4,0
C0106,31-03-2025,504,25,20,13088.45,654.42,35.82,3,3,3,1,0,1,0.333333333,0,0,3,0
C0108,31-03-2025,304,53,5,5408.13,1081.63,91.5,6,6,6,2,0,1,0.333333333,0,2,1,0
C0109,31-03-2025,259,13,11,31153.04,2832.09,20.62,1,1,1,0,0,1,0,0,0,12,0
C0110,31-03-2025,253,21,8,32672.64,4084.08,31.67,2,2,2,0,0,1,0,0,0,10,0
C0114,31-03-2025,543,13,16,10761.41,672.59,28.62,5,5,5,1,0,1,0.2,0,0,4,0
C0115,31-03-2025,380,0,15,10966.54,731.1,32.56,3,3,3,0,0,1,0,0,0,0,1
C0116,31-03-2025,342,18,12,8894.6,741.22,26,3,3,3,2,0,1,0.666666667,0,0,3,0
C0118,31-03-2025,485,13,9,11619.08,1291.01,71.33,5,5,5,1,0,1,0.2,0,0,13,0
C0119,31-03-2025,353,35,7,4870.96,695.85,74.5,2,2,2,0,0,1,0,0,1,6,0
C0122,31-03-2025,171,8,5,4592.3,918.46,35,0,0,0,0,0,0,0,0,0,2,0
C0123,31-03-2025,384,15,18,27004.45,1500.25,39.43,8,8,8,2,1,1,0.25,0.125,0,5,0
C0126,31-03-2025,144,63,1,1702.73,1702.73,0,1,1,1,0,0,1,0,0,0,4,0
C0127,31-03-2025,282,1,7,5271.3,753.04,38.5,4,4,4,1,0,1,0.25,0,0,2,0
C0129,31-03-2025,208,50,8,16485.92,2060.74,20,2,2,2,0,0,1,0,0,0,7,0
C0130,31-03-2025,372,50,11,10326.1,938.74,62,2,2,2,0,0,1,0,0,0,9,0
C0132,31-03-2025,143,10,3,2938.77,979.59,11,0,0,0,0,0,0,0,0,0,8,0
C0133,31-03-2025,555,0,23,30446.8,1323.77,29.64,0,0,0,0,0,0,0,0,0,1,0
C0134,31-03-2025,121,33,1,840.59,840.59,0,1,1,0,0,0,0,0,0,1,3,0
C0135,31-03-2025,528,13,13,12175.88,936.61,36.78,5,5,5,0,0,1,0,0,0,3,0
C0136,31-03-2025,222,30,9,18032.85,2003.65,25,2,2,2,0,0,1,0,0,0,13,0
C0138,31-03-2025,302,52,12,21074.63,1756.22,19.5,9,9,9,3,1,1,0.333333333,0.111111111,0,9,0
C0140,31-03-2025,193,6,7,8786.09,1255.16,29,5,5,5,0,0,1,0,0,1,5,0
C0143,31-03-2025,379,22,10,7271.5,727.15,72.67,4,4,4,1,1,1,0.25,0.25,0,3,0
C0146,31-03-2025,516,9,17,21319.98,1254.12,40.6,4,4,4,1,0,1,0.25,0,0,3,0
C0147,31-03-2025,107,10,4,5187.73,1296.93,36,0,0,0,0,0,0,0,0,0,4,0
C0150,31-03-2025,524,32,23,20287.85,882.08,37.25,2,2,1,0,0,0.5,0,0,0,0,1
C0154,31-03-2025,501,20,33,66151.54,2004.59,25.41,10,10,9,2,0,0.9,0.222222222,0,1,11,0
C0155,31-03-2025,344,61,13,11872.51,913.27,42,4,4,4,1,0,1,0.25,0,0,5,0
C0156,31-03-2025,187,53,11,19670.79,1788.25,13.17,3,3,3,3,1,1,1,0.333333333,1,11,0
C0157,31-03-2025,338,29,10,13841.88,1384.19,35.33,0,0,0,0,0,0,0,0,0,9,0
C0163,31-03-2025,346,25,7,12031.99,1718.86,42.33,5,5,4,1,0,0.8,0.25,0,0,10,0
C0165,31-03-2025,49,17,2,2739.39,1369.7,5,0,0,0,0,0,0,0,0,0,6,0
C0167,31-03-2025,240,19,1,1215.46,1215.46,0,1,1,1,1,0,1,1,0,0,0,1
C0169,31-03-2025,212,22,6,7452.93,1242.16,27.5,4,4,4,0,0,1,0,0,0,0,1
C0172,31-03-2025,431,5,5,3573.4,714.68,30,3,3,3,0,0,1,0,0,0,5,0
C0174,31-03-2025,397,18,15,17243.14,1149.54,47,2,2,2,1,0,1,0.5,0,0,3,0
C0178,31-03-2025,135,28,3,1665.15,555.05,0,1,1,1,0,0,1,0,0,0,5,0
C0179,31-03-2025,175,20,2,2416.36,1208.18,49,3,3,3,0,0,1,0,0,1,2,0
C0181,31-03-2025,493,22,10,10035.77,1003.58,53.8,3,3,3,1,0,1,0.333333333,0,0,5,0
C0184,31-03-2025,563,6,38,39600.78,1042.13,19.56,4,4,4,0,0,1,0,0,0,7,0
C0186,31-03-2025,135,4,2,1073.49,536.74,28,3,3,2,1,1,0.666666667,0.5,0.5,0,1,0
C0189,31-03-2025,322,67,8,4310.15,538.77,46.8,0,0,0,0,0,0,0,0,0,13,0
C0190,31-03-2025,442,55,12,9992.85,832.74,43.57,5,5,4,2,0,0.8,0.5,0,1,1,0
C0194,31-03-2025,141,90,1,746.42,746.42,0,2,2,2,0,0,1,0,0,1,7,0
C0196,31-03-2025,479,14,13,13046.98,1003.61,30.17,3,3,3,2,1,1,0.666666667,0.333333333,0,2,0
C0200,31-03-2025,517,8,28,47969.57,1713.2,29.88,4,4,4,3,1,1,0.75,0.25,0,13,0
C0209,31-03-2025,558,21,29,38334.03,1321.86,27.14,8,8,7,3,2,0.875,0.428571429,0.285714286,0,10,0
C0212,31-03-2025,432,1,17,14979.28,881.13,24.89,3,3,2,0,0,0.666666667,0,0,0,3,0
C0213,31-03-2025,535,2,12,7555.04,629.59,47,5,5,5,2,1,1,0.4,0.2,0,5,0
C0216,31-03-2025,143,2,5,5796.19,1159.24,30.5,1,1,1,1,1,1,1,1,0,4,0
C0217,31-03-2025,211,1,9,14361.31,1595.7,12.25,1,1,1,0,0,1,0,0,0,3,0
C0218,31-03-2025,524,18,31,45838.96,1478.68,21.63,2,2,2,1,1,1,0.5,0.5,0,10,0
C0219,31-03-2025,211,7,10,12410.62,1241.06,25.6,4,4,3,1,1,0.75,0.333333333,0.333333333,0,7,0
C0221,31-03-2025,283,25,4,3584.34,896.08,159,1,1,1,1,0,1,1,0,0,11,0
C0222,31-03-2025,465,92,10,7069.95,707,41.5,3,3,3,2,1,1,0.666666667,0.333333333,1,2,0
C0223,31-03-2025,334,180,4,3755.66,938.92,14,3,3,3,2,0,1,0.666666667,0,0,2,0
C0227,31-03-2025,377,63,8,6267.92,783.49,43.25,2,2,2,0,0,1,0,0,1,2,0
C0228,31-03-2025,555,49,20,11042.18,552.11,24.18,3,3,3,1,0,1,0.333333333,0,0,1,0
C0229,31-03-2025,268,20,11,17257.87,1568.9,42.5,4,4,4,1,1,1,0.25,0.25,0,8,0
C0231,31-03-2025,229,3,12,24559.19,2046.6,27.5,3,3,3,2,1,1,0.666666667,0.333333333,0,16,0
C0233,31-03-2025,524,42,30,80158.42,2671.95,27.21,4,4,3,1,0,0.75,0.333333333,0,0,8,0
C0235,31-03-2025,152,113,2,2045.64,1022.82,0,1,1,1,1,1,1,1,1,0,9,0
C0236,31-03-2025,219,7,2,2377.57,1188.79,64,2,2,2,1,0,1,0.5,0,0,0,1
C0241,31-03-2025,194,15,15,17608.25,1173.88,28.6,5,5,4,3,0,0.8,0.75,0,0,6,0
C0243,31-03-2025,491,51,11,8865.99,806,50.43,6,6,6,1,0,1,0.166666667,0,2,5,0
C0244,31-03-2025,442,40,26,42806.36,1646.4,22.47,3,3,2,0,0,0.666666667,0,0,0,3,0
C0247,31-03-2025,223,51,1,1092.73,1092.73,0,1,1,1,0,0,1,0,0,0,7,0
C0249,31-03-2025,299,9,14,27552.53,1968.04,29.86,1,1,1,0,0,1,0,0,0,15,0
C0254,31-03-2025,304,2,13,11229.97,863.84,37.8,1,1,1,0,0,1,0,0,0,6,0
C0257,31-03-2025,528,4,45,87483.51,1944.08,15.15,3,3,3,2,0,1,0.666666667,0,0,16,0
C0260,31-03-2025,288,26,4,2657.33,664.33,93.5,3,3,3,1,0,1,0.333333333,0,2,0,1
C0264,31-03-2025,374,9,13,11598.13,892.16,41.5,3,3,3,2,1,1,0.666666667,0.333333333,0,2,0
C0266,31-03-2025,430,1,19,17768.74,935.2,25,2,2,2,0,0,1,0,0,0,5,0
C0268,31-03-2025,503,1,14,11472.43,819.46,48.25,6,6,6,0,0,1,0,0,0,5,0
C0269,31-03-2025,274,0,8,17862.81,2232.85,44.25,1,1,1,0,0,1,0,0,0,1,0
C0272,31-03-2025,279,20,9,6499.24,722.14,35.5,3,3,3,0,0,1,0,0,1,4,0
C0273,31-03-2025,154,11,5,5872.64,1174.53,3,0,0,0,0,0,0,0,0,0,5,0
C0274,31-03-2025,525,2,14,7614.69,543.91,39.71,5,5,5,1,0,1,0.2,0,0,6,0
C0276,31-03-2025,251,8,3,2576.74,858.91,152,1,1,1,0,0,1,0,0,0,4,0
C0281,31-03-2025,341,89,3,3581.66,1193.89,71.5,6,6,5,0,0,0.833333333,0,0,2,9,0
C0282,31-03-2025,213,1,2,3424.4,1712.2,0,4,4,3,2,2,0.75,0.666666667,0.666666667,0,9,0
C0283,31-03-2025,117,12,2,2123.66,1061.83,0,4,4,3,0,0,0.75,0,0,1,0,1
C0285,31-03-2025,401,35,29,35681.72,1230.4,13.65,1,1,1,0,0,1,0,0,0,9,0
C0286,31-03-2025,230,30,9,7652.9,850.32,30.25,2,2,2,0,0,1,0,0,0,4,0
C0287,31-03-2025,317,32,9,7592.14,843.57,42.2,0,0,0,0,0,0,0,0,0,2,0
C0288,31-03-2025,387,44,14,12371.27,883.66,33.12,4,4,4,1,1,1,0.25,0.25,0,0,1
C0290,31-03-2025,548,7,26,45293.21,1742.05,25.36,1,1,1,1,1,1,1,1,0,13,0
C0291,31-03-2025,122,43,4,5541.89,1385.47,1,0,0,0,0,0,0,0,0,0,9,0
C0292,31-03-2025,410,65,11,19504.71,1773.16,24.67,4,4,4,1,0,1,0.25,0,0,19,0
C0293,31-03-2025,84,42,1,1578.8,1578.8,0,4,4,4,1,0,1,0.25,0,3,2,0
C0296,31-03-2025,142,6,1,2097.94,2097.94,0,4,4,4,2,0,1,0.5,0,0,1,0
C0297,31-03-2025,417,82,10,17417.79,1741.78,47,2,2,2,0,0,1,0,0,0,12,0
C0299,31-03-2025,408,54,8,4105.56,513.2,66.5,5,5,4,0,0,0.8,0,0,0,4,0
C0304,31-03-2025,381,34,5,3587.56,717.51,67.33,4,4,4,0,0,1,0,0,1,5,0
C0306,31-03-2025,431,71,9,12451.56,1383.51,50.75,2,2,1,0,0,0.5,0,0,1,2,0
C0309,31-03-2025,282,15,11,5986.58,544.23,19.12,2,2,2,0,0,1,0,0,0,1,0
C0311,31-03-2025,316,4,10,12741.25,1274.12,28.57,6,6,5,3,0,0.833333333,0.6,0,0,3,0
C0319,31-03-2025,108,16,1,2109.4,2109.4,0,3,3,3,1,0,1,0.333333333,0,1,5,0
C0320,31-03-2025,556,34,33,47829.12,1449.37,23.38,3,3,3,0,0,1,0,0,0,12,0
C0322,31-03-2025,400,4,33,50783.51,1538.89,19.71,1,1,0,0,0,0,0,0,0,12,0
C0323,31-03-2025,536,13,33,42153.38,1277.38,25.16,2,2,2,1,1,1,0.5,0.5,0,8,0
C0328,31-03-2025,550,49,19,16603.54,873.87,28.56,6,6,5,2,1,0.833333333,0.4,0.2,0,7,0
C0329,31-03-2025,546,28,37,65375.83,1766.91,17.44,4,4,4,1,0,1,0.25,0,0,4,0
C0330,31-03-2025,456,7,29,73653.13,2539.76,24.67,2,2,2,1,0,1,0.5,0,0,7,0
C0332,31-03-2025,341,24,6,4425.84,737.64,50.25,2,2,2,0,0,1,0,0,0,5,0
C0334,31-03-2025,466,4,40,77954.49,1948.86,19.05,4,4,3,2,1,0.75,0.666666667,0.333333333,0,13,0
C0335,31-03-2025,131,33,6,6027.22,1004.54,27.5,6,6,5,1,1,0.833333333,0.2,0.2,1,14,0
C0336,31-03-2025,411,2,26,40103.48,1542.44,23.5,3,3,3,2,1,1,0.666666667,0.333333333,0,20,0
C0337,31-03-2025,486,61,16,22306.95,1394.18,45.25,4,4,4,0,0,1,0,0,2,5,0
C0345,31-03-2025,245,12,18,28073.19,1559.62,19.88,3,3,3,3,1,1,1,0.333333333,0,6,0
C0348,31-03-2025,105,12,2,3872.58,1936.29,0,0,0,0,0,0,0,0,0,0,11,0
C0350,31-03-2025,290,20,6,7919.98,1320,25.5,2,2,2,0,0,1,0,0,1,12,0
C0351,31-03-2025,338,2,11,18863.1,1714.83,26.17,3,3,3,1,1,1,0.333333333,0.333333333,0,3,0
C0356,31-03-2025,294,3,16,18565.64,1160.35,20.29,3,3,2,0,0,0.666666667,0,0,0,10,0
C0357,31-03-2025,505,24,22,31544.01,1433.82,26.62,1,1,1,0,0,1,0,0,0,3,0
C0358,31-03-2025,222,7,4,2534.01,633.5,85,4,4,4,3,1,1,0.75,0.25,0,7,0
C0359,31-03-2025,233,4,10,17356.75,1735.68,27.43,3,3,3,2,0,1,0.666666667,0,0,11,0
C0360,31-03-2025,550,71,18,27010.86,1500.6,17.83,6,6,6,3,0,1,0.5,0,2,6,0
C0361,31-03-2025,155,139,1,4178.09,4178.09,0,1,1,1,0,0,1,0,0,1,7,0
C0362,31-03-2025,171,0,1,670.97,670.97,0,5,5,5,1,1,1,0.2,0.2,0,0,1
C0365,31-03-2025,253,13,6,15656.65,2609.44,42.67,2,2,2,2,1,1,1,0.5,0,9,0
C0368,31-03-2025,368,22,22,18583.97,844.73,23.4,4,4,4,1,0,1,0.25,0,0,0,1
C0371,31-03-2025,455,5,17,19912.67,1171.33,19.38,7,7,7,1,0,1,0.142857143,0,0,2,0
C0372,31-03-2025,103,24,2,3615.62,1807.81,0,3,3,3,1,1,1,0.333333333,0.333333333,0,8,0
C0373,31-03-2025,166,5,14,33335.23,2381.09,18.17,3,3,3,0,0,1,0,0,0,13,0
C0374,31-03-2025,519,2,14,20276.85,1448.35,39.27,4,4,3,1,0,0.75,0.333333333,0,0,11,0
C0375,31-03-2025,570,11,7,5564.08,794.87,52.2,5,5,4,0,0,0.8,0,0,0,0,1
C0376,31-03-2025,354,13,17,14005.09,823.83,33.38,0,0,0,0,0,0,0,0,0,5,0
C0379,31-03-2025,441,16,12,12080,1006.67,20.33,3,3,3,0,0,1,0,0,0,0,1
C0380,31-03-2025,371,51,7,7838.5,1119.79,64.33,5,5,4,1,1,0.8,0.25,0.25,0,1,0
C0381,31-03-2025,218,26,8,12398.13,1549.77,24.33,1,1,1,1,0,1,1,0,0,5,0
C0382,31-03-2025,165,12,12,15911.94,1326,19.2,2,2,2,1,1,1,0.5,0.5,1,3,0
C0383,31-03-2025,237,137,4,3866.34,966.58,9,1,1,1,0,0,1,0,0,0,8,0
C0390,31-03-2025,170,5,4,3200.44,800.11,47.5,1,1,1,0,0,1,0,0,0,0,1
C0391,31-03-2025,392,8,30,38502.3,1283.41,14.3,3,3,3,0,0,1,0,0,0,12,0
C0393,31-03-2025,566,48,28,36643.93,1308.71,28.73,6,6,6,1,1,1,0.166666667,0.166666667,1,7,0
C0395,31-03-2025,302,47,10,13595.57,1359.56,31.2,4,4,4,1,0,1,0.25,0,2,5,0
C0397,31-03-2025,286,5,11,7169.12,651.74,44,0,0,0,0,0,0,0,0,0,12,0
C0398,31-03-2025,95,29,1,854.62,854.62,0,1,1,1,1,1,1,1,1,1,0,1
C0403,31-03-2025,406,8,21,15240.56,725.74,24.78,1,1,1,1,0,1,1,0,1,4,0
C0405,31-03-2025,165,1,15,8228.32,548.55,17.67,2,2,2,0,0,1,0,0,0,0,1
C0406,31-03-2025,360,3,13,15948.7,1226.82,22.57,2,2,2,0,0,1,0,0,0,3,0
C0410,31-03-2025,263,45,6,13264.33,2210.72,40.5,2,2,1,0,0,0.5,0,0,0,8,0
C0415,31-03-2025,341,9,14,19308.27,1379.16,24.75,3,3,2,0,0,0.666666667,0,0,0,7,0
C0418,31-03-2025,161,58,1,1455.11,1455.11,0,2,2,1,0,0,0.5,0,0,0,8,0
C0419,31-03-2025,476,32,15,12740.77,849.38,41.43,4,4,4,2,0,1,0.5,0,0,3,0
C0420,31-03-2025,50,36,1,796.75,796.75,0,0,0,0,0,0,0,0,0,0,1,0
C0422,31-03-2025,226,55,9,23724.75,2636.08,13,2,2,2,0,0,1,0,0,0,7,0
C0423,31-03-2025,142,27,1,1282.89,1282.89,0,1,1,1,0,0,1,0,0,0,2,0
C0425,31-03-2025,378,17,14,10031.19,716.51,43.57,5,5,5,1,0,1,0.2,0,1,2,0
C0428,31-03-2025,371,38,15,25807.77,1720.52,27.7,2,2,2,2,2,1,1,1,0,12,0
C0429,31-03-2025,229,50,7,12717.01,1816.72,25,5,5,5,3,1,1,0.6,0.2,0,8,0
C0430,31-03-2025,391,9,8,6557.01,819.63,38.5,4,4,4,0,0,1,0,0,0,10,0
C0432,31-03-2025,496,1,35,39129.03,1117.97,22.7,4,4,4,1,0,1,0.25,0,0,17,0
C0434,31-03-2025,196,82,2,421.38,210.69,0,2,2,2,0,0,1,0,0,0,2,0
C0435,31-03-2025,503,95,9,9923.42,1102.6,41.4,1,1,1,0,0,1,0,0,0,2,0
C0441,31-03-2025,351,2,12,16771.83,1397.65,52.17,2,2,2,1,0,1,0.5,0,0,13,0
C0445,31-03-2025,519,4,34,29361.44,863.57,22.94,5,5,4,2,0,0.8,0.5,0,0,11,0
C0452,31-03-2025,295,3,11,15488.35,1408.03,40.2,3,3,3,0,0,1,0,0,0,11,0
C0454,31-03-2025,284,1,14,25360.35,1811.45,26.14,3,3,3,1,0,1,0.333333333,0,0,19,0
C0455,31-03-2025,272,0,6,6569.56,1094.93,46,0,0,0,0,0,0,0,0,0,10,0
C0457,31-03-2025,50,4,3,1148.81,382.94,23,2,2,2,1,0,1,0.5,0,0,4,0
C0458,31-03-2025,194,0,6,6610.78,1101.8,28,1,1,1,0,0,1,0,0,0,5,0
C0463,31-03-2025,366,32,12,15594.56,1299.55,45.8,0,0,0,0,0,0,0,0,0,5,0
C0464,31-03-2025,495,9,34,72838.33,2142.3,22.47,5,5,4,3,0,0.8,0.75,0,1,16,0
C0466,31-03-2025,191,31,4,3440.93,860.23,32,2,2,1,1,0,0.5,1,0,0,8,0
C0469,31-03-2025,527,4,38,64072.85,1686.13,20.62,6,6,6,2,1,1,0.333333333,0.166666667,0,14,0
C0470,31-03-2025,34,3,1,1920.1,1920.1,0,0,0,0,0,0,0,0,0,0,2,0
C0475,31-03-2025,366,10,19,20677.23,1088.28,30.8,3,3,3,1,1,1,0.333333333,0.333333333,0,0,1
C0477,31-03-2025,133,8,5,3518.65,703.73,99,1,1,1,1,0,1,1,0,0,3,0
C0478,31-03-2025,484,20,18,21414.84,1189.71,31.4,5,5,5,2,0,1,0.4,0,0,9,0
C0479,31-03-2025,207,47,1,1187,1187,0,3,3,3,0,0,1,0,0,1,3,0
C0481,31-03-2025,283,28,9,7466.26,829.58,29.75,4,4,4,2,0,1,0.5,0,2,3,0
C0484,31-03-2025,270,36,8,8111.86,1013.98,66.33,3,3,3,1,1,1,0.333333333,0.333333333,0,4,0
C0485,31-03-2025,89,4,2,5038.61,2519.3,35,1,1,1,0,0,1,0,0,0,4,0
C0486,31-03-2025,151,13,4,5039.68,1259.92,28.5,0,0,0,0,0,0,0,0,0,2,0
C0487,31-03-2025,277,13,12,11535.17,961.26,36.5,1,1,1,0,0,1,0,0,0,8,0
C0489,31-03-2025,146,81,2,4192.74,2096.37,0,2,2,1,0,0,0.5,0,0,2,6,0
C0490,31-03-2025,348,10,9,9086.27,1009.59,39.5,3,3,3,0,0,1,0,0,0,5,0
C0492,31-03-2025,262,42,8,15563.85,1945.48,30.25,2,2,2,1,0,1,0.5,0,0,9,0
C0501,31-03-2025,290,0,12,24317.32,2026.44,21.17,1,1,1,0,0,1,0,0,0,11,0
C0503,31-03-2025,415,35,10,7548.11,754.81,24.33,2,2,2,1,0,1,0.5,0,0,9,0
C0504,31-03-2025,154,38,8,19717.4,2464.68,2,0,0,0,0,0,0,0,0,0,3,0
C0507,31-03-2025,538,6,20,11168.64,558.43,49,3,3,3,0,0,1,0,0,0,2,0
C0509,31-03-2025,268,15,12,20252.25,1687.69,19.83,1,1,1,1,1,1,1,1,0,9,0
C0510,31-03-2025,555,13,42,83023.87,1976.76,18.78,5,5,5,0,0,1,0,0,0,14,0
C0511,31-03-2025,143,57,2,2771.4,1385.7,0,3,3,3,1,0,1,0.333333333,0,0,11,0
C0513,31-03-2025,214,32,3,5277.3,1759.1,9,3,3,3,1,1,1,0.333333333,0.333333333,0,9,0
C0515,31-03-2025,369,246,1,1350.89,1350.89,0,2,2,2,2,1,1,1,0.5,2,3,0
C0516,31-03-2025,348,9,16,15460.77,966.3,27.44,3,3,3,1,0,1,0.333333333,0,0,4,0
C0521,31-03-2025,419,2,15,15637.1,1042.47,46.2,4,4,4,1,0,1,0.25,0,0,10,0
C0522,31-03-2025,184,33,5,3774.51,754.9,26.33,2,2,2,1,0,1,0.5,0,0,2,0
C0524,31-03-2025,336,4,19,31366.89,1650.89,24.09,3,3,3,2,1,1,0.666666667,0.333333333,0,13,0
C0525,31-03-2025,73,0,1,1212.71,1212.71,0,0,0,0,0,0,0,0,0,0,4,0
C0526,31-03-2025,576,100,7,5167.65,738.24,82.67,3,3,3,1,1,1,0.333333333,0.333333333,1,1,0
C0533,31-03-2025,346,1,11,10779.98,980,47.67,4,4,4,0,0,1,0,0,0,3,0
C0535,31-03-2025,395,23,14,9487.4,677.67,36,4,4,3,0,0,0.75,0,0,0,4,0
C0537,31-03-2025,481,7,11,13410.55,1219.14,23,3,3,3,0,0,1,0,0,0,9,0
C0543,31-03-2025,277,8,7,4591.67,655.95,53,2,2,2,0,0,1,0,0,0,7,0
C0547,31-03-2025,319,84,12,15631.6,1302.63,17.83,3,3,3,1,0,1,0.333333333,0,1,10,0
C0549,31-03-2025,546,97,11,20649.56,1877.23,43.8,5,5,5,2,0,1,0.4,0,2,9,0
C0554,31-03-2025,128,35,4,2899.34,724.84,3,2,2,2,1,0,1,0.5,0,0,4,0
C0558,31-03-2025,361,4,28,39831.29,1422.55,20.36,4,4,4,1,0,1,0.25,0,0,5,0
C0561,31-03-2025,541,34,18,26596.83,1477.6,40.44,3,3,3,1,1,1,0.333333333,0.333333333,0,14,0
C0562,31-03-2025,380,10,8,8405.12,1050.64,92.67,2,2,2,0,0,1,0,0,0,10,0
C0564,31-03-2025,68,29,3,1497.87,499.29,0,0,0,0,0,0,0,0,0,0,0,1
C0567,31-03-2025,552,34,32,54099.13,1690.6,25.29,6,6,4,1,1,0.666666667,0.25,0.25,0,4,0
C0568,31-03-2025,510,2,34,44041.67,1295.34,20,6,6,6,3,2,1,0.5,0.333333333,0,19,0
C0572,31-03-2025,96,14,1,1455.02,1455.02,0,2,2,2,0,0,1,0,0,1,0,1
C0575,31-03-2025,553,29,22,27162.62,1234.66,24.4,3,3,3,2,1,1,0.666666667,0.333333333,0,2,0
C0578,31-03-2025,460,23,17,13077.07,769.24,41.86,1,1,1,0,0,1,0,0,0,4,0
C0579,31-03-2025,393,16,18,19651.44,1091.75,16.4,1,1,1,1,1,1,1,1,0,7,0
C0580,31-03-2025,471,1,30,63499.97,2116.67,23.8,3,3,3,1,0,1,0.333333333,0,0,10,0
C0581,31-03-2025,374,4,17,24396.2,1435.07,29.3,1,1,1,0,0,1,0,0,0,11,0
C0583,31-03-2025,234,13,5,10212.67,2042.53,28.67,3,3,3,2,1,1,0.666666667,0.333333333,0,11,0
C0587,31-03-2025,279,7,5,6288.39,1257.68,35.5,3,3,3,1,0,1,0.333333333,0,0,0,1
C0588,31-03-2025,548,18,32,32391.88,1012.25,38.36,6,6,5,5,2,0.833333333,1,0.4,0,0,1
C0596,31-03-2025,415,15,27,33883.65,1254.95,18.95,6,6,6,2,1,1,0.333333333,0.166666667,1,21,0
C0597,31-03-2025,279,13,11,9708.12,882.56,34.17,7,7,7,1,1,1,0.142857143,0.142857143,1,3,0
C0600,31-03-2025,337,3,12,18702.97,1558.58,21.89,1,1,1,1,0,1,1,0,0,13,0
C0601,31-03-2025,485,15,22,10998.35,499.92,28.33,0,0,0,0,0,0,0,0,0,8,0
C0602,31-03-2025,287,16,12,9689.26,807.44,28.71,0,0,0,0,0,0,0,0,0,5,0
C0603,31-03-2025,374,6,30,40938.35,1364.61,16.56,3,3,3,1,1,1,0.333333333,0.333333333,0,5,0
C0605,31-03-2025,253,0,12,25598.11,2133.18,20.62,3,3,3,1,0,1,0.333333333,0,0,21,0
C0606,31-03-2025,388,5,11,9147.76,831.61,36.29,0,0,0,0,0,0,0,0,0,6,0
C0607,31-03-2025,264,154,1,597.1,597.1,0,3,3,3,1,1,1,0.333333333,0.333333333,1,1,0
C0608,31-03-2025,147,99,5,3690.02,738,14.67,4,4,4,1,0,1,0.25,0,3,0,1
C0609,31-03-2025,440,37,11,7294.57,663.14,58,2,2,2,1,0,1,0.5,0,0,1,0
C0617,31-03-2025,445,7,27,40789.3,1510.71,24.62,3,3,3,0,0,1,0,0,0,16,0
C0621,31-03-2025,455,18,13,10211.82,785.52,36.64,2,2,1,0,0,0.5,0,0,0,7,0
C0623,31-03-2025,219,14,6,5205.65,867.61,13.5,4,4,3,0,0,0.75,0,0,0,5,0
C0625,31-03-2025,201,6,3,3019.85,1006.62,30,4,4,3,2,1,0.75,0.666666667,0.333333333,0,10,0
C0626,31-03-2025,366,55,6,3533.43,588.9,37,1,1,1,1,0,1,1,0,0,2,0
C0629,31-03-2025,545,3,22,53878.6,2449.03,30.91,5,5,4,0,0,0.8,0,0,0,3,0
C0632,31-03-2025,215,73,7,7030.83,1004.4,14.33,3,3,2,1,1,0.666666667,0.5,0.5,0,7,0
C0636,31-03-2025,555,6,28,39670.47,1416.8,25.94,3,3,3,1,0,1,0.333333333,0,0,10,0
C0641,31-03-2025,375,10,15,15985.22,1065.68,35,5,5,4,1,1,0.8,0.25,0.25,0,4,0
C0643,31-03-2025,92,21,2,919.28,459.64,0,0,0,0,0,0,0,0,0,0,5,0
C0646,31-03-2025,357,21,20,20887.26,1044.36,33.67,3,3,3,0,0,1,0,0,0,2,0
C0649,31-03-2025,263,17,12,28089.7,2340.81,34.2,3,3,3,1,0,1,0.333333333,0,0,3,0
C0652,31-03-2025,261,18,6,7653.88,1275.65,47.2,3,3,3,0,0,1,0,0,0,5,0
C0654,31-03-2025,526,17,21,17054.3,812.11,40.09,5,5,5,1,0,1,0.2,0,0,1,0
C0655,31-03-2025,554,9,44,53602.86,1218.25,18.7,7,7,7,0,0,1,0,0,0,7,0
C0656,31-03-2025,303,77,2,2512.79,1256.4,145,2,2,2,0,0,1,0,0,0,3,0
C0657,31-03-2025,424,1,16,19123.36,1195.21,32.75,4,4,4,0,0,1,0,0,0,4,0
C0661,31-03-2025,563,9,27,26253.18,972.34,24.12,2,2,2,1,1,1,0.5,0.5,0,9,0
C0665,31-03-2025,107,2,1,1508.74,1508.74,0,1,1,1,0,0,1,0,0,0,5,0
C0669,31-03-2025,412,25,21,33176.43,1579.83,36.38,2,2,2,0,0,1,0,0,0,10,0
C0670,31-03-2025,156,26,2,2544.4,1272.2,78,3,3,3,0,0,1,0,0,0,11,0
C0673,31-03-2025,452,2,38,43144.05,1135.37,29.29,4,4,4,1,0,1,0.25,0,0,11,0
C0674,31-03-2025,74,40,1,1481.49,1481.49,0,0,0,0,0,0,0,0,0,0,4,0
C0675,31-03-2025,472,1,23,38344.26,1667.14,29.71,1,1,1,0,0,1,0,0,0,10,0
C0676,31-03-2025,460,19,26,30709.59,1181.14,18.57,6,6,5,3,0,0.833333333,0.6,0,0,9,0
C0677,31-03-2025,167,56,3,2530.4,843.47,59,1,1,1,0,0,1,0,0,0,6,0
C0678,31-03-2025,373,15,14,18384.74,1313.2,40,4,4,4,1,1,1,0.25,0.25,0,3,0
C0680,31-03-2025,486,2,23,12781.75,555.73,24,7,7,6,2,0,0.857142857,0.333333333,0,0,2,0
C0681,31-03-2025,374,23,19,31654.66,1666.03,33.3,2,2,2,0,0,1,0,0,0,14,0
C0683,31-03-2025,465,35,23,31814.79,1383.25,30.67,6,6,6,0,0,1,0,0,1,9,0
C0684,31-03-2025,284,38,21,36674.65,1746.41,20.89,3,3,3,1,0,1,0.333333333,0,0,16,0
C0686,31-03-2025,211,27,5,4810.95,962.19,62.5,1,1,1,0,0,1,0,0,0,6,0
C0687,31-03-2025,567,5,26,47488.49,1826.48,26.87,3,3,3,1,0,1,0.333333333,0,0,9,0
C0688,31-03-2025,111,7,2,993.5,496.75,0,1,1,1,0,0,1,0,0,0,12,0
C0697,31-03-2025,396,1,13,9910.1,762.32,48.33,5,5,5,1,0,1,0.2,0,0,0,1
C0698,31-03-2025,368,35,16,19893.11,1243.32,38,0,0,0,0,0,0,0,0,0,5,0
C0699,31-03-2025,567,0,39,78682.29,2017.49,21.62,5,5,5,4,1,1,0.8,0.2,0,5,0
C0700,31-03-2025,542,14,49,66087.04,1348.72,19.52,4,4,4,2,2,1,0.5,0.5,0,4,0
C0702,31-03-2025,368,17,20,14456.67,722.83,21.8,2,2,2,1,0,1,0.5,0,0,11,0
C0703,31-03-2025,413,4,35,65662.56,1876.07,22.65,4,4,4,0,0,1,0,0,0,10,0
C0704,31-03-2025,182,1,6,5105.18,850.86,26,2,2,2,0,0,1,0,0,0,3,0
C0706,31-03-2025,392,3,17,9821.61,577.74,51.67,4,4,4,1,0,1,0.25,0,0,0,1
C0713,31-03-2025,361,27,14,17904.15,1278.87,38.83,1,1,1,0,0,1,0,0,0,3,0
C0714,31-03-2025,65,14,3,2512.77,837.59,9.5,1,1,1,1,0,1,1,0,1,1,0
C0715,31-03-2025,352,0,14,21756.57,1554.04,28.12,2,2,2,1,1,1,0.5,0.5,0,9,0
C0716,31-03-2025,487,7,13,11178.37,859.87,53.67,3,3,3,2,0,1,0.666666667,0,0,5,0
C0717,31-03-2025,35,3,1,589.64,589.64,0,0,0,0,0,0,0,0,0,0,1,0
C0718,31-03-2025,100,4,4,6670.49,1667.62,12.5,1,1,1,1,1,1,1,1,0,6,0
C0721,31-03-2025,465,64,13,9919.89,763.07,53.8,5,5,5,3,1,1,0.6,0.2,2,9,0
C0723,31-03-2025,342,51,13,16554.78,1273.44,25.25,2,2,2,0,0,1,0,0,1,16,0
C0724,31-03-2025,313,15,17,16909.48,994.68,24.17,3,3,3,2,0,1,0.666666667,0,0,7,0
C0726,31-03-2025,418,6,6,3374.34,562.39,60,5,5,5,1,0,1,0.2,0,0,2,0
C0729,31-03-2025,241,12,16,23750.98,1484.44,18,3,3,3,1,0,1,0.333333333,0,0,4,0
C0730,31-03-2025,313,0,15,23307.95,1553.86,19.55,1,1,1,1,1,1,1,1,0,9,0
C0731,31-03-2025,161,15,4,2791.74,697.94,13,1,1,1,0,0,1,0,0,0,5,0
C0732,31-03-2025,561,57,21,16306.99,776.52,30.83,5,5,5,2,0,1,0.4,0,0,0,1
C0735,31-03-2025,167,4,6,5714.45,952.41,25.5,0,0,0,0,0,0,0,0,0,2,0
C0736,31-03-2025,287,11,6,10544.41,1757.4,48,6,6,6,2,1,1,0.333333333,0.166666667,0,12,0
C0743,31-03-2025,177,21,4,5823.67,1455.92,71,1,1,1,0,0,1,0,0,1,2,0
C0745,31-03-2025,178,42,3,1571.87,523.96,56,0,0,0,0,0,0,0,0,0,8,0
C0746,31-03-2025,378,11,10,10348.28,1034.83,48.6,4,4,4,2,0,1,0.5,0,0,8,0
C0748,31-03-2025,305,34,7,7256.33,1036.62,31.25,0,0,0,0,0,0,0,0,0,6,0
C0752,31-03-2025,167,2,15,13144.59,876.31,25,1,1,1,0,0,1,0,0,0,7,0
C0754,31-03-2025,263,44,12,16048.93,1337.41,18.17,3,3,3,1,1,1,0.333333333,0.333333333,1,17,0
C0756,31-03-2025,113,13,7,5407.42,772.49,53,2,2,2,1,1,1,0.5,0.5,0,11,0
C0757,31-03-2025,40,7,1,762.65,762.65,0,0,0,0,0,0,0,0,0,0,1,0
C0759,31-03-2025,399,6,8,9082.32,1135.29,43,4,4,4,1,0,1,0.25,0,0,6,0
C0761,31-03-2025,137,34,2,1071.44,535.72,0,0,0,0,0,0,0,0,0,0,4,0
C0763,31-03-2025,512,7,15,15245.67,1016.38,48,4,4,4,1,0,1,0.25,0,0,6,0
C0766,31-03-2025,304,17,18,29411.92,1634,22.64,5,5,4,2,0,0.8,0.5,0,0,11,0
C0769,31-03-2025,271,10,13,16143.24,1241.79,25.14,1,1,0,0,0,0,0,0,0,13,0
C0770,31-03-2025,142,18,1,1671.56,1671.56,0,3,3,3,1,0,1,0.333333333,0,0,0,1
C0771,31-03-2025,461,60,11,7394.62,672.24,51.25,3,3,3,0,0,1,0,0,0,0,1
C0774,31-03-2025,468,39,10,11353.05,1135.3,42,4,4,3,0,0,0.75,0,0,0,6,0
C0775,31-03-2025,126,5,3,3103.27,1034.42,25.5,2,2,1,0,0,0.5,0,0,0,7,0
C0780,31-03-2025,517,41,9,11631.55,1292.39,48.83,3,3,3,0,0,1,0,0,0,10,0
C0782,31-03-2025,550,61,23,21752.38,945.76,32.82,7,7,7,1,0,1,0.142857143,0,0,5,0
C0786,31-03-2025,554,29,23,22737.58,988.59,38.54,3,3,2,0,0,0.666666667,0,0,0,11,0
C0787,31-03-2025,570,2,24,22351.99,931.33,32.14,4,4,3,1,0,0.75,0.333333333,0,0,15,0
C0794,31-03-2025,557,159,9,9351.55,1039.06,79.33,5,5,3,2,0,0.6,0.666666667,0,1,9,0
C0795,31-03-2025,403,11,9,8041.9,893.54,83.75,3,3,2,1,1,0.666666667,0.5,0.5,0,5,0
C0796,31-03-2025,283,22,3,2335.92,778.64,11,1,1,1,0,0,1,0,0,0,5,0
C0804,31-03-2025,100,4,3,2159.28,719.76,0,3,3,3,0,0,1,0,0,0,5,0
C0805,31-03-2025,531,45,19,25812.55,1358.56,30.33,6,6,6,1,0,1,0.166666667,0,0,5,0
C0806,31-03-2025,103,6,4,2965.6,741.4,35,0,0,0,0,0,0,0,0,0,10,0
C0807,31-03-2025,343,130,3,1785.06,595.02,0,4,4,4,2,0,1,0.5,0,1,7,0
C0809,31-03-2025,384,0,13,27325.99,2102,34.25,2,2,2,1,0,1,0.5,0,0,12,0
C0810,31-03-2025,169,5,2,3035.6,1517.8,0,3,3,2,1,0,0.666666667,0.5,0,0,1,0
C0812,31-03-2025,132,3,12,4839.86,403.32,12.86,2,2,2,1,0,1,0.5,0,0,0,1
C0817,31-03-2025,179,5,12,16244.01,1353.67,20.25,2,2,2,1,1,1,0.5,0.5,0,6,0
C0818,31-03-2025,498,9,30,76349.93,2545,23.29,2,2,2,2,0,1,1,0,0,13,0
C0819,31-03-2025,526,9,15,44945.03,2996.34,44.89,5,5,4,0,0,0.8,0,0,0,9,0
C0821,31-03-2025,562,33,27,41760.47,1546.68,24.25,5,5,5,1,1,1,0.2,0.2,0,6,0
C0823,31-03-2025,259,82,5,8538.55,1707.71,17.5,1,1,1,1,0,1,1,0,0,9,0
C0826,31-03-2025,218,15,8,9733.69,1216.71,33.75,4,4,3,1,0,0.75,0.333333333,0,1,6,0
C0827,31-03-2025,405,32,19,23874.22,1256.54,15.92,2,2,2,1,0,1,0.5,0,0,4,0
C0829,31-03-2025,371,18,10,7742.23,774.22,58.5,3,3,3,2,1,1,0.666666667,0.333333333,0,4,0
C0835,31-03-2025,418,26,14,9173.37,655.24,31.56,2,2,2,0,0,1,0,0,0,14,0
C0838,31-03-2025,516,59,13,8728.08,671.39,46.57,3,3,3,0,0,1,0,0,0,7,0
C0839,31-03-2025,368,1,6,12775.58,2129.26,57.25,1,1,1,0,0,1,0,0,0,3,0
C0840,31-03-2025,64,4,3,3641.52,1213.84,0,1,1,1,0,0,1,0,0,0,1,0
C0841,31-03-2025,395,41,9,13317.9,1479.77,45,1,1,1,1,1,1,1,1,0,23,0
C0849,31-03-2025,543,11,39,67809.01,1738.69,23.05,4,4,4,0,0,1,0,0,0,6,0
C0851,31-03-2025,56,3,3,2056.9,685.63,21,1,1,1,0,0,1,0,0,0,7,0
C0852,31-03-2025,249,25,15,30227.31,2015.15,18.57,2,2,2,1,0,1,0.5,0,0,13,0
C0854,31-03-2025,209,25,5,3882.8,776.56,85,3,3,2,0,0,0.666666667,0,0,0,9,0
C0855,31-03-2025,305,59,5,4008.75,801.75,0,2,2,2,0,0,1,0,0,0,0,1
C0857,31-03-2025,332,19,14,28524.39,2037.46,21.57,2,2,2,2,2,1,1,1,0,11,0
C0858,31-03-2025,112,2,16,7412.54,463.28,10.11,0,0,0,0,0,0,0,0,0,9,0
C0859,31-03-2025,123,9,6,7735.01,1289.17,41,1,1,0,0,0,0,0,0,0,7,0
C0864,31-03-2025,201,35,2,3026.32,1513.16,34,0,0,0,0,0,0,0,0,0,11,0
C0866,31-03-2025,131,39,5,7712.7,1542.54,30,2,2,2,1,0,1,0.5,0,0,5,0
C0867,31-03-2025,529,24,13,8946.73,688.21,54,6,6,6,2,0,1,0.333333333,0,1,4,0
C0870,31-03-2025,564,44,25,36889.29,1475.57,27.54,3,3,1,0,0,0.333333333,0,0,1,5,0
C0871,31-03-2025,236,0,12,17577.93,1464.83,23.86,1,1,1,0,0,1,0,0,0,11,0
C0872,31-03-2025,162,0,5,7829.17,1565.83,104,4,4,4,2,1,1,0.5,0.25,0,2,0
C0873,31-03-2025,180,19,5,6626.14,1325.23,29,4,4,2,2,1,0.5,1,0.5,0,9,0
C0876,31-03-2025,343,15,11,8396.33,763.3,37.5,6,6,6,2,1,1,0.333333333,0.166666667,1,11,0
C0879,31-03-2025,435,4,16,11800.6,737.54,26.67,3,3,3,0,0,1,0,0,0,8,0
C0880,31-03-2025,296,3,3,1886.2,628.73,83.5,1,1,1,1,1,1,1,1,0,10,0
C0881,31-03-2025,257,10,1,771.6,771.6,0,5,5,5,3,0,1,0.6,0,1,9,0
C0882,31-03-2025,557,50,20,12179.17,608.96,24.21,5,5,5,2,1,1,0.4,0.2,1,0,1
C0885,31-03-2025,520,49,15,14667.72,977.85,39.12,1,1,1,0,0,1,0,0,0,5,0
C0887,31-03-2025,245,15,7,7102.84,1014.69,68,4,4,4,1,0,1,0.25,0,0,0,1
C0890,31-03-2025,516,16,35,41312.34,1180.35,23.18,6,6,5,4,1,0.833333333,0.8,0.2,0,3,0
C0895,31-03-2025,365,9,12,14392.06,1199.34,24.29,3,3,3,1,0,1,0.333333333,0,0,7,0
C0897,31-03-2025,555,46,35,60587.79,1731.08,19.89,4,4,4,0,0,1,0,0,0,7,0
C0898,31-03-2025,413,3,19,23427.21,1233.01,36.27,2,2,2,1,0,1,0.5,0,0,19,0
C0899,31-03-2025,350,48,11,10029.39,911.76,41.33,5,5,5,2,1,1,0.4,0.2,2,6,0
C0904,31-03-2025,495,35,6,8642.32,1440.39,95,8,8,8,1,0,1,0.125,0,1,5,0
C0905,31-03-2025,146,38,1,1157.94,1157.94,0,1,1,1,1,1,1,1,1,0,0,1
C0906,31-03-2025,275,54,10,21912.76,2191.28,28.33,3,3,3,1,0,1,0.333333333,0,0,8,0
C0912,31-03-2025,193,87,1,361.72,361.72,0,0,0,0,0,0,0,0,0,0,7,0
C0913,31-03-2025,116,15,4,1765.16,441.29,35,0,0,0,0,0,0,0,0,0,2,0
C0914,31-03-2025,209,52,4,3599.62,899.9,14,3,3,3,0,0,1,0,0,1,3,0
C0915,31-03-2025,171,15,9,11847.98,1316.44,35.67,6,6,6,1,1,1,0.166666667,0.166666667,1,6,0
C0921,31-03-2025,240,10,10,7746.06,774.61,26.67,2,2,2,0,0,1,0,0,0,2,0
C0922,31-03-2025,181,1,4,4574.33,1143.58,95,2,2,2,1,0,1,0.5,0,0,11,0
C0923,31-03-2025,575,8,25,26773.89,1070.96,34.69,6,6,6,3,0,1,0.5,0,0,5,0
C0925,31-03-2025,278,28,9,9456.59,1050.73,16.4,3,3,3,0,0,1,0,0,1,2,0
C0932,31-03-2025,381,11,25,35098.26,1403.93,22.85,5,5,5,3,1,1,0.6,0.2,0,4,0
C0935,31-03-2025,405,5,7,5313.25,759.04,69,1,1,1,0,0,1,0,0,0,7,0
C0937,31-03-2025,204,6,3,2135.37,711.79,28,3,3,2,0,0,0.666666667,0,0,0,3,0
C0938,31-03-2025,309,1,12,16153.54,1346.13,40.67,2,2,1,0,0,0.5,0,0,0,15,0
C0939,31-03-2025,570,11,25,24486.29,979.45,28.6,3,3,3,1,0,1,0.333333333,0,0,11,0
C0940,31-03-2025,155,98,2,1965.88,982.94,0,5,5,3,1,0,0.6,0.333333333,0,4,6,0
C0941,31-03-2025,536,15,22,17291.79,785.99,31,3,3,1,1,0,0.333333333,1,0,0,6,0
C0942,31-03-2025,47,47,13,7845.3,603.48,0,2,2,2,0,0,1,0,0,2,0,1
C0945,31-03-2025,540,88,7,5135.64,733.66,90.33,2,2,2,0,0,1,0,0,0,2,0
C0947,31-03-2025,439,8,27,36923.28,1367.53,16.4,4,4,3,2,0,0.75,0.666666667,0,0,11,0
C0955,31-03-2025,326,44,8,12922.9,1615.36,32,3,3,2,1,0,0.666666667,0.5,0,1,7,0
C0956,31-03-2025,126,6,2,1670.96,835.48,0,1,1,1,0,0,1,0,0,0,13,0
C0957,31-03-2025,316,36,10,7392.46,739.25,82,1,1,1,0,0,1,0,0,0,2,0
C0960,31-03-2025,288,18,15,29169.54,1944.64,28.5,3,3,3,1,0,1,0.333333333,0,0,4,0
C0962,31-03-2025,306,56,12,11078.63,923.22,23.83,1,1,1,0,0,1,0,0,0,4,0
C0968,31-03-2025,314,48,21,27029.66,1287.13,19.82,5,5,5,0,0,1,0,0,0,5,0
C0969,31-03-2025,145,18,2,2272.14,1136.07,5,1,1,1,1,0,1,1,0,0,3,0
C0977,31-03-2025,272,45,4,4057.37,1014.34,19.5,1,1,1,0,0,1,0,0,0,6,0
C0981,31-03-2025,69,28,1,1116.71,1116.71,0,0,0,0,0,0,0,0,0,0,5,0
C0982,31-03-2025,139,30,1,2054.03,2054.03,0,2,2,2,1,0,1,0.5,0,1,12,0
C0986,31-03-2025,557,14,46,66550.39,1446.75,20.67,0,0,0,0,0,0,0,0,0,15,0
C0990,31-03-2025,400,3,27,48400.49,1792.61,19.77,2,2,2,0,0,1,0,0,0,9,0
C0992,31-03-2025,242,12,3,4721.8,1573.93,25,0,0,0,0,0,0,0,0,0,6,0
C0998,31-03-2025,264,43,8,12187.44,1523.43,35.67,3,3,3,2,1,1,0.666666667,0.333333333,0,5,0
C0999,31-03-2025,56,12,1,874.78,874.78,0,0,0,0,0,0,0,0,0,0,3,0
C0001,30-06-2025,471,50,15,19994.73,1332.98,51,2,2,2,1,0,1,0.5,0,0,2,0
C0003,30-06-2025,610,97,14,13182.63,941.62,48.89,5,5,4,3,0,0.8,0.75,0,1,10,0
C0005,30-06-2025,538,36,27,49079,1817.74,23.47,4,4,4,2,0,1,0.5,0,1,9,0
C0006,30-06-2025,469,15,32,77637.14,2426.16,22.31,2,2,2,0,0,1,0,0,0,13,0
C0011,30-06-2025,536,33,13,10881.15,837.01,48,4,4,4,2,0,1,0.5,0,0,4,0
C0013,30-06-2025,654,6,42,63619.32,1514.75,22.81,6,6,5,3,2,0.833333333,0.6,0.4,0,5,0
C0014,30-06-2025,110,21,1,1256.67,1256.67,0,5,5,5,2,1,1,0.4,0.2,0,1,0
C0016,30-06-2025,524,16,20,24767,1238.35,36.58,5,5,5,1,0,1,0.2,0,0,7,0
C0017,30-06-2025,506,9,14,15659.33,1118.52,36.12,5,5,5,1,0,1,0.2,0,1,3,0
C0018,30-06-2025,490,28,18,24654.66,1369.7,35.25,2,2,2,0,0,1,0,0,0,5,0
C0020,30-06-2025,406,45,27,57403.43,2126.05,19.71,3,3,3,0,0,1,0,0,0,10,0
C0021,30-06-2025,419,35,14,21737.55,1552.68,30,2,2,1,0,0,0.5,0,0,0,8,0
C0022,30-06-2025,147,1,2,1252.45,626.22,22,1,1,1,0,0,1,0,0,0,4,0
C0023,30-06-2025,470,2,49,80805.81,1649.1,14.07,6,6,5,1,1,0.833333333,0.2,0.2,0,16,0
C0025,30-06-2025,552,59,39,46258.91,1186.13,15.5,2,2,1,1,0,0.5,1,0,0,14,0
C0028,30-06-2025,196,8,3,2871.08,957.03,68,4,4,4,2,0,1,0.5,0,1,4,0
C0029,30-06-2025,618,47,19,15698.91,826.26,43.58,8,8,6,1,0,0.75,0.166666667,0,0,7,0
C0030,30-06-2025,582,26,27,23162.72,857.88,26.67,3,3,3,0,0,1,0,0,0,3,0
C0031,30-06-2025,649,32,25,21166.45,846.66,29.64,4,4,4,1,1,1,0.25,0.25,0,1,0
C0032,30-06-2025,585,4,17,12074.64,710.27,36.64,7,7,7,3,0,1,0.428571429,0,0,12,0
C0035,30-06-2025,200,7,8,8744.46,1093.06,41.75,2,2,2,1,1,1,0.5,0.5,0,0,1
C0036,30-06-2025,488,4,22,32166.32,1462.11,30.93,2,2,2,1,0,1,0.5,0,0,11,0
C0037,30-06-2025,236,60,5,4969.43,993.89,31.67,2,2,2,0,0,1,0,0,0,4,0
C0038,30-06-2025,636,18,20,13385.21,669.26,42.08,5,5,4,1,0,0.8,0.25,0,1,1,0
C0039,30-06-2025,416,4,15,18542.23,1236.15,40.12,4,4,3,2,0,0.75,0.666666667,0,0,12,0
C0044,30-06-2025,217,74,3,1434.8,478.27,99,1,1,1,1,0,1,1,0,0,3,0
C0047,30-06-2025,274,17,20,37548.09,1877.4,19.8,5,5,5,3,1,1,0.6,0.2,0,7,0
C0048,30-06-2025,247,12,12,15640.64,1303.39,13.86,4,4,4,1,0,1,0.25,0,0,9,0
C0051,30-06-2025,154,154,20,16667.55,833.38,0,2,2,2,0,0,1,0,0,2,0,1
C0053,30-06-2025,434,161,5,4696.86,939.37,73.5,4,4,4,1,0,1,0.25,0,1,3,0
C0054,30-06-2025,621,61,17,14864.88,874.4,46,4,4,4,0,0,1,0,0,0,6,0
C0057,30-06-2025,585,0,44,64902.13,1475.05,19.66,4,4,4,3,0,1,0.75,0,0,12,0
C0058,30-06-2025,452,16,11,11121.14,1011.01,29.86,8,8,7,4,1,0.875,0.571428571,0.142857143,0,9,0
C0059,30-06-2025,112,10,8,6569.92,821.24,17,1,1,0,0,0,0,0,0,1,9,0
C0064,30-06-2025,316,62,14,23834.83,1702.49,24.67,2,2,2,1,1,1,0.5,0.5,0,11,0
C0065,30-06-2025,597,3,50,78164.88,1563.3,18.65,8,8,7,3,0,0.875,0.428571429,0,0,11,0
C0066,30-06-2025,211,31,5,5876.88,1175.38,59,2,2,1,1,1,0.5,1,1,0,13,0
C0067,30-06-2025,423,8,7,7663.46,1094.78,24.33,5,5,4,0,0,0.8,0,0,0,4,0
C0068,30-06-2025,287,28,20,38808.15,1940.41,19.89,4,4,4,2,1,1,0.5,0.25,0,16,0
C0069,30-06-2025,485,0,7,7276.02,1039.43,59,4,4,4,1,1,1,0.25,0.25,0,6,0
C0074,30-06-2025,395,167,3,2338.35,779.45,0,3,3,3,0,0,1,0,0,1,4,0
C0076,30-06-2025,542,14,18,15488.97,860.5,30.09,6,6,6,2,0,1,0.333333333,0,0,0,1
C0080,30-06-2025,642,42,10,16891.91,1689.19,54.4,3,3,3,1,1,1,0.333333333,0.333333333,0,3,0
C0081,30-06-2025,106,17,1,705.26,705.26,0,1,1,1,1,0,1,1,0,0,0,1
C0082,30-06-2025,510,1,13,14639.62,1126.12,49.62,4,4,4,0,0,1,0,0,0,2,0
C0083,30-06-2025,421,43,10,11273.49,1127.35,61.75,3,3,3,2,0,1,0.666666667,0,1,9,0
C0084,30-06-2025,247,2,4,2361.96,590.49,70,1,1,1,1,0,1,1,0,0,3,0
C0085,30-06-2025,389,55,14,12359.12,882.79,37.43,5,5,3,1,0,0.6,0.333333333,0,0,4,0
C0086,30-06-2025,303,18,15,18005.68,1200.38,12,1,1,0,0,0,0,0,0,0,11,0
C0087,30-06-2025,476,0,12,11083.28,923.61,41.86,3,3,3,2,0,1,0.666666667,0,0,8,0
C0091,30-06-2025,506,32,21,13856.69,659.84,32.5,2,2,2,0,0,1,0,0,0,3,0
C0092,30-06-2025,318,42,12,8324,693.67,38.5,3,3,3,1,0,1,0.333333333,0,0,1,0
C0093,30-06-2025,343,4,13,13783.38,1060.26,29.43,1,1,1,1,0,1,1,0,0,8,0
C0094,30-06-2025,586,1,48,68630.23,1429.8,18.36,4,4,4,2,1,1,0.5,0.25,0,16,0
C0095,30-06-2025,468,10,34,42201.97,1241.23,23.12,3,3,2,1,0,0.666666667,0.5,0,0,6,0
C0096,30-06-2025,189,9,6,8672.74,1445.46,44.33,4,4,3,2,1,0.75,0.666666667,0.333333333,0,7,0
C0098,30-06-2025,519,70,17,9398.32,552.84,40.11,5,5,3,0,0,0.6,0,0,1,0,1
C0099,30-06-2025,576,44,17,14434.05,849.06,47.33,9,9,8,1,0,0.888888889,0.125,0,1,6,0
C0100,30-06-2025,592,11,19,21191.99,1115.37,41.4,13,13,10,1,0,0.769230769,0.1,0,0,7,0
C0102,30-06-2025,519,31,19,12288.94,646.79,48,7,7,6,1,0,0.857142857,0.166666667,0,0,7,0
C0106,30-06-2025,595,43,23,14494.34,630.19,35.92,4,4,4,1,0,1,0.25,0,0,9,0
C0108,30-06-2025,395,48,6,6095.71,1015.95,93,6,6,6,2,0,1,0.333333333,0,0,2,0
C0109,30-06-2025,350,16,23,69444.41,3019.32,18.07,3,3,3,1,0,1,0.333333333,0,0,4,0
C0110,30-06-2025,344,22,18,54129.33,3007.18,23.12,3,3,3,0,0,1,0,0,0,5,0
C0111,30-06-2025,191,20,4,5548.5,1387.12,23.5,5,5,4,1,0,0.8,0.25,0,0,3,0
C0112,30-06-2025,176,48,2,2457.16,1228.58,0,2,2,2,1,0,1,0.5,0,0,12,0
C0114,30-06-2025,634,12,20,14307.64,715.38,29,5,5,5,1,0,1,0.2,0,0,5,0
C0115,30-06-2025,471,91,15,10966.54,731.1,32.56,5,5,5,1,1,1,0.2,0.2,2,0,1
C0116,30-06-2025,433,3,15,11151.78,743.45,32,3,3,3,2,0,1,0.666666667,0,0,3,0
C0118,30-06-2025,576,17,22,25538.68,1160.85,30.1,5,5,5,1,0,1,0.2,0,0,2,0
C0119,30-06-2025,444,53,13,8080.48,621.58,53,4,4,4,1,0,1,0.25,0,1,2,0
C0122,30-06-2025,262,85,7,7991.44,1141.63,24.5,0,0,0,0,0,0,0,0,0,6,0
C0123,30-06-2025,475,3,23,32044.37,1393.23,34.45,9,9,9,2,1,1,0.222222222,0.111111111,0,5,0
C0124,30-06-2025,160,45,6,9963.36,1660.56,16,5,5,5,3,2,1,0.6,0.4,0,5,0
C0126,30-06-2025,235,3,5,10945.65,2189.13,151,1,1,1,0,0,1,0,0,0,9,0
C0127,30-06-2025,373,6,9,7433.52,825.95,48,4,4,4,1,0,1,0.25,0,0,8,0
C0129,30-06-2025,299,13,15,29264.19,1950.95,28.5,2,2,2,0,0,1,0,0,0,8,0
C0130,30-06-2025,463,6,20,20144.19,1007.21,49.44,3,3,3,0,0,1,0,0,0,8,0
C0132,30-06-2025,234,3,11,11980.07,1089.1,21.8,2,2,2,0,0,1,0,0,0,12,0
C0133,30-06-2025,646,14,24,31497.09,1312.38,33.58,0,0,0,0,0,0,0,0,0,6,0
C0134,30-06-2025,212,32,4,3213.32,803.33,46,3,3,2,0,0,0.666666667,0,0,0,7,0
C0135,30-06-2025,619,28,16,14678.1,917.38,33.92,5,5,5,0,0,1,0,0,0,7,0
C0136,30-06-2025,313,7,22,34411.82,1564.17,23.78,2,2,2,0,0,1,0,0,0,13,0
C0138,30-06-2025,393,5,21,37102.97,1766.81,19.62,10,10,9,3,1,0.9,0.333333333,0.111111111,0,17,0
C0139,30-06-2025,266,52,1,1567.41,1567.41,0,5,5,5,3,2,1,0.6,0.4,1,9,0
C0140,30-06-2025,284,64,12,13930.02,1160.84,20,7,7,7,0,0,1,0,0,2,3,0
C0143,30-06-2025,470,80,13,10200.22,784.63,62.75,4,4,4,1,1,1,0.25,0.25,0,5,0
C0144,30-06-2025,46,9,1,3318.94,3318.94,0,1,1,1,1,0,1,1,0,0,2,0
C0145,30-06-2025,113,67,2,3886.8,1943.4,0,1,1,0,0,0,0,0,0,1,3,0
C0146,30-06-2025,607,4,20,22994.19,1149.71,41.83,4,4,4,1,0,1,0.25,0,0,8,0
C0147,30-06-2025,198,15,8,10529.62,1316.2,31.6,0,0,0,0,0,0,0,0,0,8,0
C0149,30-06-2025,82,45,2,2617.5,1308.75,0,1,1,1,1,0,1,1,0,1,2,0
C0150,30-06-2025,615,123,23,20287.85,882.08,37.25,2,2,1,0,0,0.5,0,0,0,0,1
C0152,30-06-2025,137,18,5,2455.33,491.07,23,2,2,2,0,0,1,0,0,0,1,0
C0154,30-06-2025,592,12,44,78166.61,1776.51,24.14,13,13,11,2,0,0.846153846,0.181818182,0,1,10,0
C0155,30-06-2025,435,25,18,16983.68,943.54,47.38,4,4,4,1,0,1,0.25,0,0,2,0
C0156,30-06-2025,278,12,22,35616.88,1618.95,19.18,5,5,5,3,1,1,0.6,0.2,0,7,0
C0157,30-06-2025,429,8,19,33918.95,1785.21,29.45,0,0,0,0,0,0,0,0,0,6,0
C0159,30-06-2025,103,15,1,879.63,879.63,0,1,1,1,0,0,1,0,0,0,1,0
C0163,30-06-2025,437,1,17,23988.16,1411.07,30.75,5,5,4,1,0,0.8,0.25,0,0,8,0
C0165,30-06-2025,140,9,8,12557.22,1569.65,20.8,0,0,0,0,0,0,0,0,0,7,0
C0167,30-06-2025,331,110,1,1215.46,1215.46,0,1,1,1,1,0,1,1,0,0,4,0
C0169,30-06-2025,303,113,6,7452.93,1242.16,27.5,5,5,5,0,0,1,0,0,1,3,0
C0172,30-06-2025,522,26,10,8514.56,851.46,26,3,3,3,0,0,1,0,0,0,4,0
C0174,30-06-2025,488,21,18,19226.22,1068.12,46.33,4,4,4,1,0,1,0.25,0,1,5,0
C0178,30-06-2025,226,35,8,4111.72,513.96,42,4,4,4,3,0,1,0.75,0,3,3,0
C0179,30-06-2025,266,63,4,3924.57,981.14,32.33,6,6,6,1,0,1,0.166666667,0,2,6,0
C0181,30-06-2025,584,15,15,14034.02,935.6,40.78,4,4,4,1,0,1,0.25,0,0,5,0
C0184,30-06-2025,654,22,45,48577.03,1079.49,18.19,5,5,5,0,0,1,0,0,0,4,0
C0185,30-06-2025,241,3,4,5059.57,1264.89,60,2,2,2,1,0,1,0.5,0,0,2,0
C0186,30-06-2025,226,56,3,4066,1355.33,33.5,4,4,3,1,1,0.75,0.333333333,0.333333333,1,1,0
C0189,30-06-2025,413,2,21,12091.05,575.76,32.5,1,1,1,1,1,1,1,1,0,0,1
C0190,30-06-2025,533,82,13,11184.58,860.35,46.12,5,5,4,2,0,0.8,0.5,0,0,6,0
C0191,30-06-2025,99,29,2,1601.78,800.89,9,0,0,0,0,0,0,0,0,0,5,0
C0192,30-06-2025,54,22,1,469.07,469.07,0,1,1,1,0,0,1,0,0,1,2,0
C0194,30-06-2025,232,21,8,5301.07,662.63,40,2,2,2,0,0,1,0,0,0,3,0
C0196,30-06-2025,570,38,15,14406.71,960.45,31,4,4,3,2,1,0.75,0.666666667,0.333333333,1,11,0
C0197,30-06-2025,122,41,2,2089.66,1044.83,0,1,1,1,0,0,1,0,0,0,5,0
C0200,30-06-2025,608,5,41,77550.99,1891.49,22.88,4,4,4,3,1,1,0.75,0.25,0,2,0
C0202,30-06-2025,245,5,2,1241.01,620.5,49,2,2,2,0,0,1,0,0,0,11,0
C0203,30-06-2025,93,1,2,3900.84,1950.42,0,0,0,0,0,0,0,0,0,0,3,0
C0206,30-06-2025,177,14,3,2833.74,944.58,0,0,0,0,0,0,0,0,0,0,7,0
C0209,30-06-2025,649,3,39,50198.14,1287.13,24.45,8,8,7,3,2,0.875,0.428571429,0.285714286,0,6,0
C0212,30-06-2025,523,69,20,19058.8,952.94,24.7,3,3,2,0,0,0.666666667,0,0,0,7,0
C0213,30-06-2025,626,11,17,10662.51,627.21,41.64,6,6,6,3,1,1,0.5,0.166666667,0,0,1
C0216,30-06-2025,234,47,9,11949.24,1327.69,26.75,1,1,1,1,1,1,1,1,0,4,0
C0217,30-06-2025,302,16,12,18961.05,1580.09,20.83,3,3,3,1,0,1,0.333333333,0,2,11,0
C0218,30-06-2025,615,16,41,61056.71,1489.19,20.16,2,2,2,1,1,1,0.5,0.5,0,19,0
C0219,30-06-2025,302,9,17,19271.64,1133.63,19.73,4,4,3,1,1,0.75,0.333333333,0.333333333,0,9,0
C0221,30-06-2025,374,33,15,10059.96,670.66,40.33,1,1,1,1,0,1,1,0,0,0,1
C0222,30-06-2025,556,1,12,8588.28,715.69,58,3,3,3,2,1,1,0.666666667,0.333333333,0,17,0
C0223,30-06-2025,425,74,6,5095.81,849.3,70.33,3,3,3,2,0,1,0.666666667,0,0,3,0
C0224,30-06-2025,165,15,4,1747.16,436.79,23,2,2,1,1,0,0.5,1,0,1,4,0
C0227,30-06-2025,468,34,10,7216.58,721.66,58.6,3,3,3,0,0,1,0,0,0,13,0
C0228,30-06-2025,646,49,21,12117.69,577.03,29.75,4,4,4,1,0,1,0.25,0,1,0,1
C0229,30-06-2025,359,18,19,24190.44,1273.18,32.88,4,4,4,1,1,1,0.25,0.25,0,12,0
C0231,30-06-2025,320,17,28,49274.63,1759.81,16.13,3,3,3,2,1,1,0.666666667,0.333333333,0,4,0
C0233,30-06-2025,615,26,38,97069.2,2554.45,27.11,5,5,4,2,0,0.8,0.5,0,0,7,0
C0235,30-06-2025,243,36,11,13919.61,1265.42,42,1,1,1,1,1,1,1,1,0,10,0
C0236,30-06-2025,310,98,2,2377.57,1188.79,64,2,2,2,1,0,1,0.5,0,0,9,0
C0237,30-06-2025,93,34,4,2894.56,723.64,0,2,2,2,1,0,1,0.5,0,2,3,0
C0238,30-06-2025,111,8,8,18070.64,2258.83,13.67,3,3,3,1,1,1,0.333333333,0.333333333,0,4,0
C0240,30-06-2025,97,12,3,2310.65,770.22,46,2,2,2,0,0,1,0,0,0,1,0
C0241,30-06-2025,285,4,21,24647.38,1173.68,24.5,5,5,4,3,0,0.8,0.75,0,0,8,0
C0243,30-06-2025,582,7,16,14511.31,906.96,48.8,7,7,6,1,0,0.857142857,0.166666667,0,0,16,0
C0244,30-06-2025,533,27,29,48435.03,1670.17,24.5,3,3,2,0,0,0.666666667,0,0,0,6,0
C0247,30-06-2025,314,13,8,11426.38,1428.3,25.8,1,1,1,0,0,1,0,0,0,4,0
C0249,30-06-2025,390,10,29,58524.17,2018.07,19.93,2,2,2,0,0,1,0,0,1,21,0
C0250,30-06-2025,33,2,5,5187.98,1037.6,13,0,0,0,0,0,0,0,0,0,9,0
C0254,30-06-2025,395,69,19,16454.73,866.04,23.67,2,2,2,1,1,1,0.5,0.5,1,3,0
C0255,30-06-2025,275,33,7,5692.11,813.16,13.67,2,2,2,0,0,1,0,0,0,4,0
C0257,30-06-2025,619,2,61,116102.18,1903.31,13.91,3,3,3,2,0,1,0.666666667,0,0,12,0
C0260,30-06-2025,379,117,4,2657.33,664.33,93.5,3,3,3,1,0,1,0.333333333,0,2,9,0
C0264,30-06-2025,465,56,15,14153.25,943.55,41.78,4,4,4,3,1,1,0.75,0.25,0,11,0
C0266,30-06-2025,521,55,24,25061.34,1044.22,21.06,3,3,2,0,0,0.666666667,0,0,0,0,1
C0268,30-06-2025,594,2,19,15724.04,827.58,39.67,6,6,6,0,0,1,0,0,0,7,0
C0269,30-06-2025,365,6,9,19590.15,2176.68,52.4,2,2,2,1,0,1,0.5,0,0,15,0
C0272,30-06-2025,370,10,13,9977.05,767.47,34.89,3,3,3,0,0,1,0,0,0,2,0
C0273,30-06-2025,245,0,11,10901.39,991.04,21,1,1,1,0,0,1,0,0,0,3,0
C0274,30-06-2025,616,9,20,11318.45,565.92,32.91,5,5,5,1,0,1,0.2,0,0,9,0
C0276,30-06-2025,342,42,7,4786.99,683.86,52.25,2,2,2,0,0,1,0,0,1,15,0
C0281,30-06-2025,432,22,12,9527.47,793.96,37.62,7,7,6,0,0,0.857142857,0,0,0,5,0
C0282,30-06-2025,304,21,11,10495.27,954.12,23.67,6,6,5,3,3,0.833333333,0.6,0.6,0,4,0
C0283,30-06-2025,208,103,2,2123.66,1061.83,0,6,6,5,1,1,0.833333333,0.2,0.2,3,3,0
C0285,30-06-2025,492,23,38,47673.91,1254.58,13.96,3,3,2,0,0,0.666666667,0,0,0,11,0
C0286,30-06-2025,321,41,13,9968.68,766.82,28.71,2,2,2,0,0,1,0,0,0,3,0
C0287,30-06-2025,408,88,11,9436,857.82,41,0,0,0,0,0,0,0,0,0,3,0
C0288,30-06-2025,478,135,14,12371.27,883.66,33.12,4,4,4,1,1,1,0.25,0.25,0,0,1
C0290,30-06-2025,639,17,39,65740.34,1685.65,20.76,2,2,2,1,1,1,0.5,0.5,0,14,0
C0291,30-06-2025,213,12,13,21604.82,1661.91,20.5,0,0,0,0,0,0,0,0,0,12,0
C0292,30-06-2025,501,4,30,44288.23,1476.27,18.75,4,4,4,1,0,1,0.25,0,0,16,0
C0293,30-06-2025,175,8,3,7241.4,2413.8,125,5,5,5,2,0,1,0.4,0,0,8,0
C0296,30-06-2025,233,45,2,3514.28,1757.14,52,6,6,6,2,0,1,0.333333333,0,1,12,0
C0297,30-06-2025,508,24,22,36777.17,1671.69,29,2,2,2,0,0,1,0,0,0,7,0
C0299,30-06-2025,499,0,13,8626.17,663.55,68.5,5,5,4,0,0,0.8,0,0,0,1,0
C0304,30-06-2025,472,16,10,8387.74,838.77,62.2,5,5,5,0,0,1,0,0,0,0,1
C0306,30-06-2025,522,90,11,15981.68,1452.88,55,3,3,1,0,0,0.333333333,0,0,1,3,0
C0308,30-06-2025,217,2,6,5805.74,967.62,24.33,2,2,1,0,0,0.5,0,0,0,7,0
C0309,30-06-2025,373,47,12,6618.07,551.51,23.56,4,4,4,0,0,1,0,0,1,0,1
C0311,30-06-2025,407,2,13,15709.22,1208.4,32.56,6,6,5,3,0,0.833333333,0.6,0,0,13,0
C0319,30-06-2025,199,2,6,10081.61,1680.27,35,4,4,4,1,0,1,0.25,0,0,7,0
C0320,30-06-2025,647,8,45,71993.15,1599.85,21.35,4,4,4,0,0,1,0,0,0,11,0
C0322,30-06-2025,491,10,45,68605.66,1524.57,17.5,1,1,0,0,0,0,0,0,0,10,0
C0323,30-06-2025,627,9,41,50690.22,1236.35,23.88,2,2,2,1,1,1,0.5,0.5,0,6,0
C0324,30-06-2025,235,34,1,1034.19,1034.19,0,6,6,6,2,1,1,0.333333333,0.166666667,0,2,0
C0328,30-06-2025,641,22,26,22189.09,853.43,28.85,7,7,6,2,1,0.857142857,0.333333333,0.166666667,0,10,0
C0329,30-06-2025,637,16,41,72536.49,1769.18,20.11,5,5,5,1,0,1,0.2,0,0,12,0
C0330,30-06-2025,547,39,36,90677.19,2518.81,22.58,2,2,2,1,0,1,0.5,0,0,20,0
C0332,30-06-2025,432,5,11,9024.72,820.43,34.56,2,2,2,0,0,1,0,0,0,7,0
C0333,30-06-2025,145,46,1,707.48,707.48,0,5,5,4,2,2,0.8,0.5,0.5,0,4,0
C0334,30-06-2025,557,7,53,103033.15,1944.02,16.9,4,4,3,2,1,0.75,0.666666667,0.333333333,0,17,0
C0335,30-06-2025,222,6,20,15439.99,772,19.22,8,8,7,1,1,0.875,0.142857143,0.142857143,0,7,0
C0336,30-06-2025,502,0,48,74940.41,1561.26,16.88,5,5,4,3,2,0.8,0.75,0.5,0,12,0
C0337,30-06-2025,577,4,21,27608.57,1314.69,46.36,6,6,6,0,0,1,0,0,0,3,0
C0345,30-06-2025,336,12,24,41519.89,1730,20.83,5,5,4,4,2,0.8,1,0.5,0,6,0
C0346,30-06-2025,218,1,2,1203.06,601.53,89,2,2,2,0,0,1,0,0,0,16,0
C0348,30-06-2025,196,2,13,28552.57,2196.35,12.62,0,0,0,0,0,0,0,0,0,12,0
C0349,30-06-2025,172,46,2,2159.98,1079.99,0,4,4,4,1,1,1,0.25,0.25,1,0,1
C0350,30-06-2025,381,1,18,25649.02,1424.95,17.67,4,4,4,1,0,1,0.25,0,0,9,0
C0351,30-06-2025,429,5,14,27553.11,1968.08,27.22,5,5,5,2,1,1,0.4,0.2,0,6,0
C0356,30-06-2025,385,22,26,29040.13,1116.93,16.46,6,6,4,0,0,0.666666667,0,0,2,5,0
C0357,30-06-2025,596,20,25,35819.09,1432.76,27.56,3,3,2,0,0,0.666666667,0,0,1,1,0
C0358,30-06-2025,313,37,11,12378.72,1125.34,38.5,5,5,5,3,1,1,0.6,0.2,0,8,0
C0359,30-06-2025,324,0,22,35040.99,1592.77,19.13,4,4,4,2,0,1,0.5,0,0,9,0
C0360,30-06-2025,641,27,24,37744.23,1572.68,21.81,7,7,7,3,0,1,0.428571429,0,1,16,0
C0361,30-06-2025,246,20,8,19778.67,2472.33,70,3,3,3,2,0,1,0.666666667,0,1,16,0
C0362,30-06-2025,262,91,1,670.97,670.97,0,5,5,5,1,1,1,0.2,0.2,0,10,0
C0365,30-06-2025,344,7,15,40398.32,2693.22,25,5,5,5,3,1,1,0.6,0.2,0,20,0
C0368,30-06-2025,459,113,22,18583.97,844.73,23.4,5,5,5,1,0,1,0.2,0,1,5,0
C0371,30-06-2025,546,59,19,21179.99,1114.74,21.33,7,7,7,1,0,1,0.142857143,0,0,9,0
C0372,30-06-2025,194,1,10,14884.22,1488.42,22.8,5,5,5,1,1,1,0.2,0.2,0,28,0
C0373,30-06-2025,257,18,27,53444.44,1979.42,17,3,3,3,0,0,1,0,0,0,3,0
C0374,30-06-2025,610,18,25,37703.92,1508.16,28.17,4,4,3,1,0,0.75,0.333333333,0,0,1,0
C0375,30-06-2025,661,102,7,5564.08,794.87,52.2,5,5,4,0,0,0.8,0,0,0,0,1
C0376,30-06-2025,445,47,22,19385.26,881.15,29.45,0,0,0,0,0,0,0,0,0,2,0
C0379,30-06-2025,532,107,12,12080,1006.67,20.33,6,6,6,0,0,1,0,0,3,0,1
C0380,30-06-2025,462,62,8,8261.79,1032.72,68.25,5,5,4,1,1,0.8,0.25,0.25,0,14,0
C0381,30-06-2025,309,15,13,17868.37,1374.49,25,1,1,1,1,0,1,1,0,0,7,0
C0382,30-06-2025,256,17,15,24005.29,1600.35,22.75,7,7,6,1,1,0.857142857,0.166666667,0.166666667,1,8,0
C0383,30-06-2025,328,13,12,14815.62,1234.64,44.8,3,3,3,1,0,1,0.333333333,0,0,7,0
C0388,30-06-2025,182,3,7,6834.4,976.34,17.5,2,2,2,1,1,1,0.5,0.5,0,2,0
C0389,30-06-2025,176,11,6,4763.99,794,24,2,2,2,0,0,1,0,0,0,5,0
C0390,30-06-2025,261,96,4,3200.44,800.11,47.5,2,2,2,0,0,1,0,0,1,8,0
C0391,30-06-2025,483,22,42,53168.25,1265.91,13.44,4,4,4,1,0,1,0.25,0,0,5,0
C0393,30-06-2025,657,10,35,42268.16,1207.66,29.47,7,7,7,1,1,1,0.142857143,0.142857143,0,9,0
C0394,30-06-2025,96,2,3,6238.73,2079.58,2,1,1,1,0,0,1,0,0,0,7,0
C0395,30-06-2025,393,37,15,18405.77,1227.05,36.71,4,4,4,1,0,1,0.25,0,0,7,0
C0397,30-06-2025,377,9,23,13240.87,575.69,27.91,2,2,2,1,0,1,0.5,0,2,8,0
C0398,30-06-2025,186,120,1,854.62,854.62,0,2,2,2,1,1,1,0.5,0.5,2,3,0
C0403,30-06-2025,497,46,25,16599.3,663.97,25.09,3,3,3,1,0,1,0.333333333,0,1,5,0
C0405,30-06-2025,256,92,15,8228.32,548.55,17.67,2,2,2,0,0,1,0,0,0,0,1
C0406,30-06-2025,451,29,16,18671.08,1166.94,24.78,2,2,2,0,0,1,0,0,0,5,0
C0408,30-06-2025,207,88,2,679,339.5,0,4,4,4,1,0,1,0.25,0,3,7,0
C0410,30-06-2025,354,2,14,29776.08,2126.86,37,2,2,1,0,0,0.5,0,0,0,3,0
C0414,30-06-2025,74,46,1,1073.65,1073.65,0,2,2,2,1,0,1,0.5,0,1,10,0
C0415,30-06-2025,432,4,21,26764.25,1274.49,22.62,3,3,2,0,0,0.666666667,0,0,0,2,0
C0418,30-06-2025,252,16,9,9831.22,1092.36,22.17,3,3,2,0,0,0.666666667,0,0,0,3,0
C0419,30-06-2025,567,25,18,17779.28,987.74,38.8,4,4,4,2,0,1,0.5,0,0,8,0
C0420,30-06-2025,141,34,2,1771.03,885.52,93,1,1,1,0,0,1,0,0,0,6,0
C0422,30-06-2025,317,41,16,44528.26,2783.02,18.89,2,2,2,0,0,1,0,0,0,11,0
C0423,30-06-2025,233,46,3,3536.58,1178.86,36,1,1,1,0,0,1,0,0,0,4,0
C0424,30-06-2025,154,14,6,9054.04,1509.01,21,0,0,0,0,0,0,0,0,0,2,0
C0425,30-06-2025,469,64,16,11456.67,716.04,43.62,5,5,5,1,0,1,0.2,0,0,0,1
C0428,30-06-2025,462,19,27,52920.44,1960.02,22.76,4,4,4,4,2,1,1,0.5,1,10,0
C0429,30-06-2025,320,12,15,27908.37,1860.56,25.5,5,5,5,3,1,1,0.6,0.2,0,13,0
C0430,30-06-2025,482,7,18,13797.54,766.53,36,4,4,4,0,0,1,0,0,0,4,0
C0432,30-06-2025,587,6,52,55255.79,1062.61,20,4,4,4,1,0,1,0.25,0,0,7,0
C0434,30-06-2025,287,0,6,2290.16,381.69,57.67,2,2,2,0,0,1,0,0,0,3,0
C0435,30-06-2025,594,15,11,10952.17,995.65,54,2,2,2,0,0,1,0,0,0,6,0
C0441,30-06-2025,442,24,25,35506.76,1420.27,29.38,2,2,2,1,0,1,0.5,0,0,9,0
C0445,30-06-2025,610,8,45,40157.34,892.39,19.88,6,6,5,2,0,0.833333333,0.4,0,0,4,0
C0447,30-06-2025,190,55,3,4192.02,1397.34,4,3,3,3,2,0,1,0.666666667,0,0,4,0
C0452,30-06-2025,386,10,22,25777.71,1171.71,28.5,4,4,4,0,0,1,0,0,0,10,0
C0453,30-06-2025,54,40,3,5582.52,1860.84,0,1,1,1,1,0,1,1,0,1,5,0
C0454,30-06-2025,375,31,33,62575.57,1896.23,17.43,4,4,4,2,1,1,0.5,0.25,0,10,0
C0455,30-06-2025,363,5,16,16610.19,1038.14,28,1,1,1,0,0,1,0,0,0,1,0
C0457,30-06-2025,141,41,7,3901.65,557.38,19.25,3,3,3,1,0,1,0.333333333,0,1,1,0
C0458,30-06-2025,285,19,11,10004.63,909.51,31.2,2,2,2,0,0,1,0,0,0,10,0
C0463,30-06-2025,457,14,17,22177.38,1304.55,37.56,2,2,2,0,0,1,0,0,0,11,0
C0464,30-06-2025,586,0,51,114656.28,2248.16,18.54,6,6,5,4,0,0.833333333,0.8,0,0,13,0
C0466,30-06-2025,282,19,12,10296.24,858.02,23.86,6,6,5,3,1,0.833333333,0.6,0.2,1,5,0
C0469,30-06-2025,618,8,52,83291.12,1601.75,18.13,9,9,9,3,1,1,0.333333333,0.111111111,0,4,0
C0470,30-06-2025,125,64,3,4582.37,1527.46,15,2,2,2,1,0,1,0.5,0,2,6,0
C0475,30-06-2025,457,101,19,20677.23,1088.28,30.8,4,4,4,1,1,1,0.25,0.25,1,9,0
C0476,30-06-2025,76,4,1,557.86,557.86,0,1,1,1,1,1,1,1,1,0,0,1
C0477,30-06-2025,224,10,8,6050.72,756.34,62.67,1,1,1,1,0,1,1,0,0,11,0
C0478,30-06-2025,575,2,27,29924.51,1108.32,28.2,5,5,5,2,0,1,0.4,0,0,5,0
C0479,30-06-2025,298,20,4,8262.43,2065.61,59,4,4,4,0,0,1,0,0,0,18,0
C0481,30-06-2025,374,11,12,12404.6,1033.72,32.43,4,4,4,2,0,1,0.5,0,0,7,0
C0484,30-06-2025,361,5,12,12882.05,1073.5,53.5,4,4,4,1,1,1,0.25,0.25,1,6,0
C0485,30-06-2025,180,2,6,12425.44,2070.91,32,2,2,2,0,0,1,0,0,0,14,0
C0486,30-06-2025,242,29,6,6893.62,1148.94,33,2,2,2,0,0,1,0,0,0,9,0
C0487,30-06-2025,368,27,20,24089.88,1204.49,24.78,1,1,1,0,0,1,0,0,0,6,0
C0488,30-06-2025,122,12,3,3421.89,1140.63,74,3,3,3,1,0,1,0.333333333,0,1,9,0
C0489,30-06-2025,237,34,8,8905.49,1113.19,34.5,2,2,1,0,0,0.5,0,0,0,7,0
C0490,30-06-2025,439,25,14,14617.13,1044.08,31.3,4,4,4,1,0,1,0.25,0,0,5,0
C0492,30-06-2025,353,14,17,35085.71,2063.87,21.82,2,2,2,1,0,1,0.5,0,0,9,0
C0493,30-06-2025,26,6,1,1959,1959,0,2,2,2,1,0,1,0.5,0,1,3,0
C0501,30-06-2025,381,0,25,43777.62,1751.1,16.77,3,3,2,1,1,0.666666667,0.5,0.5,0,13,0
C0503,30-06-2025,506,6,19,14185.84,746.62,26.6,3,3,3,1,0,1,0.333333333,0,0,1,0
C0504,30-06-2025,245,5,11,24918.29,2265.3,32,1,1,1,1,1,1,1,1,0,7,0
C0507,30-06-2025,629,23,22,13403.28,609.24,46.6,3,3,3,0,0,1,0,0,0,5,0
C0509,30-06-2025,359,6,21,33131.28,1577.68,18.25,2,2,2,1,1,1,0.5,0.5,0,12,0
C0510,30-06-2025,646,7,56,105981.82,1892.53,17.26,5,5,5,0,0,1,0,0,0,13,0
C0511,30-06-2025,234,6,13,21392.63,1645.59,20.29,3,3,3,1,0,1,0.333333333,0,0,15,0
C0513,30-06-2025,305,8,12,19129.55,1594.13,24.8,4,4,4,1,1,1,0.25,0.25,1,6,0
C0514,30-06-2025,102,6,2,2259.15,1129.57,17,1,1,1,0,0,1,0,0,0,6,0
C0515,30-06-2025,460,42,4,5629.67,1407.42,147.5,3,3,3,2,1,1,0.666666667,0.333333333,0,4,0
C0516,30-06-2025,439,73,20,18389.35,919.47,24.91,4,4,4,1,0,1,0.25,0,1,1,0
C0519,30-06-2025,132,20,4,2912.92,728.23,7,2,2,2,0,0,1,0,0,0,3,0
C0521,30-06-2025,510,3,25,25127.5,1005.1,32.1,4,4,4,1,0,1,0.25,0,0,19,0
C0522,30-06-2025,275,2,7,5201.31,743.04,40.2,2,2,2,1,0,1,0.5,0,0,2,0
C0523,30-06-2025,315,10,6,4382.71,730.45,14.75,5,5,4,2,0,0.8,0.5,0,0,2,0
C0524,30-06-2025,427,6,32,50294.36,1571.7,19.67,4,4,4,3,2,1,0.75,0.5,0,12,0
C0525,30-06-2025,164,6,5,7511.21,1502.24,28.33,1,1,0,0,0,0,0,0,0,12,0
C0526,30-06-2025,667,20,8,5716.01,714.5,104.75,3,3,3,1,1,1,0.333333333,0.333333333,0,5,0
C0533,30-06-2025,437,70,14,15279.74,1091.41,44,5,5,5,0,0,1,0,0,1,6,0
C0534,30-06-2025,206,42,1,1281.76,1281.76,0,1,1,1,0,0,1,0,0,0,12,0
C0535,30-06-2025,486,2,18,13997.52,777.64,33.33,5,5,4,0,0,0.8,0,0,0,9,0
C0537,30-06-2025,572,10,20,22323.59,1116.18,20.92,3,3,3,0,0,1,0,0,0,8,0
C0543,30-06-2025,368,2,14,9159.03,654.22,51.2,3,3,2,0,0,0.666666667,0,0,0,1,0
C0544,30-06-2025,240,3,7,8946.71,1278.1,25.33,2,2,2,1,0,1,0.5,0,0,4,0
C0547,30-06-2025,410,8,22,27130.53,1233.21,24.91,6,6,4,1,0,0.666666667,0.25,0,0,7,0
C0549,30-06-2025,637,16,20,30149.61,1507.48,39.1,5,5,5,2,0,1,0.4,0,0,5,0
C0554,30-06-2025,219,13,8,5604.84,700.6,29,2,2,2,1,0,1,0.5,0,0,2,0
C0558,30-06-2025,452,24,33,49242.39,1492.19,22.25,4,4,4,1,0,1,0.25,0,0,15,0
C0561,30-06-2025,632,63,32,46117.29,1441.17,28.4,7,7,6,2,1,0.857142857,0.333333333,0.166666667,2,4,0
C0562,30-06-2025,471,2,18,14494.5,805.25,47.12,2,2,2,0,0,1,0,0,0,5,0
C0564,30-06-2025,159,120,3,1497.87,499.29,0,1,1,1,0,0,1,0,0,1,4,0
C0567,30-06-2025,643,31,36,61312.98,1703.14,24.95,6,6,4,1,1,0.666666667,0.25,0.25,0,11,0
C0568,30-06-2025,601,3,53,70176.21,1324.08,14.86,6,6,6,3,2,1,0.5,0.333333333,0,10,0
C0569,30-06-2025,110,79,2,1642,821,0,3,3,3,1,1,1,0.333333333,0.333333333,2,2,0
C0571,30-06-2025,127,29,2,1465.32,732.66,16,1,1,1,0,0,1,0,0,0,6,0
C0572,30-06-2025,187,105,1,1455.02,1455.02,0,4,4,3,0,0,0.75,0,0,3,8,0
C0575,30-06-2025,644,17,24,30126.26,1255.26,27.59,3,3,3,2,1,1,0.666666667,0.333333333,0,9,0
C0578,30-06-2025,551,11,21,15648.31,745.16,39.6,3,3,3,0,0,1,0,0,1,4,0
C0579,30-06-2025,484,1,25,27594.14,1103.77,16.88,1,1,1,1,1,1,1,1,0,12,0
C0580,30-06-2025,562,5,40,82917.92,2072.95,19.3,3,3,3,1,0,1,0.333333333,0,0,8,0
C0581,30-06-2025,465,1,28,36145.67,1290.92,22.76,1,1,1,0,0,1,0,0,0,21,0
C0583,30-06-2025,325,5,16,26495.42,1655.96,18.5,3,3,3,2,1,1,0.666666667,0.333333333,0,7,0
C0587,30-06-2025,370,98,5,6288.39,1257.68,35.5,5,5,5,1,0,1,0.2,0,2,0,1
C0588,30-06-2025,639,109,32,32391.88,1012.25,38.36,6,6,5,5,2,0.833333333,1,0.4,0,8,0
C0589,30-06-2025,162,29,2,2538.36,1269.18,0,5,5,4,0,0,0.8,0,0,2,3,0
C0590,30-06-2025,200,39,6,8725.06,1454.18,15.5,2,2,1,1,0,0.5,1,0,0,11,0
C0596,30-06-2025,506,7,48,62695.7,1306.16,15.93,8,8,8,3,1,1,0.375,0.125,0,20,0
C0597,30-06-2025,370,2,14,14269.17,1019.23,38.38,8,8,7,1,1,0.875,0.142857143,0.142857143,0,5,0
C0600,30-06-2025,428,4,25,31079.53,1243.18,17.94,2,2,2,1,0,1,0.5,0,0,8,0
C0601,30-06-2025,576,30,30,14862.92,495.43,27.83,0,0,0,0,0,0,0,0,0,0,1
C0602,30-06-2025,378,0,19,18208.7,958.35,34.22,0,0,0,0,0,0,0,0,0,5,0
C0603,30-06-2025,465,0,37,54931.2,1484.63,17.24,3,3,3,1,1,1,0.333333333,0.333333333,0,13,0
C0605,30-06-2025,344,2,33,73266.73,2220.2,14.94,4,4,4,1,0,1,0.25,0,0,22,0
C0606,30-06-2025,479,11,17,14600.1,858.83,30.82,2,2,2,0,0,1,0,0,0,3,0
C0607,30-06-2025,355,23,2,1289.91,644.95,222,4,4,4,1,1,1,0.25,0.25,0,1,0
C0608,30-06-2025,238,190,5,3690.02,738,14.67,7,7,6,2,0,0.857142857,0.333333333,0,6,0,1
C0609,30-06-2025,531,84,12,7936.74,661.4,55.67,2,2,2,1,0,1,0.5,0,0,7,0
C0614,30-06-2025,128,4,1,1786.96,1786.96,0,1,1,1,1,0,1,1,0,0,5,0
C0615,30-06-2025,96,22,1,2715.13,2715.13,0,1,1,1,0,0,1,0,0,0,4,0
C0616,30-06-2025,178,0,17,19482.29,1146.02,11.6,1,1,1,1,0,1,1,0,0,9,0
C0617,30-06-2025,536,7,43,66919.22,1556.26,17.12,3,3,3,0,0,1,0,0,0,7,0
C0619,30-06-2025,122,30,4,1426.9,356.72,9,2,2,1,1,1,0.5,1,1,0,3,0
C0621,30-06-2025,546,3,20,18328.17,916.41,33.93,2,2,1,0,0,0.5,0,0,0,1,0
C0623,30-06-2025,310,23,11,9096.29,826.94,19.43,5,5,4,0,0,0.8,0,0,0,1,0
C0625,30-06-2025,292,19,13,10847.15,834.4,21.6,5,5,4,3,2,0.8,0.75,0.5,0,3,0
C0626,30-06-2025,457,5,8,5246.75,655.84,63,4,4,4,1,0,1,0.25,0,1,1,0
C0629,30-06-2025,636,65,25,60309.61,2412.38,28.38,7,7,6,0,0,0.857142857,0,0,1,12,0
C0632,30-06-2025,306,5,14,16883.92,1205.99,25.25,6,6,5,1,1,0.833333333,0.2,0.2,0,7,0
C0635,30-06-2025,62,21,1,1417.95,1417.95,0,2,2,2,1,0,1,0.5,0,0,3,0
C0636,30-06-2025,646,16,38,56205.41,1479.09,20.88,4,4,4,1,0,1,0.25,0,0,21,0
C0637,30-06-2025,198,10,3,2084.07,694.69,38,1,1,1,0,0,1,0,0,0,6,0
C0641,30-06-2025,466,4,19,20141.01,1060.05,31.42,5,5,4,1,1,0.8,0.25,0.25,0,4,0
C0642,30-06-2025,97,28,2,2593.3,1296.65,0,0,0,0,0,0,0,0,0,0,4,0
C0643,30-06-2025,183,37,7,10320.03,1474.29,18.75,1,1,1,0,0,1,0,0,1,5,0
C0646,30-06-2025,448,17,22,23395.4,1063.43,39.8,5,5,5,0,0,1,0,0,1,10,0
C0649,30-06-2025,354,58,15,36432.26,2428.82,31.57,4,4,4,1,0,1,0.25,0,1,12,0
C0650,30-06-2025,54,2,1,1132.37,1132.37,0,0,0,0,0,0,0,0,0,0,4,0
C0652,30-06-2025,352,44,11,16047.03,1458.82,43,4,4,4,0,0,1,0,0,0,11,0
C0654,30-06-2025,617,64,22,17521.64,796.44,40.42,5,5,5,1,0,1,0.2,0,0,6,0
C0655,30-06-2025,645,12,51,61347.83,1202.9,17.86,9,9,9,1,1,1,0.111111111,0.111111111,0,10,0
C0656,30-06-2025,394,26,5,5335.7,1067.14,143.5,3,3,3,0,0,1,0,0,0,7,0
C0657,30-06-2025,515,53,20,23525.1,1176.25,30.1,6,6,6,1,0,1,0.166666667,0,1,1,0
C0660,30-06-2025,212,64,4,2174.68,543.67,0,1,1,1,0,0,1,0,0,0,8,0
C0661,30-06-2025,654,0,39,37536.78,962.48,22.17,4,4,4,3,1,1,0.75,0.25,0,23,0
C0662,30-06-2025,163,17,4,6985.26,1746.32,22,2,2,2,0,0,1,0,0,0,12,0
C0665,30-06-2025,198,79,6,7503.75,1250.62,7,3,3,3,1,0,1,0.333333333,0,2,10,0
C0666,30-06-2025,238,15,7,7178.67,1025.52,29.5,6,6,6,2,0,1,0.333333333,0,0,7,0
C0669,30-06-2025,503,9,31,50995.85,1645.03,28.43,3,3,3,0,0,1,0,0,0,7,0
C0670,30-06-2025,247,14,13,13413.04,1031.77,22.62,5,5,5,1,0,1,0.2,0,0,4,0
C0673,30-06-2025,543,0,50,54564.11,1091.28,23.95,5,5,5,2,0,1,0.4,0,0,18,0
C0674,30-06-2025,165,11,5,12111.52,2422.3,40,0,0,0,0,0,0,0,0,0,7,0
C0675,30-06-2025,563,1,33,55006.37,1666.86,24.14,1,1,1,0,0,1,0,0,0,14,0
C0676,30-06-2025,551,4,35,40866.89,1167.63,19.26,7,7,6,4,1,0.857142857,0.666666667,0.166666667,0,5,0
C0677,30-06-2025,258,5,9,7520.02,835.56,33.5,4,4,4,0,0,1,0,0,0,5,0
C0678,30-06-2025,464,22,17,23048.9,1355.82,40.44,4,4,4,1,1,1,0.25,0.25,0,9,0
C0680,30-06-2025,577,19,25,13444.4,537.78,25.86,7,7,6,2,0,0.857142857,0.333333333,0,0,0,1
C0681,30-06-2025,465,13,33,62057,1880.52,24.11,3,3,3,0,0,1,0,0,0,24,0
C0682,30-06-2025,211,5,2,2319.94,1159.97,49,0,0,0,0,0,0,0,0,0,10,0
C0683,30-06-2025,556,3,32,42832.99,1338.53,28.88,6,6,6,0,0,1,0,0,0,13,0
C0684,30-06-2025,375,1,37,77054.08,2082.54,18.59,6,6,5,2,0,0.833333333,0.4,0,0,9,0
C0686,30-06-2025,302,22,11,9332.95,848.45,31.57,3,3,3,0,0,1,0,0,1,1,0
C0687,30-06-2025,658,2,35,57679.83,1648,26.16,3,3,3,1,0,1,0.333333333,0,0,13,0
C0688,30-06-2025,202,0,15,14757.77,983.85,14,1,1,1,0,0,1,0,0,0,8,0
C0690,30-06-2025,166,41,4,6575.41,1643.85,13.5,0,0,0,0,0,0,0,0,0,14,0
C0697,30-06-2025,487,92,13,9910.1,762.32,48.33,5,5,5,1,0,1,0.2,0,0,0,1
C0698,30-06-2025,459,30,21,30554.34,1454.97,33.33,0,0,0,0,0,0,0,0,0,15,0
C0699,30-06-2025,658,3,44,87382.82,1985.97,20.85,5,5,5,4,1,1,0.8,0.2,0,14,0
C0700,30-06-2025,633,62,53,70823.22,1336.29,18.92,4,4,4,2,2,1,0.5,0.5,0,9,0
C0701,30-06-2025,171,49,3,3681.34,1227.11,13,0,0,0,0,0,0,0,0,0,7,0
C0702,30-06-2025,459,10,31,21159.61,682.57,22.57,3,3,3,1,0,1,0.333333333,0,1,2,0
C0703,30-06-2025,504,10,45,84867.31,1885.94,21.36,6,6,6,1,0,1,0.166666667,0,0,12,0
C0704,30-06-2025,273,21,9,8882.69,986.97,41,3,3,3,0,0,1,0,0,0,5,0
C0706,30-06-2025,483,94,17,9821.61,577.74,51.67,4,4,4,1,0,1,0.25,0,0,0,1
C0712,30-06-2025,54,33,2,1858.06,929.03,0,1,1,1,0,0,1,0,0,1,1,0
C0713,30-06-2025,452,1,17,22192.22,1305.42,38.89,4,4,4,1,0,1,0.25,0,0,13,0
C0714,30-06-2025,156,87,4,3498.7,874.68,12.33,4,4,4,2,0,1,0.5,0,3,12,0
C0715,30-06-2025,443,0,25,40191.22,1607.65,21.07,2,2,2,1,1,1,0.5,0.5,0,15,0
C0716,30-06-2025,578,65,18,14905.91,828.11,35.5,4,4,4,2,0,1,0.5,0,0,5,0
C0717,30-06-2025,126,89,2,1408.84,704.42,5,1,1,0,0,0,0,0,0,1,9,0
C0718,30-06-2025,191,50,10,14236.79,1423.68,17.5,1,1,1,1,1,1,1,1,0,7,0
C0721,30-06-2025,556,5,22,14516.21,659.83,46.56,5,5,5,3,1,1,0.6,0.2,0,0,1
C0723,30-06-2025,433,6,29,32418.09,1117.87,19.88,2,2,2,0,0,1,0,0,0,2,0
C0724,30-06-2025,404,21,24,25017.4,1042.39,23,4,4,4,3,1,1,0.75,0.25,1,4,0
C0726,30-06-2025,509,30,8,4385.78,548.22,49.4,6,6,6,1,0,1,0.166666667,0,0,3,0
C0728,30-06-2025,158,45,1,1397.67,1397.67,0,0,0,0,0,0,0,0,0,0,6,0
C0729,30-06-2025,332,0,21,34990.51,1666.21,21.77,5,5,5,1,0,1,0.2,0,0,5,0
C0730,30-06-2025,404,5,24,39213.4,1633.89,18.81,3,3,3,3,3,1,1,1,0,9,0
C0731,30-06-2025,252,50,9,7319.66,813.3,13.8,1,1,1,0,0,1,0,0,0,3,0
C0732,30-06-2025,652,148,21,16306.99,776.52,30.83,6,6,5,2,0,0.833333333,0.4,0,1,0,1
C0733,30-06-2025,177,52,5,7878.95,1575.79,27,0,0,0,0,0,0,0,0,0,5,0
C0735,30-06-2025,258,74,8,8184.61,1023.08,24,1,1,1,1,0,1,1,0,0,13,0
C0736,30-06-2025,378,10,18,37707.48,2094.86,26.22,7,7,7,2,1,1,0.285714286,0.142857143,1,2,0
C0743,30-06-2025,268,35,6,9190.87,1531.81,74,1,1,1,0,0,1,0,0,0,16,0
C0745,30-06-2025,269,13,11,8878.88,807.17,29.33,1,1,1,0,0,1,0,0,0,2,0
C0746,30-06-2025,469,7,18,17747.65,985.98,33.8,6,6,6,2,0,1,0.333333333,0,0,12,0
C0748,30-06-2025,396,11,13,11798.25,907.56,34.14,2,2,2,0,0,1,0,0,0,5,0
C0752,30-06-2025,258,4,22,19828.4,901.29,23.9,4,4,3,0,0,0.75,0,0,0,2,0
C0754,30-06-2025,354,1,29,38610.31,1331.39,16.2,4,4,3,1,1,0.75,0.333333333,0.333333333,0,8,0
C0756,30-06-2025,204,24,18,17576.89,976.49,19,4,4,4,1,1,1,0.25,0.25,1,6,0
C0757,30-06-2025,131,0,5,6209,1241.8,49,1,1,1,0,0,1,0,0,0,14,0
C0758,30-06-2025,122,7,3,1841.3,613.77,6.5,0,0,0,0,0,0,0,0,0,4,0
C0759,30-06-2025,490,30,14,16269.87,1162.13,29.55,5,5,5,1,0,1,0.2,0,0,2,0
C0761,30-06-2025,228,5,6,4804.94,800.82,60,0,0,0,0,0,0,0,0,0,3,0
C0763,30-06-2025,603,29,21,21492.62,1023.46,36.82,4,4,4,1,0,1,0.25,0,0,9,0
C0764,30-06-2025,166,17,2,3883.12,1941.56,0,1,1,1,1,1,1,1,1,0,19,0
C0766,30-06-2025,395,16,29,44742.99,1542.86,21.31,5,5,4,2,0,0.8,0.5,0,0,10,0
C0767,30-06-2025,167,5,3,7112.48,2370.83,30.5,1,1,1,0,0,1,0,0,0,2,0
C0768,30-06-2025,143,33,3,3462.28,1154.09,9,5,5,3,1,0,0.6,0.333333333,0,0,9,0
C0769,30-06-2025,362,25,26,37979.61,1460.75,14.82,1,1,0,0,0,0,0,0,0,9,0
C0770,30-06-2025,233,109,1,1671.56,1671.56,0,3,3,3,1,0,1,0.333333333,0,0,8,0
C0771,30-06-2025,552,151,11,7394.62,672.24,51.25,5,5,4,0,0,0.8,0,0,2,4,0
C0773,30-06-2025,201,4,6,6888.66,1148.11,33.5,4,4,4,3,1,1,0.75,0.25,0,7,0
C0774,30-06-2025,559,27,16,17714.41,1107.15,39.44,6,6,5,0,0,0.833333333,0,0,1,10,0
C0775,30-06-2025,217,36,10,6785.59,678.56,22.2,3,3,2,0,0,0.666666667,0,0,0,8,0
C0777,30-06-2025,182,0,2,1947.25,973.62,32,4,4,4,0,0,1,0,0,0,4,0
C0780,30-06-2025,608,4,19,22544.68,1186.56,38.27,3,3,3,0,0,1,0,0,0,3,0
C0782,30-06-2025,641,5,28,26975.29,963.4,33.87,8,8,8,1,0,1,0.125,0,0,2,0
C0786,30-06-2025,645,9,34,31315.84,921.05,32.21,4,4,3,0,0,0.75,0,0,0,16,0
C0787,30-06-2025,661,13,39,32913.75,843.94,24.09,4,4,3,1,0,0.75,0.333333333,0,0,9,0
C0788,30-06-2025,89,41,2,2167.46,1083.73,0,2,2,2,1,0,1,0.5,0,0,2,0
C0794,30-06-2025,648,17,18,15591.18,866.18,67.29,6,6,4,2,0,0.666666667,0.5,0,0,4,0
C0795,30-06-2025,494,33,14,12523.02,894.5,67.33,3,3,2,1,1,0.666666667,0.5,0.5,0,2,0
C0796,30-06-2025,374,81,8,8592.19,1074.02,13.5,1,1,1,0,0,1,0,0,0,6,0
C0798,30-06-2025,47,11,1,1421.72,1421.72,0,2,2,2,0,0,1,0,0,0,4,0
C0801,30-06-2025,157,17,4,3892,973,57,8,8,7,1,1,0.875,0.142857143,0.142857143,1,9,0
C0804,30-06-2025,191,71,8,6115.39,764.42,12,5,5,5,0,0,1,0,0,1,10,0
C0805,30-06-2025,622,30,24,31636.19,1318.17,31.33,7,7,7,1,0,1,0.142857143,0,1,4,0
C0806,30-06-2025,194,12,14,8704.21,621.73,20,0,0,0,0,0,0,0,0,0,3,0
C0807,30-06-2025,434,18,10,7197.97,719.8,40.6,4,4,4,2,0,1,0.5,0,0,1,0
C0809,30-06-2025,475,7,25,45122.02,1804.88,23.87,2,2,2,1,0,1,0.5,0,0,14,0
C0810,30-06-2025,260,67,3,4266.94,1422.31,29,5,5,4,1,0,0.8,0.25,0,1,7,0
C0812,30-06-2025,223,94,12,4839.86,403.32,12.86,2,2,2,1,0,1,0.5,0,0,0,1
C0814,30-06-2025,54,2,1,724.3,724.3,0,4,4,2,0,0,0.5,0,0,0,1,0
C0817,30-06-2025,270,17,18,26573.47,1476.3,20,3,3,3,1,1,1,0.333333333,0.333333333,0,9,0
C0818,30-06-2025,589,4,43,100923.69,2347.06,18.92,3,3,3,3,0,1,1,0,0,11,0
C0819,30-06-2025,617,5,24,61059.25,2544.14,33.27,6,6,5,0,0,0.833333333,0,0,0,11,0
C0821,30-06-2025,653,0,34,60438.26,1777.6,24.38,5,5,5,1,1,1,0.2,0.2,0,9,0
C0823,30-06-2025,350,12,14,19016.56,1358.33,25.67,2,2,2,1,0,1,0.5,0,0,12,0
C0826,30-06-2025,309,18,14,16614.52,1186.75,27.88,4,4,3,1,0,0.75,0.333333333,0,0,12,0
C0827,30-06-2025,496,15,23,30292.9,1317.08,18.53,4,4,4,1,0,1,0.25,0,1,4,0
C0829,30-06-2025,462,32,14,10616.49,758.32,51.83,5,5,4,3,1,0.8,0.75,0.25,0,0,1
C0832,30-06-2025,102,6,3,1932.91,644.3,52,2,2,2,2,1,1,1,0.5,0,9,0
C0833,30-06-2025,175,43,4,1946.2,486.55,0,3,3,3,0,0,1,0,0,2,4,0
C0835,30-06-2025,509,19,28,22915.84,818.42,25.47,4,4,4,0,0,1,0,0,0,10,0
C0838,30-06-2025,607,19,20,13851.22,692.56,41.55,3,3,3,0,0,1,0,0,0,2,0
C0839,30-06-2025,459,3,9,20578.38,2286.49,53,3,3,3,0,0,1,0,0,0,10,0
C0840,30-06-2025,155,65,4,4666.74,1166.68,30,3,3,3,1,1,1,0.333333333,0.333333333,1,5,0
C0841,30-06-2025,486,25,32,37442.83,1170.09,23.71,3,3,3,1,1,1,0.333333333,0.333333333,0,9,0
C0844,30-06-2025,187,7,7,11708.66,1672.67,19.25,2,2,2,1,1,1,0.5,0.5,0,7,0
C0849,30-06-2025,634,16,45,76151.99,1692.27,21.92,4,4,4,0,0,1,0,0,0,24,0
C0851,30-06-2025,147,3,10,10024.89,1002.49,22.4,1,1,1,0,0,1,0,0,0,3,0
C0852,30-06-2025,340,5,28,52085.05,1860.18,15.06,4,4,3,1,0,0.75,0.333333333,0,0,3,0
C0854,30-06-2025,300,7,14,11258.56,804.18,39.86,3,3,2,0,0,0.666666667,0,0,0,0,1
C0855,30-06-2025,396,150,5,4008.75,801.75,0,3,3,3,0,0,1,0,0,1,3,0
C0857,30-06-2025,423,19,25,46134.9,1845.4,17.29,2,2,2,2,2,1,1,1,0,11,0
C0858,30-06-2025,203,31,25,10983.23,439.33,11.77,0,0,0,0,0,0,0,0,0,0,1
C0859,30-06-2025,214,10,13,14773.02,1136.39,34.4,1,1,0,0,0,0,0,0,0,9,0
C0864,30-06-2025,292,22,13,25866.73,1989.75,17.25,3,3,3,0,0,1,0,0,0,7,0
C0866,30-06-2025,222,9,10,11204.22,1120.42,37.75,3,3,3,2,0,1,0.666666667,0,1,3,0
C0867,30-06-2025,620,53,17,12181.01,716.53,54.8,8,8,8,2,0,1,0.25,0,2,0,1
C0870,30-06-2025,655,48,30,42192.88,1406.43,27.81,4,4,2,0,0,0.5,0,0,0,14,0
C0871,30-06-2025,327,2,23,35872.03,1559.65,18.29,1,1,1,0,0,1,0,0,0,11,0
C0872,30-06-2025,253,16,7,11284.28,1612.04,59.67,6,6,6,2,1,1,0.333333333,0.166666667,0,5,0
C0873,30-06-2025,271,41,14,17969.73,1283.55,21.17,4,4,2,2,1,0.5,1,0.5,0,8,0
C0876,30-06-2025,434,5,22,19233.74,874.26,25.08,8,8,8,3,1,1,0.375,0.125,0,14,0
C0879,30-06-2025,526,34,24,17871.48,744.64,21.5,4,4,4,0,0,1,0,0,0,5,0
C0880,30-06-2025,387,8,13,9911.7,762.44,36.14,2,2,2,1,1,1,0.5,0.5,1,2,0
C0881,30-06-2025,348,25,10,9332.26,933.23,12.67,5,5,5,3,0,1,0.6,0,0,4,0
C0882,30-06-2025,648,141,20,12179.17,608.96,24.21,8,8,6,2,1,0.75,0.333333333,0.166666667,4,0,1
C0885,30-06-2025,611,0,23,20422.95,887.95,37.75,1,1,1,0,0,1,0,0,0,9,0
C0887,30-06-2025,336,106,7,7102.84,1014.69,68,5,5,5,2,0,1,0.4,0,1,7,0
C0890,30-06-2025,607,34,38,44661.96,1175.31,24.58,7,7,6,4,1,0.857142857,0.666666667,0.166666667,0,4,0
C0895,30-06-2025,456,24,19,24415.14,1285.01,22.36,4,4,4,2,1,1,0.5,0.25,1,11,0
C0896,30-06-2025,130,5,7,10097.18,1442.45,22,4,4,4,1,0,1,0.25,0,0,5,0
C0897,30-06-2025,646,21,42,72570.89,1727.88,21.55,4,4,4,0,0,1,0,0,0,15,0
C0898,30-06-2025,504,5,38,45074.8,1186.18,24.4,3,3,3,1,0,1,0.333333333,0,0,11,0
C0899,30-06-2025,441,29,17,16632.49,978.38,39.78,6,6,6,2,1,1,0.333333333,0.166666667,1,3,0
C0902,30-06-2025,110,3,5,9240.83,1848.17,18,3,3,2,1,0,0.666666667,0.5,0,0,5,0
C0904,30-06-2025,586,8,11,12268.44,1115.31,71.14,8,8,8,1,0,1,0.125,0,0,7,0
C0905,30-06-2025,237,129,1,1157.94,1157.94,0,3,3,3,1,1,1,0.333333333,0.333333333,2,7,0
C0906,30-06-2025,366,17,18,39238,2179.89,24.83,4,4,4,1,0,1,0.25,0,0,9,0
C0912,30-06-2025,284,27,8,5710.78,713.85,37.75,1,1,1,0,0,1,0,0,0,7,0
C0913,30-06-2025,207,86,6,2819.86,469.98,30,1,1,1,1,0,1,1,0,1,0,1
C0914,30-06-2025,300,32,7,6591.48,941.64,31.25,3,3,3,0,0,1,0,0,0,11,0
C0915,30-06-2025,262,6,15,19759.66,1317.31,29.57,7,7,7,1,1,1,0.142857143,0.142857143,0,10,0
C0918,30-06-2025,92,52,2,3735.66,1867.83,0,1,1,1,0,0,1,0,0,1,7,0
C0919,30-06-2025,85,65,2,1283.3,641.65,0,3,3,1,0,0,0.333333333,0,0,0,4,0
C0921,30-06-2025,331,64,12,9505.68,792.14,28.14,2,2,2,0,0,1,0,0,0,4,0
C0922,30-06-2025,272,24,15,15237.58,1015.84,27.17,3,3,3,2,0,1,0.666666667,0,1,3,0
C0923,30-06-2025,666,48,30,33030.96,1101.03,33.47,6,6,6,3,0,1,0.5,0,0,9,0
C0925,30-06-2025,369,53,11,11309.54,1028.14,21.14,4,4,4,0,0,1,0,0,1,2,0
C0927,30-06-2025,175,29,6,5152.86,858.81,3,1,1,1,0,0,1,0,0,1,3,0
C0929,30-06-2025,79,1,2,5323.58,2661.79,0,1,1,1,1,1,1,1,1,0,12,0
C0932,30-06-2025,472,18,29,42455.39,1463.98,23.81,7,7,7,4,1,1,0.571428571,0.142857143,0,11,0
C0933,30-06-2025,106,15,3,2569.71,856.57,10.5,1,1,1,0,0,1,0,0,1,4,0
C0935,30-06-2025,496,0,16,12031.02,751.94,37.88,2,2,2,0,0,1,0,0,0,0,1
C0937,30-06-2025,295,23,6,5840.77,973.46,34,4,4,3,0,0,0.75,0,0,0,7,0
C0938,30-06-2025,400,12,27,42035.36,1556.87,23.14,2,2,1,0,0,0.5,0,0,0,7,0
C0939,30-06-2025,661,3,36,33335.42,925.98,24,3,3,3,1,0,1,0.333333333,0,0,12,0
C0940,30-06-2025,246,15,8,11441.13,1430.14,43.5,7,7,5,1,0,0.714285714,0.2,0,0,7,0
C0941,30-06-2025,627,27,28,23822.32,850.8,28.19,3,3,1,1,0,0.333333333,1,0,0,6,0
C0942,30-06-2025,138,138,13,7845.3,603.48,0,2,2,2,0,0,1,0,0,2,0,1
C0945,30-06-2025,631,40,9,6200.81,688.98,82,2,2,2,0,0,1,0,0,0,5,0
C0947,30-06-2025,530,6,38,52276.55,1375.7,16.14,5,5,4,2,0,0.8,0.5,0,0,8,0
C0950,30-06-2025,202,38,3,3835.53,1278.51,48,0,0,0,0,0,0,0,0,0,12,0
C0952,30-06-2025,86,0,3,4543.44,1514.48,20,1,1,1,0,0,1,0,0,0,2,0
C0955,30-06-2025,417,11,15,21240.49,1416.03,24.44,3,3,2,1,0,0.666666667,0.5,0,0,4,0
C0956,30-06-2025,217,16,15,20087.78,1339.19,20.25,2,2,2,0,0,1,0,0,0,17,0
C0957,30-06-2025,407,58,12,9479.34,789.94,78.75,1,1,1,0,0,1,0,0,0,2,0
C0960,30-06-2025,379,8,19,37360.42,1966.34,32.9,3,3,3,1,0,1,0.333333333,0,0,7,0
C0962,30-06-2025,397,12,16,12928.07,808,34.75,1,1,1,0,0,1,0,0,0,0,1
C0968,30-06-2025,405,1,26,32981.84,1268.53,23.73,5,5,5,0,0,1,0,0,0,5,0
C0969,30-06-2025,236,0,7,9111.39,1301.63,28.5,1,1,1,1,0,1,1,0,0,3,0
C0975,30-06-2025,76,6,1,521.22,521.22,0,0,0,0,0,0,0,0,0,0,1,0
C0977,30-06-2025,363,54,10,10647.26,1064.73,20.17,1,1,1,0,0,1,0,0,0,2,0
C0978,30-06-2025,100,5,2,1392.68,696.34,31,1,1,1,0,0,1,0,0,0,9,0
C0981,30-06-2025,160,7,6,9227.69,1537.95,28,3,3,3,2,0,1,0.666666667,0,0,4,0
C0982,30-06-2025,230,5,13,25412.1,1954.78,14.5,3,3,3,1,0,1,0.333333333,0,0,14,0
C0986,30-06-2025,648,6,61,84901.85,1391.83,19.19,0,0,0,0,0,0,0,0,0,9,0
C0990,30-06-2025,491,6,36,65759.32,1826.65,20.29,3,3,3,1,0,1,0.333333333,0,0,13,0
C0992,30-06-2025,333,6,9,11150.95,1238.99,24.5,0,0,0,0,0,0,0,0,0,9,0
C0994,30-06-2025,124,37,3,4457.46,1485.82,35,5,5,4,1,0,0.8,0.25,0,1,1,0
C0998,30-06-2025,355,1,13,19558.49,1504.5,34.29,3,3,3,2,1,1,0.666666667,0.333333333,0,7,0
C0999,30-06-2025,147,3,4,3379.54,844.88,100,0,0,0,0,0,0,0,0,0,4,0
C0001,30-09-2025,563,8,17,21673.79,1274.93,55,2,2,2,1,0,1,0.5,0,0,5,0
C0003,30-09-2025,702,4,24,22449.83,935.41,39.06,5,5,4,3,0,0.8,0.75,0,0,5,0
C0005,30-09-2025,630,4,36,64512.01,1792,23.77,6,6,6,2,0,1,0.333333333,0,0,12,0
C0006,30-09-2025,561,2,45,99001.62,2200.04,19.25,2,2,2,0,0,1,0,0,0,15,0
C0011,30-09-2025,628,20,17,13040.85,767.11,48.82,5,5,5,2,0,1,0.4,0,0,2,0
C0013,30-09-2025,746,23,47,70783.96,1506.04,23.03,6,6,5,3,2,0.833333333,0.6,0.4,0,5,0
C0014,30-09-2025,202,30,2,1927.49,963.75,83,5,5,5,2,1,1,0.4,0.2,0,8,0
C0016,30-09-2025,616,5,27,31848.02,1179.56,33.88,5,5,5,1,0,1,0.2,0,0,1,0
C0017,30-09-2025,598,5,17,20378.61,1198.74,35,5,5,5,1,0,1,0.2,0,0,4,0
C0018,30-09-2025,582,37,23,28927.61,1257.72,33.18,2,2,2,0,0,1,0,0,0,6,0
C0020,30-09-2025,498,2,37,80093.54,2164.69,19.57,3,3,3,0,0,1,0,0,0,9,0
C0021,30-09-2025,511,14,22,34063.44,1548.34,32.3,2,2,1,0,0,0.5,0,0,0,2,0
C0022,30-09-2025,239,8,6,4507.77,751.3,35.67,1,1,1,0,0,1,0,0,0,4,0
C0023,30-09-2025,562,2,65,113301.1,1743.09,13.11,7,7,6,2,1,0.857142857,0.333333333,0.166666667,0,11,0
C0025,30-09-2025,644,12,53,60594.67,1143.3,16.72,3,3,2,1,0,0.666666667,0.5,0,0,12,0
C0028,30-09-2025,288,1,9,6021.14,669.02,58.75,7,7,7,2,0,1,0.285714286,0,0,7,0
C0029,30-09-2025,710,0,27,21193.47,784.94,38.94,8,8,6,1,0,0.75,0.166666667,0,0,1,0
C0030,30-09-2025,674,33,30,25728.65,857.62,28.53,3,3,3,0,0,1,0,0,0,8,0
C0031,30-09-2025,741,0,28,23088.68,824.6,33.69,4,4,4,1,1,1,0.25,0.25,0,0,1
C0032,30-09-2025,677,32,29,22872.77,788.72,29.19,7,7,7,3,0,1,0.428571429,0,0,10,0
C0035,30-09-2025,292,99,8,8744.46,1093.06,41.75,4,4,4,2,1,1,0.5,0.25,2,11,0
C0036,30-09-2025,580,7,33,43962.03,1332.18,26.33,3,3,3,1,0,1,0.333333333,0,0,8,0
C0037,30-09-2025,328,27,9,10010.46,1112.27,31.43,3,3,3,0,0,1,0,0,0,8,0
C0038,30-09-2025,728,66,21,13990.34,666.21,42.23,5,5,4,1,0,0.8,0.25,0,0,0,1
C0039,30-09-2025,508,9,27,35406.87,1311.37,27.2,4,4,3,2,0,0.75,0.666666667,0,0,2,0
C0041,30-09-2025,114,26,4,5828.59,1457.15,11,1,1,1,0,0,1,0,0,0,9,0
C0043,30-09-2025,254,33,2,1079.22,539.61,0,2,2,2,1,0,1,0.5,0,0,8,0
C0044,30-09-2025,309,6,6,3886.22,647.7,86.33,4,4,4,1,0,1,0.25,0,0,6,0
C0047,30-09-2025,366,44,27,47822.36,1771.2,20.23,7,7,7,4,1,1,0.571428571,0.142857143,1,24,0
C0048,30-09-2025,339,8,21,33941.45,1616.26,13.79,5,5,5,1,0,1,0.2,0,0,9,0
C0049,30-09-2025,124,7,5,9823.61,1964.72,22,0,0,0,0,0,0,0,0,0,4,0
C0051,30-09-2025,246,246,20,16667.55,833.38,0,4,4,3,0,0,0.75,0,0,4,0,1
C0053,30-09-2025,526,31,8,7556.35,944.54,73.8,6,6,6,1,0,1,0.166666667,0,1,3,0
C0054,30-09-2025,713,10,23,20730.33,901.32,46.36,4,4,4,0,0,1,0,0,0,6,0
C0057,30-09-2025,677,0,57,84304.24,1479.02,17.42,4,4,4,3,0,1,0.75,0,0,18,0
C0058,30-09-2025,544,12,20,21252.56,1062.63,25.42,9,9,8,4,1,0.888888889,0.5,0.125,0,6,0
C0059,30-09-2025,204,10,17,17516.95,1030.41,20,2,2,1,0,0,0.5,0,0,0,9,0
C0062,30-09-2025,115,6,4,4517.4,1129.35,37,2,2,2,1,1,1,0.5,0.5,0,10,0
C0064,30-09-2025,408,5,25,44870.71,1794.83,24.75,2,2,2,1,1,1,0.5,0.5,0,20,0
C0065,30-09-2025,689,12,61,95460.14,1564.92,16.23,8,8,7,3,0,0.875,0.428571429,0,0,30,0
C0066,30-09-2025,303,10,18,16285.01,904.72,25.67,3,3,2,2,1,0.666666667,1,0.5,0,10,0
C0067,30-09-2025,515,4,11,11923.66,1083.97,33.8,5,5,4,0,0,0.8,0,0,0,5,0
C0068,30-09-2025,379,1,38,66293.98,1744.58,15.68,8,8,8,5,3,1,0.625,0.375,0,4,0
C0069,30-09-2025,577,15,13,13167.06,1012.85,41.33,4,4,4,1,1,1,0.25,0.25,0,0,1
C0070,30-09-2025,140,28,4,4911.34,1227.84,16,6,6,5,1,0,0.833333333,0.2,0,2,1,0
C0071,30-09-2025,74,5,1,1070.59,1070.59,0,1,1,1,0,0,1,0,0,0,9,0
C0074,30-09-2025,487,9,7,6021.2,860.17,83.33,3,3,3,0,0,1,0,0,0,3,0
C0075,30-09-2025,73,9,1,1385.55,1385.55,0,2,2,2,2,1,1,1,0.5,0,10,0
C0076,30-09-2025,634,106,18,15488.97,860.5,30.09,6,6,6,2,0,1,0.333333333,0,0,0,1
C0077,30-09-2025,26,26,7,4785.94,683.71,0,3,3,2,0,0,0.666666667,0,0,3,0,1
C0078,30-09-2025,86,21,1,1758.83,1758.83,0,1,1,1,0,0,1,0,0,0,1,0
C0080,30-09-2025,734,39,13,20302.69,1561.75,52.43,5,5,4,2,2,0.8,0.5,0.5,0,5,0
C0081,30-09-2025,198,109,1,705.26,705.26,0,2,2,2,1,0,1,0.5,0,1,10,0
C0082,30-09-2025,602,62,15,17743.89,1182.93,42.8,5,5,5,1,0,1,0.2,0,0,5,0
C0083,30-09-2025,513,59,19,19922.9,1048.57,46.14,3,3,3,2,0,1,0.666666667,0,0,5,0
C0084,30-09-2025,339,76,7,4036.83,576.69,29.33,4,4,4,3,0,1,0.75,0,3,1,0
C0085,30-09-2025,481,25,18,15749.57,874.98,38.4,6,6,4,1,0,0.666666667,0.25,0,1,2,0
C0086,30-09-2025,395,12,26,34900.95,1342.34,14.53,3,3,2,2,0,0.666666667,1,0,0,18,0
C0087,30-09-2025,568,7,20,19874.71,993.74,31.5,4,4,4,2,0,1,0.5,0,0,0,1
C0090,30-09-2025,88,32,1,1131.55,1131.55,0,2,2,2,1,0,1,0.5,0,1,7,0
C0091,30-09-2025,598,53,24,16554.75,689.78,32.93,2,2,2,0,0,1,0,0,0,0,1
C0092,30-09-2025,410,14,13,9620.11,740.01,54.8,3,3,3,1,0,1,0.333333333,0,0,8,0
C0093,30-09-2025,435,21,21,23608.26,1124.2,21.62,4,4,4,2,0,1,0.5,0,1,4,0
C0094,30-09-2025,678,9,64,93302.49,1457.85,16.61,5,5,5,3,2,1,0.6,0.4,0,10,0
C0095,30-09-2025,560,43,40,53650.15,1341.25,23.83,4,4,3,1,0,0.75,0.333333333,0,0,4,0
C0096,30-09-2025,281,16,13,14342.81,1103.29,27.25,4,4,3,2,1,0.75,0.666666667,0.333333333,0,11,0
C0098,30-09-2025,611,162,17,9398.32,552.84,40.11,5,5,3,0,0,0.6,0,0,1,0,1
C0099,30-09-2025,668,9,23,18552.62,806.64,42.54,9,9,8,1,0,0.888888889,0.125,0,0,0,1
C0100,30-09-2025,684,12,26,28414.91,1092.88,36.07,14,14,11,1,0,0.785714286,0.090909091,0,0,9,0
C0102,30-09-2025,611,22,26,17239.79,663.07,34.64,8,8,7,2,1,0.875,0.285714286,0.142857143,0,3,0
C0105,30-09-2025,109,0,8,10502.25,1312.78,22,1,1,1,0,0,1,0,0,0,6,0
C0106,30-09-2025,687,7,32,18086.84,565.21,35,6,6,5,2,0,0.833333333,0.4,0,0,7,0
C0108,30-09-2025,487,1,10,10260.43,1026.04,69.67,6,6,6,2,0,1,0.333333333,0,0,4,0
C0109,30-09-2025,442,13,27,80635.46,2986.5,20.47,3,3,3,1,0,1,0.333333333,0,0,12,0
C0110,30-09-2025,436,10,23,63248.01,2749.91,28.9,5,5,5,1,0,1,0.2,0,0,7,0
C0111,30-09-2025,283,40,7,7265.94,1037.99,23.8,6,6,5,1,0,0.833333333,0.2,0,0,4,0
C0112,30-09-2025,268,34,14,19886.54,1420.47,15.14,5,5,5,2,0,1,0.4,0,0,8,0
C0114,30-09-2025,726,17,25,17976.64,719.07,30.61,5,5,5,1,0,1,0.2,0,0,4,0
C0115,30-09-2025,563,183,15,10966.54,731.1,32.56,8,8,7,2,1,0.875,0.285714286,0.142857143,5,0,1
C0116,30-09-2025,525,29,18,14628.68,812.7,32.18,5,5,5,3,0,1,0.6,0,1,1,0
C0117,30-09-2025,55,35,2,3987.48,1993.74,0,2,2,2,1,0,1,0.5,0,2,2,0
C0118,30-09-2025,668,5,24,26707.04,1112.79,36.82,5,5,5,1,0,1,0.2,0,0,4,0
C0119,30-09-2025,536,33,15,9636.86,642.46,60.38,5,5,5,1,0,1,0.2,0,0,0,1
C0122,30-09-2025,354,11,13,13662.63,1050.97,30.71,1,1,1,0,0,1,0,0,0,6,0
C0123,30-09-2025,567,9,28,37765.19,1348.76,33.21,11,11,11,3,2,1,0.272727273,0.181818182,0,7,0
C0124,30-09-2025,252,18,11,22227.13,2020.65,27,10,10,9,3,2,0.9,0.333333333,0.222222222,4,5,0
C0126,30-09-2025,327,30,14,26719.12,1908.51,36,1,1,1,0,0,1,0,0,0,17,0
C0127,30-09-2025,465,33,17,14143.98,832,33.89,5,5,4,1,0,0.8,0.25,0,0,5,0
C0129,30-09-2025,391,22,23,43050.62,1871.77,28.27,4,4,3,1,0,0.75,0.333333333,0,0,3,0
C0130,30-09-2025,555,17,28,32758.09,1169.93,35.07,4,4,4,0,0,1,0,0,0,5,0
C0132,30-09-2025,326,25,23,22974.62,998.9,14.92,2,2,2,0,0,1,0,0,0,11,0
C0133,30-09-2025,738,4,30,38687.41,1289.58,33.67,1,1,1,1,1,1,1,1,0,1,0
C0134,30-09-2025,304,39,11,9757.35,887.03,44.25,3,3,2,0,0,0.666666667,0,0,0,4,0
C0135,30-09-2025,711,23,23,21336.44,927.67,29.65,6,6,6,0,0,1,0,0,0,12,0
C0136,30-09-2025,405,28,35,49203.57,1405.82,16.76,3,3,3,0,0,1,0,0,0,13,0
C0138,30-09-2025,485,15,38,71942.56,1893.23,16.05,11,11,10,3,1,0.909090909,0.3,0.1,0,19,0
C0139,30-09-2025,358,15,10,12336.91,1233.69,25.8,6,6,6,3,2,1,0.5,0.333333333,0,6,0
C0140,30-09-2025,376,0,16,18409.68,1150.6,27.6,8,8,8,1,0,1,0.125,0,0,4,0
C0143,30-09-2025,562,47,18,13932.08,774,41.78,6,6,6,1,1,1,0.166666667,0.166666667,0,4,0
C0144,30-09-2025,138,18,3,6988.94,2329.65,83,4,4,4,2,0,1,0.5,0,0,8,0
C0145,30-09-2025,205,58,5,9338.65,1867.73,50.5,2,2,1,0,0,0.5,0,0,0,16,0
C0146,30-09-2025,699,14,28,30222.47,1079.37,38.93,4,4,4,1,0,1,0.25,0,0,0,1
C0147,30-09-2025,290,8,16,20170.99,1260.69,23.36,1,1,1,1,0,1,1,0,0,12,0
C0149,30-09-2025,174,4,4,4618.04,1154.51,133,3,3,3,1,0,1,0.333333333,0,0,1,0
C0150,30-09-2025,707,215,23,20287.85,882.08,37.25,2,2,1,0,0,0.5,0,0,0,0,1
C0151,30-09-2025,83,12,5,3317.43,663.49,18.5,1,1,1,1,1,1,1,1,0,9,0
C0152,30-09-2025,229,24,6,3503.89,583.98,44,2,2,2,0,0,1,0,0,0,6,0
C0154,30-09-2025,684,4,54,92369.85,1710.55,22.54,14,14,12,2,0,0.857142857,0.166666667,0,0,2,0
C0155,30-09-2025,527,46,20,18695.82,934.79,45,6,6,6,1,0,1,0.166666667,0,1,1,0
C0156,30-09-2025,370,17,29,47010.95,1621.07,17.53,6,6,6,3,1,1,0.5,0.166666667,0,17,0
C0157,30-09-2025,521,13,25,44943.27,1797.73,27.4,1,1,1,1,1,1,1,1,0,16,0
C0159,30-09-2025,195,1,3,3654.03,1218.01,53,3,3,3,0,0,1,0,0,0,8,0
C0160,30-09-2025,9,2,1,640.15,640.15,0,1,1,1,1,0,1,1,0,0,4,0
C0161,30-09-2025,203,1,6,6903.97,1150.66,15.33,1,1,1,0,0,1,0,0,0,11,0
C0162,30-09-2025,94,4,3,4951.74,1650.58,63,1,1,1,0,0,1,0,0,0,2,0
C0163,30-09-2025,529,0,27,36744.29,1360.9,24.32,5,5,4,1,0,0.8,0.25,0,0,8,0
C0165,30-09-2025,232,6,15,30711.75,2047.45,19.9,3,3,2,1,0,0.666666667,0.5,0,0,8,0
C0167,30-09-2025,423,46,5,3695.08,739.02,39,2,2,2,1,0,1,0.5,0,0,8,0
C0169,30-09-2025,395,73,9,11192.37,1243.6,62.33,5,5,5,0,0,1,0,0,0,0,1
C0172,30-09-2025,614,12,14,11235.92,802.57,33.71,6,6,5,0,0,0.833333333,0,0,1,10,0
C0174,30-09-2025,580,16,23,24125.56,1048.94,36.71,5,5,5,2,0,1,0.4,0,0,14,0
C0178,30-09-2025,318,55,11,6006.51,546.05,31.2,5,5,5,3,0,1,0.6,0,1,8,0
C0179,30-09-2025,358,35,10,10840.5,1084.05,31,6,6,6,1,0,1,0.166666667,0,0,20,0
C0180,30-09-2025,161,16,9,20731.14,2303.46,11.4,3,3,3,2,1,1,0.666666667,0.333333333,0,12,0
C0181,30-09-2025,676,1,23,22002.38,956.63,36.38,4,4,4,1,0,1,0.25,0,0,4,0
C0184,30-09-2025,746,6,49,54074.41,1103.56,19.76,5,5,5,0,0,1,0,0,0,7,0
C0185,30-09-2025,333,1,7,11119.85,1588.55,38.5,3,3,3,1,0,1,0.333333333,0,0,9,0
C0186,30-09-2025,318,45,4,4545.89,1136.47,56.67,4,4,3,1,1,0.75,0.333333333,0.333333333,0,0,1
C0189,30-09-2025,505,94,21,12091.05,575.76,32.5,3,3,3,1,1,1,0.333333333,0.333333333,2,2,0
C0190,30-09-2025,625,58,19,17123.35,901.23,40.42,5,5,4,2,0,0.8,0.5,0,0,8,0
C0191,30-09-2025,191,30,7,6686.26,955.18,20,2,2,2,1,0,1,0.5,0,0,8,0
C0192,30-09-2025,146,1,5,3033.63,606.73,56.5,2,2,2,0,0,1,0,0,1,2,0
C0194,30-09-2025,324,8,11,7469.92,679.08,53,2,2,2,0,0,1,0,0,0,5,0
C0195,30-09-2025,268,7,5,5728.28,1145.66,17.75,2,2,2,1,0,1,0.5,0,0,5,0
C0196,30-09-2025,662,8,26,26170.85,1006.57,23.12,5,5,4,3,1,0.8,0.75,0.25,0,10,0
C0197,30-09-2025,214,0,8,12883.93,1610.49,26.6,1,1,1,0,0,1,0,0,0,6,0
C0198,30-09-2025,226,5,2,2611.29,1305.64,80,5,5,4,2,0,0.8,0.5,0,0,20,0
C0199,30-09-2025,81,2,2,5771,2885.5,0,0,0,0,0,0,0,0,0,0,4,0
C0200,30-09-2025,700,80,43,80578.15,1873.91,22.65,5,5,5,4,1,1,0.8,0.2,1,10,0
C0202,30-09-2025,337,7,13,10623.84,817.22,17.38,2,2,2,0,0,1,0,0,0,5,0
C0203,30-09-2025,185,89,5,8891.13,1778.23,2,2,2,2,0,0,1,0,0,2,14,0
C0205,30-09-2025,232,56,1,516.01,516.01,0,5,5,5,0,0,1,0,0,2,7,0
C0206,30-09-2025,269,14,10,11345.44,1134.54,18.4,0,0,0,0,0,0,0,0,0,11,0
C0207,30-09-2025,76,3,4,8295.71,2073.93,46,2,2,2,0,0,1,0,0,0,3,0
C0209,30-09-2025,741,52,45,58505.33,1300.12,23.13,9,9,8,3,2,0.888888889,0.375,0.25,1,9,0
C0212,30-09-2025,615,15,27,25041.83,927.48,28.07,4,4,3,0,0,0.75,0,0,0,2,0
C0213,30-09-2025,718,103,17,10662.51,627.21,41.64,8,8,8,3,1,1,0.375,0.125,2,1,0
C0216,30-09-2025,326,7,13,16900.81,1300.06,39.83,1,1,1,1,1,1,1,1,0,3,0
C0217,30-09-2025,394,0,25,40887.16,1635.49,16.64,4,4,4,1,0,1,0.25,0,0,7,0
C0218,30-09-2025,707,15,60,85032.55,1417.21,17.56,2,2,2,1,1,1,0.5,0.5,0,14,0
C0219,30-09-2025,394,1,28,36280,1295.71,17.61,8,8,6,2,2,0.75,0.333333333,0.333333333,0,9,0
C0220,30-09-2025,251,31,1,353.08,353.08,0,5,5,5,4,0,1,0.8,0,1,2,0
C0221,30-09-2025,466,125,15,10059.96,670.66,40.33,2,2,2,1,0,1,0.5,0,1,7,0
C0222,30-09-2025,648,12,29,25901.32,893.15,33,5,5,5,3,1,1,0.6,0.2,0,7,0
C0223,30-09-2025,517,39,9,8012.76,890.31,67.6,4,4,4,3,0,1,0.75,0,0,7,0
C0224,30-09-2025,257,1,9,6072.33,674.7,32.25,2,2,1,1,0,0.5,1,0,0,9,0
C0226,30-09-2025,172,43,2,1975,987.5,0,1,1,1,0,0,1,0,0,0,2,0
C0227,30-09-2025,560,11,23,16936,736.35,34,3,3,3,0,0,1,0,0,0,8,0
C0228,30-09-2025,738,141,21,12117.69,577.03,29.75,5,5,4,1,0,0.8,0.25,0,2,0,1
C0229,30-09-2025,451,12,31,35101.51,1132.31,24.07,5,5,5,1,1,1,0.2,0.2,0,7,0
C0231,30-09-2025,412,23,32,54763.77,1711.37,18.22,5,5,5,3,1,1,0.6,0.2,0,13,0
C0232,30-09-2025,37,0,3,4147.97,1382.66,3,0,0,0,0,0,0,0,0,0,5,0
C0233,30-09-2025,707,43,45,112419.48,2498.21,25.59,6,6,4,2,0,0.666666667,0.5,0,0,14,0
C0235,30-09-2025,335,0,25,67030.12,2681.2,32.89,1,1,1,1,1,1,1,1,0,6,0
C0236,30-09-2025,402,8,11,16103.88,1463.99,35.14,5,5,5,2,0,1,0.4,0,0,5,0
C0237,30-09-2025,185,40,7,5576.9,796.7,43,3,3,3,1,0,1,0.333333333,0,1,2,0
C0238,30-09-2025,203,9,12,27509.46,2292.46,26.4,4,4,4,2,2,1,0.5,0.5,0,13,0
C0240,30-09-2025,189,5,4,2837.4,709.35,72.5,4,4,4,0,0,1,0,0,0,1,0
C0241,30-09-2025,377,6,29,33197.94,1144.76,23.93,5,5,4,3,0,0.8,0.75,0,0,10,0
C0243,30-09-2025,674,3,32,38862.04,1214.44,32.44,8,8,7,1,0,0.875,0.142857143,0,0,9,0
C0244,30-09-2025,625,44,35,58859.09,1681.69,23.45,4,4,3,1,1,0.75,0.333333333,0.333333333,0,11,0
C0247,30-09-2025,406,39,12,15709.9,1309.16,27.86,3,3,2,0,0,0.666666667,0,0,1,8,0
C0249,30-09-2025,482,3,50,91596.68,1831.93,15.92,2,2,2,0,0,1,0,0,0,1,0
C0250,30-09-2025,125,73,14,13740.25,981.45,5.88,1,1,1,0,0,1,0,0,1,0,1
C0252,30-09-2025,180,9,4,3270.51,817.63,14.5,2,2,2,0,0,1,0,0,0,5,0
C0254,30-09-2025,487,10,22,18563.27,843.78,33.09,3,3,3,1,1,1,0.333333333,0.333333333,0,1,0
C0255,30-09-2025,367,10,11,9412.65,855.7,26,3,3,3,0,0,1,0,0,0,5,0
C0256,30-09-2025,152,6,7,4074.62,582.09,19,4,4,4,1,1,1,0.25,0.25,0,9,0
C0257,30-09-2025,711,9,73,135717.58,1859.14,13.3,5,5,4,2,0,0.8,0.5,0,0,14,0
C0260,30-09-2025,471,15,13,10207.62,785.2,54.43,4,4,4,1,0,1,0.25,0,0,5,0
C0264,30-09-2025,557,15,26,23769.35,914.21,36.36,5,5,4,3,1,0.8,0.75,0.25,0,12,0
C0265,30-09-2025,147,45,2,1565.08,782.54,0,2,2,2,0,0,1,0,0,0,1,0
C0266,30-09-2025,613,147,24,25061.34,1044.22,21.06,4,4,3,0,0,0.75,0,0,1,5,0
C0268,30-09-2025,686,21,26,22901.5,880.83,36.6,6,6,6,0,0,1,0,0,0,2,0
C0269,30-09-2025,457,0,25,51003.98,2040.16,27.69,2,2,2,1,0,1,0.5,0,0,9,0
C0272,30-09-2025,462,46,15,11551.75,770.12,33.64,3,3,3,0,0,1,0,0,0,3,0
C0273,30-09-2025,337,82,14,14300.89,1021.49,16.43,1,1,1,0,0,1,0,0,0,2,0
C0274,30-09-2025,708,18,29,19231.89,663.17,27.81,5,5,5,1,0,1,0.2,0,0,4,0
C0275,30-09-2025,305,9,2,6146.58,3073.29,0,9,9,9,3,1,1,0.333333333,0.111111111,0,2,0
C0276,30-09-2025,434,20,22,23786.47,1081.2,32.3,5,5,5,1,0,1,0.2,0,0,7,0
C0280,30-09-2025,225,13,6,7907.15,1317.86,7,2,2,1,0,0,0.5,0,0,0,5,0
C0281,30-09-2025,524,19,17,15870.97,933.59,36,7,7,6,0,0,0.857142857,0,0,0,1,0
C0282,30-09-2025,396,30,15,18262.71,1217.51,25.67,6,6,5,3,3,0.833333333,0.6,0.6,0,11,0
C0283,30-09-2025,300,29,5,5022.34,1004.47,55.33,8,8,7,2,2,0.875,0.285714286,0.285714286,0,5,0
C0285,30-09-2025,584,28,49,73708.86,1504.26,14.07,4,4,3,0,0,0.75,0,0,1,10,0
C0286,30-09-2025,413,18,16,12341.9,771.37,31.6,3,3,3,0,0,1,0,0,0,6,0
C0287,30-09-2025,500,2,14,13027.29,930.52,47.11,2,2,2,0,0,1,0,0,0,4,0
C0288,30-09-2025,570,227,14,12371.27,883.66,33.12,4,4,4,1,1,1,0.25,0.25,0,0,1
C0290,30-09-2025,731,24,53,94827.66,1789.2,16.81,2,2,2,1,1,1,0.5,0.5,0,9,0
C0291,30-09-2025,305,11,25,40139.14,1605.57,16.62,1,1,1,0,0,1,0,0,0,8,0
C0292,30-09-2025,593,15,46,62338.84,1355.19,16.57,4,4,4,1,0,1,0.25,0,0,5,0
C0293,30-09-2025,267,30,11,20245.08,1840.46,39,5,5,5,2,0,1,0.4,0,0,14,0
C0295,30-09-2025,352,17,5,2655.7,531.14,9,3,3,3,1,0,1,0.333333333,0,0,5,0
C0296,30-09-2025,325,8,14,18225.85,1301.85,22.62,6,6,6,2,0,1,0.333333333,0,0,16,0
C0297,30-09-2025,600,12,29,44925.31,1549.15,28.14,2,2,2,0,0,1,0,0,0,7,0
C0299,30-09-2025,591,13,14,9204.05,657.43,70,6,6,5,0,0,0.833333333,0,0,1,7,0
C0302,30-09-2025,182,28,6,6296.8,1049.47,19.67,0,0,0,0,0,0,0,0,0,1,0
C0303,30-09-2025,172,27,5,4302.78,860.56,27.5,6,6,6,0,0,1,0,0,1,9,0
C0304,30-09-2025,564,108,10,8387.74,838.77,62.2,7,7,7,0,0,1,0,0,2,1,0
C0306,30-09-2025,614,8,14,18840.45,1345.75,56.12,3,3,1,0,0,0.333333333,0,0,0,8,0
C0308,30-09-2025,309,32,13,15626.61,1202.05,22.5,2,2,1,0,0,0.5,0,0,0,7,0
C0309,30-09-2025,465,139,12,6618.07,551.51,23.56,6,6,6,0,0,1,0,0,3,0,1
C0310,30-09-2025,113,49,4,4687.05,1171.76,10.5,6,6,5,1,1,0.833333333,0.2,0.2,5,0,1
C0311,30-09-2025,499,2,26,32410.12,1246.54,21.39,8,8,7,4,0,0.875,0.571428571,0,0,7,0
C0319,30-09-2025,291,16,13,17005.28,1308.1,22.88,4,4,4,1,0,1,0.25,0,0,6,0
C0320,30-09-2025,739,31,56,85267.32,1522.63,20,5,5,5,1,0,1,0.2,0,1,9,0
C0322,30-09-2025,583,4,55,85916.87,1562.12,17.27,3,3,2,1,0,0.666666667,0.5,0,0,18,0
C0323,30-09-2025,719,3,47,57964.62,1233.29,23.96,2,2,2,1,1,1,0.5,0.5,0,8,0
C0324,30-09-2025,327,27,3,3222.64,1074.21,49.5,6,6,6,2,1,1,0.333333333,0.166666667,0,7,0
C0327,30-09-2025,99,14,7,7614.91,1087.84,16.5,4,4,4,1,0,1,0.25,0,0,2,0
C0328,30-09-2025,733,20,36,29514.69,819.85,27.59,7,7,6,2,1,0.857142857,0.333333333,0.166666667,0,11,0
C0329,30-09-2025,729,5,53,97433.85,1838.37,17.96,5,5,5,1,0,1,0.2,0,0,6,0
C0330,30-09-2025,639,3,56,128921.17,2302.16,19.21,3,3,3,1,0,1,0.333333333,0,0,12,0
C0332,30-09-2025,524,5,18,15250.82,847.27,28.79,2,2,2,0,0,1,0,0,0,11,0
C0333,30-09-2025,237,44,5,5068.56,1013.71,47,5,5,4,2,2,0.8,0.5,0.5,0,4,0
C0334,30-09-2025,649,0,74,144873.34,1957.75,14.43,6,6,5,2,1,0.833333333,0.4,0.2,0,19,0
C0335,30-09-2025,314,4,27,20476.71,758.4,20.54,8,8,7,1,1,0.875,0.142857143,0.142857143,0,0,1
C0336,30-09-2025,594,13,60,91892.06,1531.53,15.18,5,5,4,3,2,0.8,0.75,0.5,0,20,0
C0337,30-09-2025,669,32,24,30696.5,1279.02,47.83,7,7,7,0,0,1,0,0,0,12,0
C0338,30-09-2025,103,16,3,6575.32,2191.77,33,1,1,1,0,0,1,0,0,0,4,0
C0342,30-09-2025,40,40,8,8674.89,1084.36,0,1,1,1,0,0,1,0,0,1,0,1
C0345,30-09-2025,428,30,30,47632.36,1587.75,21.6,6,6,5,4,2,0.833333333,0.8,0.4,1,13,0
C0346,30-09-2025,310,0,19,13918.3,732.54,20.22,5,5,5,2,2,1,0.4,0.4,0,4,0
C0348,30-09-2025,288,11,25,56787.89,2271.52,12.27,5,5,5,3,2,1,0.6,0.4,2,13,0
C0349,30-09-2025,264,138,2,2159.98,1079.99,0,5,5,5,1,1,1,0.2,0.2,2,5,0
C0350,30-09-2025,473,37,27,42249.97,1564.81,15.76,5,5,5,1,0,1,0.2,0,1,5,0
C0351,30-09-2025,521,56,20,40296.71,2014.84,20.43,5,5,5,2,1,1,0.4,0.2,0,15,0
C0356,30-09-2025,477,25,31,34201.2,1103.26,17.82,6,6,4,0,0,0.666666667,0,0,0,13,0
C0357,30-09-2025,688,5,26,36890.51,1418.87,32.24,4,4,3,0,0,0.75,0,0,0,8,0
C0358,30-09-2025,405,4,19,18641.04,981.11,32.36,9,9,9,4,2,1,0.444444444,0.222222222,0,8,0
C0359,30-09-2025,416,14,31,48399.12,1561.26,16.59,5,5,4,2,0,0.8,0.5,0,0,13,0
C0360,30-09-2025,733,21,40,63276.09,1581.9,17.88,7,7,7,3,0,1,0.428571429,0,0,13,0
C0361,30-09-2025,338,43,24,47045.44,1960.23,23.25,4,4,4,2,0,1,0.5,0,1,9,0
C0362,30-09-2025,354,2,11,13296.51,1208.77,25.86,6,6,6,1,1,1,0.166666667,0.166666667,0,7,0
C0365,30-09-2025,436,2,35,97571.08,2787.75,16.95,5,5,5,3,1,1,0.6,0.2,0,12,0
C0368,30-09-2025,551,6,27,24236.29,897.64,33.31,5,5,5,1,0,1,0.2,0,0,0,1
C0370,30-09-2025,20,20,7,3931.3,561.61,0,1,1,1,1,0,1,1,0,1,0,1
C0371,30-09-2025,638,11,28,30594.41,1092.66,25.54,7,7,7,1,0,1,0.142857143,0,0,2,0
C0372,30-09-2025,286,15,38,72589.78,1910.26,10.67,8,8,8,2,1,1,0.25,0.125,1,11,0
C0373,30-09-2025,349,9,30,60459.28,2015.31,20.57,4,4,4,1,1,1,0.25,0.25,0,7,0
C0374,30-09-2025,702,7,26,39187.53,1507.21,32.11,4,4,3,1,0,0.75,0.333333333,0,0,8,0
C0375,30-09-2025,753,194,7,5564.08,794.87,52.2,5,5,4,0,0,0.8,0,0,0,0,1
C0376,30-09-2025,537,0,26,22934.77,882.11,33.07,3,3,3,1,1,1,0.333333333,0.333333333,0,10,0
C0377,30-09-2025,109,0,1,327.27,327.27,0,1,1,1,0,0,1,0,0,0,8,0
C0379,30-09-2025,624,199,12,12080,1006.67,20.33,6,6,6,0,0,1,0,0,3,10,0
C0380,30-09-2025,554,5,22,22290.18,1013.19,32.46,5,5,4,1,1,0.8,0.25,0.25,0,6,0
C0381,30-09-2025,401,5,20,22959.39,1147.97,25.18,2,2,2,1,0,1,0.5,0,0,9,0
C0382,30-09-2025,348,9,23,37933.06,1649.26,20.14,9,9,8,1,1,0.888888889,0.125,0.125,0,5,0
C0383,30-09-2025,420,15,19,22062.03,1161.16,34.89,4,4,4,1,0,1,0.25,0,0,6,0
C0388,30-09-2025,274,1,11,9717.26,883.39,27.33,3,3,3,2,1,1,0.666666667,0.333333333,0,9,0
C0389,30-09-2025,268,22,11,8537.76,776.16,25.5,2,2,2,0,0,1,0,0,0,10,0
C0390,30-09-2025,353,7,12,11524.21,960.35,30.67,4,4,4,2,0,1,0.5,0,1,12,0
C0391,30-09-2025,575,35,47,64649.33,1375.52,14.26,4,4,4,1,0,1,0.25,0,0,15,0
C0393,30-09-2025,749,5,44,51016.09,1159.46,26.28,9,9,9,1,1,1,0.111111111,0.111111111,0,4,0
C0394,30-09-2025,188,38,10,20966.05,2096.6,9.67,1,1,1,0,0,1,0,0,0,7,0
C0395,30-09-2025,485,14,22,32670.42,1485.02,33.82,5,5,5,1,0,1,0.2,0,0,14,0
C0397,30-09-2025,469,18,31,19161.55,618.11,24.38,3,3,3,2,1,1,0.666666667,0.333333333,0,6,0
C0398,30-09-2025,278,5,4,4453.93,1113.48,69,2,2,2,1,1,1,0.5,0.5,0,6,0
C0399,30-09-2025,69,26,2,2027.14,1013.57,0,1,1,1,1,0,1,1,0,1,4,0
C0401,30-09-2025,144,0,3,3297.56,1099.19,5,3,3,3,2,0,1,0.666666667,0,0,6,0
C0402,30-09-2025,121,32,1,1352.01,1352.01,0,5,5,5,1,1,1,0.2,0.2,0,7,0
C0403,30-09-2025,589,36,30,20550.89,685.03,27,3,3,3,1,0,1,0.333333333,0,0,3,0
C0405,30-09-2025,348,184,15,8228.32,548.55,17.67,3,3,3,0,0,1,0,0,1,0,1
C0406,30-09-2025,543,7,21,27528.54,1310.88,25.92,2,2,2,0,0,1,0,0,0,5,0
C0408,30-09-2025,299,20,9,10516.51,1168.5,26.67,6,6,6,1,0,1,0.166666667,0,0,12,0
C0410,30-09-2025,446,0,18,35753.48,1986.3,35.45,2,2,1,0,0,0.5,0,0,0,11,0
C0414,30-09-2025,166,14,11,17692.99,1608.45,20.67,3,3,2,1,0,0.666666667,0.5,0,0,5,0
C0415,30-09-2025,524,87,23,30644.97,1332.39,21.64,3,3,2,0,0,0.666666667,0,0,0,0,1
C0418,30-09-2025,344,8,12,12606.65,1050.55,25.89,6,6,4,1,0,0.666666667,0.25,0,0,1,0
C0419,30-09-2025,659,20,26,31029.53,1193.44,30.31,5,5,5,3,0,1,0.6,0,1,10,0
C0420,30-09-2025,233,28,8,10288.17,1286.02,38.2,2,2,2,0,0,1,0,0,1,8,0
C0422,30-09-2025,409,5,27,62633.88,2319.77,18.62,2,2,2,0,0,1,0,0,0,17,0
C0423,30-09-2025,325,17,7,7216.02,1030.86,38.6,1,1,1,0,0,1,0,0,0,2,0
C0424,30-09-2025,246,16,8,12496.52,1562.06,33,4,4,4,0,0,1,0,0,0,8,0
C0425,30-09-2025,561,156,16,11456.67,716.04,43.62,7,7,6,1,0,0.857142857,0.166666667,0,2,0,1
C0426,30-09-2025,86,16,3,4342.49,1447.5,34,3,3,3,1,1,1,0.333333333,0.333333333,1,5,0
C0427,30-09-2025,93,21,2,4512.08,2256.04,0,2,2,2,0,0,1,0,0,0,12,0
C0428,30-09-2025,554,3,37,67979.42,1837.28,21.52,4,4,4,4,2,1,1,0.5,0,13,0
C0429,30-09-2025,412,2,28,48859.07,1744.97,19.12,5,5,5,3,1,1,0.6,0.2,0,7,0
C0430,30-09-2025,574,89,22,18302.06,831.91,33.4,4,4,4,0,0,1,0,0,0,0,1
C0432,30-09-2025,679,44,59,66166.73,1121.47,19.16,4,4,4,1,0,1,0.25,0,0,15,0
C0434,30-09-2025,379,53,9,3856.41,428.49,42.4,3,3,3,1,0,1,0.333333333,0,1,0,1
C0435,30-09-2025,686,6,17,16061.89,944.82,43.55,2,2,2,0,0,1,0,0,0,6,0
C0436,30-09-2025,179,11,8,12640.14,1580.02,26.67,4,4,4,0,0,1,0,0,0,7,0
C0441,30-09-2025,534,35,34,52424,1541.88,25.72,3,3,3,2,0,1,0.666666667,0,0,12,0
C0443,30-09-2025,107,6,7,6469.61,924.23,19.5,4,4,3,1,0,0.75,0.333333333,0,0,5,0
C0444,30-09-2025,66,9,2,4074.82,2037.41,4,2,2,2,1,1,1,0.5,0.5,0,3,0
C0445,30-09-2025,702,3,49,42182.53,860.87,21.26,6,6,5,2,0,0.833333333,0.4,0,0,18,0
C0447,30-09-2025,282,74,7,10123.52,1446.22,25.67,6,6,6,3,0,1,0.5,0,3,5,0
C0448,30-09-2025,88,1,6,4952.48,825.41,47,2,2,2,1,0,1,0.5,0,0,8,0
C0452,30-09-2025,478,3,32,41796.2,1306.13,24,4,4,4,0,0,1,0,0,0,3,0
C0453,30-09-2025,146,38,8,16168.16,2021.02,23.5,2,2,2,2,0,1,1,0,0,13,0
C0454,30-09-2025,467,7,43,76619.3,1781.84,18,5,5,5,2,1,1,0.4,0.2,0,2,0
C0455,30-09-2025,455,79,17,17328.19,1019.31,26.89,3,3,3,0,0,1,0,0,1,5,0
C0457,30-09-2025,233,51,8,4577.95,572.24,31.8,4,4,4,1,0,1,0.25,0,0,0,1
C0458,30-09-2025,377,10,21,20429.66,972.84,23.36,2,2,2,0,0,1,0,0,0,15,0
C0460,30-09-2025,126,29,4,4135.62,1033.9,42,3,3,3,1,0,1,0.333333333,0,1,2,0
C0461,30-09-2025,214,70,2,3665,1832.5,0,3,3,3,0,0,1,0,0,0,4,0
C0463,30-09-2025,549,4,28,33558.55,1198.52,27.5,3,3,3,0,0,1,0,0,0,13,0
C0464,30-09-2025,678,6,64,138517.72,2164.34,17.75,7,7,6,5,1,0.857142857,0.833333333,0.166666667,0,9,0
C0466,30-09-2025,374,1,18,16198.79,899.93,25.18,7,7,6,3,1,0.857142857,0.5,0.166666667,0,9,0
C0467,30-09-2025,207,18,2,1573.51,786.76,28,9,9,9,3,1,1,0.333333333,0.111111111,1,7,0
C0469,30-09-2025,710,21,56,87936.71,1570.3,18.37,9,9,9,3,1,1,0.333333333,0.111111111,0,9,0
C0470,30-09-2025,217,10,9,9394.43,1043.83,35.2,2,2,2,1,0,1,0.5,0,0,10,0
C0471,30-09-2025,104,0,1,804.77,804.77,0,1,1,1,1,0,1,1,0,0,5,0
C0473,30-09-2025,56,13,3,6390.45,2130.15,7,3,3,3,1,1,1,0.333333333,0.333333333,1,1,0
C0475,30-09-2025,549,2,28,27817.29,993.47,33.27,5,5,5,1,1,1,0.2,0.2,0,6,0
C0476,30-09-2025,168,96,1,557.86,557.86,0,3,3,3,1,1,1,0.333333333,0.333333333,2,7,0
C0477,30-09-2025,316,14,19,19755.71,1039.77,34.5,2,2,2,1,0,1,0.5,0,0,0,1
C0478,30-09-2025,667,73,32,34918.46,1091.2,26.12,6,6,6,3,0,1,0.5,0,1,7,0
C0479,30-09-2025,390,5,22,37720.41,1714.56,20.45,5,5,5,0,0,1,0,0,0,6,0
C0481,30-09-2025,466,21,19,23550.27,1239.49,28.09,6,6,6,2,0,1,0.333333333,0,0,10,0
C0482,30-09-2025,122,15,4,4401.94,1100.49,8,3,3,3,0,0,1,0,0,0,9,0
C0483,30-09-2025,65,65,17,8990.49,528.85,0,1,1,1,0,0,1,0,0,1,0,1
C0484,30-09-2025,453,16,18,24065.97,1337,50.25,5,5,5,1,1,1,0.2,0.2,0,4,0
C0485,30-09-2025,272,11,20,27167.09,1358.35,21.1,3,3,3,1,0,1,0.333333333,0,0,9,0
C0486,30-09-2025,334,11,15,21255.59,1417.04,26.89,4,4,4,1,1,1,0.25,0.25,0,1,0
C0487,30-09-2025,460,28,26,30098.35,1157.63,24.15,1,1,1,0,0,1,0,0,0,11,0
C0488,30-09-2025,214,5,12,10280.4,856.7,21.62,4,4,4,1,0,1,0.25,0,0,6,0
C0489,30-09-2025,329,3,15,16181.98,1078.8,29,3,3,2,0,0,0.666666667,0,0,0,6,0
C0490,30-09-2025,531,8,19,22755.39,1197.65,30.14,4,4,4,1,0,1,0.25,0,0,10,0
C0492,30-09-2025,445,2,26,48418.61,1862.25,19.11,2,2,2,1,0,1,0.5,0,0,10,0
C0493,30-09-2025,118,11,4,5267.06,1316.76,43.5,4,4,4,2,0,1,0.5,0,1,14,0
C0497,30-09-2025,150,5,3,2715.03,905.01,7,1,1,1,0,0,1,0,0,0,4,0
C0499,30-09-2025,147,13,10,12073.7,1207.37,7,7,7,7,2,1,1,0.285714286,0.142857143,0,0,1
C0500,30-09-2025,107,45,6,6979.06,1163.18,36,1,1,1,0,0,1,0,0,1,3,0
C0501,30-09-2025,473,2,38,64945.92,1709.1,15.4,5,5,3,2,2,0.6,0.666666667,0.666666667,0,10,0
C0503,30-09-2025,598,29,20,14580.86,729.04,30.45,4,4,4,1,0,1,0.25,0,1,4,0
C0504,30-09-2025,337,52,18,35858.25,1992.12,21.62,1,1,1,1,1,1,1,1,0,10,0
C0506,30-09-2025,64,58,2,1360.32,680.16,0,2,2,2,0,0,1,0,0,2,2,0
C0507,30-09-2025,721,21,27,17339.83,642.22,43.08,4,4,4,0,0,1,0,0,0,0,1
C0509,30-09-2025,451,20,33,54275.73,1644.72,16.5,3,3,3,1,1,1,0.333333333,0.333333333,0,11,0
C0510,30-09-2025,738,5,69,124330.64,1801.89,16.23,5,5,5,0,0,1,0,0,0,14,0
C0511,30-09-2025,326,14,28,54909.15,1961.04,14.12,6,6,6,3,1,1,0.5,0.166666667,1,16,0
C0513,30-09-2025,397,17,18,28196.74,1566.49,23,4,4,4,1,1,1,0.25,0.25,0,11,0
C0514,30-09-2025,194,0,9,8964.04,996,19.17,2,2,2,0,0,1,0,0,0,3,0
C0515,30-09-2025,552,53,8,8906.79,1113.35,94,3,3,3,2,1,1,0.666666667,0.333333333,0,10,0
C0516,30-09-2025,531,49,21,19025.76,905.99,32.5,4,4,4,1,0,1,0.25,0,0,0,1
C0518,30-09-2025,80,20,2,3114.58,1557.29,0,2,2,2,0,0,1,0,0,0,1,0
C0519,30-09-2025,224,80,7,6173.2,881.89,11.5,4,4,4,2,2,1,0.5,0.5,2,3,0
C0521,30-09-2025,602,9,44,44051.84,1001.18,21.42,5,5,5,1,0,1,0.2,0,0,3,0
C0522,30-09-2025,367,39,9,7589.15,843.24,42.67,2,2,2,1,0,1,0.5,0,0,1,0
C0523,30-09-2025,407,5,8,6137.4,767.18,26,7,7,6,4,2,0.857142857,0.666666667,0.333333333,0,4,0
C0524,30-09-2025,519,9,44,74638.55,1696.33,17.72,4,4,4,3,2,1,0.75,0.5,0,14,0
C0525,30-09-2025,256,23,17,24067.8,1415.75,17.78,2,2,0,0,0,0,0,0,0,7,0
C0526,30-09-2025,759,3,13,13539.55,1041.5,75.43,3,3,3,1,1,1,0.333333333,0.333333333,0,6,0
C0533,30-09-2025,529,25,20,19355.84,967.79,44.5,5,5,5,0,0,1,0,0,0,4,0
C0534,30-09-2025,298,14,13,13011.83,1000.91,20,5,5,5,4,2,1,0.8,0.4,0,2,0
C0535,30-09-2025,578,9,27,21066.71,780.25,28.53,6,6,5,0,0,0.833333333,0,0,0,6,0
C0536,30-09-2025,205,6,3,3544.97,1181.66,37,5,5,4,3,2,0.8,0.75,0.5,0,3,0
C0537,30-09-2025,664,7,28,28919.66,1032.84,20.39,3,3,3,0,0,1,0,0,0,3,0
C0538,30-09-2025,128,35,3,6278.38,2092.79,26,2,2,2,0,0,1,0,0,0,9,0
C0543,30-09-2025,460,91,15,10754.1,716.94,43.17,3,3,2,0,0,0.666666667,0,0,0,7,0
C0544,30-09-2025,332,2,11,14500.48,1318.23,28.17,4,4,4,1,0,1,0.25,0,0,10,0
C0545,30-09-2025,102,0,5,6022.41,1204.48,11,2,2,2,1,0,1,0.5,0,0,9,0
C0547,30-09-2025,502,8,29,34948.29,1205.11,24.4,6,6,4,1,0,0.666666667,0.25,0,0,8,0
C0549,30-09-2025,729,26,25,36456.22,1458.25,36.38,7,7,7,2,0,1,0.285714286,0,0,11,0
C0550,30-09-2025,200,22,4,2228.41,557.1,32,1,1,0,0,0,0,0,0,1,6,0
C0554,30-09-2025,311,62,10,8512.46,851.25,31.8,4,4,3,1,0,0.75,0.333333333,0,2,3,0
C0556,30-09-2025,164,4,9,6717.87,746.43,43,4,4,3,0,0,0.75,0,0,0,3,0
C0558,30-09-2025,544,5,48,65824.04,1371.33,18.68,5,5,5,2,1,1,0.4,0.2,0,12,0
C0561,30-09-2025,724,0,39,53999.94,1384.61,32.28,8,8,7,3,1,0.875,0.428571429,0.142857143,0,8,0
C0562,30-09-2025,563,26,23,20363.45,885.37,40.45,3,3,2,0,0,0.666666667,0,0,0,3,0
C0564,30-09-2025,251,22,7,6102.44,871.78,63.33,2,2,2,0,0,1,0,0,0,11,0
C0567,30-09-2025,735,28,47,80778.5,1718.69,22.93,7,7,5,2,1,0.714285714,0.4,0.2,0,10,0
C0568,30-09-2025,693,17,63,83657.94,1327.9,14.27,7,7,7,4,2,1,0.571428571,0.285714286,0,13,0
C0569,30-09-2025,202,1,5,4761.31,952.26,85,4,4,4,1,1,1,0.25,0.25,0,4,0
C0571,30-09-2025,219,19,8,9875.89,1234.49,23.6,4,4,4,1,0,1,0.25,0,0,5,0
C0572,30-09-2025,279,10,9,10311.78,1145.75,37.4,4,4,3,0,0,0.75,0,0,0,0,1
C0574,30-09-2025,115,47,5,3299.64,659.93,7,1,1,0,0,0,0,0,0,0,9,0
C0575,30-09-2025,736,2,33,42181.65,1278.23,25.04,5,5,5,2,1,1,0.4,0.2,0,0,1
C0577,30-09-2025,184,52,4,9626.42,2406.6,21,4,4,3,0,0,0.75,0,0,2,8,0
C0578,30-09-2025,643,4,25,17170.83,686.83,38.08,3,3,3,0,0,1,0,0,0,2,0
C0579,30-09-2025,576,5,37,44490.84,1202.46,16.27,1,1,1,1,1,1,1,1,0,3,0
C0580,30-09-2025,654,3,48,101059.69,2105.41,18.55,7,7,6,2,0,0.857142857,0.333333333,0,1,6,0
C0581,30-09-2025,557,27,49,61750.51,1260.21,16.18,1,1,1,0,0,1,0,0,0,7,0
C0582,30-09-2025,258,13,5,10966.28,2193.26,25,3,3,3,0,0,1,0,0,0,4,0
C0583,30-09-2025,417,4,23,35814.32,1557.14,19.86,4,4,3,2,1,0.75,0.666666667,0.333333333,0,7,0
C0584,30-09-2025,42,42,14,7381.63,527.26,0,0,0,0,0,0,0,0,0,0,0,1
C0585,30-09-2025,147,40,2,1091.05,545.52,46,3,3,3,3,2,1,1,0.666666667,1,6,0
C0586,30-09-2025,170,25,4,4218.28,1054.57,32,3,3,3,1,1,1,0.333333333,0.333333333,0,4,0
C0587,30-09-2025,462,190,5,6288.39,1257.68,35.5,8,8,8,2,1,1,0.25,0.125,5,0,1
C0588,30-09-2025,731,2,40,40189.92,1004.75,44.36,6,6,5,5,2,0.833333333,1,0.4,0,8,0
C0589,30-09-2025,254,55,5,4661.29,932.26,22,5,5,4,0,0,0.8,0,0,0,3,0
C0590,30-09-2025,292,14,17,17852.41,1050.14,18.5,4,4,3,1,0,0.75,0.333333333,0,0,9,0
C0596,30-09-2025,598,0,69,92689.61,1343.33,14.79,8,8,8,3,1,1,0.375,0.125,0,6,0
C0597,30-09-2025,462,25,19,20062.12,1055.9,37.6,9,9,8,1,1,0.888888889,0.125,0.125,0,5,0
C0600,30-09-2025,520,14,33,45494.6,1378.62,18.45,3,3,2,1,0,0.666666667,0.5,0,0,11,0
C0601,30-09-2025,668,122,30,14862.92,495.43,27.83,3,3,2,0,0,0.666666667,0,0,3,0,1
C0602,30-09-2025,470,2,24,23133.02,963.88,28.43,1,1,1,1,1,1,1,1,0,4,0
C0603,30-09-2025,557,8,50,69421.95,1388.44,15.38,4,4,4,1,1,1,0.25,0.25,0,9,0
C0605,30-09-2025,436,11,55,117627.11,2138.67,11.62,5,5,5,1,0,1,0.2,0,0,10,0
C0606,30-09-2025,571,30,20,17569.01,878.45,29.43,2,2,2,0,0,1,0,0,0,6,0
C0607,30-09-2025,447,74,3,1855,618.33,131.5,5,5,5,1,1,1,0.2,0.2,1,4,0
C0608,30-09-2025,330,282,5,3690.02,738,14.67,8,8,7,3,1,0.875,0.428571429,0.142857143,7,0,1
C0609,30-09-2025,623,3,19,16341.35,860.07,56.33,3,3,3,2,0,1,0.666666667,0,0,2,0
C0614,30-09-2025,220,2,6,9699.7,1616.62,31.33,2,2,2,1,0,1,0.5,0,0,7,0
C0615,30-09-2025,188,32,5,5990.72,1198.14,27.33,3,3,3,1,1,1,0.333333333,0.333333333,0,10,0
C0616,30-09-2025,270,11,26,28920.82,1112.34,12.64,2,2,2,1,0,1,0.5,0,0,8,0
C0617,30-09-2025,628,2,50,78149.83,1563,17.52,5,5,4,0,0,0.8,0,0,0,18,0
C0618,30-09-2025,55,2,1,402.53,402.53,0,0,0,0,0,0,0,0,0,0,0,1
C0619,30-09-2025,214,28,7,3507.94,501.13,34.33,2,2,1,1,1,0.5,1,1,0,0,1
C0621,30-09-2025,638,90,21,18910,900.48,32.12,2,2,1,0,0,0.5,0,0,0,4,0
C0623,30-09-2025,402,87,12,10312.13,859.34,20.5,7,7,6,1,0,0.857142857,0.166666667,0,2,0,1
C0625,30-09-2025,384,35,16,12938.63,808.66,26.29,5,5,4,3,2,0.8,0.75,0.5,0,5,0
C0626,30-09-2025,549,80,9,5566.05,618.45,53.8,5,5,4,1,0,0.8,0.25,0,1,7,0
C0629,30-09-2025,728,3,37,86200.3,2329.74,27.53,8,8,7,0,0,0.875,0,0,0,11,0
C0632,30-09-2025,398,12,21,27790.82,1323.37,23.92,7,7,6,1,1,0.857142857,0.166666667,0.166666667,0,9,0
C0633,30-09-2025,129,11,4,3689.97,922.49,10.5,3,3,2,0,0,0.666666667,0,0,0,2,0
C0634,30-09-2025,129,23,4,9061.09,2265.27,11,2,2,2,1,0,1,0.5,0,0,5,0
C0635,30-09-2025,154,59,4,6424.74,1606.18,27,3,3,3,1,0,1,0.333333333,0,1,7,0
C0636,30-09-2025,738,0,62,95738.89,1544.18,17.03,4,4,4,1,0,1,0.25,0,0,15,0
C0637,30-09-2025,290,8,9,6711.69,745.74,28.33,3,3,3,1,0,1,0.333333333,0,0,3,0
C0638,30-09-2025,39,32,1,494.03,494.03,0,1,1,1,0,0,1,0,0,1,1,0
C0641,30-09-2025,558,20,23,22056.09,958.96,34.85,6,6,5,2,1,0.833333333,0.4,0.2,0,12,0
C0642,30-09-2025,189,18,6,7482.89,1247.15,25.5,1,1,1,0,0,1,0,0,0,4,0
C0643,30-09-2025,275,22,12,22285.98,1857.16,22.75,1,1,1,0,0,1,0,0,0,10,0
C0646,30-09-2025,540,1,35,37660.38,1076.01,31.62,5,5,5,0,0,1,0,0,0,3,0
C0649,30-09-2025,446,7,27,54724.25,2026.82,24.27,5,5,5,1,0,1,0.2,0,0,18,0
C0650,30-09-2025,146,0,8,21185.83,2648.23,31.33,1,1,1,0,0,1,0,0,0,16,0
C0652,30-09-2025,444,24,22,32749.45,1488.61,34.42,5,5,5,0,0,1,0,0,0,9,0
C0654,30-09-2025,709,22,28,21772.5,777.59,38.69,5,5,5,1,0,1,0.2,0,0,2,0
C0655,30-09-2025,737,10,61,71126.85,1166.01,18.55,10,10,9,1,1,0.9,0.111111111,0.111111111,1,13,0
C0656,30-09-2025,486,3,12,11766.65,980.55,57.43,4,4,4,0,0,1,0,0,0,0,1
C0657,30-09-2025,607,42,21,24629.11,1172.81,36.73,6,6,6,1,0,1,0.166666667,0,0,10,0
C0659,30-09-2025,77,26,1,1490.26,1490.26,0,1,1,1,0,0,1,0,0,1,6,0
C0660,30-09-2025,304,17,12,7831.72,652.64,27.8,1,1,1,0,0,1,0,0,0,3,0
C0661,30-09-2025,746,2,62,62895.34,1014.44,17.14,7,7,7,5,3,1,0.714285714,0.428571429,0,14,0
C0662,30-09-2025,255,1,17,26564.5,1562.62,11.82,2,2,2,0,0,1,0,0,0,8,0
C0665,30-09-2025,290,7,16,15360.1,960.01,25.43,4,4,4,1,0,1,0.25,0,0,9,0
C0666,30-09-2025,330,1,15,19031.16,1268.74,23.57,7,7,7,3,0,1,0.428571429,0,0,16,0
C0669,30-09-2025,595,17,38,59767.84,1572.84,25.37,3,3,3,0,0,1,0,0,0,9,0
C0670,30-09-2025,339,35,17,20818.4,1224.61,25.2,6,6,6,1,0,1,0.166666667,0,0,13,0
C0671,30-09-2025,81,59,1,765.01,765.01,0,2,2,2,1,0,1,0.5,0,2,3,0
C0672,30-09-2025,110,5,7,12415.19,1773.6,30.5,3,3,2,2,0,0.666666667,1,0,0,2,0
C0673,30-09-2025,635,5,68,75575.27,1111.4,20.34,5,5,5,2,0,1,0.4,0,0,12,0
C0674,30-09-2025,257,5,12,34468.64,2872.39,27.25,1,1,1,1,0,1,1,0,0,12,0
C0675,30-09-2025,655,9,47,83853.71,1784.12,21.11,1,1,1,0,0,1,0,0,0,5,0
C0676,30-09-2025,643,9,40,46550.83,1163.77,19.7,9,9,7,5,1,0.777777778,0.714285714,0.142857143,1,18,0
C0677,30-09-2025,350,5,14,12471.28,890.81,32.56,4,4,4,0,0,1,0,0,0,10,0
C0678,30-09-2025,556,60,26,36130.79,1389.65,29.86,4,4,4,1,1,1,0.25,0.25,0,8,0
C0679,30-09-2025,61,35,2,1652.74,826.37,0,0,0,0,0,0,0,0,0,0,2,0
C0680,30-09-2025,669,111,25,13444.4,537.78,25.86,7,7,6,2,0,0.857142857,0.333333333,0,0,0,1
C0681,30-09-2025,557,2,57,107274.12,1882,17.32,3,3,3,0,0,1,0,0,0,16,0
C0682,30-09-2025,303,10,12,13192.42,1099.37,27.2,2,2,2,0,0,1,0,0,0,15,0
C0683,30-09-2025,648,2,45,66007.88,1466.84,24.33,7,7,7,1,0,1,0.142857143,0,0,7,0
C0684,30-09-2025,467,3,46,94410.95,2052.41,17.65,8,8,7,3,1,0.875,0.428571429,0.142857143,0,12,0
C0686,30-09-2025,394,36,12,10132,844.33,37.38,4,4,4,0,0,1,0,0,0,2,0
C0687,30-09-2025,750,5,48,74328.67,1548.51,23.44,3,3,3,1,0,1,0.333333333,0,0,3,0
C0688,30-09-2025,294,24,23,19899.37,865.19,13.83,1,1,1,0,0,1,0,0,0,5,0
C0690,30-09-2025,258,3,18,34089.68,1893.87,17.44,1,1,1,0,0,1,0,0,0,3,0
C0697,30-09-2025,579,184,13,9910.1,762.32,48.33,7,7,7,2,1,1,0.285714286,0.142857143,2,0,1
C0698,30-09-2025,551,15,36,52291.28,1452.54,26.68,0,0,0,0,0,0,0,0,0,7,0
C0699,30-09-2025,750,2,58,117109.69,2019.13,18.68,6,6,5,4,1,0.833333333,0.8,0.2,0,14,0
C0700,30-09-2025,725,26,62,82052.4,1323.43,20,5,5,5,3,2,1,0.6,0.4,1,7,0
C0701,30-09-2025,263,1,12,28597.15,2383.1,25.5,2,2,2,1,0,1,0.5,0,0,3,0
C0702,30-09-2025,551,60,33,23467.45,711.13,23.87,3,3,3,1,0,1,0.333333333,0,0,7,0
C0703,30-09-2025,596,1,58,105581.53,1820.37,18.42,7,7,7,1,0,1,0.142857143,0,0,12,0
C0704,30-09-2025,365,9,14,12602.57,900.18,32.43,5,5,4,0,0,0.8,0,0,0,5,0
C0706,30-09-2025,575,186,17,9821.61,577.74,51.67,5,5,5,2,1,1,0.4,0.2,1,0,1
C0708,30-09-2025,223,44,3,2495.06,831.69,4,3,3,2,0,0,0.666666667,0,0,0,2,0
C0710,30-09-2025,93,13,6,7848.61,1308.1,17.67,1,1,1,0,0,1,0,0,0,3,0
C0712,30-09-2025,146,41,3,2409.65,803.22,84,3,3,3,0,0,1,0,0,0,5,0
C0713,30-09-2025,544,6,30,34047.74,1134.92,25.71,4,4,4,1,0,1,0.25,0,0,9,0
C0714,30-09-2025,248,6,16,15293.32,955.83,23.33,5,5,5,2,0,1,0.4,0,0,12,0
C0715,30-09-2025,535,3,40,64906.65,1622.67,17.61,3,3,3,1,1,1,0.333333333,0.333333333,0,17,0
C0716,30-09-2025,670,33,23,21653.81,941.47,34.21,4,4,4,2,0,1,0.5,0,0,8,0
C0717,30-09-2025,218,0,13,13492.67,1037.9,26.57,3,3,2,1,0,0.666666667,0.5,0,0,4,0
C0718,30-09-2025,283,0,18,27137.1,1507.62,26.5,3,3,3,3,2,1,1,0.666666667,0,8,0
C0719,30-09-2025,155,8,9,16998.2,1888.69,13,2,2,2,2,0,1,1,0,0,8,0
C0720,30-09-2025,95,3,2,1741.07,870.54,47,2,2,1,1,0,0.5,1,0,0,11,0
C0721,30-09-2025,648,97,22,14516.21,659.83,46.56,6,6,6,3,1,1,0.5,0.166666667,1,4,0
C0723,30-09-2025,525,81,31,34820.67,1123.25,19.72,2,2,2,0,0,1,0,0,0,5,0
C0724,30-09-2025,496,7,28,28418.56,1014.95,25.85,4,4,4,3,1,1,0.75,0.25,0,12,0
C0726,30-09-2025,601,0,12,7609.65,634.14,41,6,6,6,1,0,1,0.166666667,0,0,3,0
C0728,30-09-2025,250,4,7,10991.45,1570.21,33.25,0,0,0,0,0,0,0,0,0,11,0
C0729,30-09-2025,424,0,28,43362.5,1548.66,19.74,6,6,5,1,0,0.833333333,0.2,0,0,15,0
C0730,30-09-2025,496,3,33,55402.29,1678.86,17.17,4,4,4,4,3,1,1,0.75,0,10,0
C0731,30-09-2025,344,12,12,8716.35,726.36,24.88,2,2,2,1,1,1,0.5,0.5,0,5,0
C0732,30-09-2025,744,240,21,16306.99,776.52,30.83,6,6,5,2,0,0.833333333,0.4,0,1,0,1
C0733,30-09-2025,269,51,10,20903.65,2090.37,20,1,1,1,1,1,1,1,1,1,11,0
C0735,30-09-2025,350,5,21,17117.29,815.11,19.42,1,1,1,1,0,1,1,0,0,5,0
C0736,30-09-2025,470,4,20,40499.57,2024.98,30.36,10,10,10,2,1,1,0.2,0.1,1,13,0
C0738,30-09-2025,110,28,1,1325.05,1325.05,0,4,4,3,0,0,0.75,0,0,2,9,0
C0743,30-09-2025,360,1,23,35014.49,1522.37,22.83,1,1,1,0,0,1,0,0,0,10,0
C0745,30-09-2025,361,73,13,10163.28,781.79,26,3,3,3,1,0,1,0.333333333,0,2,4,0
C0746,30-09-2025,561,3,30,29984.71,999.49,25.53,6,6,6,2,0,1,0.333333333,0,0,2,0
C0748,30-09-2025,488,7,18,17573.4,976.3,33.5,4,4,4,2,1,1,0.5,0.25,0,5,0
C0749,30-09-2025,110,1,4,4548.76,1137.19,85,3,3,3,0,0,1,0,0,0,0,1
C0752,30-09-2025,350,72,24,20614.36,858.93,23.91,4,4,3,0,0,0.75,0,0,0,0,1
C0754,30-09-2025,446,2,37,45480.79,1229.21,17.58,4,4,3,1,1,0.75,0.333333333,0.333333333,0,15,0
C0755,30-09-2025,78,34,1,1314.72,1314.72,0,1,1,1,0,0,1,0,0,0,8,0
C0756,30-09-2025,296,33,24,30016.91,1250.7,21.6,4,4,4,1,1,1,0.25,0.25,0,8,0
C0757,30-09-2025,223,18,19,26804.22,1410.75,15.64,2,2,2,0,0,1,0,0,0,7,0
C0758,30-09-2025,214,14,7,4670.19,667.17,19.6,2,2,1,0,0,0.5,0,0,0,9,0
C0759,30-09-2025,582,33,16,18495.11,1155.94,34.5,6,6,6,1,0,1,0.166666667,0,0,5,0
C0761,30-09-2025,320,59,9,7666.34,851.82,39.5,1,1,1,1,1,1,1,1,1,2,0
C0763,30-09-2025,695,16,30,30537.33,1017.91,31.88,4,4,4,1,0,1,0.25,0,0,5,0
C0764,30-09-2025,258,3,21,36411.93,1733.9,11.78,3,3,2,1,1,0.666666667,0.5,0.5,0,9,0
C0766,30-09-2025,487,0,40,59162.69,1479.07,17.96,5,5,4,2,0,0.8,0.5,0,0,6,0
C0767,30-09-2025,259,17,5,10280.48,2056.1,47,2,2,1,0,0,0.5,0,0,0,7,0
C0768,30-09-2025,235,56,12,17833.35,1486.11,11.14,5,5,3,1,0,0.6,0.333333333,0,0,8,0
C0769,30-09-2025,454,8,35,52469.73,1499.14,16.41,2,2,1,1,0,0.5,1,0,0,8,0
C0770,30-09-2025,325,17,9,7225.23,802.8,36.8,4,4,4,1,0,1,0.25,0,0,6,0
C0771,30-09-2025,644,4,15,11362.39,757.49,63.43,6,6,4,0,0,0.666666667,0,0,0,4,0
C0773,30-09-2025,293,0,15,27009.39,1800.63,27.17,5,5,5,3,1,1,0.6,0.2,0,6,0
C0774,30-09-2025,651,17,26,30260.48,1163.86,30.47,6,6,5,0,0,0.833333333,0,0,0,9,0
C0775,30-09-2025,309,75,18,11670.24,648.35,20.5,4,4,3,0,0,0.75,0,0,1,0,1
C0777,30-09-2025,274,23,6,5238.58,873.1,25.25,6,6,5,1,0,0.833333333,0.2,0,0,12,0
C0780,30-09-2025,700,0,24,26931.52,1122.15,36.93,4,4,4,1,1,1,0.25,0.25,0,10,0
C0782,30-09-2025,733,11,30,29207.44,973.58,34.94,10,10,10,1,0,1,0.1,0,0,2,0
C0786,30-09-2025,737,31,50,44970.15,899.4,26.23,4,4,3,0,0,0.75,0,0,0,8,0
C0787,30-09-2025,753,37,48,42411.54,883.57,23,5,5,4,1,0,0.8,0.25,0,1,2,0
C0788,30-09-2025,181,83,4,3481.2,870.3,50,4,4,3,2,0,0.75,0.666666667,0,2,3,0
C0789,30-09-2025,101,10,6,14353.41,2392.24,36,4,4,4,0,0,1,0,0,0,4,0
C0791,30-09-2025,154,30,1,950.58,950.58,0,2,2,2,1,0,1,0.5,0,0,4,0
C0794,30-09-2025,740,0,24,20514.5,854.77,52.73,8,8,6,2,0,0.75,0.333333333,0,0,7,0
C0795,30-09-2025,586,63,16,14375.47,898.47,58.25,3,3,2,1,1,0.666666667,0.5,0.5,0,1,0
C0796,30-09-2025,466,34,14,12879.22,919.94,24.12,1,1,1,0,0,1,0,0,0,11,0
C0798,30-09-2025,139,23,5,4689.94,937.99,40,4,4,4,1,0,1,0.25,0,0,3,0
C0801,30-09-2025,249,22,13,13128.9,1009.92,28.8,9,9,8,1,1,0.888888889,0.125,0.125,0,3,0
C0802,30-09-2025,173,30,5,6690.48,1338.1,19,3,3,3,1,0,1,0.333333333,0,1,5,0
C0804,30-09-2025,283,23,18,17725.88,984.77,20.5,7,7,7,0,0,1,0,0,1,10,0
C0805,30-09-2025,714,2,28,37284.8,1331.6,34.71,8,8,8,1,0,1,0.125,0,0,13,0
C0806,30-09-2025,286,5,17,11437.65,672.8,27.38,2,2,2,0,0,1,0,0,0,6,0
C0807,30-09-2025,526,24,11,8336.44,757.86,48.17,4,4,4,2,0,1,0.5,0,0,11,0
C0809,30-09-2025,567,15,39,73408.77,1882.28,20.09,5,5,5,2,1,1,0.4,0.2,1,5,0
C0810,30-09-2025,352,60,10,15755.55,1575.56,21.33,7,7,6,2,0,0.857142857,0.333333333,0,2,6,0
C0812,30-09-2025,315,186,12,4839.86,403.32,12.86,3,3,3,1,0,1,0.333333333,0,1,0,1
C0814,30-09-2025,146,56,2,1478.9,739.45,38,4,4,2,0,0,0.5,0,0,0,9,0
C0815,30-09-2025,144,36,1,1466.65,1466.65,0,2,2,2,0,0,1,0,0,0,2,0
C0817,30-09-2025,362,7,27,42872.12,1587.86,21.83,5,5,5,1,1,1,0.2,0.2,0,6,0
C0818,30-09-2025,681,50,54,128248.04,2374.96,16.81,4,4,4,3,0,1,0.75,0,1,5,0
C0819,30-09-2025,709,6,35,80815.87,2309.02,25.65,7,7,6,1,0,0.857142857,0.166666667,0,0,10,0
C0820,30-09-2025,51,7,1,735.61,735.61,0,0,0,0,0,0,0,0,0,0,3,0
C0821,30-09-2025,745,8,43,74178.16,1725.07,23.84,6,6,6,1,1,1,0.166666667,0.166666667,0,6,0
C0823,30-09-2025,442,0,28,34557.39,1234.19,20.94,2,2,2,1,0,1,0.5,0,0,7,0
C0826,30-09-2025,401,1,27,34629.15,1282.56,19.53,5,5,4,2,0,0.8,0.5,0,0,13,0
C0827,30-09-2025,588,5,27,37067.43,1372.87,20.85,5,5,5,1,0,1,0.2,0,0,8,0
C0828,30-09-2025,144,45,2,1643.58,821.79,0,3,3,3,2,1,1,0.666666667,0.333333333,1,6,0
C0829,30-09-2025,554,124,14,10616.49,758.32,51.83,7,7,6,4,1,0.857142857,0.666666667,0.166666667,2,2,0
C0832,30-09-2025,194,39,12,11592.27,966.02,22.2,3,3,3,2,1,1,0.666666667,0.333333333,0,6,0
C0833,30-09-2025,267,42,8,3627.04,453.38,46.5,4,4,4,0,0,1,0,0,1,9,0
C0834,30-09-2025,96,18,2,3048.43,1524.22,10,2,2,2,0,0,1,0,0,0,8,0
C0835,30-09-2025,601,20,38,28690.69,755.02,22.52,9,9,9,1,1,1,0.111111111,0.111111111,2,2,0
C0838,30-09-2025,699,36,22,16408.02,745.82,40.92,4,4,3,0,0,0.75,0,0,1,1,0
C0839,30-09-2025,551,7,19,42440.55,2233.71,31.23,3,3,3,0,0,1,0,0,0,11,0
C0840,30-09-2025,247,16,9,7956.33,884.04,57,6,6,6,1,1,1,0.166666667,0.166666667,1,8,0
C0841,30-09-2025,578,36,41,46936.53,1144.79,21.74,3,3,3,1,1,1,0.333333333,0.333333333,0,9,0
C0844,30-09-2025,279,72,14,23854.26,1703.88,11.56,4,4,4,1,1,1,0.25,0.25,1,16,0
C0849,30-09-2025,726,0,73,122814.81,1682.39,16.95,4,4,4,0,0,1,0,0,0,5,0
C0851,30-09-2025,239,70,13,12551.91,965.53,22.83,2,2,2,0,0,1,0,0,0,0,1
C0852,30-09-2025,432,12,31,55979.91,1805.8,17.16,6,6,4,1,0,0.666666667,0.25,0,0,13,0
C0854,30-09-2025,392,99,14,11258.56,804.18,39.86,4,4,3,1,0,0.75,0.333333333,0,1,3,0
C0855,30-09-2025,488,57,8,5561.79,695.22,92.5,4,4,4,0,0,1,0,0,0,0,1
C0857,30-09-2025,515,15,36,73084.13,2030.11,17.79,5,5,5,3,2,1,0.6,0.4,1,13,0
C0858,30-09-2025,295,123,25,10983.23,439.33,11.77,1,1,1,0,0,1,0,0,1,0,1
C0859,30-09-2025,306,13,22,28513.59,1296.07,26.1,5,5,4,2,2,0.8,0.5,0.5,3,8,0
C0860,30-09-2025,84,17,1,1118.03,1118.03,0,2,2,2,1,1,1,0.5,0.5,0,1,0
C0864,30-09-2025,384,1,21,41908.04,1995.62,16.73,3,3,3,0,0,1,0,0,0,4,0
C0866,30-09-2025,314,39,13,14416.45,1108.96,30.43,3,3,3,2,0,1,0.666666667,0,0,8,0
C0867,30-09-2025,712,145,17,12181.01,716.53,54.8,9,9,8,2,0,0.888888889,0.25,0,3,0,1
C0870,30-09-2025,747,5,44,63168.56,1435.65,22.31,4,4,2,0,0,0.5,0,0,0,6,0
C0871,30-09-2025,419,0,35,74707.58,2134.5,18.42,2,2,2,1,1,1,0.5,0.5,0,13,0
C0872,30-09-2025,345,5,12,18925.74,1577.14,47,6,6,6,2,1,1,0.333333333,0.166666667,0,6,0
C0873,30-09-2025,363,9,22,30365.67,1380.26,19.31,5,5,3,2,1,0.6,0.666666667,0.333333333,0,10,0
C0875,30-09-2025,145,0,8,11384.3,1423.04,16.25,1,1,1,0,0,1,0,0,0,7,0
C0876,30-09-2025,526,0,37,36534.95,987.43,17.62,9,9,9,4,1,1,0.444444444,0.111111111,0,19,0
C0877,30-09-2025,120,34,2,2214.76,1107.38,0,0,0,0,0,0,0,0,0,0,5,0
C0879,30-09-2025,618,19,29,23489.14,809.97,25.5,4,4,4,0,0,1,0,0,0,2,0
C0880,30-09-2025,479,62,15,12097.5,806.5,36.38,7,7,6,1,1,0.857142857,0.166666667,0.166666667,2,1,0
C0881,30-09-2025,440,32,14,13997.41,999.82,20.12,6,6,6,3,0,1,0.5,0,0,9,0
C0882,30-09-2025,740,233,20,12179.17,608.96,24.21,8,8,6,2,1,0.75,0.333333333,0.166666667,4,0,1
C0883,30-09-2025,220,43,1,1322.12,1322.12,0,3,3,3,0,0,1,0,0,1,6,0
C0885,30-09-2025,703,3,32,27930.53,872.83,31.88,2,2,2,0,0,1,0,0,0,2,0
C0887,30-09-2025,428,42,14,13467.98,962,51.43,6,6,6,2,0,1,0.333333333,0,0,3,0
C0890,30-09-2025,699,21,42,50021.08,1190.98,27.24,8,8,7,5,1,0.875,0.714285714,0.142857143,0,9,0
C0895,30-09-2025,548,8,30,36901.42,1230.05,19.67,4,4,4,2,1,1,0.5,0.25,0,14,0
C0896,30-09-2025,222,41,12,20572.68,1714.39,24.4,5,5,5,2,0,1,0.4,0,0,7,0
C0897,30-09-2025,738,9,57,98535.93,1728.7,19.27,5,5,5,1,0,1,0.2,0,0,9,0
C0898,30-09-2025,596,13,49,57944.04,1182.53,23.83,4,4,4,1,0,1,0.25,0,0,8,0
C0899,30-09-2025,533,14,20,18552.45,927.62,38.75,6,6,6,2,1,1,0.333333333,0.166666667,0,9,0
C0902,30-09-2025,202,16,10,15981.35,1598.13,24.25,4,4,3,1,0,0.75,0.333333333,0,0,10,0
C0904,30-09-2025,678,3,18,18041.16,1002.29,54.09,8,8,8,1,0,1,0.125,0,0,8,0
C0905,30-09-2025,329,24,8,6019.45,752.43,49.25,5,5,5,3,2,1,0.6,0.4,1,8,0
C0906,30-09-2025,458,32,27,53369.33,1976.64,22.06,4,4,4,1,0,1,0.25,0,0,6,0
C0908,30-09-2025,260,90,1,1444.19,1444.19,0,3,3,3,0,0,1,0,0,0,3,0
C0910,30-09-2025,154,29,3,4878.9,1626.3,0,3,3,3,2,0,1,0.666666667,0,0,5,0
C0912,30-09-2025,376,9,15,11102.65,740.18,37.29,3,3,3,0,0,1,0,0,0,2,0
C0913,30-09-2025,299,178,6,2819.86,469.98,30,2,2,2,2,0,1,1,0,2,0,1
C0914,30-09-2025,392,31,18,13437.83,746.55,24.22,6,6,5,0,0,0.833333333,0,0,1,3,0
C0915,30-09-2025,354,5,25,35380.34,1415.21,25,8,8,8,2,1,1,0.25,0.125,0,9,0
C0918,30-09-2025,184,8,9,15908.37,1767.6,34,3,3,3,1,1,1,0.333333333,0.333333333,1,6,0
C0919,30-09-2025,177,5,6,5815.94,969.32,50.67,3,3,1,0,0,0.333333333,0,0,0,3,0
C0921,30-09-2025,423,11,16,13577.64,848.6,42.75,4,4,4,0,0,1,0,0,1,4,0
C0922,30-09-2025,364,27,18,18369.14,1020.51,31.5,3,3,3,2,0,1,0.666666667,0,0,2,0
C0923,30-09-2025,758,40,39,41532.06,1064.92,31.68,7,7,7,3,0,1,0.428571429,0,1,4,0
C0925,30-09-2025,461,46,13,12623.09,971.01,27.44,6,6,5,0,0,0.833333333,0,0,1,2,0
C0927,30-09-2025,267,2,9,7108.32,789.81,40.67,1,1,1,0,0,1,0,0,0,7,0
C0929,30-09-2025,171,1,15,32346.62,2156.44,15.33,2,2,2,2,2,1,1,1,0,9,0
C0931,30-09-2025,59,27,3,3395.7,1131.9,0,2,2,2,0,0,1,0,0,1,8,0
C0932,30-09-2025,564,3,40,57590.94,1439.77,23.24,9,9,9,4,1,1,0.444444444,0.111111111,0,0,1
C0933,30-09-2025,198,19,7,4960.34,708.62,18.17,3,3,3,1,0,1,0.333333333,0,0,7,0
C0935,30-09-2025,588,92,16,12031.02,751.94,37.88,3,3,3,1,0,1,0.333333333,0,1,3,0
C0937,30-09-2025,387,18,13,12806.72,985.13,24.88,4,4,3,0,0,0.75,0,0,0,5,0
C0938,30-09-2025,492,5,34,53128.93,1562.62,22.26,3,3,2,0,0,0.666666667,0,0,0,9,0
C0939,30-09-2025,753,6,48,47133.48,981.95,22.04,4,4,4,1,0,1,0.25,0,1,9,0
C0940,30-09-2025,338,0,16,21226.03,1326.63,35.12,7,7,5,1,0,0.714285714,0.2,0,0,7,0
C0941,30-09-2025,719,3,34,30244.47,889.54,29.84,4,4,2,2,1,0.5,1,0.5,0,10,0
C0942,30-09-2025,230,230,13,7845.3,603.48,0,6,6,6,1,0,1,0.166666667,0,6,0,1
C0945,30-09-2025,723,5,14,9337.11,666.94,67.12,3,3,3,0,0,1,0,0,0,2,0
C0947,30-09-2025,622,4,46,66884.14,1454,16.04,5,5,4,2,0,0.8,0.5,0,0,7,0
C0949,30-09-2025,166,12,1,1658.99,1658.99,0,1,1,1,0,0,1,0,0,0,1,0
C0950,30-09-2025,294,11,15,25128.69,1675.25,20.88,1,1,1,0,0,1,0,0,0,11,0
C0952,30-09-2025,178,51,5,9033.24,1806.65,30.5,3,3,1,0,0,0.333333333,0,0,2,12,0
C0955,30-09-2025,509,19,19,28066.27,1477.17,23.38,3,3,2,1,0,0.666666667,0.5,0,0,6,0
C0956,30-09-2025,309,2,32,43014.16,1344.19,14.38,2,2,2,0,0,1,0,0,0,9,0
C0957,30-09-2025,499,32,14,12442.04,888.72,72.17,1,1,1,0,0,1,0,0,0,0,1
C0960,30-09-2025,471,25,26,49102.31,1888.55,28.86,4,4,4,1,0,1,0.25,0,0,1,0
C0962,30-09-2025,489,104,16,12928.07,808,34.75,3,3,3,0,0,1,0,0,2,0,1
C0965,30-09-2025,173,6,10,11772.48,1177.25,13.8,0,0,0,0,0,0,0,0,0,6,0
C0968,30-09-2025,497,34,31,36942.09,1191.68,24.41,6,6,5,0,0,0.833333333,0,0,1,11,0
C0969,30-09-2025,328,19,10,12430.17,1243.02,26.71,5,5,5,3,0,1,0.6,0,1,5,0
C0973,30-09-2025,121,54,5,1896.6,379.32,15,1,1,1,0,0,1,0,0,1,13,0
C0975,30-09-2025,168,24,2,1315.09,657.54,74,1,1,1,0,0,1,0,0,0,11,0
C0977,30-09-2025,455,22,12,11850.08,987.51,35,2,2,2,1,0,1,0.5,0,1,10,0
C0978,30-09-2025,192,23,11,12327.2,1120.65,26.25,3,3,3,0,0,1,0,0,0,8,0
C0981,30-09-2025,252,33,10,13537.53,1353.75,29.67,3,3,3,2,0,1,0.666666667,0,0,3,0
C0982,30-09-2025,322,14,27,51313.1,1900.49,13.27,6,6,6,4,1,1,0.666666667,0.166666667,0,20,0
C0986,30-09-2025,740,5,70,102612.39,1465.89,18.59,0,0,0,0,0,0,0,0,0,11,0
C0987,30-09-2025,50,50,3,2554.62,851.54,0,3,3,1,0,0,0.333333333,0,0,3,0,1
C0990,30-09-2025,583,17,49,87317.21,1781.98,18.52,3,3,3,1,0,1,0.333333333,0,0,7,0
C0992,30-09-2025,425,14,18,27124.39,1506.91,23.1,0,0,0,0,0,0,0,0,0,5,0
C0994,30-09-2025,216,14,4,5412.99,1353.25,75,5,5,4,1,0,0.8,0.25,0,0,6,0
C0996,30-09-2025,215,35,4,3283.22,820.8,15.5,2,2,1,1,0,0.5,1,0,0,6,0
C0998,30-09-2025,447,25,20,33195.29,1659.76,28,4,4,4,2,1,1,0.5,0.25,0,16,0
C0999,30-09-2025,239,0,10,11527.23,1152.72,39,0,0,0,0,0,0,0,0,0,6,0
C0001,31-12-2025,655,26,22,27346.73,1243.03,42.83,4,4,4,2,0,1,0.5,0,0,4,0
C0002,31-12-2025,234,48,1,794.92,794.92,0,3,3,3,0,0,1,0,0,0,4,0
C0003,31-12-2025,794,39,29,26902.31,927.67,35.89,6,6,5,3,0,0.833333333,0.6,0,1,2,0
C0004,31-12-2025,154,2,6,10545.34,1757.56,24.5,6,6,6,3,1,1,0.5,0.166666667,0,5,0
C0005,31-12-2025,722,7,48,85561.36,1782.53,21.1,7,7,7,2,0,1,0.285714286,0,0,12,0
C0006,31-12-2025,653,5,60,121903.09,2031.72,17.22,3,3,3,0,0,1,0,0,0,13,0
C0009,31-12-2025,117,3,4,7021.41,1755.35,21.5,1,1,1,1,0,1,1,0,0,5,0
C0010,31-12-2025,19,19,4,2312.57,578.14,0,0,0,0,0,0,0,0,0,0,0,1
C0011,31-12-2025,720,47,19,14687.45,773.02,46.31,5,5,5,2,0,1,0.4,0,0,2,0
C0013,31-12-2025,838,1,54,80860.22,1497.41,22.34,10,10,9,4,2,0.9,0.444444444,0.222222222,0,6,0
C0014,31-12-2025,294,29,10,11110.9,1111.09,25.14,6,6,6,3,1,1,0.5,0.166666667,0,21,0
C0016,31-12-2025,708,36,28,32903.46,1175.12,35.47,6,6,6,2,0,1,0.333333333,0,0,6,0
C0017,31-12-2025,690,8,21,24011.17,1143.39,33.86,5,5,5,1,0,1,0.2,0,0,5,0
C0018,31-12-2025,674,8,29,36234.36,1249.46,34.71,4,4,4,0,0,1,0,0,1,6,0
C0020,31-12-2025,590,5,46,94294.32,2049.88,18.52,4,4,4,0,0,1,0,0,0,12,0
C0021,31-12-2025,603,76,24,35519,1479.96,32.09,2,2,1,0,0,0.5,0,0,0,11,0
C0022,31-12-2025,331,31,10,7447.2,744.72,35.2,4,4,4,1,0,1,0.25,0,2,10,0
C0023,31-12-2025,654,2,76,132122.57,1738.45,13.12,7,7,6,2,1,0.857142857,0.333333333,0.166666667,0,14,0
C0025,31-12-2025,736,35,65,71730.01,1103.54,16.79,5,5,4,1,0,0.8,0.25,0,1,3,0
C0026,31-12-2025,197,9,7,12495.98,1785.14,27,4,4,4,2,0,1,0.5,0,0,7,0
C0027,31-12-2025,92,2,3,4034.43,1344.81,6,6,6,6,2,0,1,0.333333333,0,0,2,0
C0028,31-12-2025,380,8,16,12091.29,755.71,35.56,10,10,10,4,0,1,0.4,0,0,10,0
C0029,31-12-2025,802,73,28,22264.13,795.15,37.83,9,9,7,1,0,0.777777778,0.142857143,0,1,4,0
C0030,31-12-2025,766,2,38,32327.55,850.72,30.4,3,3,3,0,0,1,0,0,0,0,1
C0031,31-12-2025,833,92,28,23088.68,824.6,33.69,4,4,4,1,1,1,0.25,0.25,0,0,1
C0032,31-12-2025,769,7,39,32925.45,844.24,27.81,7,7,7,3,0,1,0.428571429,0,0,11,0
C0033,31-12-2025,170,2,3,2317.53,772.51,0,2,2,2,2,0,1,1,0,0,3,0
C0035,31-12-2025,384,0,20,24995.37,1249.77,35.8,4,4,4,2,1,1,0.5,0.25,0,13,0
C0036,31-12-2025,672,37,41,58625.06,1429.88,23.65,6,6,6,1,0,1,0.166666667,0,2,5,0
C0037,31-12-2025,420,33,17,18245.28,1073.25,23.54,3,3,3,0,0,1,0,0,0,1,0
C0038,31-12-2025,820,158,21,13990.34,666.21,42.23,5,5,4,1,0,0.8,0.25,0,0,0,1
C0039,31-12-2025,600,27,29,37786.15,1302.97,28.35,4,4,3,2,0,0.75,0.666666667,0,0,13,0
C0041,31-12-2025,206,1,15,17610.4,1174.03,17.38,4,4,4,0,0,1,0,0,0,12,0
C0043,31-12-2025,346,48,10,6134.03,613.4,15.4,4,4,4,2,0,1,0.5,0,1,4,0
C0044,31-12-2025,401,14,12,8628.8,719.07,68.6,4,4,4,1,0,1,0.25,0,0,10,0
C0045,31-12-2025,226,13,9,8434.48,937.16,20,7,7,6,1,0,0.857142857,0.166666667,0,1,15,0
C0047,31-12-2025,458,2,51,93438.8,1832.13,15.88,7,7,7,4,1,1,0.571428571,0.142857143,0,6,0
C0048,31-12-2025,431,16,30,51518.4,1717.28,14.58,5,5,5,1,0,1,0.2,0,0,8,0
C0049,31-12-2025,216,31,9,16525.69,1836.19,28,1,1,1,1,0,1,1,0,0,10,0
C0051,31-12-2025,338,338,20,16667.55,833.38,0,5,5,4,0,0,0.8,0,0,5,0,1
C0053,31-12-2025,618,50,11,10171.05,924.64,63.14,6,6,6,1,0,1,0.166666667,0,0,0,1
C0054,31-12-2025,805,15,29,27749.89,956.89,38.74,5,5,5,0,0,1,0,0,0,14,0
C0056,31-12-2025,56,21,2,1215.2,607.6,0,1,1,1,0,0,1,0,0,0,1,0
C0057,31-12-2025,769,4,75,114437.29,1525.83,15.31,4,4,4,3,0,1,0.75,0,0,13,0
C0058,31-12-2025,636,50,26,28962.32,1113.94,23.93,11,11,10,4,1,0.909090909,0.4,0.1,2,5,0
C0059,31-12-2025,296,3,26,25223.39,970.13,18.5,3,3,2,0,0,0.666666667,0,0,0,7,0
C0060,31-12-2025,19,10,1,333.83,333.83,0,0,0,0,0,0,0,0,0,0,1,0
C0061,31-12-2025,58,0,3,1837.47,612.49,21.5,0,0,0,0,0,0,0,0,0,6,0
C0062,31-12-2025,207,14,14,12415.75,886.84,17.29,2,2,2,1,1,1,0.5,0.5,0,5,0
C0064,31-12-2025,500,2,45,74238.67,1649.75,17.04,2,2,2,1,1,1,0.5,0.5,0,15,0
C0065,31-12-2025,781,2,91,147759.68,1623.73,13.67,10,10,9,3,0,0.9,0.333333333,0,0,12,0
C0066,31-12-2025,395,1,29,28413.9,979.79,22.13,4,4,2,2,1,0.5,1,0.5,0,3,0
C0067,31-12-2025,607,12,16,16592.36,1037.02,31.62,5,5,4,0,0,0.8,0,0,0,1,0
C0068,31-12-2025,471,12,42,74693.34,1778.41,17.23,8,8,8,5,3,1,0.625,0.375,0,24,0
C0069,31-12-2025,669,107,13,13167.06,1012.85,41.33,4,4,4,1,1,1,0.25,0.25,0,9,0
C0070,31-12-2025,232,56,5,6046.67,1209.33,32,8,8,7,2,1,0.875,0.285714286,0.142857143,0,7,0
C0071,31-12-2025,166,27,10,22633.33,2263.33,17.5,4,4,4,0,0,1,0,0,1,16,0
C0072,31-12-2025,47,5,3,4119.41,1373.14,9,0,0,0,0,0,0,0,0,0,7,0
C0073,31-12-2025,40,40,5,3090.29,618.06,0,1,1,1,1,0,1,1,0,1,0,1
C0074,31-12-2025,579,3,10,9365.28,936.53,58,3,3,3,0,0,1,0,0,0,0,1
C0075,31-12-2025,165,11,11,13820.3,1256.39,15,3,3,3,3,1,1,1,0.333333333,0,4,0
C0076,31-12-2025,726,198,18,15488.97,860.5,30.09,7,7,6,2,0,0.857142857,0.333333333,0,1,0,1
C0077,31-12-2025,118,118,7,4785.94,683.71,0,5,5,4,0,0,0.8,0,0,5,0,1
C0078,31-12-2025,178,66,2,3144.17,1572.08,47,1,1,1,0,0,1,0,0,0,14,0
C0080,31-12-2025,826,0,19,28283.67,1488.61,45.27,7,7,6,3,2,0.857142857,0.5,0.333333333,0,4,0
C0081,31-12-2025,290,18,11,7494.76,681.34,45.75,2,2,2,1,0,1,0.5,0,0,8,0
C0082,31-12-2025,694,26,20,24295.88,1214.79,39.71,9,9,9,2,0,1,0.222222222,0,1,3,0
C0083,31-12-2025,605,2,24,29056.28,1210.68,52.44,3,3,3,2,0,1,0.666666667,0,0,1,0
C0084,31-12-2025,431,14,8,5748.16,718.52,60.5,6,6,6,3,0,1,0.5,0,0,0,1
C0085,31-12-2025,573,4,20,16586.79,829.34,41.42,8,8,6,1,0,0.75,0.166666667,0,0,8,0
C0086,31-12-2025,487,11,44,50236.52,1141.74,13.52,5,5,3,2,0,0.6,0.666666667,0,0,1,0
C0087,31-12-2025,660,0,21,20929.91,996.66,36.69,4,4,4,2,0,1,0.5,0,0,7,0
C0090,31-12-2025,180,37,8,8857.98,1107.25,29,5,5,5,4,0,1,0.8,0,0,14,0
C0091,31-12-2025,690,145,24,16554.75,689.78,32.93,2,2,2,0,0,1,0,0,0,0,1
C0092,31-12-2025,502,46,21,18292.94,871.09,33.4,4,4,4,2,0,1,0.5,0,1,2,0
C0093,31-12-2025,527,47,25,28561.23,1142.45,21.69,5,5,5,2,0,1,0.4,0,1,5,0
C0094,31-12-2025,770,1,75,109445.2,1459.27,16.23,6,6,6,3,2,1,0.5,0.333333333,0,11,0
C0095,31-12-2025,652,33,44,63939.25,1453.16,26.55,4,4,3,1,0,0.75,0.333333333,0,0,2,0
C0096,31-12-2025,373,26,24,23913.66,996.4,21.43,5,5,4,3,1,0.8,0.75,0.25,1,8,0
C0098,31-12-2025,703,254,17,9398.32,552.84,40.11,6,6,4,0,0,0.666666667,0,0,2,0,1
C0099,31-12-2025,760,101,23,18552.62,806.64,42.54,10,10,9,1,0,0.9,0.111111111,0,1,0,1
C0100,31-12-2025,776,15,35,35746.61,1021.33,31.26,15,15,12,1,0,0.8,0.083333333,0,1,4,0
C0101,31-12-2025,47,17,4,4790.86,1197.71,23,2,2,1,0,0,0.5,0,0,2,11,0
C0102,31-12-2025,703,11,29,20989.89,723.79,36.75,10,10,8,2,1,0.8,0.25,0.125,0,0,1
C0105,31-12-2025,201,1,17,22534.99,1325.59,22.38,4,4,3,1,0,0.75,0.333333333,0,0,17,0
C0106,31-12-2025,779,15,39,22854.22,586.01,30.86,9,9,7,3,0,0.777777778,0.428571429,0,0,4,0
C0107,31-12-2025,128,4,2,3150.43,1575.22,7,2,2,2,1,0,1,0.5,0,0,8,0
C0108,31-12-2025,579,74,14,13410.52,957.89,54.62,6,6,6,2,0,1,0.333333333,0,0,2,0
C0109,31-12-2025,534,4,39,109741.77,2813.89,18.71,4,4,4,1,0,1,0.25,0,0,1,0
C0110,31-12-2025,528,10,30,77467.4,2582.25,25.4,5,5,5,1,0,1,0.2,0,0,14,0
C0111,31-12-2025,375,4,11,9569,869.91,30.88,8,8,6,2,0,0.75,0.333333333,0,0,1,0
C0112,31-12-2025,360,43,22,36584.13,1662.92,17.18,5,5,5,2,0,1,0.4,0,0,5,0
C0114,31-12-2025,818,2,29,20769.78,716.2,32.9,6,6,6,1,0,1,0.166666667,0,0,1,0
C0115,31-12-2025,655,275,15,10966.54,731.1,32.56,8,8,7,2,1,0.875,0.285714286,0.142857143,5,0,1
C0116,31-12-2025,617,5,19,15833.07,833.32,39.17,5,5,5,3,0,1,0.6,0,0,3,0
C0117,31-12-2025,147,12,4,7097.94,1774.48,115,2,2,2,1,0,1,0.5,0,0,12,0
C0118,31-12-2025,760,0,29,32601.44,1124.19,33.47,6,6,6,2,0,1,0.333333333,0,0,4,0
C0119,31-12-2025,628,125,15,9636.86,642.46,60.38,7,7,7,2,0,1,0.285714286,0,2,0,1
C0121,31-12-2025,26,26,6,4316.82,719.47,0,0,0,0,0,0,0,0,0,0,0,1
C0122,31-12-2025,446,29,19,21303.74,1121.25,28.9,3,3,3,1,1,1,0.333333333,0.333333333,0,4,0
C0123,31-12-2025,659,15,35,48015.24,1371.86,32.41,12,12,12,4,2,1,0.333333333,0.166666667,0,5,0
C0124,31-12-2025,344,5,16,30157.04,1884.82,30,11,11,10,3,2,0.909090909,0.3,0.2,0,12,0
C0126,31-12-2025,419,33,31,53973.04,1741.07,21.79,2,2,2,0,0,1,0,0,1,5,0
C0127,31-12-2025,557,4,22,19865.24,902.97,35.5,7,7,6,1,0,0.857142857,0.166666667,0,0,1,0
C0129,31-12-2025,483,74,26,46602.72,1792.41,27,4,4,3,1,0,0.75,0.333333333,0,0,7,0
C0130,31-12-2025,647,41,33,36905.18,1118.34,31.26,5,5,5,0,0,1,0,0,0,4,0
C0132,31-12-2025,418,21,34,35459.85,1042.94,15.28,3,3,3,1,0,1,0.333333333,0,0,8,0
C0133,31-12-2025,830,70,31,40322.78,1300.73,33.19,1,1,1,1,1,1,1,1,0,0,1
C0134,31-12-2025,396,27,15,14422.35,961.49,40.14,3,3,2,0,0,0.666666667,0,0,0,14,0
C0135,31-12-2025,803,0,36,31345.38,870.7,25.79,7,7,7,0,0,1,0,0,0,3,0
C0136,31-12-2025,497,1,53,77404.44,1460.46,14.96,3,3,3,0,0,1,0,0,0,13,0
C0138,31-12-2025,577,22,57,110523.24,1939,12.79,12,12,11,4,2,0.916666667,0.363636364,0.181818182,1,13,0
C0139,31-12-2025,450,18,16,18626.81,1164.18,24.22,7,7,7,3,2,1,0.428571429,0.285714286,0,1,0
C0140,31-12-2025,468,39,20,23416.61,1170.83,25.31,10,10,10,2,0,1,0.2,0,1,7,0
C0143,31-12-2025,654,0,23,16693.8,725.82,42.92,7,7,7,2,1,1,0.285714286,0.142857143,0,4,0
C0144,31-12-2025,230,9,11,21213.08,1928.46,36.8,6,6,6,2,0,1,0.333333333,0,0,7,0
C0145,31-12-2025,297,11,21,41982.73,1999.18,21.82,2,2,1,0,0,0.5,0,0,0,7,0
C0146,31-12-2025,791,0,29,31092.68,1072.16,43.12,5,5,5,2,0,1,0.4,0,0,0,1
C0147,31-12-2025,382,1,30,36034.01,1201.13,19.78,1,1,1,1,0,1,1,0,0,13,0
C0149,31-12-2025,266,16,5,5376.89,1075.38,106.5,4,4,4,2,0,1,0.5,0,0,3,0
C0150,31-12-2025,799,307,23,20287.85,882.08,37.25,2,2,1,0,0,0.5,0,0,0,0,1
C0151,31-12-2025,175,16,14,7667.69,547.69,17.86,6,6,6,1,1,1,0.166666667,0.166666667,0,1,0
C0152,31-12-2025,321,48,12,7520.49,626.71,28.57,3,3,3,1,0,1,0.333333333,0,1,8,0
C0154,31-12-2025,776,8,56,96941.78,1731.1,23.97,15,15,13,3,0,0.866666667,0.230769231,0,0,3,0
C0155,31-12-2025,619,60,21,20207,962.24,48,6,6,6,1,0,1,0.166666667,0,0,3,0
C0156,31-12-2025,462,7,46,84014.84,1826.41,14.81,7,7,7,3,1,1,0.428571429,0.142857143,0,15,0
C0157,31-12-2025,613,5,41,74352.37,1813.47,20.44,1,1,1,1,1,1,1,1,0,4,0
C0159,31-12-2025,287,18,11,13766.44,1251.49,25.86,7,7,7,3,2,1,0.428571429,0.285714286,2,2,0
C0160,31-12-2025,101,87,5,3027.12,605.42,3.5,1,1,1,1,0,1,1,0,0,0,1
C0161,31-12-2025,295,47,17,19642.59,1155.45,15.33,2,2,1,0,0,0.5,0,0,1,9,0
C0162,31-12-2025,186,0,6,11574.18,1929.03,39.75,4,4,2,0,0,0.5,0,0,0,13,0
C0163,31-12-2025,621,16,35,44882.48,1282.36,22.42,7,7,6,1,0,0.857142857,0.166666667,0,1,2,0
C0164,31-12-2025,117,3,3,5357.49,1785.83,37.5,6,6,6,2,0,1,0.333333333,0,0,21,0
C0165,31-12-2025,324,1,25,51212.67,2048.51,19.73,3,3,2,1,0,0.666666667,0.5,0,0,20,0
C0167,31-12-2025,515,39,13,12766.97,982.07,28.33,6,6,6,2,0,1,0.333333333,0,1,4,0
C0168,31-12-2025,67,13,3,2533.05,844.35,0,2,2,2,0,0,1,0,0,1,12,0
C0169,31-12-2025,487,165,9,11192.37,1243.6,62.33,5,5,5,0,0,1,0,0,0,0,1
C0170,31-12-2025,126,12,4,4247.25,1061.81,17.67,1,1,0,0,0,0,0,0,0,3,0
C0172,31-12-2025,706,21,24,23155.87,964.83,29,6,6,5,0,0,0.833333333,0,0,0,2,0
C0173,31-12-2025,142,12,6,3998.66,666.44,26,3,3,3,0,0,1,0,0,0,1,0
C0174,31-12-2025,672,3,37,36316.66,981.53,26.91,6,6,6,3,0,1,0.5,0,0,9,0
C0175,31-12-2025,187,28,5,5777.55,1155.51,30,6,6,4,1,0,0.666666667,0.25,0,1,8,0
C0178,31-12-2025,410,22,19,10752.07,565.9,28.1,5,5,5,3,0,1,0.6,0,0,7,0
C0179,31-12-2025,450,7,30,46149.05,1538.3,19.82,8,8,8,1,0,1,0.125,0,0,2,0
C0180,31-12-2025,253,3,21,40379.28,1922.82,16.2,4,4,4,3,1,1,0.75,0.25,0,5,0
C0181,31-12-2025,768,44,27,27078.1,1002.89,34.8,4,4,4,1,0,1,0.25,0,0,5,0
C0184,31-12-2025,838,26,56,61075.04,1090.63,19.08,5,5,5,0,0,1,0,0,0,10,0
C0185,31-12-2025,425,8,16,27128.58,1695.54,29.88,5,5,5,2,0,1,0.4,0,0,2,0
C0186,31-12-2025,410,137,4,4545.89,1136.47,56.67,4,4,3,1,1,0.75,0.333333333,0.333333333,0,2,0
C0189,31-12-2025,597,31,23,13201.97,574,38.93,5,5,5,1,1,1,0.2,0.2,2,5,0
C0190,31-12-2025,717,17,27,23889.84,884.81,41.2,6,6,5,3,1,0.833333333,0.6,0.2,0,4,0
C0191,31-12-2025,283,2,15,13114.76,874.32,22,4,4,4,1,0,1,0.25,0,0,1,0
C0192,31-12-2025,238,19,7,4327.4,618.2,46.75,3,3,3,1,0,1,0.333333333,0,0,16,0
C0194,31-12-2025,416,40,16,10859.96,678.75,46.43,2,2,2,0,0,1,0,0,0,7,0
C0195,31-12-2025,360,8,10,10636.69,1063.67,20.25,3,3,3,1,0,1,0.333333333,0,0,3,0
C0196,31-12-2025,754,19,36,32351.49,898.65,21.48,7,7,6,3,1,0.857142857,0.5,0.166666667,0,4,0
C0197,31-12-2025,306,31,14,20301.73,1450.12,19.4,4,4,4,1,0,1,0.25,0,2,5,0
C0198,31-12-2025,318,17,22,30209.45,1373.16,16,7,7,6,2,0,0.857142857,0.333333333,0,1,10,0
C0199,31-12-2025,173,2,6,9815.4,1635.9,30.67,0,0,0,0,0,0,0,0,0,10,0
C0200,31-12-2025,792,21,53,98567.91,1859.77,22.42,5,5,5,4,1,1,0.8,0.2,0,16,0
C0202,31-12-2025,429,14,18,16777.01,932.06,20.36,2,2,2,0,0,1,0,0,0,3,0
C0203,31-12-2025,277,6,19,35779.02,1883.11,22.38,4,4,4,0,0,1,0,0,0,7,0
C0204,31-12-2025,63,19,3,6387.95,2129.32,33,3,3,3,2,0,1,0.666666667,0,1,11,0
C0205,31-12-2025,324,11,8,7443.32,930.42,34.25,7,7,6,1,1,0.857142857,0.166666667,0.166666667,0,2,0
C0206,31-12-2025,361,28,21,28251.58,1345.31,18.89,0,0,0,0,0,0,0,0,0,6,0
C0207,31-12-2025,168,7,7,11659.6,1665.66,44.67,3,3,3,0,0,1,0,0,0,7,0
C0209,31-12-2025,833,0,55,73938.03,1344.33,23.31,12,12,11,3,2,0.916666667,0.272727273,0.181818182,0,4,0
C0212,31-12-2025,707,20,29,26532.01,914.9,30,4,4,3,0,0,0.75,0,0,0,9,0
C0213,31-12-2025,810,83,18,11367.35,631.52,47.5,10,10,10,3,1,1,0.3,0.1,1,0,1
C0216,31-12-2025,418,2,16,21993.85,1374.62,48,2,2,2,1,1,1,0.5,0.5,0,5,0
C0217,31-12-2025,486,43,32,53705.62,1678.3,14.84,7,7,7,1,0,1,0.142857143,0,2,11,0
C0218,31-12-2025,799,7,74,103043.27,1392.48,17.42,2,2,2,1,1,1,0.5,0.5,0,14,0
C0219,31-12-2025,486,18,37,47513.71,1284.15,17.04,8,8,6,2,2,0.75,0.333333333,0.333333333,0,11,0
C0220,31-12-2025,343,87,3,1620.24,540.08,36,6,6,6,4,0,1,0.666666667,0,1,12,0
C0221,31-12-2025,558,36,22,14411.9,655.09,47,3,3,3,1,0,1,0.333333333,0,1,0,1
C0222,31-12-2025,740,11,36,31049.33,862.48,29,7,7,7,4,1,1,0.571428571,0.142857143,0,2,0
C0223,31-12-2025,609,5,16,15599.38,974.96,51.56,6,6,6,3,0,1,0.5,0,0,0,1
C0224,31-12-2025,349,18,18,11851.75,658.43,25.5,8,8,6,2,0,0.75,0.333333333,0,1,5,0
C0226,31-12-2025,264,4,4,2575.02,643.76,131,2,2,2,0,0,1,0,0,1,9,0
C0227,31-12-2025,652,4,31,23865.34,769.85,28.17,5,5,5,1,0,1,0.2,0,0,5,0
C0228,31-12-2025,830,233,21,12117.69,577.03,29.75,5,5,4,1,0,0.8,0.25,0,2,0,1
C0229,31-12-2025,543,1,39,43517.42,1115.83,23.2,5,5,5,1,1,1,0.2,0.2,0,6,0
C0231,31-12-2025,504,0,47,73431.63,1562.38,17.72,6,6,6,3,1,1,0.5,0.166666667,0,14,0
C0232,31-12-2025,129,44,8,17080.06,2135.01,10.8,5,5,5,3,1,1,0.6,0.2,4,11,0
C0233,31-12-2025,799,16,59,137326.11,2327.56,23.52,8,8,6,2,0,0.75,0.333333333,0,1,1,0
C0235,31-12-2025,427,25,31,77891.24,2512.62,30.25,1,1,1,1,1,1,1,1,0,7,0
C0236,31-12-2025,494,19,16,24187.25,1511.7,32.7,7,7,7,3,0,1,0.428571429,0,0,8,0
C0237,31-12-2025,277,7,9,7073.21,785.91,52.75,3,3,3,1,0,1,0.333333333,0,0,2,0
C0238,31-12-2025,295,3,25,59373.21,2374.93,20.91,7,7,7,3,2,1,0.428571429,0.285714286,0,9,0
C0239,31-12-2025,131,34,5,4437.4,887.48,16.67,2,2,2,0,0,1,0,0,1,7,0
C0240,31-12-2025,281,6,5,4652.83,930.57,78.67,6,6,6,0,0,1,0,0,0,0,1
C0241,31-12-2025,469,6,39,48397.5,1240.96,23.72,6,6,5,3,0,0.833333333,0.6,0,0,20,0
C0243,31-12-2025,766,11,41,48296.08,1177.95,27.83,8,8,7,1,0,0.875,0.142857143,0,0,0,1
C0244,31-12-2025,717,4,46,76478.87,1662.58,22.34,5,5,4,2,2,0.8,0.5,0.5,0,8,0
C0247,31-12-2025,498,56,20,22071.11,1103.56,27,4,4,3,1,0,0.75,0.333333333,0,1,10,0
C0249,31-12-2025,574,0,52,94843.51,1823.91,18.26,2,2,2,0,0,1,0,0,0,9,0
C0250,31-12-2025,217,165,14,13740.25,981.45,5.88,2,2,2,0,0,1,0,0,2,0,1
C0252,31-12-2025,272,25,9,8138.77,904.31,21,2,2,2,0,0,1,0,0,0,5,0
C0253,31-12-2025,124,1,5,8408.01,1681.6,21.5,3,3,3,3,1,1,1,0.333333333,0,8,0
C0254,31-12-2025,579,78,23,19465.61,846.33,32.33,4,4,4,1,1,1,0.25,0.25,1,11,0
C0255,31-12-2025,459,7,16,11855.66,740.98,25.1,6,6,6,1,0,1,0.166666667,0,1,1,0
C0256,31-12-2025,244,41,16,12703.06,793.94,14.78,5,5,5,2,1,1,0.4,0.2,1,9,0
C0257,31-12-2025,803,6,87,156583.03,1799.8,12.83,5,5,4,2,0,0.8,0.5,0,0,16,0
C0258,31-12-2025,103,1,5,2456.56,491.31,45,3,3,3,1,1,1,0.333333333,0.333333333,0,3,0
C0260,31-12-2025,563,18,18,15044.62,835.81,47,5,5,5,1,0,1,0.2,0,0,11,0
C0264,31-12-2025,649,2,38,34183.39,899.56,29.24,7,7,6,3,1,0.857142857,0.5,0.166666667,0,7,0
C0265,31-12-2025,239,21,3,2516.41,838.8,116,3,3,3,1,0,1,0.333333333,0,0,4,0
C0266,31-12-2025,705,45,29,28554.93,984.65,29.5,5,5,4,0,0,0.8,0,0,0,0,1
C0267,31-12-2025,179,5,4,4482.49,1120.62,27,2,2,2,0,0,1,0,0,0,10,0
C0268,31-12-2025,778,68,28,25994.16,928.36,37.12,7,7,7,1,0,1,0.142857143,0,1,1,0
C0269,31-12-2025,549,2,34,68533.33,2015.69,22.5,3,3,3,1,0,1,0.333333333,0,0,16,0
C0270,31-12-2025,2,2,6,4681.04,780.17,0,1,1,1,0,0,1,0,0,1,0,1
C0272,31-12-2025,554,87,18,16215.67,900.87,35.08,5,5,5,0,0,1,0,0,2,1,0
C0273,31-12-2025,429,39,16,15506.54,969.16,27.78,1,1,1,0,0,1,0,0,0,6,0
C0274,31-12-2025,800,35,33,21465.81,650.48,28.89,7,7,7,1,0,1,0.142857143,0,2,2,0
C0275,31-12-2025,397,79,4,10036.65,2509.16,11,9,9,9,3,1,1,0.333333333,0.111111111,0,7,0
C0276,31-12-2025,526,45,29,32886.36,1134.01,27.86,5,5,5,1,0,1,0.2,0,0,11,0
C0280,31-12-2025,317,25,11,10451.85,950.17,18.8,3,3,1,0,0,0.333333333,0,0,0,4,0
C0281,31-12-2025,616,48,18,16337.4,907.63,38.25,7,7,6,0,0,0.857142857,0,0,0,2,0
C0282,31-12-2025,488,4,26,30157.48,1159.9,19.43,9,9,8,4,4,0.888888889,0.5,0.5,0,10,0
C0283,31-12-2025,392,15,10,9812.37,981.24,45.33,12,12,11,3,3,0.916666667,0.272727273,0.272727273,0,1,0
C0285,31-12-2025,676,0,63,94946.37,1507.09,14.65,4,4,3,0,0,0.75,0,0,0,6,0
C0286,31-12-2025,505,0,23,19066.91,829,28.4,5,5,5,1,0,1,0.2,0,0,10,0
C0287,31-12-2025,592,21,18,17040.57,946.7,41.42,2,2,2,0,0,1,0,0,0,16,0
C0288,31-12-2025,662,319,14,12371.27,883.66,33.12,6,6,6,1,1,1,0.166666667,0.166666667,2,0,1
C0289,31-12-2025,139,13,6,3862.6,643.77,35.5,8,8,7,1,0,0.875,0.142857143,0,1,1,0
C0290,31-12-2025,823,4,62,112285.77,1811.06,17.11,3,3,3,2,2,1,0.666666667,0.666666667,0,7,0
C0291,31-12-2025,397,1,34,53477.04,1572.85,16.74,3,3,2,0,0,0.666666667,0,0,0,6,0
C0292,31-12-2025,685,41,51,68113.93,1335.57,16.56,4,4,4,1,0,1,0.25,0,0,17,0
C0293,31-12-2025,359,0,26,43024.45,1654.79,22.64,6,6,6,3,0,1,0.5,0,0,6,0
C0295,31-12-2025,444,10,10,6287.8,628.78,21.6,4,4,4,1,0,1,0.25,0,0,8,0
C0296,31-12-2025,417,2,30,48279.45,1609.31,18.6,6,6,6,2,0,1,0.333333333,0,0,6,0
C0297,31-12-2025,692,8,36,57133.93,1587.05,28.82,2,2,2,0,0,1,0,0,0,5,0
C0299,31-12-2025,683,44,21,15311.34,729.11,55.1,7,7,6,0,0,0.857142857,0,0,1,4,0
C0302,31-12-2025,274,57,7,7855.9,1122.27,30.5,0,0,0,0,0,0,0,0,0,8,0
C0303,31-12-2025,264,28,14,14812.91,1058.06,24.33,8,8,8,0,0,1,0,0,0,7,0
C0304,31-12-2025,656,52,11,9193.45,835.77,76.5,8,8,8,1,0,1,0.125,0,0,0,1
C0306,31-12-2025,706,14,22,28995.52,1317.98,41.15,3,3,1,0,0,0.333333333,0,0,0,1,0
C0308,31-12-2025,401,24,20,25684.64,1284.23,23.5,4,4,3,1,0,0.75,0.333333333,0,0,12,0
C0309,31-12-2025,557,231,12,6618.07,551.51,23.56,7,7,7,0,0,1,0,0,4,0,1
C0310,31-12-2025,205,141,4,4687.05,1171.76,10.5,7,7,6,2,2,0.857142857,0.333333333,0.333333333,6,0,1
C0311,31-12-2025,591,8,33,49715.39,1506.53,20.48,8,8,7,4,0,0.875,0.571428571,0,0,16,0
C0313,31-12-2025,120,7,6,6663.01,1110.5,23.33,2,2,2,0,0,1,0,0,0,7,0
C0314,31-12-2025,104,7,6,8369.72,1394.95,10.67,1,1,1,0,0,1,0,0,0,8,0
C0315,31-12-2025,77,77,7,5639.73,805.68,0,1,1,1,0,0,1,0,0,1,0,1
C0319,31-12-2025,383,4,19,24872.84,1309.1,26.09,5,5,5,1,0,1,0.2,0,0,1,0
C0320,31-12-2025,831,21,65,102095.17,1570.69,18.91,5,5,5,1,0,1,0.2,0,0,16,0
C0322,31-12-2025,675,16,73,113191.67,1550.57,14.95,3,3,2,1,0,0.666666667,0.5,0,0,14,0
C0323,31-12-2025,811,4,55,66778.83,1214.16,21.77,2,2,2,1,1,1,0.5,0.5,0,2,0
C0324,31-12-2025,419,8,10,12502.03,1250.2,23.33,7,7,7,3,2,1,0.428571429,0.285714286,0,6,0
C0325,31-12-2025,64,0,7,6603.58,943.37,4.67,0,0,0,0,0,0,0,0,0,9,0
C0326,31-12-2025,92,35,1,1442.81,1442.81,0,5,5,5,1,0,1,0.2,0,1,8,0
C0327,31-12-2025,191,42,9,9381.11,1042.35,26,6,6,6,1,0,1,0.166666667,0,1,8,0
C0328,31-12-2025,825,6,47,41681.93,886.85,23.96,7,7,6,2,1,0.857142857,0.333333333,0.166666667,0,4,0
C0329,31-12-2025,821,6,59,116907.61,1981.48,18.58,6,6,6,1,0,1,0.166666667,0,0,7,0
C0330,31-12-2025,731,10,68,152586.32,2243.92,17.83,4,4,3,1,0,0.75,0.333333333,0,0,11,0
C0332,31-12-2025,616,10,29,25175.66,868.13,25.79,2,2,2,0,0,1,0,0,0,2,0
C0333,31-12-2025,329,5,9,7766.44,862.94,45,5,5,4,2,2,0.8,0.5,0.5,0,4,0
C0334,31-12-2025,741,2,93,172301.54,1852.7,13.38,9,9,8,3,2,0.888888889,0.375,0.25,0,8,0
C0335,31-12-2025,406,96,27,20476.71,758.4,20.54,10,10,9,1,1,0.9,0.111111111,0.111111111,2,0,1
C0336,31-12-2025,686,2,80,118179.63,1477.25,13.42,5,5,4,3,2,0.8,0.75,0.5,0,15,0
C0337,31-12-2025,761,7,36,43868.59,1218.57,36.37,8,8,8,0,0,1,0,0,0,12,0
C0338,31-12-2025,195,10,7,10370.58,1481.51,32.75,4,4,3,1,0,0.75,0.333333333,0,0,6,0
C0341,31-12-2025,62,5,6,15556.77,2592.8,6.5,2,2,2,0,0,1,0,0,0,7,0
C0342,31-12-2025,132,132,8,8674.89,1084.36,0,3,3,3,0,0,1,0,0,3,0,1
C0345,31-12-2025,520,23,43,73958.18,1719.96,20.14,7,7,6,5,3,0.857142857,0.833333333,0.5,0,19,0
C0346,31-12-2025,402,10,23,17871.96,777.04,24,7,7,7,2,2,1,0.285714286,0.285714286,0,13,0
C0347,31-12-2025,60,16,8,4508.22,563.53,8.5,1,1,1,0,0,1,0,0,0,0,1
C0348,31-12-2025,380,9,38,81675.23,2149.35,13.24,6,6,6,3,2,1,0.5,0.333333333,1,15,0
C0349,31-12-2025,356,23,7,6171.07,881.58,69,6,6,6,1,1,1,0.166666667,0.166666667,0,0,1
C0350,31-12-2025,565,5,32,52651.28,1645.35,20.63,6,6,6,2,1,1,0.333333333,0.166666667,0,9,0
C0351,31-12-2025,613,7,35,73283.64,2093.82,19.41,5,5,5,2,1,1,0.4,0.2,0,7,0
C0355,31-12-2025,94,4,3,4017.97,1339.32,34.5,5,5,5,2,0,1,0.4,0,0,9,0
C0356,31-12-2025,569,6,44,48036.59,1091.74,15.33,7,7,5,0,0,0.714285714,0,0,0,0,1
C0357,31-12-2025,780,21,34,49203.52,1447.16,26,4,4,3,0,0,0.75,0,0,0,7,0
C0358,31-12-2025,497,10,27,26896.14,996.15,27.62,10,10,10,5,2,1,0.5,0.2,0,6,0
C0359,31-12-2025,508,28,44,64373.33,1463.03,14.77,5,5,4,2,0,0.8,0.5,0,0,5,0
C0360,31-12-2025,825,5,53,79808.97,1505.83,16.82,10,10,10,4,1,1,0.4,0.1,0,2,0
C0361,31-12-2025,430,4,33,66312.37,2009.47,24.12,5,5,5,2,0,1,0.4,0,0,19,0
C0362,31-12-2025,446,5,18,20443.22,1135.73,22.5,10,10,10,4,2,1,0.4,0.2,0,9,0
C0363,31-12-2025,141,57,1,1201.01,1201.01,0,2,2,2,0,0,1,0,0,1,4,0
C0364,31-12-2025,110,10,3,1916.5,638.83,18,1,1,1,0,0,1,0,0,0,0,1
C0365,31-12-2025,528,23,47,138387.53,2944.42,14.56,6,6,6,3,1,1,0.5,0.166666667,1,21,0
C0366,31-12-2025,139,13,5,16673.35,3334.67,20,2,2,2,2,1,1,1,0.5,0,11,0
C0367,31-12-2025,110,6,4,7320.1,1830.02,30.5,4,4,4,1,1,1,0.25,0.25,0,10,0
C0368,31-12-2025,643,98,27,24236.29,897.64,33.31,5,5,5,1,0,1,0.2,0,0,2,0
C0369,31-12-2025,174,13,10,13755.26,1375.53,12.33,4,4,4,1,0,1,0.25,0,0,10,0
C0370,31-12-2025,112,112,7,3931.3,561.61,0,3,3,3,1,0,1,0.333333333,0,3,0,1
C0371,31-12-2025,730,2,30,33119.64,1103.99,28.87,7,7,7,1,0,1,0.142857143,0,0,12,0
C0372,31-12-2025,378,22,49,85808.3,1751.19,11.54,8,8,8,2,1,1,0.25,0.125,0,10,0
C0373,31-12-2025,441,20,37,68477.56,1850.74,20.5,4,4,4,1,1,1,0.25,0.25,0,3,0
C0374,31-12-2025,794,2,34,52187.45,1534.92,29.46,5,5,4,1,0,0.8,0.25,0,0,12,0
C0375,31-12-2025,845,286,7,5564.08,794.87,52.2,5,5,4,0,0,0.8,0,0,0,0,1
C0376,31-12-2025,629,1,39,33953.18,870.59,26.38,3,3,3,1,1,1,0.333333333,0.333333333,0,5,0
C0377,31-12-2025,201,8,9,6795.92,755.1,21,2,2,2,1,0,1,0.5,0,0,8,0
C0379,31-12-2025,716,2,22,19041.73,865.53,34.25,7,7,7,1,0,1,0.142857143,0,0,4,0
C0380,31-12-2025,646,10,28,31091.12,1110.4,28.28,7,7,6,2,1,0.857142857,0.333333333,0.166666667,0,10,0
C0381,31-12-2025,493,14,29,31964.49,1102.22,20,2,2,2,1,0,1,0.5,0,0,12,0
C0382,31-12-2025,440,6,28,47835.58,1708.41,22.18,10,10,9,1,1,0.9,0.111111111,0.111111111,0,4,0
C0383,31-12-2025,512,19,25,30051.88,1202.08,30.92,4,4,4,1,0,1,0.25,0,0,8,0
C0384,31-12-2025,68,5,3,5473.61,1824.54,10.5,3,3,3,1,0,1,0.333333333,0,0,6,0
C0388,31-12-2025,366,7,20,18173.5,908.68,22.73,6,6,5,3,2,0.833333333,0.6,0.4,0,10,0
C0389,31-12-2025,360,12,21,16037.27,763.68,21.25,3,3,3,0,0,1,0,0,0,4,0
C0390,31-12-2025,445,35,24,24781.52,1032.56,22.67,5,5,5,3,0,1,0.6,0,0,7,0
C0391,31-12-2025,667,2,62,81568.05,1315.61,13.5,4,4,4,1,0,1,0.25,0,0,9,0
C0393,31-12-2025,841,9,48,54556.15,1136.59,27.59,10,10,10,1,1,1,0.1,0.1,0,9,0
C0394,31-12-2025,280,15,17,35356.65,2079.8,14.42,3,3,1,0,0,0.333333333,0,0,0,6,0
C0395,31-12-2025,577,8,36,59816,1661.56,23.5,6,6,6,1,0,1,0.166666667,0,0,10,0
C0397,31-12-2025,561,13,37,22914.39,619.31,25.63,3,3,3,2,1,1,0.666666667,0.333333333,0,2,0
C0398,31-12-2025,370,0,12,16253.82,1354.48,38,3,3,3,1,1,1,0.333333333,0.333333333,0,8,0
C0399,31-12-2025,161,37,6,5147.6,857.93,40.5,2,2,2,2,1,1,1,0.5,0,6,0
C0401,31-12-2025,236,22,9,8445.42,938.38,15,5,5,5,2,0,1,0.4,0,0,7,0
C0402,31-12-2025,213,11,8,8614.5,1076.81,22.6,8,8,8,1,1,1,0.125,0.125,1,3,0
C0403,31-12-2025,681,8,33,22639.22,686.04,31.12,5,5,4,1,0,0.8,0.25,0,0,8,0
C0405,31-12-2025,440,276,15,8228.32,548.55,17.67,4,4,4,0,0,1,0,0,2,0,1
C0406,31-12-2025,635,53,26,34365.1,1321.73,22.53,3,3,3,0,0,1,0,0,0,11,0
C0408,31-12-2025,391,24,21,25470.74,1212.89,20.67,7,7,7,1,0,1,0.142857143,0,0,7,0
C0410,31-12-2025,538,1,31,59639.62,1923.86,28.29,2,2,1,0,0,0.5,0,0,0,14,0
C0411,31-12-2025,75,3,1,1288.42,1288.42,0,1,1,1,0,0,1,0,0,0,10,0
C0414,31-12-2025,258,38,16,23076.19,1442.26,21.33,8,8,5,2,0,0.625,0.4,0,4,9,0
C0415,31-12-2025,616,179,23,30644.97,1332.39,21.64,5,5,4,1,0,0.8,0.25,0,2,7,0
C0418,31-12-2025,436,77,13,13940.55,1072.35,25.6,7,7,5,1,0,0.714285714,0.2,0,0,0,1
C0419,31-12-2025,751,22,36,43700.83,1213.91,27.38,6,6,6,3,0,1,0.5,0,0,3,0
C0420,31-12-2025,325,24,16,20654.85,1290.93,31.89,4,4,4,2,1,1,0.5,0.25,1,6,0
C0422,31-12-2025,501,4,44,96978.18,2204.05,13.48,2,2,2,0,0,1,0,0,0,11,0
C0423,31-12-2025,417,61,9,10000.94,1111.22,40.17,2,2,2,0,0,1,0,0,1,13,0
C0424,31-12-2025,338,7,16,24924.78,1557.8,23.3,5,5,5,0,0,1,0,0,0,2,0
C0425,31-12-2025,653,248,16,11456.67,716.04,43.62,7,7,6,1,0,0.857142857,0.166666667,0,2,0,1
C0426,31-12-2025,178,3,8,11084.59,1385.57,27.8,3,3,3,1,1,1,0.333333333,0.333333333,0,13,0
C0427,31-12-2025,185,9,14,26138.55,1867.04,20.8,5,5,4,1,0,0.8,0.25,0,0,6,0
C0428,31-12-2025,646,52,50,91001.73,1820.03,17.93,4,4,4,4,2,1,1,0.5,0,24,0
C0429,31-12-2025,504,19,35,59345.41,1695.58,19.05,5,5,5,3,1,1,0.6,0.2,0,11,0
C0430,31-12-2025,666,181,22,18302.06,831.91,33.4,6,6,6,0,0,1,0,0,2,0,1
C0431,31-12-2025,72,4,1,1105.86,1105.86,0,1,1,1,1,0,1,1,0,0,16,0
C0432,31-12-2025,771,10,74,87841.85,1187.05,18,5,5,5,2,0,1,0.4,0,0,11,0
C0433,31-12-2025,69,11,2,3043.13,1521.56,22,1,1,1,1,1,1,1,1,0,12,0
C0434,31-12-2025,471,145,9,3856.41,428.49,42.4,5,5,5,3,0,1,0.6,0,3,3,0
C0435,31-12-2025,778,9,23,19734.25,858.01,37.87,2,2,2,0,0,1,0,0,0,7,0
C0436,31-12-2025,271,22,15,18925.81,1261.72,20.12,8,8,8,1,0,1,0.125,0,2,7,0
C0441,31-12-2025,626,2,46,78432.87,1705.06,23.52,4,4,4,2,0,1,0.5,0,0,10,0
C0442,31-12-2025,247,19,7,9082.81,1297.54,17.33,2,2,2,1,0,1,0.5,0,1,5,0
C0443,31-12-2025,199,31,12,13605.77,1133.81,26.5,8,8,7,1,0,0.875,0.142857143,0,0,0,1
C0444,31-12-2025,158,41,5,8565.81,1713.16,21.33,2,2,2,1,1,1,0.5,0.5,0,4,0
C0445,31-12-2025,794,6,67,56144.49,837.98,18.94,6,6,5,2,0,0.833333333,0.4,0,0,10,0
C0447,31-12-2025,374,12,12,14255.64,1187.97,38.5,8,8,8,3,0,1,0.375,0,0,10,0
C0448,31-12-2025,180,2,14,14783.24,1055.95,27.6,3,3,2,1,0,0.666666667,0.5,0,0,5,0
C0452,31-12-2025,570,44,35,46215.87,1320.45,24.17,5,5,5,0,0,1,0,0,1,7,0
C0453,31-12-2025,238,14,21,37036.69,1763.65,16.15,4,4,3,2,0,0.75,0.666666667,0,0,7,0
C0454,31-12-2025,559,41,45,80156.6,1781.26,19,6,6,6,2,1,1,0.333333333,0.166666667,0,11,0
C0455,31-12-2025,547,1,23,25184.61,1094.98,31.69,6,6,6,0,0,1,0,0,0,4,0
C0457,31-12-2025,325,143,8,4577.95,572.24,31.8,6,6,5,1,0,0.833333333,0.2,0,2,0,1
C0458,31-12-2025,469,3,36,37124.41,1031.23,17.8,3,3,3,1,1,1,0.333333333,0.333333333,0,5,0
C0459,31-12-2025,240,17,7,4330.53,618.65,17,7,7,7,3,0,1,0.428571429,0,1,5,0
C0460,31-12-2025,218,28,6,5988.7,998.12,67.5,4,4,4,1,0,1,0.25,0,0,2,0
C0461,31-12-2025,306,3,6,6662.43,1110.4,53,5,5,5,2,0,1,0.4,0,1,6,0
C0463,31-12-2025,641,30,41,50155.81,1223.31,23,3,3,3,0,0,1,0,0,0,11,0
C0464,31-12-2025,770,1,74,158170.79,2137.44,17.97,8,8,7,5,1,0.875,0.714285714,0.142857143,0,9,0
C0466,31-12-2025,466,15,27,24671.22,913.75,20.88,9,9,8,4,1,0.888888889,0.5,0.125,1,8,0
C0467,31-12-2025,299,31,9,13589.29,1509.92,17.83,10,10,10,3,1,1,0.3,0.1,1,9,0
C0469,31-12-2025,802,10,65,102155.95,1571.63,18.15,9,9,9,3,1,1,0.333333333,0.111111111,0,12,0
C0470,31-12-2025,309,9,19,19490.29,1025.8,22.42,2,2,2,1,0,1,0.5,0,0,7,0
C0471,31-12-2025,196,1,8,7325.37,915.67,18.2,2,2,2,1,0,1,0.5,0,0,10,0
C0473,31-12-2025,148,49,4,8584.48,2146.12,31.5,4,4,4,1,1,1,0.25,0.25,0,8,0
C0474,31-12-2025,78,25,5,2871.6,574.32,21.5,3,3,3,0,0,1,0,0,1,1,0
C0475,31-12-2025,641,4,34,33578.37,987.6,32.72,5,5,5,1,1,1,0.2,0.2,0,5,0
C0476,31-12-2025,260,17,8,9115.06,1139.38,42.75,6,6,6,2,2,1,0.333333333,0.333333333,1,9,0
C0477,31-12-2025,408,106,19,19755.71,1039.77,34.5,3,3,3,1,0,1,0.333333333,0,1,2,0
C0478,31-12-2025,759,10,39,42708.64,1095.09,27.23,6,6,6,3,0,1,0.5,0,0,5,0
C0479,31-12-2025,482,3,28,47815.87,1707.71,19.94,7,7,7,1,1,1,0.142857143,0.142857143,0,6,0
C0481,31-12-2025,558,8,29,34641.61,1194.54,23,7,7,7,3,0,1,0.428571429,0,0,3,0
C0482,31-12-2025,214,1,14,17558.57,1254.18,19,5,5,4,1,0,0.8,0.25,0,0,4,0
C0483,31-12-2025,157,157,17,8990.49,528.85,0,2,2,2,0,0,1,0,0,2,0,1
C0484,31-12-2025,545,41,22,28194.35,1281.56,42.64,6,6,5,1,1,0.833333333,0.2,0.2,1,7,0
C0485,31-12-2025,364,2,29,44862.92,1547,18.35,3,3,3,1,0,1,0.333333333,0,0,12,0
C0486,31-12-2025,426,17,16,23127.48,1445.47,32.8,4,4,4,1,1,1,0.25,0.25,0,4,0
C0487,31-12-2025,552,2,37,48482.51,1310.34,24,1,1,1,0,0,1,0,0,0,8,0
C0488,31-12-2025,306,6,18,15308.49,850.47,18.86,4,4,4,1,0,1,0.25,0,0,17,0
C0489,31-12-2025,421,27,21,21665.53,1031.69,27.42,6,6,4,0,0,0.666666667,0,0,1,2,0
C0490,31-12-2025,623,1,30,35003.84,1166.79,26.05,5,5,5,1,0,1,0.2,0,0,1,0
C0492,31-12-2025,537,21,36,64133.18,1781.48,16.68,3,3,3,1,0,1,0.333333333,0,0,10,0
C0493,31-12-2025,210,25,18,26292.85,1460.71,20.62,8,8,8,3,1,1,0.375,0.125,2,4,0
C0496,31-12-2025,35,5,3,2382.99,794.33,0,2,2,1,1,0,0.5,1,0,0,5,0
C0497,31-12-2025,242,28,7,5882.57,840.37,19,1,1,1,0,0,1,0,0,0,16,0
C0498,31-12-2025,188,29,3,4033.24,1344.41,30.5,1,1,1,1,0,1,1,0,0,9,0
C0499,31-12-2025,239,105,10,12073.7,1207.37,7,11,11,10,5,3,0.909090909,0.5,0.3,4,4,0
C0500,31-12-2025,199,5,9,11134.96,1237.22,42,3,3,3,1,0,1,0.333333333,0,0,8,0
C0501,31-12-2025,565,11,48,78556.53,1636.59,14.48,6,6,4,2,2,0.666666667,0.5,0.5,0,12,0
C0503,31-12-2025,690,75,24,15821.46,659.23,29.31,4,4,4,1,0,1,0.25,0,0,5,0
C0504,31-12-2025,429,9,28,58651.41,2094.69,22,1,1,1,1,1,1,1,1,0,4,0
C0506,31-12-2025,156,0,5,3808.72,761.74,75,4,4,4,2,2,1,0.5,0.5,0,8,0
C0507,31-12-2025,813,113,27,17339.83,642.22,43.08,5,5,4,0,0,0.8,0,0,1,0,1
C0508,31-12-2025,270,4,4,2603.06,650.76,44,3,3,3,1,0,1,0.333333333,0,0,2,0
C0509,31-12-2025,543,25,44,68330.7,1552.97,14.77,4,4,4,1,1,1,0.25,0.25,1,2,0
C0510,31-12-2025,830,3,83,151360.61,1823.62,15.53,5,5,5,0,0,1,0,0,0,20,0
C0511,31-12-2025,418,1,45,78214.65,1738.1,15.05,7,7,7,3,1,1,0.428571429,0.142857143,0,8,0
C0512,31-12-2025,193,15,5,5302.91,1060.58,34.5,0,0,0,0,0,0,0,0,0,5,0
C0513,31-12-2025,489,13,29,46451.24,1601.77,20.2,4,4,4,1,1,1,0.25,0.25,0,12,0
C0514,31-12-2025,286,11,12,12399.99,1033.33,21.78,4,4,4,1,0,1,0.25,0,0,9,0
C0515,31-12-2025,644,16,18,20003.38,1111.3,45.91,5,5,4,2,1,0.8,0.5,0.25,0,5,0
C0516,31-12-2025,623,141,21,19025.76,905.99,32.5,6,6,6,1,0,1,0.166666667,0,2,0,1
C0517,31-12-2025,81,3,9,8447.27,938.59,12.8,3,3,3,1,0,1,0.333333333,0,1,6,0
C0518,31-12-2025,172,29,3,4497.9,1499.3,83,5,5,5,2,0,1,0.4,0,2,9,0
C0519,31-12-2025,316,10,10,9988.22,998.82,29.71,4,4,4,2,2,1,0.5,0.5,0,7,0
C0521,31-12-2025,694,26,47,47170.88,1003.64,22.95,5,5,5,1,0,1,0.2,0,0,5,0
C0522,31-12-2025,459,38,10,8652.58,865.26,49.86,4,4,4,3,0,1,0.75,0,2,1,0
C0523,31-12-2025,499,2,12,10081.88,840.16,25.1,7,7,6,4,2,0.857142857,0.666666667,0.333333333,0,0,1
C0524,31-12-2025,611,1,59,97947.04,1660.12,16.45,4,4,4,3,2,1,0.75,0.5,0,10,0
C0525,31-12-2025,348,12,24,34179.09,1424.13,18.79,6,6,4,3,1,0.666666667,0.75,0.25,1,10,0
C0526,31-12-2025,851,10,19,20760.87,1092.68,51.08,5,5,4,2,1,0.8,0.5,0.25,1,7,0
C0530,31-12-2025,129,32,3,3177.83,1059.28,31,6,6,6,4,1,1,0.666666667,0.166666667,0,3,0
C0531,31-12-2025,169,5,5,11662.62,2332.52,24.67,2,2,2,1,0,1,0.5,0,0,13,0
C0533,31-12-2025,621,53,24,23809.54,992.06,42.42,7,7,7,1,1,1,0.142857143,0.142857143,1,2,0
C0534,31-12-2025,390,49,15,14590.42,972.69,22.12,6,6,6,5,2,1,0.833333333,0.333333333,1,5,0
C0535,31-12-2025,670,49,33,25918.41,785.41,25.57,7,7,5,0,0,0.714285714,0,0,0,8,0
C0536,31-12-2025,297,2,6,9054.67,1509.11,42.5,6,6,5,3,2,0.833333333,0.6,0.4,0,13,0
C0537,31-12-2025,756,27,31,31041.72,1001.35,21.95,4,4,4,0,0,1,0,0,1,4,0
C0538,31-12-2025,220,16,12,18059.85,1504.99,27.4,3,3,3,0,0,1,0,0,1,13,0
C0539,31-12-2025,80,80,12,9744.61,812.05,0,1,1,1,1,0,1,1,0,1,0,1
C0543,31-12-2025,552,4,22,16274.36,739.74,43.8,3,3,2,0,0,0.666666667,0,0,0,10,0
C0544,31-12-2025,424,1,23,32629.46,1418.67,23.82,4,4,4,1,0,1,0.25,0,0,7,0
C0545,31-12-2025,194,22,14,18444.29,1317.45,11.5,2,2,2,1,0,1,0.5,0,0,5,0
C0546,31-12-2025,106,72,6,3603.6,600.6,11,3,3,2,0,0,0.666666667,0,0,2,6,0
C0547,31-12-2025,594,35,37,40108.42,1084.01,22.68,7,7,5,1,0,0.714285714,0.2,0,0,10,0
C0549,31-12-2025,821,1,38,56441.29,1485.3,31.05,8,8,8,2,0,1,0.25,0,0,2,0
C0550,31-12-2025,292,61,10,5214.8,521.48,23.4,2,2,1,0,0,0.5,0,0,1,5,0
C0554,31-12-2025,403,36,13,11848.84,911.45,34.62,5,5,4,2,1,0.8,0.5,0.25,1,4,0
C0556,31-12-2025,256,14,12,8850.72,737.56,56,4,4,3,0,0,0.75,0,0,0,1,0
C0558,31-12-2025,636,44,60,79834.25,1330.57,16.25,5,5,5,2,1,1,0.4,0.2,0,8,0
C0561,31-12-2025,816,32,47,64054.56,1362.86,25.64,8,8,7,3,1,0.875,0.428571429,0.142857143,0,9,0
C0562,31-12-2025,655,16,26,21691.97,834.31,42.08,5,5,4,0,0,0.8,0,0,0,5,0
C0564,31-12-2025,343,15,18,15787.3,877.07,32.11,3,3,3,0,0,1,0,0,1,9,0
C0566,31-12-2025,84,0,1,996.05,996.05,0,0,0,0,0,0,0,0,0,0,10,0
C0567,31-12-2025,827,7,57,98997.93,1736.81,22.18,7,7,5,2,1,0.714285714,0.4,0.2,0,8,0
C0568,31-12-2025,785,6,76,100553.16,1323.07,13.79,8,8,8,5,2,1,0.625,0.25,0,16,0
C0569,31-12-2025,294,9,9,9977.41,1108.6,50.8,5,5,5,1,1,1,0.2,0.2,0,6,0
C0570,31-12-2025,126,12,3,3091.37,1030.46,67,2,2,2,1,0,1,0.5,0,0,15,0
C0571,31-12-2025,311,1,14,16677.08,1191.22,25.33,4,4,4,1,0,1,0.25,0,0,5,0
C0572,31-12-2025,371,102,9,10311.78,1145.75,37.4,5,5,4,0,0,0.8,0,0,1,2,0
C0574,31-12-2025,207,3,14,14185.74,1013.27,18.75,3,3,2,1,0,0.666666667,0.5,0,0,3,0
C0575,31-12-2025,828,94,33,42181.65,1278.23,25.04,8,8,8,3,1,1,0.375,0.125,3,7,0
C0577,31-12-2025,276,13,12,21311.21,1775.93,25.33,4,4,3,0,0,0.75,0,0,0,4,0
C0578,31-12-2025,735,71,27,18968.35,702.53,37.14,4,4,4,0,0,1,0,0,0,7,0
C0579,31-12-2025,668,76,40,48999.69,1224.99,15.79,1,1,1,1,1,1,1,1,0,5,0
C0580,31-12-2025,746,20,54,108202.99,2003.76,18.58,7,7,6,2,0,0.857142857,0.333333333,0,0,7,0
C0581,31-12-2025,649,11,56,69880.82,1247.87,16.5,2,2,2,1,0,1,0.5,0,0,8,0
C0582,31-12-2025,350,0,15,24849.55,1656.64,22.5,4,4,4,0,0,1,0,0,0,9,0
C0583,31-12-2025,509,0,31,42014.28,1355.3,19.68,5,5,4,2,1,0.8,0.5,0.25,0,13,0
C0584,31-12-2025,134,134,14,7381.63,527.26,0,2,2,1,1,0,0.5,1,0,2,0,1
C0585,31-12-2025,239,32,8,4980.9,622.61,29.2,5,5,5,3,2,1,0.6,0.4,1,0,1
C0586,31-12-2025,262,1,12,11269.82,939.15,30,3,3,3,1,1,1,0.333333333,0.333333333,0,5,0
C0587,31-12-2025,554,282,5,6288.39,1257.68,35.5,8,8,8,2,1,1,0.25,0.125,5,0,1
C0588,31-12-2025,823,50,48,46443.05,967.56,36.94,8,8,6,5,2,0.75,0.833333333,0.333333333,1,3,0
C0589,31-12-2025,346,45,8,8443.57,1055.45,28,5,5,4,0,0,0.8,0,0,0,10,0
C0590,31-12-2025,384,13,26,24283.61,933.98,18.54,4,4,3,1,0,0.75,0.333333333,0,0,2,0
C0595,31-12-2025,118,7,4,4027.36,1006.84,43,1,1,1,0,0,1,0,0,0,9,0
C0596,31-12-2025,690,20,75,102700.61,1369.34,14.75,8,8,8,3,1,1,0.375,0.125,0,9,0
C0597,31-12-2025,554,8,24,24908.6,1037.86,34.64,9,9,8,1,1,0.888888889,0.125,0.125,0,14,0
C0598,31-12-2025,65,19,3,2713.37,904.46,25,4,4,3,2,1,0.75,0.666666667,0.333333333,0,7,0
C0599,31-12-2025,87,18,5,4226.63,845.33,27,1,1,1,0,0,1,0,0,0,5,0
C0600,31-12-2025,612,32,44,59545.39,1353.3,16.41,5,5,4,1,0,0.8,0.25,0,0,11,0
C0601,31-12-2025,760,214,30,14862.92,495.43,27.83,6,6,4,0,0,0.666666667,0,0,6,0,1
C0602,31-12-2025,562,8,28,26251.98,937.57,28.47,2,2,2,1,1,1,0.5,0.5,0,3,0
C0603,31-12-2025,649,7,59,83211.49,1410.36,14.97,6,6,6,2,1,1,0.333333333,0.166666667,0,8,0
C0604,31-12-2025,115,25,2,1721.2,860.6,18,1,1,1,0,0,1,0,0,0,16,0
C0605,31-12-2025,528,2,65,135866.99,2090.26,12.17,6,6,6,1,0,1,0.166666667,0,0,15,0
C0606,31-12-2025,663,15,26,21643.15,832.43,30.53,4,4,3,0,0,0.75,0,0,1,11,0
C0607,31-12-2025,539,41,7,6350.28,907.18,97,7,7,7,1,1,1,0.142857143,0.142857143,2,5,0
C0608,31-12-2025,422,374,5,3690.02,738,14.67,9,9,8,4,1,0.888888889,0.5,0.125,8,0,1
C0609,31-12-2025,715,87,21,18089.17,861.39,51.5,6,6,6,3,0,1,0.5,0,3,5,0
C0614,31-12-2025,312,3,13,19466.48,1497.42,23.12,4,4,4,2,0,1,0.5,0,0,11,0
C0615,31-12-2025,280,10,15,15507.35,1033.82,21.78,3,3,3,1,1,1,0.333333333,0.333333333,0,6,0
C0616,31-12-2025,362,0,36,41478.35,1152.18,14.24,2,2,2,1,0,1,0.5,0,0,22,0
C0617,31-12-2025,720,0,69,111931.15,1622.19,15.44,6,6,5,0,0,0.833333333,0,0,0,17,0
C0618,31-12-2025,147,94,1,402.53,402.53,0,1,1,1,0,0,1,0,0,1,5,0
C0619,31-12-2025,306,120,7,3507.94,501.13,34.33,4,4,3,1,1,0.75,0.333333333,0.333333333,2,3,0
C0620,31-12-2025,123,20,4,8287.28,2071.82,9,2,2,2,0,0,1,0,0,0,7,0
C0621,31-12-2025,730,13,25,22259.27,890.37,35.95,3,3,2,0,0,0.666666667,0,0,0,5,0
C0623,31-12-2025,494,179,12,10312.13,859.34,20.5,7,7,6,1,0,0.857142857,0.166666667,0,2,0,1
C0625,31-12-2025,476,13,21,18064.18,860.2,29.8,6,6,5,3,2,0.833333333,0.6,0.4,1,6,0
C0626,31-12-2025,641,2,16,9455.39,590.96,39.91,6,6,5,2,0,0.833333333,0.4,0,0,7,0
C0629,31-12-2025,820,24,48,110360.44,2299.18,24.75,10,10,9,1,0,0.9,0.111111111,0,0,4,0
C0630,31-12-2025,93,12,6,10939.25,1823.21,21,0,0,0,0,0,0,0,0,0,13,0
C0632,31-12-2025,490,27,30,43973.12,1465.77,24.27,8,8,7,1,1,0.875,0.142857143,0.142857143,0,13,0
C0633,31-12-2025,221,43,6,5329.61,888.27,27,4,4,3,0,0,0.75,0,0,0,4,0
C0634,31-12-2025,221,14,9,16690.74,1854.53,18.67,2,2,2,1,0,1,0.5,0,0,9,0
C0635,31-12-2025,246,5,11,18826.89,1711.54,28.57,5,5,5,1,0,1,0.2,0,0,9,0
C0636,31-12-2025,830,4,77,116440.64,1512.22,15.28,6,6,6,2,0,1,0.333333333,0,0,17,0
C0637,31-12-2025,382,1,14,10527.59,751.97,29.89,4,4,4,1,0,1,0.25,0,0,4,0
C0638,31-12-2025,131,57,2,1218.04,609.02,67,3,3,3,1,0,1,0.333333333,0,1,9,0
C0640,31-12-2025,32,15,3,2503.29,834.43,0,0,0,0,0,0,0,0,0,0,2,0
C0641,31-12-2025,650,9,35,33720.02,963.43,27.8,7,7,6,3,2,0.857142857,0.5,0.333333333,0,6,0
C0642,31-12-2025,281,17,10,10644.41,1064.44,32.5,1,1,1,0,0,1,0,0,0,9,0
C0643,31-12-2025,367,15,22,35927.33,1633.06,18.73,1,1,1,0,0,1,0,0,0,10,0
C0644,31-12-2025,176,29,5,7901.84,1580.37,2.5,3,3,3,1,0,1,0.333333333,0,0,6,0
C0646,31-12-2025,632,5,38,40840.36,1074.75,31.26,5,5,5,0,0,1,0,0,0,3,0
C0649,31-12-2025,538,6,45,94888.59,2108.64,19.04,7,7,7,2,1,1,0.285714286,0.142857143,0,5,0
C0650,31-12-2025,238,8,24,50028.39,2084.52,14.83,1,1,1,0,0,1,0,0,0,11,0
C0652,31-12-2025,536,46,31,42633.64,1375.28,30.19,5,5,5,0,0,1,0,0,0,7,0
C0653,31-12-2025,25,0,1,636.87,636.87,0,0,0,0,0,0,0,0,0,0,6,0
C0654,31-12-2025,801,39,30,23207.97,773.6,38.56,6,6,6,2,0,1,0.333333333,0,1,2,0
C0655,31-12-2025,829,1,75,85585.06,1141.13,17.82,11,11,10,1,1,0.909090909,0.1,0.1,0,8,0
C0656,31-12-2025,578,95,12,11766.65,980.55,57.43,5,5,5,0,0,1,0,0,1,2,0
C0657,31-12-2025,699,1,32,34654.66,1082.96,29.83,7,7,7,1,0,1,0.142857143,0,0,11,0
C0659,31-12-2025,169,22,7,5394.38,770.63,32,5,5,4,0,0,0.8,0,0,2,6,0
C0660,31-12-2025,396,42,15,9339.78,622.65,25.75,2,2,2,0,0,1,0,0,0,11,0
C0661,31-12-2025,838,18,76,80240.96,1055.8,15.02,8,8,8,5,3,1,0.625,0.375,0,11,0
C0662,31-12-2025,347,18,25,38136.13,1525.45,13.67,4,4,4,0,0,1,0,0,0,0,1
C0665,31-12-2025,382,21,25,27974.98,1119,23.27,4,4,4,1,0,1,0.25,0,0,8,0
C0666,31-12-2025,422,28,31,40459.71,1305.15,16.43,7,7,7,3,0,1,0.428571429,0,0,9,0
C0669,31-12-2025,687,2,47,76466.85,1626.95,23.56,5,5,5,0,0,1,0,0,0,2,0
C0670,31-12-2025,431,6,30,39486.75,1316.22,20.72,6,6,6,1,0,1,0.166666667,0,0,15,0
C0671,31-12-2025,173,28,4,3088.17,772.04,61.5,5,5,5,2,1,1,0.4,0.2,0,10,0
C0672,31-12-2025,202,45,9,14987.72,1665.3,28.25,4,4,3,2,0,0.75,0.666666667,0,1,8,0
C0673,31-12-2025,727,9,80,87034.11,1087.93,18.83,5,5,5,2,0,1,0.4,0,0,1,0
C0674,31-12-2025,349,0,26,81575.59,3137.52,19.69,3,3,3,3,0,1,1,0,0,9,0
C0675,31-12-2025,747,26,52,97924.16,1883.16,20.81,3,3,3,0,0,1,0,0,0,9,0
C0676,31-12-2025,735,2,58,79722.06,1374.52,17.25,9,9,7,5,1,0.777777778,0.714285714,0.142857143,0,4,0
C0677,31-12-2025,442,1,26,27646.28,1063.32,22.88,5,5,5,0,0,1,0,0,0,11,0
C0678,31-12-2025,648,62,34,52127.57,1533.16,28.22,6,6,5,1,1,0.833333333,0.2,0.2,1,5,0
C0679,31-12-2025,153,46,4,3083.28,770.82,81,2,2,2,1,0,1,0.5,0,1,8,0
C0680,31-12-2025,761,203,25,13444.4,537.78,25.86,7,7,6,2,0,0.857142857,0.333333333,0,0,0,1
C0681,31-12-2025,649,14,73,148575.57,2035.28,15.42,3,3,3,0,0,1,0,0,0,11,0
C0682,31-12-2025,395,0,29,38082.6,1313.19,18.31,3,3,3,0,0,1,0,0,0,10,0
C0683,31-12-2025,740,6,52,75158.27,1445.35,22.4,9,9,9,3,0,1,0.333333333,0,0,4,0
C0684,31-12-2025,559,16,58,114893.06,1980.91,16.17,8,8,7,3,1,0.875,0.428571429,0.142857143,0,9,0
C0685,31-12-2025,27,27,2,1790.92,895.46,0,0,0,0,0,0,0,0,0,0,0,1
C0686,31-12-2025,486,13,14,11463.56,818.83,41.4,5,5,5,1,1,1,0.2,0.2,0,14,0
C0687,31-12-2025,842,1,52,81308.8,1563.63,24.36,3,3,3,1,0,1,0.333333333,0,0,6,0
C0688,31-12-2025,386,2,28,24384.92,870.89,17.5,1,1,1,0,0,1,0,0,0,8,0
C0689,31-12-2025,108,54,1,1795.3,1795.3,0,3,3,3,1,0,1,0.333333333,0,2,2,0
C0690,31-12-2025,350,5,21,39593.05,1885.38,20.58,2,2,2,1,0,1,0.5,0,0,13,0
C0694,31-12-2025,40,29,1,1370.27,1370.27,0,0,0,0,0,0,0,0,0,0,1,0
C0697,31-12-2025,671,276,13,9910.1,762.32,48.33,7,7,7,2,1,1,0.285714286,0.142857143,2,0,1
C0698,31-12-2025,643,4,43,62205.3,1446.63,26.52,1,1,1,1,0,1,1,0,0,3,0
C0699,31-12-2025,842,16,72,140680.81,1953.9,16.2,7,7,6,5,1,0.857142857,0.833333333,0.166666667,1,9,0
C0700,31-12-2025,817,1,71,94683.77,1333.57,20.47,6,6,6,4,2,1,0.666666667,0.333333333,0,15,0
C0701,31-12-2025,355,10,15,32836.71,2189.11,29.5,2,2,2,1,0,1,0.5,0,0,21,0
C0702,31-12-2025,643,11,40,27967.71,699.19,26.26,4,4,4,2,1,1,0.5,0.25,0,6,0
C0703,31-12-2025,688,8,70,125218.38,1788.83,16.82,7,7,7,1,0,1,0.142857143,0,0,16,0
C0704,31-12-2025,457,16,19,17915.19,942.9,34.67,6,6,5,0,0,0.833333333,0,0,0,0,1
C0706,31-12-2025,667,278,17,9821.61,577.74,51.67,5,5,5,2,1,1,0.4,0.2,1,0,1
C0708,31-12-2025,315,2,5,4269.8,853.96,46,4,4,3,0,0,0.75,0,0,0,0,1
C0710,31-12-2025,185,10,9,11468.88,1274.32,29.6,3,3,3,0,0,1,0,0,0,10,0
C0712,31-12-2025,238,38,8,6681.67,835.21,59.67,4,4,4,0,0,1,0,0,0,9,0
C0713,31-12-2025,636,5,39,43456.55,1114.27,22.08,4,4,4,1,0,1,0.25,0,0,0,1
C0714,31-12-2025,340,1,29,29849.41,1029.29,20.47,5,5,5,2,0,1,0.4,0,0,13,0
C0715,31-12-2025,627,2,57,99040.25,1737.55,16.06,3,3,3,1,1,1,0.333333333,0.333333333,0,17,0
C0716,31-12-2025,762,46,31,30387.74,980.25,31,4,4,4,2,0,1,0.5,0,0,3,0
C0717,31-12-2025,310,10,17,15442.61,908.39,29.78,3,3,2,1,0,0.666666667,0.5,0,0,1,0
C0718,31-12-2025,375,14,26,49175.84,1891.38,20.71,4,4,4,4,2,1,1,0.5,0,7,0
C0719,31-12-2025,247,9,17,29504.53,1735.56,12.07,3,3,3,3,0,1,1,0,0,14,0
C0720,31-12-2025,187,5,13,8105.98,623.54,17.12,5,5,4,3,0,0.8,0.75,0,0,0,1
C0721,31-12-2025,740,69,26,17699.18,680.74,49,6,6,6,3,1,1,0.5,0.166666667,0,2,0
C0723,31-12-2025,617,6,36,38692.29,1074.79,24.86,3,3,2,0,0,0.666666667,0,0,0,0,1
C0724,31-12-2025,588,3,40,39583.73,989.59,22.74,4,4,4,3,1,1,0.75,0.25,0,3,0
C0726,31-12-2025,693,38,15,11139.89,742.66,38.45,6,6,6,1,0,1,0.166666667,0,0,6,0
C0728,31-12-2025,342,24,18,25234.66,1401.93,18.64,1,1,1,0,0,1,0,0,1,9,0
C0729,31-12-2025,516,3,43,67230.95,1563.51,17.19,8,8,6,1,0,0.75,0.166666667,0,0,12,0
C0730,31-12-2025,588,4,43,80208.63,1865.32,17.36,4,4,4,4,3,1,1,0.75,0,11,0
C0731,31-12-2025,436,80,17,13490.83,793.58,22.3,2,2,2,1,1,1,0.5,0.5,0,2,0
C0732,31-12-2025,836,332,21,16306.99,776.52,30.83,7,7,6,2,0,0.857142857,0.333333333,0,2,0,1
C0733,31-12-2025,361,7,21,37761.27,1798.16,21.33,2,2,2,2,1,1,1,0.5,0,7,0
C0735,31-12-2025,442,18,26,21289.92,818.84,20.8,1,1,1,1,0,1,1,0,0,5,0
C0736,31-12-2025,562,2,33,65560.99,1986.7,23.78,12,12,12,3,2,1,0.25,0.166666667,0,11,0
C0738,31-12-2025,202,9,10,11404.26,1140.43,55.5,4,4,3,0,0,0.75,0,0,0,10,0
C0743,31-12-2025,452,14,33,48507.39,1469.92,22.06,3,3,3,0,0,1,0,0,0,12,0
C0745,31-12-2025,453,28,17,13616.73,800.98,34.5,5,5,4,1,0,0.8,0.25,0,1,0,1
C0746,31-12-2025,653,60,32,31707.07,990.85,26.06,8,8,8,4,0,1,0.5,0,2,0,1
C0748,31-12-2025,580,11,23,21678.51,942.54,32.54,4,4,4,2,1,1,0.5,0.25,0,7,0
C0749,31-12-2025,202,93,4,4548.76,1137.19,85,8,8,7,0,0,0.875,0,0,5,1,0
C0752,31-12-2025,442,164,24,20614.36,858.93,23.91,5,5,4,0,0,0.8,0,0,1,0,1
C0753,31-12-2025,150,6,7,13990.15,1998.59,15.75,3,3,3,1,0,1,0.333333333,0,0,6,0
C0754,31-12-2025,538,20,52,66851.12,1285.6,14.57,4,4,3,1,1,0.75,0.333333333,0.333333333,0,19,0
C0755,31-12-2025,170,0,12,15468.83,1289.07,42,3,3,3,1,0,1,0.333333333,0,0,10,0
C0756,31-12-2025,388,12,32,38132.59,1191.64,21.93,6,6,6,2,1,1,0.333333333,0.166666667,0,9,0
C0757,31-12-2025,315,20,26,34434.73,1324.41,18.71,4,4,4,1,0,1,0.25,0,2,12,0
C0758,31-12-2025,306,3,16,11871.81,741.99,22.33,2,2,1,0,0,0.5,0,0,0,0,1
C0759,31-12-2025,674,4,21,24328.48,1158.5,33.44,6,6,6,1,0,1,0.166666667,0,0,12,0
C0761,31-12-2025,412,36,11,10625.53,965.96,45.5,3,3,3,3,1,1,1,0.333333333,1,5,0
C0763,31-12-2025,787,30,35,41709.42,1191.7,32.67,4,4,4,1,0,1,0.25,0,0,5,0
C0764,31-12-2025,350,51,30,52560.91,1752.03,11.54,5,5,4,2,1,0.8,0.5,0.25,1,14,0
C0766,31-12-2025,579,10,46,65774.23,1429.87,18.31,5,5,4,2,0,0.8,0.5,0,0,9,0
C0767,31-12-2025,351,9,12,22650.42,1887.54,30.12,5,5,4,3,1,0.8,0.75,0.25,1,21,0
C0768,31-12-2025,327,29,20,30553.64,1527.68,16.42,5,5,3,1,0,0.6,0.333333333,0,0,4,0
C0769,31-12-2025,546,3,43,66571,1548.16,16.36,3,3,2,1,0,0.666666667,0.5,0,0,19,0
C0770,31-12-2025,417,1,18,17775.62,987.53,32.44,4,4,4,1,0,1,0.25,0,0,11,0
C0771,31-12-2025,736,18,19,14129.1,743.64,52.2,6,6,4,0,0,0.666666667,0,0,0,4,0
C0772,31-12-2025,145,35,4,3090.86,772.71,9,2,2,2,2,2,1,1,1,1,9,0
C0773,31-12-2025,385,8,21,33521.47,1596.26,24.7,7,7,7,4,2,1,0.571428571,0.285714286,0,11,0
C0774,31-12-2025,743,29,35,42080.55,1202.3,24.41,6,6,5,0,0,0.833333333,0,0,0,5,0
C0775,31-12-2025,401,167,18,11670.24,648.35,20.5,4,4,3,0,0,0.75,0,0,1,0,1
C0777,31-12-2025,366,10,18,14871.63,826.2,22.89,8,8,7,1,0,0.875,0.142857143,0,1,6,0
C0778,31-12-2025,219,27,8,9123.1,1140.39,19,8,8,7,3,0,0.875,0.428571429,0,2,8,0
C0779,31-12-2025,123,19,7,5152.08,736.01,18.33,1,1,1,1,0,1,1,0,0,0,1
C0780,31-12-2025,792,15,34,37154.69,1092.79,29.7,4,4,4,1,1,1,0.25,0.25,0,3,0
C0782,31-12-2025,825,5,32,31009.19,969.04,36.42,11,11,10,1,0,0.909090909,0.1,0,0,5,0
C0784,31-12-2025,9,9,5,4320.1,864.02,0,0,0,0,0,0,0,0,0,0,0,1
C0786,31-12-2025,829,4,58,52362.53,902.8,26.7,4,4,3,0,0,0.75,0,0,0,7,0
C0787,31-12-2025,845,5,50,43862.26,877.25,25.79,6,6,5,1,0,0.833333333,0.2,0,0,4,0
C0788,31-12-2025,273,22,7,6192.18,884.6,67.67,6,6,5,3,1,0.833333333,0.6,0.2,0,2,0
C0789,31-12-2025,193,19,10,17366,1736.6,38.75,9,9,8,2,1,0.888888889,0.25,0.125,0,4,0
C0791,31-12-2025,246,62,5,5313.52,1062.7,30,3,3,3,1,0,1,0.333333333,0,0,5,0
C0792,31-12-2025,108,19,1,420.8,420.8,0,3,3,3,2,1,1,0.666666667,0.333333333,0,5,0
C0794,31-12-2025,832,27,31,29209.04,942.23,46.07,8,8,6,2,0,0.75,0.333333333,0,0,12,0
C0795,31-12-2025,678,61,17,14905.77,876.81,62.22,5,5,4,1,1,0.8,0.25,0.25,2,2,0
C0796,31-12-2025,558,20,25,24937.34,997.49,23,2,2,2,1,1,1,0.5,0.5,0,8,0
C0798,31-12-2025,231,3,8,7684.93,960.62,48,5,5,4,1,0,0.8,0.25,0,0,13,0
C0800,31-12-2025,115,27,1,574.93,574.93,0,2,2,2,0,0,1,0,0,1,7,0
C0801,31-12-2025,341,6,16,15200.94,950.06,42,10,10,9,1,1,0.9,0.111111111,0.111111111,0,4,0
C0802,31-12-2025,265,8,10,10744.07,1074.41,25.33,5,5,4,1,0,0.8,0.25,0,0,7,0
C0803,31-12-2025,147,33,3,3669.22,1223.07,39,2,2,2,0,0,1,0,0,0,4,0
C0804,31-12-2025,375,25,28,24089.7,860.35,19.54,7,7,7,0,0,1,0,0,0,0,1
C0805,31-12-2025,806,7,41,51619.16,1259,28.21,8,8,8,1,0,1,0.125,0,0,11,0
C0806,31-12-2025,378,35,23,16258.32,706.88,23.42,4,4,4,0,0,1,0,0,0,2,0
C0807,31-12-2025,618,16,22,16424.2,746.55,29.92,7,7,6,3,0,0.857142857,0.5,0,0,4,0
C0809,31-12-2025,659,43,44,86029.38,1955.21,20.24,6,6,6,2,1,1,0.333333333,0.166666667,1,6,0
C0810,31-12-2025,444,19,16,24766.46,1547.9,26.1,9,9,8,2,0,0.888888889,0.25,0,0,9,0
C0812,31-12-2025,407,278,12,4839.86,403.32,12.86,6,6,6,2,0,1,0.333333333,0,4,0,1
C0814,31-12-2025,238,23,11,7335.95,666.9,23.29,6,6,4,0,0,0.666666667,0,0,0,2,0
C0815,31-12-2025,236,9,3,2288.28,762.76,59.5,3,3,3,0,0,1,0,0,0,2,0
C0817,31-12-2025,454,17,33,49432.39,1497.95,19.11,7,7,7,2,1,1,0.285714286,0.142857143,0,9,0
C0818,31-12-2025,773,2,59,139806.58,2369.6,18.32,4,4,4,3,0,1,0.75,0,0,12,0
C0819,31-12-2025,801,32,45,94911.33,2109.14,21.87,8,8,7,2,1,0.875,0.285714286,0.142857143,0,9,0
C0820,31-12-2025,143,25,4,2806.11,701.53,37,4,4,4,2,1,1,0.5,0.25,1,3,0
C0821,31-12-2025,837,50,49,83916.25,1712.58,23.07,6,6,6,1,1,1,0.166666667,0.166666667,0,7,0
C0823,31-12-2025,534,20,35,43018.7,1229.11,19.38,4,4,4,1,0,1,0.25,0,0,15,0
C0826,31-12-2025,493,1,41,46388.49,1131.43,15.14,7,7,6,4,0,0.857142857,0.666666667,0,0,16,0
C0827,31-12-2025,680,33,35,47083.27,1345.24,19.24,8,8,8,2,0,1,0.25,0,1,4,0
C0828,31-12-2025,236,11,8,9931.16,1241.4,42,4,4,3,2,1,0.75,0.666666667,0.333333333,0,4,0
C0829,31-12-2025,646,30,16,11931.02,745.69,62.12,8,8,6,4,1,0.75,0.666666667,0.166666667,1,1,0
C0830,31-12-2025,161,10,3,2792.39,930.8,14.5,2,2,2,1,1,1,0.5,0.5,1,18,0
C0832,31-12-2025,286,18,18,16716.89,928.72,28,4,4,4,3,1,1,0.75,0.25,1,5,0
C0833,31-12-2025,359,28,17,8255.51,485.62,33.17,6,6,6,0,0,1,0,0,0,1,0
C0834,31-12-2025,188,11,10,8643.65,864.36,27.25,5,5,4,0,0,0.8,0,0,1,11,0
C0835,31-12-2025,693,68,40,30964.41,774.11,23.5,9,9,9,1,1,1,0.111111111,0.111111111,0,5,0
C0836,31-12-2025,195,4,1,774.2,774.2,0,3,3,3,0,0,1,0,0,0,1,0
C0837,31-12-2025,172,4,4,5458.23,1364.56,42.5,7,7,7,2,1,1,0.285714286,0.142857143,0,9,0
C0838,31-12-2025,791,81,23,17097.64,743.38,41.36,5,5,4,0,0,0.8,0,0,1,1,0
C0839,31-12-2025,643,26,30,66830.67,2227.69,25.21,6,6,6,0,0,1,0,0,3,11,0
C0840,31-12-2025,339,0,18,16897.25,938.74,31,7,7,7,1,1,1,0.142857143,0.142857143,0,1,0
C0841,31-12-2025,670,10,50,58709.29,1174.19,22.12,6,6,6,1,1,1,0.166666667,0.166666667,0,10,0
C0844,31-12-2025,371,4,30,59380.56,1979.35,14.67,5,5,5,1,1,1,0.2,0.2,0,11,0
C0846,31-12-2025,57,13,2,1642.92,821.46,0,1,1,1,1,0,1,1,0,0,12,0
C0848,31-12-2025,88,3,3,2745.04,915.01,17,4,4,4,1,0,1,0.25,0,0,14,0
C0849,31-12-2025,818,22,78,129398.38,1658.95,17.4,7,7,6,2,0,0.857142857,0.333333333,0,0,6,0
C0850,31-12-2025,162,5,11,19876.36,1806.94,12.4,4,4,4,3,3,1,0.75,0.75,0,16,0
C0851,31-12-2025,331,162,13,12551.91,965.53,22.83,3,3,3,0,0,1,0,0,1,0,1
C0852,31-12-2025,524,7,44,83037.73,1887.22,14.59,7,7,5,2,0,0.714285714,0.4,0,0,20,0
C0854,31-12-2025,484,17,17,13330.07,784.12,50.33,5,5,4,1,0,0.8,0.25,0,0,1,0
C0855,31-12-2025,580,149,8,5561.79,695.22,92.5,5,5,5,0,0,1,0,0,1,4,0
C0857,31-12-2025,607,9,49,101601.91,2073.51,14.53,5,5,5,3,2,1,0.6,0.4,0,23,0
C0858,31-12-2025,387,215,25,10983.23,439.33,11.77,1,1,1,0,0,1,0,0,1,0,1
C0859,31-12-2025,398,3,30,42677.77,1422.59,24.2,6,6,5,2,2,0.833333333,0.4,0.4,0,18,0
C0860,31-12-2025,176,0,3,3558.57,1186.19,54.5,3,3,2,1,1,0.666666667,0.5,0.5,0,10,0
C0864,31-12-2025,476,16,25,48889.25,1955.57,18.22,4,4,4,0,0,1,0,0,0,12,0
C0866,31-12-2025,406,7,21,23742.77,1130.61,25.92,4,4,4,2,0,1,0.5,0,0,10,0
C0867,31-12-2025,804,237,17,12181.01,716.53,54.8,11,11,10,2,0,0.909090909,0.2,0,5,0,1
C0870,31-12-2025,839,11,50,74494.34,1489.89,22.2,4,4,2,0,0,0.5,0,0,0,6,0
C0871,31-12-2025,511,3,48,97322.24,2027.55,16.26,3,3,3,2,1,1,0.666666667,0.333333333,0,7,0
C0872,31-12-2025,437,3,18,28223.7,1567.98,34.18,8,8,7,2,1,0.875,0.285714286,0.142857143,1,16,0
C0873,31-12-2025,455,18,32,43439.54,1357.49,17.58,6,6,4,2,1,0.666666667,0.5,0.25,0,17,0
C0875,31-12-2025,237,5,15,19607.21,1307.15,16.89,5,5,3,0,0,0.6,0,0,0,6,0
C0876,31-12-2025,618,0,59,55528.23,941.16,13.92,10,10,10,5,1,1,0.5,0.1,0,8,0
C0877,31-12-2025,212,27,7,5610.84,801.55,33,1,1,1,0,0,1,0,0,1,9,0
C0879,31-12-2025,710,31,31,24500.92,790.35,28.71,6,6,6,0,0,1,0,0,1,5,0
C0880,31-12-2025,571,47,16,13067.48,816.72,44.22,9,9,8,2,1,0.888888889,0.25,0.125,1,4,0
C0881,31-12-2025,532,19,23,22727.52,988.15,19,6,6,6,3,0,1,0.5,0,0,14,0
C0882,31-12-2025,832,325,20,12179.17,608.96,24.21,8,8,6,2,1,0.75,0.333333333,0.166666667,4,0,1
C0883,31-12-2025,312,28,7,6871.9,981.7,53.5,6,6,6,1,0,1,0.166666667,0,1,10,0
C0885,31-12-2025,795,19,34,29624.69,871.31,34.33,2,2,2,0,0,1,0,0,0,7,0
C0887,31-12-2025,520,1,20,19652.16,982.61,44.82,7,7,7,3,1,1,0.428571429,0.142857143,0,2,0
C0890,31-12-2025,791,1,53,64718.27,1221.1,26.31,8,8,7,5,1,0.875,0.714285714,0.142857143,0,8,0
C0891,31-12-2025,5,5,4,2476.31,619.08,0,0,0,0,0,0,0,0,0,0,0,1
C0893,31-12-2025,118,3,3,2810.28,936.76,0,3,3,2,0,0,0.666666667,0,0,0,5,0
C0894,31-12-2025,103,23,4,6891.88,1722.97,29,1,1,1,0,0,1,0,0,0,6,0
C0895,31-12-2025,640,1,45,61507.51,1366.83,17.42,8,8,8,3,1,1,0.375,0.125,0,12,0
C0896,31-12-2025,314,24,19,30372.49,1598.55,23.1,5,5,5,2,0,1,0.4,0,0,19,0
C0897,31-12-2025,830,5,66,113170.76,1714.71,18.22,5,5,5,1,0,1,0.2,0,0,9,0
C0898,31-12-2025,688,18,57,66063.83,1159.01,21.26,5,5,5,2,0,1,0.4,0,1,9,0
C0899,31-12-2025,625,7,29,26062.32,898.7,33.18,6,6,6,2,1,1,0.333333333,0.166666667,0,12,0
C0900,31-12-2025,203,2,4,9167.47,2291.87,24.67,3,3,3,1,1,1,0.333333333,0.333333333,0,18,0
C0902,31-12-2025,294,9,20,30090.57,1504.53,21.78,5,5,4,1,0,0.8,0.25,0,0,9,0
C0904,31-12-2025,770,12,26,25558.89,983.03,45.2,8,8,8,1,0,1,0.125,0,0,0,1
C0905,31-12-2025,421,13,16,13813.89,863.37,37.5,5,5,5,3,2,1,0.6,0.4,0,10,0
C0906,31-12-2025,550,6,33,73258.32,2219.95,24.65,4,4,4,1,0,1,0.25,0,0,21,0
C0908,31-12-2025,352,27,4,2865.14,716.28,155,4,4,4,1,0,1,0.25,0,0,7,0
C0910,31-12-2025,246,5,8,8812.12,1101.51,29,5,5,5,2,0,1,0.4,0,0,3,0
C0912,31-12-2025,468,6,17,13815.15,812.66,44.5,4,4,4,0,0,1,0,0,0,0,1
C0913,31-12-2025,391,270,6,2819.86,469.98,30,3,3,3,2,0,1,0.666666667,0,3,0,1
C0914,31-12-2025,484,8,21,16166.03,769.81,27.75,8,8,7,0,0,0.875,0,0,0,6,0
C0915,31-12-2025,446,25,34,47116.98,1385.79,21.88,10,10,10,4,2,1,0.4,0.2,1,11,0
C0916,31-12-2025,67,1,13,14167.89,1089.84,6.29,0,0,0,0,0,0,0,0,0,16,0
C0918,31-12-2025,276,59,15,25804.18,1720.28,25.29,4,4,3,1,1,0.75,0.333333333,0.333333333,1,1,0
C0919,31-12-2025,269,7,9,8348.03,927.56,48.4,6,6,4,1,0,0.666666667,0.25,0,0,1,0
C0920,31-12-2025,95,14,6,8092.99,1348.83,4,0,0,0,0,0,0,0,0,0,14,0
C0921,31-12-2025,515,26,20,16865.92,843.3,46.56,4,4,4,0,0,1,0,0,0,12,0
C0922,31-12-2025,456,51,20,21204.2,1060.21,32,3,3,3,2,0,1,0.666666667,0,0,6,0
C0923,31-12-2025,850,27,43,45803.9,1065.21,30.74,7,7,7,3,0,1,0.428571429,0,0,9,0
C0925,31-12-2025,553,12,15,13848.75,923.25,37.3,7,7,6,1,1,0.857142857,0.166666667,0.166666667,0,6,0
C0927,31-12-2025,359,18,16,12705.95,794.12,24.75,2,2,2,0,0,1,0,0,0,6,0
C0929,31-12-2025,263,1,25,52965.96,2118.64,14.15,4,4,4,2,2,1,0.5,0.5,0,14,0
C0931,31-12-2025,151,18,11,14205.16,1291.38,20.2,5,5,5,2,0,1,0.4,0,1,16,0
C0932,31-12-2025,656,95,40,57590.94,1439.77,23.24,9,9,9,4,1,1,0.444444444,0.111111111,0,4,0
C0933,31-12-2025,290,12,14,8998.35,642.74,23.11,4,4,3,1,0,0.75,0.333333333,0,0,0,1
C0935,31-12-2025,680,67,19,14643.29,770.7,38.18,4,4,4,2,0,1,0.5,0,1,0,1
C0936,31-12-2025,114,27,6,3167.19,527.86,12.67,3,3,2,0,0,0.666666667,0,0,0,1,0
C0937,31-12-2025,479,35,18,18691.7,1038.43,24.91,5,5,3,0,0,0.6,0,0,1,3,0
C0938,31-12-2025,584,2,43,64207.26,1493.19,21.58,4,4,3,0,0,0.75,0,0,0,8,0
C0939,31-12-2025,845,8,57,56164.15,985.34,21.42,4,4,4,1,0,1,0.25,0,0,3,0
C0940,31-12-2025,430,19,23,31045.21,1349.79,32.18,8,8,6,2,0,0.75,0.333333333,0,0,7,0
C0941,31-12-2025,811,6,44,37997.27,863.57,26.24,6,6,4,3,1,0.666666667,0.75,0.25,0,6,0
C0942,31-12-2025,322,322,13,7845.3,603.48,0,8,8,8,1,0,1,0.125,0,8,0,1
C0945,31-12-2025,815,71,16,10430.67,651.92,62.56,4,4,4,0,0,1,0,0,0,3,0
C0946,31-12-2025,150,36,1,775.83,775.83,0,4,4,3,1,0,0.75,0.333333333,0,1,8,0
C0947,31-12-2025,714,22,53,79232.57,1494.95,15.84,7,7,5,3,0,0.714285714,0.6,0,0,7,0
C0949,31-12-2025,258,9,2,1981.7,990.85,95,1,1,1,0,0,1,0,0,0,1,0
C0950,31-12-2025,386,9,26,37175.41,1429.82,17.4,2,2,2,0,0,1,0,0,0,15,0
C0952,31-12-2025,270,13,17,23149.37,1361.73,19.1,3,3,1,0,0,0.333333333,0,0,0,10,0
C0955,31-12-2025,601,5,25,36877.05,1475.08,24.12,6,6,4,2,0,0.666666667,0.5,0,1,4,0
C0956,31-12-2025,401,10,41,52512.55,1280.79,14.26,5,5,5,1,0,1,0.2,0,1,6,0
C0957,31-12-2025,591,124,14,12442.04,888.72,72.17,3,3,3,1,0,1,0.333333333,0,2,0,1
C0958,31-12-2025,141,68,3,3632.52,1210.84,0,1,1,1,0,0,1,0,0,0,7,0
C0960,31-12-2025,563,62,27,50353.67,1864.95,30.6,4,4,4,1,0,1,0.25,0,0,18,0
C0962,31-12-2025,581,196,16,12928.07,808,34.75,6,6,6,0,0,1,0,0,5,0,1
C0964,31-12-2025,88,55,2,2569.8,1284.9,0,4,4,3,1,0,0.75,0.333333333,0,1,7,0
C0965,31-12-2025,265,16,16,19484.33,1217.77,15.1,3,3,3,2,0,1,0.666666667,0,0,7,0
C0967,31-12-2025,12,12,10,10733.23,1073.32,0,1,1,1,1,0,1,1,0,1,0,1
C0968,31-12-2025,589,4,42,50149.32,1194.03,24.41,6,6,5,0,0,0.833333333,0,0,0,6,0
C0969,31-12-2025,420,58,15,24997.81,1666.52,21.82,5,5,5,3,0,1,0.6,0,0,13,0
C0970,31-12-2025,190,71,2,1266.89,633.44,17,4,4,4,1,0,1,0.25,0,2,2,0
C0971,31-12-2025,31,16,2,5628.38,2814.19,0,1,1,1,1,1,1,1,1,0,0,1
C0973,31-12-2025,213,3,18,21334.5,1185.25,22.57,2,2,2,0,0,1,0,0,0,9,0
C0975,31-12-2025,260,12,13,10130.23,779.25,29.67,3,3,3,0,0,1,0,0,0,1,0
C0977,31-12-2025,547,16,22,20141.22,915.51,31.18,2,2,2,1,0,1,0.5,0,0,7,0
C0978,31-12-2025,284,34,19,24113.5,1269.13,18.6,5,5,5,2,0,1,0.4,0,2,14,0
C0979,31-12-2025,152,16,7,10677.25,1525.32,8,2,2,1,1,0,0.5,1,0,0,2,0
C0981,31-12-2025,344,46,13,17356.83,1335.14,32.12,4,4,4,2,0,1,0.5,0,1,5,0
C0982,31-12-2025,414,3,47,97390.12,2072.13,11.19,6,6,6,4,1,1,0.666666667,0.166666667,0,17,0
C0986,31-12-2025,832,14,81,119967.36,1481.08,17.52,0,0,0,0,0,0,0,0,0,8,0
C0987,31-12-2025,142,142,3,2554.62,851.54,0,4,4,2,0,0,0.5,0,0,4,0,1
C0990,31-12-2025,675,27,56,96238.96,1718.55,18.81,4,4,4,2,0,1,0.5,0,0,11,0
C0991,31-12-2025,94,43,1,574.46,574.46,0,0,0,0,0,0,0,0,0,0,5,0
C0992,31-12-2025,517,49,23,33629.15,1462.14,22.15,1,1,1,0,0,1,0,0,0,6,0
C0994,31-12-2025,308,33,10,21035.38,2103.54,55.75,7,7,4,1,0,0.571428571,0.25,0,0,5,0
C0995,31-12-2025,91,39,2,2538.12,1269.06,0,1,1,0,0,0,0,0,0,1,7,0
C0996,31-12-2025,307,6,10,10365.22,1036.52,25.33,3,3,2,1,0,0.666666667,0.5,0,0,6,0
C0997,31-12-2025,130,3,6,6624.77,1104.13,20.67,3,3,3,0,0,1,0,0,0,3,0
C0998,31-12-2025,539,5,36,62260.24,1729.45,20,7,7,7,4,1,1,0.571428571,0.142857143,0,10,0
C0999,31-12-2025,331,33,16,17360.63,1085.04,23.09,0,0,0,0,0,0,0,0,0,5,0
C0001,31-03-2026,745,2,26,33189.78,1276.53,41.87,5,5,5,3,0,1,0.6,0,0,16,0
C0002,31-03-2026,324,6,5,3916.54,783.31,33,6,6,6,1,0,1,0.166666667,0,0,0,1
C0003,31-03-2026,884,33,31,28709.67,926.12,38.9,9,9,7,3,0,0.777777778,0.428571429,0,2,1,0
C0004,31-03-2026,244,8,11,17968.59,1633.51,26.6,8,8,8,5,1,1,0.625,0.125,0,12,0
C0005,31-03-2026,812,38,60,105381.39,1756.36,19.17,7,7,7,2,0,1,0.285714286,0,0,5,0
C0006,31-03-2026,743,12,73,148630.26,2036.03,16.68,4,4,4,1,0,1,0.25,0,0,6,0
C0009,31-03-2026,207,0,9,14308.03,1589.78,22.67,5,5,4,3,1,0.8,0.75,0.25,0,8,0
C0010,31-03-2026,109,109,4,2312.57,578.14,0,0,0,0,0,0,0,0,0,0,0,1
C0011,31-03-2026,810,40,21,16571.15,789.1,49.93,6,6,6,3,1,1,0.5,0.166666667,0,2,0
C0012,31-03-2026,53,53,6,3896.04,649.34,0,2,2,2,1,1,1,0.5,0.5,2,0,1
C0013,31-03-2026,928,16,60,87561.27,1459.35,22.55,10,10,9,4,2,0.9,0.444444444,0.222222222,0,2,0
C0014,31-03-2026,384,28,31,28792.27,928.78,14.83,10,10,9,3,1,0.9,0.333333333,0.111111111,2,12,0
C0015,31-03-2026,100,34,1,2135.58,2135.58,0,1,1,1,1,0,1,1,0,1,18,0
C0016,31-03-2026,798,28,34,39885.68,1173.11,33.38,6,6,6,2,0,1,0.333333333,0,0,2,0
C0017,31-03-2026,780,37,26,29203.53,1123.21,31.47,6,6,6,1,0,1,0.166666667,0,0,4,0
C0018,31-03-2026,764,53,35,42649.86,1218.57,31.24,5,5,5,0,0,1,0,0,0,8,0
C0020,31-03-2026,680,6,58,121828.15,2100.49,17.85,4,4,4,0,0,1,0,0,0,11,0
C0021,31-03-2026,693,9,35,54955.97,1570.17,36.43,3,3,2,1,0,0.666666667,0.5,0,0,1,0
C0022,31-03-2026,421,11,20,15924.59,796.23,26,5,5,5,1,0,1,0.2,0,0,10,0
C0023,31-03-2026,744,13,90,155086.51,1723.18,12.86,9,9,7,2,1,0.777777778,0.285714286,0.142857143,0,8,0
C0025,31-03-2026,826,2,68,74873.28,1101.08,19.68,5,5,4,1,0,0.8,0.25,0,0,1,0
C0026,31-03-2026,287,9,14,24227.81,1730.56,24.43,6,6,6,3,0,1,0.5,0,0,8,0
C0027,31-03-2026,182,16,5,6584.18,1316.84,27.33,8,8,7,3,0,0.875,0.428571429,0,0,6,0
C0028,31-03-2026,470,31,26,21889.04,841.89,24.19,12,12,12,4,0,1,0.333333333,0,1,8,0
C0029,31-03-2026,892,66,32,25211.17,787.85,40.95,10,10,8,1,0,0.8,0.125,0,1,0,1
C0030,31-03-2026,856,92,38,32327.55,850.72,30.4,3,3,3,0,0,1,0,0,0,0,1
C0031,31-03-2026,923,182,28,23088.68,824.6,33.69,6,6,5,1,1,0.833333333,0.2,0.2,2,0,1
C0032,31-03-2026,859,7,50,41978.02,839.56,24.96,9,9,8,3,0,0.888888889,0.375,0,0,7,0
C0033,31-03-2026,260,17,6,4598.24,766.37,37.5,7,7,7,3,0,1,0.428571429,0,3,5,0
C0035,31-03-2026,474,18,33,42183.59,1278.29,26.88,7,7,7,4,3,1,0.571428571,0.428571429,1,3,0
C0036,31-03-2026,762,9,46,63387.7,1377.99,25.28,10,10,9,2,0,0.9,0.222222222,0,1,1,0
C0037,31-03-2026,510,89,18,19064.18,1059.12,24.29,4,4,4,0,0,1,0,0,1,0,1
C0038,31-03-2026,910,248,21,13990.34,666.21,42.23,6,6,5,1,0,0.833333333,0.2,0,1,0,1
C0039,31-03-2026,690,10,42,58757.69,1398.99,25.61,4,4,3,2,0,0.75,0.666666667,0,0,3,0
C0041,31-03-2026,296,11,27,33643.06,1246.04,16.85,6,6,5,0,0,0.833333333,0,0,0,4,0
C0043,31-03-2026,436,41,14,9208.22,657.73,21.75,4,4,4,2,0,1,0.5,0,0,2,0
C0044,31-03-2026,491,7,22,17443.22,792.87,48.89,5,5,5,1,0,1,0.2,0,0,6,0
C0045,31-03-2026,316,2,24,20400.34,850.01,14.64,8,8,7,1,0,0.875,0.142857143,0,0,4,0
C0046,31-03-2026,116,9,18,24372.17,1354.01,10.29,5,5,4,2,1,0.8,0.5,0.25,1,6,0
C0047,31-03-2026,548,0,57,104079.29,1825.95,16.3,7,7,7,4,1,1,0.571428571,0.142857143,0,10,0
C0048,31-03-2026,521,24,38,66162.26,1741.11,15.61,7,7,7,2,1,1,0.285714286,0.142857143,1,5,0
C0049,31-03-2026,306,21,19,34229.6,1801.56,26.5,3,3,3,2,0,1,0.666666667,0,1,12,0
C0051,31-03-2026,428,428,20,16667.55,833.38,0,5,5,4,0,0,0.8,0,0,5,0,1
C0053,31-03-2026,708,140,11,10171.05,924.64,63.14,6,6,6,1,0,1,0.166666667,0,0,0,1
C0054,31-03-2026,895,1,43,40466.52,941.08,33.6,6,6,6,1,0,1,0.166666667,0,0,3,0
C0055,31-03-2026,122,14,3,4069.97,1356.66,6,2,2,2,1,0,1,0.5,0,0,12,0
C0056,31-03-2026,146,10,3,1791.15,597.05,101,5,5,4,0,0,0.8,0,0,1,2,0
C0057,31-03-2026,859,6,88,134245.48,1525.52,15.24,4,4,4,3,0,1,0.75,0,0,10,0
C0058,31-03-2026,726,1,31,37890.38,1222.27,26.21,11,11,10,4,1,0.909090909,0.4,0.1,0,4,0
C0059,31-03-2026,386,18,33,32569.78,986.96,17.58,4,4,2,0,0,0.5,0,0,0,0,1
C0060,31-03-2026,109,77,2,1013.7,506.85,23,4,4,3,1,0,0.75,0.333333333,0,4,0,1
C0061,31-03-2026,148,8,9,8746.17,971.8,25,4,4,4,1,1,1,0.25,0.25,0,14,0
C0062,31-03-2026,297,24,19,16863.74,887.57,20.1,2,2,2,1,1,1,0.5,0.5,0,3,0
C0063,31-03-2026,45,45,2,1358.1,679.05,0,4,4,3,0,0,0.75,0,0,4,0,1
C0064,31-03-2026,590,1,60,98108.62,1635.14,15.09,4,4,3,2,1,0.75,0.666666667,0.333333333,0,8,0
C0065,31-03-2026,871,11,103,165988.94,1611.54,13.41,11,11,10,4,0,0.909090909,0.4,0,0,15,0
C0066,31-03-2026,485,26,32,30399.6,949.99,23.35,5,5,3,2,1,0.6,0.666666667,0.333333333,0,6,0
C0067,31-03-2026,697,68,17,17387.49,1022.79,31.89,6,6,5,0,0,0.833333333,0,0,1,1,0
C0068,31-03-2026,561,31,66,106935.92,1620.24,14.06,9,9,9,6,4,1,0.666666667,0.444444444,1,10,0
C0069,31-03-2026,759,23,22,20299.7,922.71,39,5,5,5,1,1,1,0.2,0.2,0,6,0
C0070,31-03-2026,322,17,12,11643.64,970.3,32.14,11,11,10,3,1,0.909090909,0.3,0.1,1,2,0
C0071,31-03-2026,256,4,26,55138.83,2120.72,14.08,5,5,5,1,0,1,0.2,0,0,12,0
C0072,31-03-2026,137,9,10,10460.18,1046.02,19,1,1,1,0,0,1,0,0,0,5,0
C0073,31-03-2026,130,130,5,3090.29,618.06,0,1,1,1,1,0,1,1,0,1,0,1
C0074,31-03-2026,669,93,10,9365.28,936.53,58,4,4,4,0,0,1,0,0,1,0,1
C0075,31-03-2026,255,19,15,17417.08,1161.14,19.11,3,3,3,3,1,1,1,0.333333333,0,6,0
C0076,31-03-2026,816,288,18,15488.97,860.5,30.09,9,9,7,2,0,0.777777778,0.285714286,0,3,0,1
C0077,31-03-2026,208,208,7,4785.94,683.71,0,7,7,6,0,0,0.857142857,0,0,7,0,1
C0078,31-03-2026,268,13,16,21914.12,1369.63,23.75,3,3,3,0,0,1,0,0,1,14,0
C0079,31-03-2026,98,22,3,3953.88,1317.96,28,3,3,3,0,0,1,0,0,1,9,0
C0080,31-03-2026,916,19,23,32984.04,1434.09,40.64,8,8,7,3,2,0.875,0.428571429,0.285714286,1,5,0
C0081,31-03-2026,380,25,19,15873.26,835.43,29.56,3,3,2,1,0,0.666666667,0.5,0,0,5,0
C0082,31-03-2026,784,50,23,28216.84,1226.82,38.88,10,10,10,2,0,1,0.2,0,1,0,1
C0083,31-03-2026,695,22,25,29837.48,1193.5,54.2,4,4,4,2,0,1,0.5,0,0,2,0
C0084,31-03-2026,521,104,8,5748.16,718.52,60.5,8,8,8,4,0,1,0.5,0,2,2,0
C0085,31-03-2026,663,28,28,22519.86,804.28,33.12,10,10,7,2,0,0.7,0.285714286,0,1,8,0
C0086,31-03-2026,577,73,45,52136.6,1158.59,14.12,5,5,3,2,0,0.6,0.666666667,0,0,1,0
C0087,31-03-2026,750,15,28,27752.54,991.16,30.67,6,6,6,2,0,1,0.333333333,0,2,11,0
C0090,31-03-2026,270,5,22,26484.2,1203.83,23.22,5,5,5,4,0,1,0.8,0,0,10,0
C0091,31-03-2026,780,235,24,16554.75,689.78,32.93,3,3,3,0,0,1,0,0,1,0,1
C0092,31-03-2026,592,2,23,19373.98,842.35,39,4,4,4,2,0,1,0.5,0,0,7,0
C0093,31-03-2026,617,21,30,32406.52,1080.22,24.37,6,6,6,2,0,1,0.333333333,0,1,5,0
C0094,31-03-2026,860,5,86,125402.92,1458.17,16.68,6,6,6,3,2,1,0.5,0.333333333,0,3,0
C0095,31-03-2026,742,0,46,65397.48,1421.68,29.73,7,7,6,2,0,0.857142857,0.333333333,0,0,5,0
C0096,31-03-2026,463,49,32,29828.02,932.13,21.59,5,5,4,3,1,0.8,0.75,0.25,0,8,0
C0097,31-03-2026,148,3,6,5762.77,960.46,11.33,4,4,3,1,1,0.75,0.333333333,0.333333333,1,14,0
C0098,31-03-2026,793,344,17,9398.32,552.84,40.11,9,9,7,0,0,0.777777778,0,0,5,0,1
C0099,31-03-2026,850,191,23,18552.62,806.64,42.54,10,10,9,1,0,0.9,0.111111111,0,1,0,1
C0100,31-03-2026,866,21,39,39201.66,1005.17,30.82,15,15,12,1,0,0.8,0.083333333,0,0,1,0
C0101,31-03-2026,137,0,15,26943.16,1796.21,16.25,5,5,4,0,0,0.8,0,0,0,18,0
C0102,31-03-2026,793,101,29,20989.89,723.79,36.75,11,11,8,2,1,0.727272727,0.25,0.125,1,0,1
C0105,31-03-2026,291,17,34,50496.65,1485.2,16.87,5,5,4,1,0,0.8,0.25,0,0,1,0
C0106,31-03-2026,869,39,43,25596.99,595.28,29.8,9,9,7,3,0,0.777777778,0.428571429,0,0,6,0
C0107,31-03-2026,218,23,10,18479.61,1847.96,15.6,6,6,6,1,0,1,0.166666667,0,0,7,0
C0108,31-03-2026,669,84,16,15466.58,966.66,57.44,7,7,7,2,0,1,0.285714286,0,1,7,0
C0109,31-03-2026,624,78,40,114001.46,2850.04,18.6,4,4,4,1,0,1,0.25,0,0,4,0
C0110,31-03-2026,618,32,44,102594.95,2331.7,21.38,6,6,6,1,0,1,0.166666667,0,1,4,0
C0111,31-03-2026,465,87,12,10035.52,836.29,28.22,8,8,6,2,0,0.75,0.333333333,0,0,1,0
C0112,31-03-2026,450,16,27,43888.8,1625.51,20.4,7,7,7,2,0,1,0.285714286,0,0,4,0
C0113,31-03-2026,50,14,1,1264.12,1264.12,0,2,2,2,0,0,1,0,0,1,5,0
C0114,31-03-2026,908,8,30,21364.86,712.16,35.33,6,6,6,1,0,1,0.166666667,0,0,6,0
C0115,31-03-2026,745,365,15,10966.54,731.1,32.56,8,8,7,2,1,0.875,0.285714286,0.142857143,5,0,1
C0116,31-03-2026,707,59,22,17952.84,816.04,36.14,6,6,6,4,1,1,0.666666667,0.166666667,1,5,0
C0117,31-03-2026,237,6,16,25476.9,1592.31,23.44,5,5,5,2,0,1,0.4,0,1,7,0
C0118,31-03-2026,850,84,33,36839.16,1116.34,31.75,6,6,6,2,0,1,0.333333333,0,0,4,0
C0119,31-03-2026,718,215,15,9636.86,642.46,60.38,8,8,7,2,0,0.875,0.285714286,0,3,0,1
C0121,31-03-2026,116,116,6,4316.82,719.47,0,4,4,4,0,0,1,0,0,4,0,1
C0122,31-03-2026,536,5,23,30464.71,1324.55,31,3,3,3,1,1,1,0.333333333,0.333333333,0,5,0
C0123,31-03-2026,749,26,40,53262.1,1331.55,33.16,14,14,14,5,2,1,0.357142857,0.142857143,1,1,0
C0124,31-03-2026,434,8,28,47766.17,1705.93,21.8,13,13,11,4,2,0.846153846,0.363636364,0.181818182,0,4,0
C0125,31-03-2026,96,53,3,4341.23,1447.08,20,2,2,2,1,1,1,0.5,0.5,0,4,0
C0126,31-03-2026,509,30,36,59245.49,1645.71,22.11,2,2,2,0,0,1,0,0,0,1,0
C0127,31-03-2026,647,73,23,20577.2,894.66,34.38,7,7,6,1,0,0.857142857,0.166666667,0,0,8,0
C0128,31-03-2026,99,6,8,13411.22,1676.4,12.67,4,4,4,2,1,1,0.5,0.25,2,5,0
C0129,31-03-2026,573,8,33,59761.88,1810.97,29.82,5,5,4,2,0,0.8,0.5,0,0,10,0
C0130,31-03-2026,737,1,37,40482.18,1094.11,32.91,5,5,5,0,0,1,0,0,0,0,1
C0132,31-03-2026,508,8,42,42140.95,1003.36,16.43,5,5,4,2,0,0.8,0.5,0,0,11,0
C0133,31-03-2026,920,160,31,40322.78,1300.73,33.19,1,1,1,1,1,1,1,1,0,0,1
C0134,31-03-2026,486,13,29,28283.08,975.28,25.67,3,3,2,0,0,0.666666667,0,0,0,7,0
C0135,31-03-2026,893,65,39,34175.53,876.3,24.77,8,8,8,1,0,1,0.125,0,1,2,0
C0136,31-03-2026,587,7,66,98197.01,1487.83,14.35,3,3,3,0,0,1,0,0,0,14,0
C0138,31-03-2026,667,22,70,133444.16,1906.35,12.8,13,13,11,4,2,0.846153846,0.363636364,0.181818182,0,16,0
C0139,31-03-2026,540,12,17,19218.15,1130.48,31.4,8,8,8,3,2,1,0.375,0.25,0,10,0
C0140,31-03-2026,558,18,27,29315.96,1085.78,24.44,12,12,11,2,0,0.916666667,0.181818182,0,1,4,0
C0142,31-03-2026,128,49,3,2583.46,861.15,9.5,8,8,8,5,2,1,0.625,0.25,4,1,0
C0143,31-03-2026,744,76,27,18853.42,698.27,37.79,8,8,8,3,1,1,0.375,0.125,1,6,0
C0144,31-03-2026,320,5,18,32846.45,1824.8,23.17,8,8,8,4,1,1,0.5,0.125,0,8,0
C0145,31-03-2026,387,32,28,51608.37,1843.16,22.07,4,4,3,0,0,0.75,0,0,1,10,0
C0146,31-03-2026,881,90,29,31092.68,1072.16,43.12,6,6,6,2,0,1,0.333333333,0,1,0,1
C0147,31-03-2026,472,20,43,53936.12,1254.33,16.42,1,1,1,1,0,1,1,0,0,4,0
C0149,31-03-2026,356,15,8,9867.67,1233.46,76,6,6,6,2,0,1,0.333333333,0,0,8,0
C0150,31-03-2026,889,397,23,20287.85,882.08,37.25,6,6,5,2,1,0.833333333,0.4,0.2,4,0,1
C0151,31-03-2026,265,81,15,8150.22,543.35,18.75,6,6,6,1,1,1,0.166666667,0.166666667,0,0,1
C0152,31-03-2026,411,13,20,12496.15,624.81,27.08,5,5,4,1,0,0.8,0.25,0,0,3,0
C0154,31-03-2026,866,17,59,99813.31,1691.75,25,15,15,13,3,0,0.866666667,0.230769231,0,0,2,0
C0155,31-03-2026,709,21,24,22496.19,937.34,50.54,6,6,6,1,0,1,0.166666667,0,0,3,0
C0156,31-03-2026,552,5,61,110971.91,1819.21,14.47,8,8,8,4,1,1,0.5,0.125,0,6,0
C0157,31-03-2026,703,7,45,81142.06,1803.16,21.39,2,2,2,1,1,1,0.5,0.5,0,2,0
C0158,31-03-2026,108,17,4,4881.03,1220.26,7,6,6,5,1,1,0.833333333,0.2,0.2,1,9,0
C0159,31-03-2026,377,23,13,15201.26,1169.33,33.25,9,9,9,4,3,1,0.444444444,0.333333333,0,6,0
C0160,31-03-2026,191,177,5,3027.12,605.42,3.5,2,2,2,1,0,1,0.5,0,1,0,1
C0161,31-03-2026,385,9,26,33233.47,1278.21,16.92,2,2,1,0,0,0.5,0,0,0,6,0
C0162,31-03-2026,276,10,19,34024.3,1790.75,19.92,5,5,2,0,0,0.4,0,0,0,10,0
C0163,31-03-2026,711,51,37,48227.88,1303.46,22.81,8,8,7,1,0,0.875,0.142857143,0,0,3,0
C0164,31-03-2026,207,13,24,38854.42,1618.93,11.07,7,7,7,3,0,1,0.428571429,0,0,10,0
C0165,31-03-2026,414,11,45,86899.68,1931.1,14.46,4,4,3,2,1,0.75,0.666666667,0.333333333,0,16,0
C0167,31-03-2026,605,26,17,16427.55,966.33,32.55,8,8,8,3,0,1,0.375,0,1,8,0
C0168,31-03-2026,157,8,15,15848.65,1056.58,15.83,4,4,4,1,0,1,0.25,0,0,11,0
C0169,31-03-2026,577,255,9,11192.37,1243.6,62.33,5,5,5,0,0,1,0,0,0,0,1
C0170,31-03-2026,216,40,7,9295.08,1327.87,23,1,1,0,0,0,0,0,0,0,6,0
C0172,31-03-2026,796,47,26,24766.31,952.55,31.92,6,6,5,0,0,0.833333333,0,0,0,5,0
C0173,31-03-2026,232,53,7,4731.23,675.89,31.75,5,5,4,1,0,0.8,0.25,0,2,7,0
C0174,31-03-2026,762,6,46,46633.39,1013.77,25.21,6,6,6,3,0,1,0.5,0,0,3,0
C0175,31-03-2026,277,10,13,13199.35,1015.33,28,9,9,7,1,0,0.777777778,0.142857143,0,0,4,0
C0178,31-03-2026,500,9,26,15140.99,582.35,25.6,7,7,7,5,0,1,0.714285714,0,0,6,0
C0179,31-03-2026,540,62,32,48744.98,1523.28,19.58,9,9,9,1,0,1,0.111111111,0,1,1,0
C0180,31-03-2026,343,6,26,49778.66,1914.56,19.15,4,4,4,3,1,1,0.75,0.25,0,6,0
C0181,31-03-2026,858,4,32,30603.6,956.36,38.35,4,4,4,1,0,1,0.25,0,0,8,0
C0183,31-03-2026,104,50,2,2693.38,1346.69,0,5,5,5,3,1,1,0.6,0.2,2,8,0
C0184,31-03-2026,928,10,66,73144.8,1108.25,19.32,5,5,5,0,0,1,0,0,0,2,0
C0185,31-03-2026,515,25,18,30380.99,1687.83,31.2,6,6,6,3,0,1,0.5,0,1,3,0
C0186,31-03-2026,500,88,6,7033.89,1172.31,77.25,7,7,5,1,1,0.714285714,0.2,0.2,3,0,1
C0189,31-03-2026,687,6,28,15445.99,551.64,38.82,6,6,6,2,2,1,0.333333333,0.333333333,0,1,0
C0190,31-03-2026,807,8,31,28148.49,908.02,42.18,6,6,5,3,1,0.833333333,0.6,0.2,0,2,0
C0191,31-03-2026,373,84,16,15602.1,975.13,20.73,11,11,11,3,0,1,0.272727273,0,6,0,1
C0192,31-03-2026,328,22,23,16976.31,738.1,22.83,6,6,6,3,1,1,0.5,0.166666667,1,3,0
C0193,31-03-2026,133,7,10,11681.18,1168.12,18,3,3,3,0,0,1,0,0,0,6,0
C0194,31-03-2026,506,26,23,17058.95,741.69,42.9,6,6,6,0,0,1,0,0,1,0,1
C0195,31-03-2026,450,24,13,15219.67,1170.74,23.6,4,4,4,1,0,1,0.25,0,1,5,0
C0196,31-03-2026,844,27,40,37180.25,929.51,22.21,7,7,6,3,1,0.857142857,0.5,0.166666667,0,7,0
C0197,31-03-2026,396,1,19,27075.7,1425.04,24.15,5,5,5,2,0,1,0.4,0,0,2,0
C0198,31-03-2026,408,8,32,41558.3,1298.7,16.19,7,7,6,2,0,0.857142857,0.333333333,0,0,8,0
C0199,31-03-2026,263,7,16,25391.42,1586.96,22.12,2,2,1,1,0,0.5,1,0,0,2,0
C0200,31-03-2026,882,1,69,131869.79,1911.16,21.25,6,6,5,4,1,0.833333333,0.8,0.2,0,3,0
C0202,31-03-2026,519,0,21,20039.74,954.27,23.43,6,6,6,0,0,1,0,0,0,2,0
C0203,31-03-2026,367,9,26,48836.47,1878.33,20.46,4,4,4,0,0,1,0,0,0,7,0
C0204,31-03-2026,153,1,14,17992.42,1285.17,28.2,6,6,6,4,0,1,0.666666667,0,0,10,0
C0205,31-03-2026,414,18,10,9176.6,917.66,44,9,9,8,2,1,0.888888889,0.25,0.125,0,2,0
C0206,31-03-2026,451,2,27,38250.36,1416.68,23.83,2,2,2,1,0,1,0.5,0,0,5,0
C0207,31-03-2026,258,3,14,23407.49,1671.96,22.8,4,4,4,1,1,1,0.25,0.25,0,8,0
C0208,31-03-2026,60,60,5,3249.99,650,0,1,1,1,0,0,1,0,0,1,0,1
C0209,31-03-2026,923,10,59,78154.6,1324.65,24.39,14,14,13,4,3,0.928571429,0.307692308,0.230769231,0,2,0
C0210,31-03-2026,23,23,12,9081.35,756.78,0,1,1,1,0,0,1,0,0,1,0,1
C0212,31-03-2026,797,4,38,36002.51,947.43,29.3,5,5,4,0,0,0.8,0,0,0,3,0
C0213,31-03-2026,900,173,18,11367.35,631.52,47.5,11,11,10,3,1,0.909090909,0.3,0.1,2,0,1
C0214,31-03-2026,90,6,2,3210.98,1605.49,0,3,3,3,0,0,1,0,0,0,4,0
C0215,31-03-2026,148,1,11,10632.54,966.59,12.17,4,4,4,3,2,1,0.75,0.5,0,6,0
C0216,31-03-2026,508,49,21,28160.72,1340.99,42.11,4,4,4,1,1,1,0.25,0.25,1,6,0
C0217,31-03-2026,576,48,43,76226.42,1772.71,14.68,8,8,7,1,0,0.875,0.142857143,0,0,3,0
C0218,31-03-2026,889,16,88,126702.92,1439.81,17.29,2,2,2,1,1,1,0.5,0.5,0,3,0
C0219,31-03-2026,576,18,48,61720.54,1285.84,16.07,11,11,9,3,3,0.818181818,0.333333333,0.333333333,0,7,0
C0220,31-03-2026,433,6,15,9746.47,649.76,23,6,6,6,4,0,1,0.666666667,0,0,5,0
C0221,31-03-2026,648,126,22,14411.9,655.09,47,4,4,4,2,0,1,0.5,0,2,0,1
C0222,31-03-2026,830,84,38,32426.73,853.34,28.37,8,8,7,4,1,0.875,0.571428571,0.142857143,1,3,0
C0223,31-03-2026,699,95,16,15599.38,974.96,51.56,8,8,8,3,0,1,0.375,0,2,9,0
C0224,31-03-2026,439,65,23,15011.55,652.68,27.44,8,8,6,2,0,0.75,0.333333333,0,0,0,1
C0226,31-03-2026,354,10,13,13189.3,1014.56,30.71,6,6,6,1,0,1,0.166666667,0,0,2,0
C0227,31-03-2026,742,3,36,28984.84,805.13,27.18,6,6,6,1,0,1,0.166666667,0,0,3,0
C0228,31-03-2026,920,323,21,12117.69,577.03,29.75,5,5,4,1,0,0.8,0.25,0,2,0,1
C0229,31-03-2026,633,38,45,51119.39,1135.99,22.48,7,7,7,1,1,1,0.142857143,0.142857143,1,0,1
C0231,31-03-2026,594,28,61,98626.38,1616.83,16.29,7,7,7,3,1,1,0.428571429,0.142857143,0,0,1
C0232,31-03-2026,219,9,19,36021.27,1895.86,13.77,8,8,8,4,1,1,0.5,0.125,1,1,0
C0233,31-03-2026,889,69,60,138833.95,2313.9,23.97,8,8,6,2,0,0.75,0.333333333,0,0,1,0
C0234,31-03-2026,210,50,8,8979.64,1122.46,8,5,5,5,3,2,1,0.6,0.4,2,5,0
C0235,31-03-2026,517,1,38,91854.25,2417.22,26.5,1,1,1,1,1,1,1,1,0,0,1
C0236,31-03-2026,584,5,24,34635.66,1443.15,28.73,9,9,9,4,0,1,0.444444444,0,0,3,0
C0237,31-03-2026,367,55,11,8410.57,764.6,50.6,5,5,5,1,0,1,0.2,0,0,0,1
C0238,31-03-2026,385,37,34,85917.05,2526.97,19.07,9,9,8,4,3,0.888888889,0.5,0.375,1,28,0
C0239,31-03-2026,221,5,12,14094.96,1174.58,24.14,2,2,2,0,0,1,0,0,0,5,0
C0240,31-03-2026,371,96,5,4652.83,930.57,78.67,7,7,6,0,0,0.857142857,0,0,1,0,1
C0241,31-03-2026,559,2,59,72993.62,1237.18,18.61,6,6,5,3,0,0.833333333,0.6,0,0,9,0
C0242,31-03-2026,66,26,3,2809.11,936.37,24,0,0,0,0,0,0,0,0,0,7,0
C0243,31-03-2026,856,101,41,48296.08,1177.95,27.83,8,8,7,1,0,0.875,0.142857143,0,0,2,0
C0244,31-03-2026,807,3,54,91198.34,1688.86,21.11,5,5,4,2,2,0.8,0.5,0.5,0,14,0
C0245,31-03-2026,169,19,2,3032.6,1516.3,0,4,4,4,0,0,1,0,0,1,2,0
C0246,31-03-2026,41,3,4,6283.66,1570.92,1,1,1,1,0,0,1,0,0,0,7,0
C0247,31-03-2026,588,5,30,31701.66,1056.72,27.4,5,5,3,1,0,0.6,0.333333333,0,0,7,0
C0248,31-03-2026,100,4,4,3242.64,810.66,19,4,4,4,1,0,1,0.25,0,0,4,0
C0249,31-03-2026,664,13,61,113695.89,1863.87,18.39,2,2,2,0,0,1,0,0,0,3,0
C0250,31-03-2026,307,255,14,13740.25,981.45,5.88,6,6,5,0,0,0.833333333,0,0,6,0,1
C0252,31-03-2026,362,10,14,12353.57,882.4,26.25,2,2,2,0,0,1,0,0,0,2,0
C0253,31-03-2026,214,30,13,21026.88,1617.45,14.86,7,7,7,4,2,1,0.571428571,0.285714286,2,4,0
C0254,31-03-2026,669,8,34,30407.95,894.35,28.84,4,4,4,1,1,1,0.25,0.25,0,3,0
C0255,31-03-2026,549,52,17,12692.42,746.61,26.91,7,7,7,1,0,1,0.142857143,0,1,0,1
C0256,31-03-2026,334,9,25,20035.92,801.44,19.62,5,5,5,2,1,1,0.4,0.2,0,5,0
C0257,31-03-2026,893,10,103,184144.16,1787.81,12.34,6,6,5,2,0,0.833333333,0.4,0,0,8,0
C0258,31-03-2026,193,9,8,5086.15,635.77,31.75,5,5,5,3,1,1,0.6,0.2,0,6,0
C0260,31-03-2026,653,2,29,23367.51,805.78,33.88,5,5,5,1,0,1,0.2,0,0,2,0
C0261,31-03-2026,48,6,3,4979.79,1659.93,10,1,1,0,0,0,0,0,0,0,15,0
C0262,31-03-2026,118,2,5,6513.41,1302.68,15.67,2,2,1,0,0,0.5,0,0,0,3,0
C0264,31-03-2026,739,13,45,40059.23,890.21,27.72,8,8,7,4,1,0.875,0.571428571,0.142857143,1,3,0
C0265,31-03-2026,329,11,7,7443.55,1063.36,54,4,4,4,2,1,1,0.5,0.25,1,1,0
C0266,31-03-2026,795,135,29,28554.93,984.65,29.5,5,5,4,0,0,0.8,0,0,0,0,1
C0267,31-03-2026,269,0,14,18556.75,1325.48,17.6,2,2,2,0,0,1,0,0,0,10,0
C0268,31-03-2026,868,59,29,26559.46,915.84,40.76,7,7,7,1,0,1,0.142857143,0,0,6,0
C0269,31-03-2026,639,22,50,96822.03,1936.44,17.93,5,5,5,1,0,1,0.2,0,0,8,0
C0270,31-03-2026,92,92,6,4681.04,780.17,0,3,3,2,0,0,0.666666667,0,0,3,0,1
C0271,31-03-2026,84,9,4,5767.9,1441.98,14,2,2,2,1,0,1,0.5,0,2,5,0
C0272,31-03-2026,644,63,19,17445.96,918.21,41.15,5,5,5,0,0,1,0,0,0,0,1
C0273,31-03-2026,519,25,22,22607.17,1027.6,32.18,2,2,2,1,1,1,0.5,0.5,0,0,1
C0274,31-03-2026,890,86,35,22690.09,648.29,29.42,8,8,8,1,0,1,0.125,0,1,0,1
C0275,31-03-2026,487,11,11,17305.46,1573.22,25.71,9,9,9,3,1,1,0.333333333,0.111111111,0,8,0
C0276,31-03-2026,616,3,40,44319.65,1107.99,26.1,6,6,6,2,1,1,0.333333333,0.166666667,0,0,1
C0280,31-03-2026,407,3,15,15528.94,1035.26,29.43,5,5,2,0,0,0.4,0,0,0,0,1
C0281,31-03-2026,706,77,20,17765.66,888.28,40,9,9,7,0,0,0.777777778,0,0,1,0,1
C0282,31-03-2026,578,2,36,43118.07,1197.72,19.16,9,9,8,4,4,0.888888889,0.5,0.5,0,4,0
C0283,31-03-2026,482,44,11,12057.02,1096.09,47.57,14,14,13,3,3,0.928571429,0.230769231,0.230769231,0,4,0
C0285,31-03-2026,766,18,69,103666.77,1502.42,14.98,4,4,3,0,0,0.75,0,0,0,0,1
C0286,31-03-2026,595,0,33,27090.34,820.92,24.57,5,5,5,1,0,1,0.2,0,0,2,0
C0287,31-03-2026,682,8,34,35948.11,1057.3,33.33,3,3,2,0,0,0.666666667,0,0,0,1,0
C0288,31-03-2026,752,409,14,12371.27,883.66,33.12,6,6,6,1,1,1,0.166666667,0.166666667,2,0,1
C0289,31-03-2026,229,70,7,4422.22,631.75,34.67,9,9,8,1,0,0.888888889,0.125,0,1,0,1
C0290,31-03-2026,913,4,69,124663.59,1806.72,17.63,3,3,3,2,2,1,0.666666667,0.666666667,0,1,0
C0291,31-03-2026,487,29,40,63953.74,1598.84,15.83,3,3,2,0,0,0.666666667,0,0,0,1,0
C0292,31-03-2026,775,15,68,88638,1303.5,15.22,6,6,5,2,1,0.833333333,0.4,0.2,0,8,0
C0293,31-03-2026,449,2,32,50577.54,1580.55,22.5,8,8,8,3,0,1,0.375,0,1,6,0
C0295,31-03-2026,534,28,18,12594.63,699.7,18,5,5,5,1,0,1,0.2,0,0,0,1
C0296,31-03-2026,507,3,36,55093.77,1530.38,19.37,6,6,6,2,0,1,0.333333333,0,0,5,0
C0297,31-03-2026,782,3,41,64988.7,1585.09,29.25,2,2,2,0,0,1,0,0,0,9,0
C0299,31-03-2026,773,34,25,20015.08,800.6,54.25,9,9,8,1,0,0.888888889,0.125,0,0,0,1
C0300,31-03-2026,39,39,1,685.34,685.34,0,3,3,3,0,0,1,0,0,3,0,1
C0301,31-03-2026,182,5,4,4915.12,1228.78,13,8,8,8,2,1,1,0.25,0.125,0,4,0
C0302,31-03-2026,364,14,15,17187.7,1145.85,23.18,1,1,1,0,0,1,0,0,0,13,0
C0303,31-03-2026,354,10,21,24404.04,1162.1,23.09,9,9,9,0,0,1,0,0,0,2,0
C0304,31-03-2026,746,142,11,9193.45,835.77,76.5,8,8,8,1,0,1,0.125,0,0,0,1
C0306,31-03-2026,796,59,23,30026.24,1305.49,41.43,3,3,1,0,0,0.333333333,0,0,0,2,0
C0308,31-03-2026,491,23,32,41772.07,1305.38,20.38,5,5,4,2,0,0.8,0.5,0,1,10,0
C0309,31-03-2026,647,321,12,6618.07,551.51,23.56,8,8,8,0,0,1,0,0,5,0,1
C0310,31-03-2026,295,231,4,4687.05,1171.76,10.5,8,8,7,2,2,0.875,0.285714286,0.285714286,7,0,1
C0311,31-03-2026,681,4,49,68383.73,1395.59,18.83,9,9,8,4,0,0.888888889,0.5,0,1,6,0
C0313,31-03-2026,210,35,13,19142.29,1472.48,16.5,4,4,4,0,0,1,0,0,1,13,0
C0314,31-03-2026,194,28,14,16651.14,1189.37,12.62,2,2,2,0,0,1,0,0,0,12,0
C0315,31-03-2026,167,167,7,5639.73,805.68,0,2,2,2,0,0,1,0,0,2,0,1
C0316,31-03-2026,73,10,2,1735.25,867.62,13,4,4,4,1,0,1,0.25,0,0,12,0
C0317,31-03-2026,114,21,8,9390.27,1173.78,13,1,1,1,1,1,1,1,1,0,13,0
C0319,31-03-2026,473,80,20,25561.85,1278.09,25.08,5,5,5,1,0,1,0.2,0,0,10,0
C0320,31-03-2026,921,13,81,132688.78,1638.13,18.1,5,5,5,1,0,1,0.2,0,0,12,0
C0322,31-03-2026,765,1,87,126482.66,1453.82,14.35,4,4,3,1,0,0.75,0.333333333,0,0,6,0
C0323,31-03-2026,901,87,57,69378.97,1217.17,21.36,2,2,2,1,1,1,0.5,0.5,0,2,0
C0324,31-03-2026,509,0,16,19772.66,1235.79,23.69,7,7,7,3,2,1,0.428571429,0.285714286,0,12,0
C0325,31-03-2026,154,11,16,12476.6,779.79,13.29,0,0,0,0,0,0,0,0,0,9,0
C0326,31-03-2026,182,0,9,14806.17,1645.13,20.83,9,9,9,3,0,1,0.333333333,0,0,24,0
C0327,31-03-2026,281,14,17,18225.25,1072.07,27.56,7,7,7,1,0,1,0.142857143,0,0,5,0
C0328,31-03-2026,915,34,51,51031.13,1000.61,25.48,7,7,6,2,1,0.857142857,0.333333333,0.166666667,0,2,0
C0329,31-03-2026,911,37,66,126645.17,1918.87,18.68,7,7,7,1,0,1,0.142857143,0,1,0,1
C0330,31-03-2026,821,7,79,171902.34,2175.98,18.38,4,4,3,1,0,0.75,0.333333333,0,0,0,1
C0332,31-03-2026,706,60,31,26536.47,856.02,25.24,3,3,3,0,0,1,0,0,1,8,0
C0333,31-03-2026,419,1,13,10438.7,802.98,45.57,7,7,6,2,2,0.857142857,0.333333333,0.333333333,0,1,0
C0334,31-03-2026,831,31,101,187966.2,1861.05,13.28,10,10,8,3,2,0.8,0.375,0.25,0,14,0
C0335,31-03-2026,496,186,27,20476.71,758.4,20.54,10,10,9,1,1,0.9,0.111111111,0.111111111,2,0,1
C0336,31-03-2026,776,14,95,141829.17,1492.94,12.63,5,5,4,3,2,0.8,0.75,0.5,0,3,0
C0337,31-03-2026,851,2,48,56485.83,1176.79,29.11,8,8,8,0,0,1,0,0,0,2,0
C0338,31-03-2026,285,32,13,16292.77,1253.29,22.11,5,5,4,1,0,0.8,0.25,0,1,6,0
C0339,31-03-2026,149,35,7,7212.16,1030.31,17.5,2,2,2,0,0,1,0,0,1,0,1
C0341,31-03-2026,152,2,13,26559.19,2043.01,17.67,5,5,5,1,0,1,0.2,0,0,5,0
C0342,31-03-2026,222,222,8,8674.89,1084.36,0,6,6,4,0,0,0.666666667,0,0,6,0,1
C0343,31-03-2026,52,2,4,9758.08,2439.52,27,3,3,3,3,1,1,1,0.333333333,0,9,0
C0345,31-03-2026,610,6,62,107168.71,1728.53,17.67,8,8,6,5,3,0.75,0.833333333,0.5,0,5,0
C0346,31-03-2026,492,4,36,25328.91,703.58,20,7,7,7,2,2,1,0.285714286,0.285714286,0,5,0
C0347,31-03-2026,150,106,8,4508.22,563.53,8.5,3,3,3,1,0,1,0.333333333,0,2,0,1
C0348,31-03-2026,470,17,53,141235.19,2664.81,13.33,7,7,7,3,2,1,0.428571429,0.285714286,1,9,0
C0349,31-03-2026,446,113,7,6171.07,881.58,69,7,7,7,1,1,1,0.142857143,0.142857143,1,1,0
C0350,31-03-2026,655,16,41,66113.26,1612.52,21.41,8,8,8,3,2,1,0.375,0.25,1,8,0
C0351,31-03-2026,703,30,42,84137.13,2003.26,18.3,5,5,5,2,1,1,0.4,0.2,0,4,0
C0355,31-03-2026,184,18,12,21121.76,1760.15,20.71,5,5,5,2,0,1,0.4,0,0,6,0
C0356,31-03-2026,659,96,44,48036.59,1091.74,15.33,7,7,5,0,0,0.714285714,0,0,0,0,1
C0357,31-03-2026,870,1,41,61414.18,1497.91,26.21,4,4,3,0,0,0.75,0,0,0,4,0
C0358,31-03-2026,587,11,33,34159.11,1035.12,26.55,10,10,10,5,2,1,0.5,0.2,0,2,0
C0359,31-03-2026,598,13,49,74924.02,1529.06,16.12,6,6,5,2,0,0.833333333,0.4,0,0,0,1
C0360,31-03-2026,915,48,55,88949.67,1617.27,17.71,11,11,10,4,1,0.909090909,0.4,0.1,1,1,0
C0361,31-03-2026,520,6,52,91015.07,1750.29,17.79,5,5,5,2,0,1,0.4,0,0,6,0
C0362,31-03-2026,536,15,27,29674.16,1099.04,20.59,10,10,10,4,2,1,0.4,0.2,0,2,0
C0363,31-03-2026,231,19,5,5332.07,1066.41,42.67,3,3,3,0,0,1,0,0,1,3,0
C0364,31-03-2026,200,100,3,1916.5,638.83,18,5,5,5,1,0,1,0.2,0,4,0,1
C0365,31-03-2026,618,6,68,187595.09,2758.75,13.51,7,7,7,4,1,1,0.571428571,0.142857143,0,18,0
C0366,31-03-2026,229,5,16,41726.32,2607.9,13.11,2,2,2,2,1,1,1,0.5,0,6,0
C0367,31-03-2026,200,17,14,23094.45,1649.6,17.5,5,5,5,2,1,1,0.4,0.2,0,22,0
C0368,31-03-2026,733,34,29,26706.87,920.93,39.13,6,6,6,2,0,1,0.333333333,0,1,0,1
C0369,31-03-2026,264,12,20,25385.5,1269.28,15,6,6,6,1,0,1,0.166666667,0,1,0,1
C0370,31-03-2026,202,202,7,3931.3,561.61,0,4,4,3,1,0,0.75,0.333333333,0,4,0,1
C0371,31-03-2026,820,2,42,47592.13,1133.15,24.9,7,7,7,1,0,1,0.142857143,0,0,2,0
C0372,31-03-2026,468,0,59,103561.25,1755.28,12.97,11,11,11,3,1,1,0.272727273,0.090909091,0,17,0
C0373,31-03-2026,531,29,40,73345.54,1833.64,22.5,6,6,5,1,1,0.833333333,0.2,0.2,0,0,1
C0374,31-03-2026,884,6,46,75077.09,1632.11,28.32,6,6,5,2,1,0.833333333,0.4,0.2,0,0,1
C0375,31-03-2026,935,376,7,5564.08,794.87,52.2,6,6,5,0,0,0.833333333,0,0,1,0,1
C0376,31-03-2026,719,37,44,37633.3,855.3,25.33,3,3,3,1,1,1,0.333333333,0.333333333,0,2,0
C0377,31-03-2026,291,20,17,12482.21,734.25,16.2,3,3,3,1,0,1,0.333333333,0,0,6,0
C0379,31-03-2026,806,8,26,22528.71,866.49,35.36,9,9,9,1,0,1,0.111111111,0,0,0,1
C0380,31-03-2026,736,19,38,39470.13,1038.69,24.58,8,8,6,2,1,0.75,0.333333333,0.166666667,0,6,0
C0381,31-03-2026,583,7,41,48060.56,1172.21,16.32,2,2,2,1,0,1,0.5,0,0,11,0
C0382,31-03-2026,530,28,32,53145.15,1660.79,21.19,12,12,11,2,1,0.916666667,0.181818182,0.090909091,2,4,0
C0383,31-03-2026,602,32,33,38430.82,1164.57,25.21,4,4,4,1,0,1,0.25,0,0,1,0
C0384,31-03-2026,158,13,9,12288.27,1365.36,20.6,5,5,5,1,0,1,0.2,0,0,11,0
C0386,31-03-2026,151,19,7,7616.01,1088,17.67,7,7,7,3,2,1,0.428571429,0.285714286,0,8,0
C0388,31-03-2026,456,7,30,25645.49,854.85,18.89,8,8,7,4,3,0.875,0.571428571,0.428571429,0,6,0
C0389,31-03-2026,450,73,25,19566.65,782.67,20.29,4,4,4,1,0,1,0.25,0,1,0,1
C0390,31-03-2026,535,64,31,28496.88,919.25,22.28,5,5,5,3,0,1,0.6,0,0,4,0
C0391,31-03-2026,757,5,71,98097.8,1381.66,13.91,4,4,4,1,0,1,0.25,0,0,1,0
C0392,31-03-2026,66,66,1,961.3,961.3,0,4,4,3,0,0,0.75,0,0,4,0,1
C0393,31-03-2026,931,12,57,62880.94,1103.17,24.47,11,11,11,2,1,1,0.181818182,0.090909091,0,3,0
C0394,31-03-2026,370,1,23,44889.45,1951.72,16.29,6,6,4,2,0,0.666666667,0.5,0,0,2,0
C0395,31-03-2026,667,4,46,79283,1723.54,20.89,6,6,6,1,0,1,0.166666667,0,0,14,0
C0396,31-03-2026,77,4,7,10922.68,1560.38,10,2,2,1,0,0,0.5,0,0,0,2,0
C0397,31-03-2026,651,42,39,24575.18,630.13,26.1,4,4,4,3,1,1,0.75,0.25,1,3,0
C0398,31-03-2026,460,6,20,27805.7,1390.28,29.85,5,5,5,1,1,1,0.2,0.2,0,6,0
C0399,31-03-2026,251,2,12,10498.96,874.91,41.2,4,4,4,2,1,1,0.5,0.25,0,16,0
C0401,31-03-2026,326,30,16,14826.5,926.66,17.44,6,6,6,3,0,1,0.5,0,1,12,0
C0402,31-03-2026,303,54,11,10749.41,977.22,20,8,8,8,1,1,1,0.125,0.125,0,14,0
C0403,31-03-2026,771,30,41,28479.76,694.63,28.3,5,5,4,1,0,0.8,0.25,0,0,1,0
C0404,31-03-2026,79,2,2,2938.1,1469.05,0,0,0,0,0,0,0,0,0,0,10,0
C0405,31-03-2026,530,366,15,8228.32,548.55,17.67,6,6,6,1,0,1,0.166666667,0,4,0,1
C0406,31-03-2026,725,12,37,45579.81,1231.89,23.36,6,6,6,1,0,1,0.166666667,0,1,0,1
C0408,31-03-2026,481,3,28,31831.86,1136.85,18.89,8,8,8,2,0,1,0.25,0,0,10,0
C0410,31-03-2026,628,27,45,82893.44,1842.08,21.8,2,2,1,0,0,0.5,0,0,0,7,0
C0411,31-03-2026,165,3,11,12710.56,1155.51,15,1,1,1,0,0,1,0,0,0,3,0
C0412,31-03-2026,42,13,8,10203.94,1275.49,6,2,2,2,0,0,1,0,0,0,4,0
C0414,31-03-2026,348,2,25,39630.38,1585.22,21.2,11,11,8,4,1,0.727272727,0.5,0.125,0,6,0
C0415,31-03-2026,706,12,30,39181.21,1306.04,29.47,6,6,5,2,1,0.833333333,0.4,0.2,0,9,0
C0417,31-03-2026,144,5,7,7219.05,1031.29,23.33,4,4,4,2,0,1,0.5,0,0,4,0
C0418,31-03-2026,526,167,13,13940.55,1072.35,25.6,8,8,6,1,0,0.75,0.166666667,0,1,0,1
C0419,31-03-2026,841,62,39,47560.39,1219.5,28.41,8,8,8,5,1,1,0.625,0.125,2,2,0
C0420,31-03-2026,415,40,22,25765.66,1171.17,30.08,5,5,5,3,1,1,0.6,0.2,0,1,0
C0421,31-03-2026,91,1,12,29403.34,2450.28,10,5,5,5,2,1,1,0.4,0.2,0,5,0
C0422,31-03-2026,591,4,55,115482.26,2099.68,12.66,3,3,3,1,0,1,0.333333333,0,0,5,0
C0423,31-03-2026,507,11,22,26923.28,1223.79,27.21,3,3,3,0,0,1,0,0,0,10,0
C0424,31-03-2026,428,54,18,26852.64,1491.81,25.09,8,8,7,0,0,0.875,0,0,3,11,0
C0425,31-03-2026,743,338,16,11456.67,716.04,43.62,8,8,7,1,0,0.875,0.142857143,0,3,0,1
C0426,31-03-2026,268,14,21,28017.28,1334.16,18.17,5,5,5,1,1,1,0.2,0.2,0,7,0
C0427,31-03-2026,275,3,20,38851.43,1942.57,20,6,6,5,1,0,0.833333333,0.2,0,0,4,0
C0428,31-03-2026,736,6,74,144023.06,1946.26,15.67,4,4,4,4,2,1,1,0.5,0,8,0
C0429,31-03-2026,594,15,46,73871.3,1605.9,17.59,5,5,5,3,1,1,0.6,0.2,0,9,0
C0430,31-03-2026,756,271,22,18302.06,831.91,33.4,7,7,7,0,0,1,0,0,3,0,1
C0431,31-03-2026,162,18,17,17385.88,1022.7,8.44,5,5,5,1,0,1,0.2,0,0,10,0
C0432,31-03-2026,861,45,85,102850.86,1210.01,17.22,5,5,5,2,0,1,0.4,0,0,10,0
C0433,31-03-2026,159,2,14,20851.54,1489.4,15.12,4,4,3,3,3,0.75,1,1,1,6,0
C0434,31-03-2026,561,71,12,5202.81,433.57,62.67,5,5,5,3,0,1,0.6,0,0,0,1
C0435,31-03-2026,868,2,30,27013.2,900.44,35,3,3,3,0,0,1,0,0,0,4,0
C0436,31-03-2026,361,30,22,32297.82,1468.08,18.69,11,11,10,1,0,0.909090909,0.1,0,0,2,0
C0440,31-03-2026,119,2,8,6129.25,766.16,13.5,6,6,5,1,0,0.833333333,0.2,0,0,6,0
C0441,31-03-2026,716,7,56,98531.09,1759.48,23.21,4,4,4,2,0,1,0.5,0,0,16,0
C0442,31-03-2026,337,29,12,15120.07,1260.01,26.4,5,5,5,2,1,1,0.4,0.2,1,9,0
C0443,31-03-2026,289,121,12,13605.77,1133.81,26.5,10,10,9,2,0,0.9,0.222222222,0,2,0,1
C0444,31-03-2026,248,20,9,16371.92,1819.1,25,6,6,6,3,2,1,0.5,0.333333333,1,24,0
C0445,31-03-2026,884,5,77,65809.71,854.67,17.53,8,8,7,3,1,0.875,0.428571429,0.142857143,0,3,0
C0446,31-03-2026,76,76,3,1207.17,402.39,0,4,4,4,0,0,1,0,0,4,0,1
C0447,31-03-2026,464,22,22,24067.57,1093.98,28.27,8,8,8,3,0,1,0.375,0,0,2,0
C0448,31-03-2026,270,31,19,19476.94,1025.1,24.88,3,3,2,1,0,0.666666667,0.5,0,0,9,0
C0449,31-03-2026,87,74,1,1197.08,1197.08,0,3,3,2,2,1,0.666666667,1,0.5,3,6,0
C0452,31-03-2026,660,14,42,54991.02,1309.31,25.23,6,6,5,0,0,0.833333333,0,0,0,14,0
C0453,31-03-2026,328,2,28,47373.08,1691.9,17.33,6,6,5,2,0,0.833333333,0.4,0,0,3,0
C0454,31-03-2026,649,2,56,98429.49,1757.67,18.86,6,6,6,2,1,1,0.333333333,0.166666667,0,9,0
C0455,31-03-2026,637,51,27,33208.25,1229.94,32.29,8,8,7,0,0,0.875,0,0,1,0,1
C0456,31-03-2026,67,23,1,1832.47,1832.47,0,2,2,2,0,0,1,0,0,1,3,0
C0457,31-03-2026,415,233,8,4577.95,572.24,31.8,8,8,7,2,1,0.875,0.285714286,0.142857143,4,0,1
C0458,31-03-2026,559,61,41,42396.15,1034.05,16.87,3,3,3,1,1,1,0.333333333,0.333333333,0,8,0
C0459,31-03-2026,330,56,12,9124.85,760.4,21.25,9,9,9,4,0,1,0.444444444,0,1,2,0
C0460,31-03-2026,308,5,8,9203.98,1150.5,82.67,5,5,5,2,0,1,0.4,0,0,6,0
C0461,31-03-2026,396,3,12,13125.31,1093.78,35.57,5,5,5,2,0,1,0.4,0,0,10,0
C0462,31-03-2026,144,16,2,2871.68,1435.84,61,5,5,4,2,0,0.8,0.5,0,2,8,0
C0463,31-03-2026,731,20,52,65888.62,1267.09,21.64,4,4,4,1,1,1,0.25,0.25,0,12,0
C0464,31-03-2026,860,52,83,179170.6,2158.68,16.76,8,8,7,5,1,0.875,0.714285714,0.142857143,0,14,0
C0465,31-03-2026,64,1,4,5312.55,1328.14,51,4,4,3,1,0,0.75,0.333333333,0,0,6,0
C0466,31-03-2026,556,8,35,32210.8,920.31,18.08,11,11,9,5,1,0.818181818,0.555555556,0.111111111,0,10,0
C0467,31-03-2026,389,5,18,30815.77,1711.99,18.58,11,11,11,3,1,1,0.272727273,0.090909091,0,6,0
C0469,31-03-2026,892,6,77,120152.11,1560.42,17.32,9,9,9,3,1,1,0.333333333,0.111111111,0,3,0
C0470,31-03-2026,399,36,26,25574.8,983.65,20.75,2,2,2,1,0,1,0.5,0,0,7,0
C0471,31-03-2026,286,4,18,17280.15,960.01,19.78,4,4,4,1,0,1,0.25,0,1,5,0
C0472,31-03-2026,79,19,3,1411.92,470.64,8,4,4,3,1,0,0.75,0.333333333,0,1,6,0
C0473,31-03-2026,238,34,12,27475.84,2289.65,24,6,6,6,2,1,1,0.333333333,0.166666667,1,15,0
C0474,31-03-2026,168,87,6,3879.23,646.54,23.67,5,5,5,0,0,1,0,0,2,0,1
C0475,31-03-2026,731,0,39,40375.1,1035.26,34.15,6,6,6,1,1,1,0.166666667,0.166666667,0,5,0
C0476,31-03-2026,350,3,17,16478.46,969.32,22.92,6,6,6,2,2,1,0.333333333,0.333333333,0,5,0
C0477,31-03-2026,498,60,21,21802,1038.19,41.2,3,3,3,1,0,1,0.333333333,0,0,0,1
C0478,31-03-2026,849,28,44,48993.24,1113.48,26.84,7,7,7,4,0,1,0.571428571,0,1,2,0
C0479,31-03-2026,572,16,34,58932.27,1733.3,19.8,7,7,7,1,1,1,0.142857143,0.142857143,0,10,0
C0480,31-03-2026,28,14,1,681.04,681.04,0,1,1,1,0,0,1,0,0,0,5,0
C0481,31-03-2026,648,2,32,38882.68,1215.08,24.29,7,7,7,3,0,1,0.428571429,0,0,6,0
C0482,31-03-2026,304,21,18,20926.81,1162.6,20.44,7,7,6,1,0,0.857142857,0.166666667,0,1,8,0
C0483,31-03-2026,247,247,17,8990.49,528.85,0,5,5,4,0,0,0.8,0,0,5,0,1
C0484,31-03-2026,635,11,29,33498.18,1155.11,39.27,6,6,5,1,1,0.833333333,0.2,0.2,0,8,0
C0485,31-03-2026,454,0,41,58004.21,1414.74,17.57,4,4,4,1,0,1,0.25,0,0,1,0
C0486,31-03-2026,516,56,20,27232.53,1361.63,29.15,6,6,6,2,1,1,0.333333333,0.166666667,1,6,0
C0487,31-03-2026,642,8,45,60150.66,1336.68,22.43,2,2,2,0,0,1,0,0,0,4,0
C0488,31-03-2026,396,2,35,36763.15,1050.38,15.57,5,5,5,1,0,1,0.2,0,0,6,0
C0489,31-03-2026,511,49,23,23736.24,1032.01,28.36,7,7,4,0,0,0.571428571,0,0,1,4,0
C0490,31-03-2026,713,1,31,36043.62,1162.7,29.1,5,5,5,1,0,1,0.2,0,0,6,0
C0492,31-03-2026,627,10,46,84810.82,1843.71,16.19,3,3,3,1,0,1,0.333333333,0,0,0,1
C0493,31-03-2026,300,52,22,30538.08,1388.09,20.73,8,8,8,3,1,1,0.375,0.125,0,8,0
C0494,31-03-2026,100,24,2,4091.69,2045.84,6,3,3,3,2,0,1,0.666666667,0,0,18,0
C0495,31-03-2026,28,28,4,4111.74,1027.94,0,1,1,1,0,0,1,0,0,1,0,1
C0496,31-03-2026,125,1,8,4298.4,537.3,47,2,2,1,1,0,0.5,1,0,0,2,0
C0497,31-03-2026,332,8,23,21593.51,938.85,14.31,2,2,2,1,0,1,0.5,0,0,8,0
C0498,31-03-2026,278,22,12,15445.38,1287.12,26.33,2,2,2,2,0,1,1,0,0,11,0
C0499,31-03-2026,329,10,14,13907.16,993.37,39.8,12,12,11,5,3,0.916666667,0.454545455,0.272727273,1,1,0
C0500,31-03-2026,289,23,17,17786.98,1046.29,30,5,5,5,1,0,1,0.2,0,0,5,0
C0501,31-03-2026,655,1,60,96727.86,1612.13,14.44,6,6,4,2,2,0.666666667,0.5,0.5,0,7,0
C0503,31-03-2026,780,11,29,18906.86,651.96,33.44,5,5,5,1,0,1,0.2,0,0,4,0
C0504,31-03-2026,519,19,32,64724.41,2022.64,22.82,1,1,1,1,1,1,1,1,0,0,1
C0505,31-03-2026,39,8,11,14669.51,1333.59,4.83,1,1,1,1,0,1,1,0,0,1,0
C0506,31-03-2026,246,1,13,17599.99,1353.85,23.9,9,9,8,4,3,0.888888889,0.5,0.375,0,9,0
C0507,31-03-2026,903,203,27,17339.83,642.22,43.08,6,6,5,0,0,0.833333333,0,0,2,0,1
C0508,31-03-2026,360,57,6,3558.44,593.07,40.5,5,5,5,1,0,1,0.2,0,2,10,0
C0509,31-03-2026,633,18,46,71116.55,1546.01,17.18,4,4,4,1,1,1,0.25,0.25,0,16,0
C0510,31-03-2026,920,1,103,184159.46,1787.96,14.73,5,5,5,0,0,1,0,0,0,10,0
C0511,31-03-2026,508,23,53,90211.64,1702.11,14.78,7,7,7,3,1,1,0.428571429,0.142857143,0,10,0
C0512,31-03-2026,283,3,10,11637.12,1163.71,28.5,0,0,0,0,0,0,0,0,0,7,0
C0513,31-03-2026,579,3,41,62128.39,1515.33,18.32,8,8,8,2,2,1,0.25,0.25,0,3,0
C0514,31-03-2026,376,3,21,28746.04,1368.86,22.62,5,5,5,1,0,1,0.2,0,0,12,0
C0515,31-03-2026,734,7,23,25517.09,1109.44,40.27,6,6,5,2,1,0.833333333,0.4,0.2,0,5,0
C0516,31-03-2026,713,231,21,19025.76,905.99,32.5,7,7,7,1,0,1,0.142857143,0,3,0,1
C0517,31-03-2026,171,21,15,16534.69,1102.31,17,3,3,3,1,0,1,0.333333333,0,0,0,1
C0518,31-03-2026,262,8,12,16774.35,1397.86,27.71,6,6,6,3,0,1,0.5,0,1,17,0
C0519,31-03-2026,406,10,17,18180.28,1069.43,24.83,5,5,5,3,2,1,0.6,0.4,0,14,0
C0520,31-03-2026,15,15,1,1211.57,1211.57,0,1,1,1,0,0,1,0,0,1,0,1
C0521,31-03-2026,784,2,52,53074.82,1020.67,23.84,6,6,6,2,0,1,0.333333333,0,0,1,0
C0522,31-03-2026,549,81,11,9586.98,871.54,49.5,4,4,4,3,0,1,0.75,0,0,0,1
C0523,31-03-2026,589,92,12,10081.88,840.16,25.1,8,8,7,4,2,0.875,0.571428571,0.285714286,1,4,0
C0524,31-03-2026,701,6,69,114778.53,1663.46,15.32,5,5,5,4,2,1,0.8,0.4,0,13,0
C0525,31-03-2026,438,17,34,50033.08,1471.56,19.33,7,7,5,4,1,0.714285714,0.8,0.2,1,0,1
C0526,31-03-2026,941,0,26,27630.4,1062.71,44.56,7,7,6,3,1,0.857142857,0.5,0.166666667,0,0,1
C0529,31-03-2026,82,15,3,6886.09,2295.36,19.5,3,3,3,3,1,1,1,0.333333333,2,10,0
C0530,31-03-2026,219,16,6,5095.07,849.18,45.67,7,7,7,4,1,1,0.571428571,0.142857143,0,9,0
C0531,31-03-2026,259,1,18,28468.42,1581.58,15.27,3,3,3,1,0,1,0.333333333,0,0,4,0
C0533,31-03-2026,711,28,26,26446.9,1017.19,48,10,10,10,2,2,1,0.2,0.2,1,7,0
C0534,31-03-2026,480,4,20,19240.17,962.01,26,8,8,8,6,2,1,0.75,0.25,0,5,0
C0535,31-03-2026,760,9,41,32102.56,782.99,24.7,8,8,6,0,0,0.75,0,0,1,3,0
C0536,31-03-2026,387,4,19,29381.84,1546.41,19.85,8,8,7,3,2,0.875,0.428571429,0.285714286,0,7,0
C0537,31-03-2026,846,0,35,36030.15,1029.43,24.17,6,6,6,0,0,1,0,0,0,5,0
C0538,31-03-2026,310,2,25,36854.15,1474.17,18.54,3,3,3,0,0,1,0,0,0,12,0
C0539,31-03-2026,170,170,12,9744.61,812.05,0,4,4,4,1,0,1,0.25,0,4,0,1
C0543,31-03-2026,642,1,32,26159.06,817.47,35.4,4,4,3,1,0,0.75,0.333333333,0,0,1,0
C0544,31-03-2026,514,1,30,40118.88,1337.3,22,5,5,5,2,1,1,0.4,0.2,0,5,0
C0545,31-03-2026,284,0,19,26411.4,1390.07,18.55,3,3,3,2,0,1,0.666666667,0,0,1,0
C0546,31-03-2026,196,8,12,7041.04,586.75,27.5,5,5,4,0,0,0.8,0,0,0,2,0
C0547,31-03-2026,684,26,47,48006.36,1021.41,22.08,7,7,5,1,0,0.714285714,0.2,0,0,4,0
C0549,31-03-2026,911,59,40,60777.81,1519.45,31.1,10,10,10,4,1,1,0.4,0.1,2,3,0
C0550,31-03-2026,382,83,15,9001.75,600.12,26.43,5,5,3,0,0,0.6,0,0,2,0,1
C0551,31-03-2026,68,29,2,3329.43,1664.72,5,1,1,1,1,0,1,1,0,0,3,0
C0554,31-03-2026,493,55,17,17013.95,1000.82,31.64,6,6,5,2,1,0.833333333,0.4,0.2,1,14,0
C0555,31-03-2026,70,6,3,4597.76,1532.59,18,3,3,2,1,0,0.666666667,0.5,0,0,6,0
C0556,31-03-2026,346,73,13,9536.12,733.55,49.75,5,5,4,0,0,0.8,0,0,1,0,1
C0558,31-03-2026,726,4,68,88766.1,1305.38,18.06,5,5,5,2,1,1,0.4,0.2,0,4,0
C0561,31-03-2026,906,26,56,74739.23,1334.63,23.77,9,9,8,3,1,0.888888889,0.375,0.125,0,3,0
C0562,31-03-2026,745,11,31,25465.33,821.46,40.12,6,6,5,0,0,0.833333333,0,0,0,0,1
C0564,31-03-2026,433,3,27,22758.46,842.91,27.93,6,6,6,0,0,1,0,0,0,5,0
C0566,31-03-2026,174,4,11,7986.18,726.02,12.29,3,3,3,1,1,1,0.333333333,0.333333333,0,14,0
C0567,31-03-2026,917,18,65,109525.32,1685,22.53,8,8,6,2,1,0.75,0.333333333,0.166666667,0,5,0
C0568,31-03-2026,875,17,92,125201.91,1360.89,13.28,9,9,9,5,2,1,0.555555556,0.222222222,0,8,0
C0569,31-03-2026,384,13,15,14826.82,988.45,37.78,6,6,6,1,1,1,0.166666667,0.166666667,0,3,0
C0570,31-03-2026,216,22,18,19277.15,1070.95,18.38,4,4,4,2,1,1,0.5,0.25,0,12,0
C0571,31-03-2026,401,8,19,20902.52,1100.13,25.92,5,5,5,1,0,1,0.2,0,0,7,0
C0572,31-03-2026,461,38,11,11986.92,1089.72,56.83,6,6,5,1,0,0.833333333,0.2,0,0,0,1
C0574,31-03-2026,297,74,17,15926.64,936.86,18.78,3,3,2,1,0,0.666666667,0.5,0,0,0,1
C0575,31-03-2026,918,12,40,51125.82,1278.15,27.7,8,8,8,3,1,1,0.375,0.125,0,3,0
C0576,31-03-2026,72,24,4,7072,1768,17,1,1,1,0,0,1,0,0,1,11,0
C0577,31-03-2026,366,30,16,25581.05,1598.82,25,4,4,3,0,0,0.75,0,0,0,3,0
C0578,31-03-2026,825,54,34,23680.82,696.49,39.19,4,4,4,0,0,1,0,0,0,0,1
C0579,31-03-2026,758,26,45,54606.47,1213.48,19.22,2,2,2,2,2,1,1,1,0,6,0
C0580,31-03-2026,836,11,61,120794.93,1980.24,19.78,9,9,8,3,0,0.888888889,0.375,0,0,3,0
C0581,31-03-2026,739,22,64,85491.58,1335.81,16.41,2,2,2,1,0,1,0.5,0,0,4,0
C0582,31-03-2026,440,14,24,38391.1,1599.63,21.33,5,5,5,0,0,1,0,0,1,4,0
C0583,31-03-2026,599,8,44,56300.65,1279.56,18.24,8,8,6,3,1,0.75,0.5,0.166666667,1,4,0
C0584,31-03-2026,224,224,14,7381.63,527.26,0,4,4,3,1,0,0.75,0.333333333,0,4,0,1
C0585,31-03-2026,329,122,8,4980.9,622.61,29.2,6,6,6,3,2,1,0.5,0.333333333,2,0,1
C0586,31-03-2026,352,13,17,16292.64,958.39,28.67,5,5,5,2,1,1,0.4,0.2,0,0,1
C0587,31-03-2026,644,372,5,6288.39,1257.68,35.5,8,8,8,2,1,1,0.25,0.125,5,0,1
C0588,31-03-2026,913,52,51,49762.93,975.74,37.65,8,8,6,5,2,0.75,0.833333333,0.333333333,0,0,1
C0589,31-03-2026,436,27,18,22208.69,1233.82,23,9,9,8,0,0,0.888888889,0,0,1,0,1
C0590,31-03-2026,474,14,28,26044.89,930.17,22,5,5,4,2,0,0.8,0.5,0,0,6,0
C0594,31-03-2026,123,8,12,14334.33,1194.53,10.43,4,4,4,2,0,1,0.5,0,1,0,1
C0595,31-03-2026,208,0,13,14015.57,1078.12,20,1,1,1,0,0,1,0,0,0,15,0
C0596,31-03-2026,780,8,84,113109.67,1346.54,14.73,8,8,8,3,1,1,0.375,0.125,0,6,0
C0597,31-03-2026,644,35,38,40620.13,1068.95,24.91,10,10,8,1,1,0.8,0.125,0.125,0,5,0
C0598,31-03-2026,155,20,10,9321.29,932.13,19,5,5,4,3,1,0.8,0.75,0.25,0,4,0
C0599,31-03-2026,177,19,10,7679.41,767.94,19.33,5,5,5,1,0,1,0.2,0,0,3,0
C0600,31-03-2026,702,19,55,71758.29,1304.7,16.06,5,5,4,1,0,0.8,0.25,0,0,17,0
C0601,31-03-2026,850,304,30,14862.92,495.43,27.83,8,8,6,0,0,0.75,0,0,8,0,1
C0602,31-03-2026,652,37,31,27552.63,888.79,30.28,2,2,2,1,1,1,0.5,0.5,0,0,1
C0603,31-03-2026,739,36,67,107512.38,1604.66,14.29,7,7,7,3,1,1,0.428571429,0.142857143,0,6,0
C0604,31-03-2026,205,3,18,17657.15,980.95,11.82,3,3,3,1,0,1,0.333333333,0,0,2,0
C0605,31-03-2026,618,15,80,163607.67,2045.1,11.98,8,8,8,3,1,1,0.375,0.125,0,22,0
C0606,31-03-2026,753,44,37,31851.55,860.85,26.36,5,5,4,0,0,0.8,0,0,1,8,0
C0607,31-03-2026,629,19,12,12022.97,1001.91,71.43,8,8,7,1,1,0.875,0.142857143,0.142857143,1,9,0
C0608,31-03-2026,512,464,5,3690.02,738,14.67,11,11,10,4,1,0.909090909,0.4,0.1,10,0,1
C0609,31-03-2026,805,24,26,23096.33,888.32,47.71,6,6,6,3,0,1,0.5,0,0,5,0
C0614,31-03-2026,402,4,24,37922.05,1580.09,18.27,9,9,8,2,0,0.888888889,0.25,0,0,6,0
C0615,31-03-2026,370,4,21,23656.36,1126.49,20.86,5,5,5,2,1,1,0.4,0.2,0,9,0
C0616,31-03-2026,452,2,58,70713.69,1219.2,12.22,2,2,2,1,0,1,0.5,0,0,15,0
C0617,31-03-2026,810,30,86,136213.97,1583.88,14.09,7,7,5,0,0,0.714285714,0,0,0,7,0
C0618,31-03-2026,237,22,6,5254.38,875.73,81,7,7,7,3,1,1,0.428571429,0.142857143,2,0,1
C0619,31-03-2026,396,84,10,4620.85,462.08,57.25,6,6,5,3,1,0.833333333,0.6,0.2,1,0,1
C0620,31-03-2026,213,10,11,18117.4,1647.04,21.8,3,3,3,0,0,1,0,0,0,12,0
C0621,31-03-2026,820,4,30,27098.53,903.28,34,4,4,2,0,0,0.5,0,0,0,5,0
C0623,31-03-2026,584,269,12,10312.13,859.34,20.5,8,8,7,1,0,0.875,0.142857143,0,3,0,1
C0625,31-03-2026,566,7,27,27074.43,1002.76,28.14,6,6,5,3,2,0.833333333,0.6,0.4,0,1,0
C0626,31-03-2026,731,17,23,13449.78,584.77,32.12,8,8,7,2,0,0.875,0.285714286,0,0,0,1
C0629,31-03-2026,910,49,52,116768.32,2245.54,24.41,11,11,10,1,0,0.909090909,0.1,0,1,3,0
C0630,31-03-2026,183,3,19,29043.58,1528.61,17.62,1,1,0,0,0,0,0,0,0,4,0
C0631,31-03-2026,60,4,3,1968.96,656.32,0,1,1,1,0,0,1,0,0,0,10,0
C0632,31-03-2026,580,2,43,63205.75,1469.9,21.77,10,10,8,1,1,0.8,0.125,0.125,0,3,0
C0633,31-03-2026,311,12,10,9733.13,973.31,33.67,7,7,6,0,0,0.857142857,0,0,1,5,0
C0634,31-03-2026,311,31,18,31933.96,1774.11,16.82,3,3,3,1,0,1,0.333333333,0,0,7,0
C0635,31-03-2026,336,16,20,35557.41,1777.87,23.25,7,7,6,1,0,0.857142857,0.166666667,0,1,5,0
C0636,31-03-2026,920,1,94,136833.6,1455.68,14.23,6,6,6,2,0,1,0.333333333,0,0,12,0
C0637,31-03-2026,472,30,18,12320.33,684.46,27.5,4,4,4,1,0,1,0.25,0,0,7,0
C0638,31-03-2026,221,26,11,7552.69,686.61,31.33,7,7,7,4,1,1,0.571428571,0.142857143,2,6,0
C0640,31-03-2026,122,32,5,3236.47,647.29,73,3,3,3,1,0,1,0.333333333,0,1,0,1
C0641,31-03-2026,740,10,41,41261.62,1006.38,26.88,7,7,6,3,2,0.857142857,0.5,0.333333333,0,4,0
C0642,31-03-2026,371,2,19,21475.67,1130.3,25,2,2,2,0,0,1,0,0,0,7,0
C0643,31-03-2026,457,3,32,48619.34,1519.35,16.65,3,3,3,1,0,1,0.333333333,0,0,15,0
C0644,31-03-2026,266,35,11,13253.6,1204.87,17.8,3,3,3,1,0,1,0.333333333,0,0,8,0
C0646,31-03-2026,722,56,41,44887.73,1094.82,28.77,6,6,6,0,0,1,0,0,1,3,0
C0648,31-03-2026,51,51,5,1734.74,346.95,0,2,2,2,0,0,1,0,0,2,0,1
C0649,31-03-2026,628,53,50,101142.46,2022.85,18.52,8,8,7,2,1,0.875,0.285714286,0.142857143,1,10,0
C0650,31-03-2026,328,3,35,68527,1957.91,13.65,2,2,2,1,0,1,0.5,0,0,9,0
C0651,31-03-2026,159,12,6,6016.01,1002.67,14.75,4,4,4,1,0,1,0.25,0,0,7,0
C0652,31-03-2026,626,16,38,49655.03,1306.71,30.15,9,9,8,0,0,0.888888889,0,0,1,13,0
C0653,31-03-2026,115,39,7,3139.56,448.51,25.5,2,2,2,0,0,1,0,0,1,0,1
C0654,31-03-2026,891,83,32,24506.19,765.82,38.95,6,6,6,2,0,1,0.333333333,0,0,0,1
C0655,31-03-2026,919,2,83,92718.48,1117.09,18.23,11,11,10,1,1,0.909090909,0.1,0.1,0,0,1
C0656,31-03-2026,668,16,14,13916.04,994,63.44,6,6,6,0,0,1,0,0,0,0,1
C0657,31-03-2026,789,7,43,45597.64,1060.41,28.23,7,7,7,1,0,1,0.142857143,0,0,2,0
C0659,31-03-2026,259,33,13,12135.77,933.52,29.17,5,5,4,0,0,0.8,0,0,0,2,0
C0660,31-03-2026,486,15,26,18774.06,722.08,26.92,7,7,7,2,1,1,0.285714286,0.142857143,1,1,0
C0661,31-03-2026,928,29,87,94965.35,1091.56,14.52,8,8,8,5,3,1,0.625,0.375,0,6,0
C0662,31-03-2026,437,108,25,38136.13,1525.45,13.67,5,5,5,0,0,1,0,0,1,1,0
C0663,31-03-2026,68,2,6,4995,832.5,9,3,3,3,2,1,1,0.666666667,0.333333333,0,4,0
C0664,31-03-2026,39,39,5,2615.93,523.19,0,3,3,3,1,0,1,0.333333333,0,3,0,1
C0665,31-03-2026,472,37,33,38193.28,1157.37,20.62,4,4,4,1,0,1,0.25,0,0,4,0
C0666,31-03-2026,512,28,40,52768.34,1319.21,16.84,8,8,8,3,0,1,0.375,0,0,13,0
C0669,31-03-2026,777,31,49,78590.55,1603.89,25,6,6,6,0,0,1,0,0,1,3,0
C0670,31-03-2026,521,2,45,58110.68,1291.35,16.68,6,6,6,1,0,1,0.166666667,0,0,10,0
C0671,31-03-2026,263,0,14,9949.67,710.69,26.78,6,6,5,2,1,0.833333333,0.4,0.2,0,2,0
C0672,31-03-2026,292,11,17,24988.91,1469.94,26.33,6,6,5,4,1,0.833333333,0.8,0.2,1,11,0
C0673,31-03-2026,817,73,81,88304.9,1090.18,19.03,5,5,5,2,0,1,0.4,0,0,11,0
C0674,31-03-2026,439,1,35,99424.8,2840.71,17.57,3,3,3,3,0,1,1,0,0,14,0
C0675,31-03-2026,837,12,61,112178.1,1838.99,20.81,3,3,3,0,0,1,0,0,0,10,0
C0676,31-03-2026,825,2,62,85852.4,1384.72,17.83,10,10,8,5,1,0.8,0.625,0.125,0,5,0
C0677,31-03-2026,532,1,37,38372.38,1037.09,20.83,5,5,5,0,0,1,0,0,0,10,0
C0678,31-03-2026,738,48,39,61306.86,1571.97,29.14,7,7,6,2,1,0.857142857,0.333333333,0.166666667,1,5,0
C0679,31-03-2026,243,31,12,8159.93,679.99,37.2,4,4,4,1,0,1,0.25,0,2,5,0
C0680,31-03-2026,851,293,25,13444.4,537.78,25.86,7,7,6,2,0,0.857142857,0.333333333,0,0,0,1
C0681,31-03-2026,739,4,84,168350.46,2004.17,15.59,4,4,4,0,0,1,0,0,0,9,0
C0682,31-03-2026,485,18,39,64040.46,1642.06,16.32,3,3,3,0,0,1,0,0,0,14,0
C0683,31-03-2026,830,6,56,80161.61,1431.46,23.09,10,10,10,3,0,1,0.3,0,0,0,1
C0684,31-03-2026,649,5,67,136495.82,2037.25,17.24,9,9,8,3,1,0.888888889,0.375,0.125,0,19,0
C0685,31-03-2026,117,117,2,1790.92,895.46,0,4,4,4,0,0,1,0,0,4,0,1
C0686,31-03-2026,576,6,28,24116.11,861.29,30.06,7,7,7,1,1,1,0.142857143,0.142857143,0,3,0
C0687,31-03-2026,932,1,58,89764.01,1547.66,24.9,3,3,3,1,0,1,0.333333333,0,0,0,1
C0688,31-03-2026,476,25,36,31766.22,882.4,15.77,2,2,2,0,0,1,0,0,1,0,1
C0689,31-03-2026,198,83,3,6806.12,2268.71,61,4,4,4,1,0,1,0.25,0,1,14,0
C0690,31-03-2026,440,4,34,65256.27,1919.3,16.9,3,3,3,1,0,1,0.333333333,0,1,0,1
C0692,31-03-2026,138,14,8,10747.63,1343.45,6.67,3,3,3,0,0,1,0,0,1,9,0
C0694,31-03-2026,130,83,2,2552.75,1276.38,36,4,4,3,1,1,0.75,0.333333333,0.333333333,3,6,0
C0696,31-03-2026,79,20,3,2760.53,920.18,20,1,1,1,0,0,1,0,0,0,9,0
C0697,31-03-2026,761,366,13,9910.1,762.32,48.33,7,7,7,2,1,1,0.285714286,0.142857143,2,0,1
C0698,31-03-2026,733,22,46,69946.6,1520.58,27.28,1,1,1,1,0,1,1,0,0,9,0
C0699,31-03-2026,932,26,81,155906.3,1924.77,15.55,7,7,6,5,1,0.857142857,0.833333333,0.166666667,0,8,0
C0700,31-03-2026,907,20,86,116312.56,1352.47,18.36,6,6,6,4,2,1,0.666666667,0.333333333,0,2,0
C0701,31-03-2026,445,8,36,93974.92,2610.41,14.91,3,3,3,2,0,1,0.666666667,0,0,7,0
C0702,31-03-2026,733,9,46,31193.08,678.11,26.86,4,4,4,2,1,1,0.5,0.25,0,1,0
C0703,31-03-2026,778,8,86,154494.89,1796.45,15.22,9,9,9,2,0,1,0.222222222,0,1,12,0
C0704,31-03-2026,547,106,19,17915.19,942.9,34.67,6,6,5,0,0,0.833333333,0,0,0,0,1
C0706,31-03-2026,757,368,17,9821.61,577.74,51.67,6,6,6,2,1,1,0.333333333,0.166666667,2,0,1
C0707,31-03-2026,50,50,5,3004.05,600.81,0,2,2,2,0,0,1,0,0,2,0,1
C0708,31-03-2026,405,92,5,4269.8,853.96,46,5,5,4,1,0,0.8,0.25,0,1,0,1
C0710,31-03-2026,275,2,19,26144.68,1376.04,22.36,5,5,5,0,0,1,0,0,0,3,0
C0712,31-03-2026,328,10,17,12964.47,762.62,37.12,6,6,6,1,1,1,0.166666667,0.166666667,0,0,1
C0713,31-03-2026,726,95,39,43456.55,1114.27,22.08,4,4,4,1,0,1,0.25,0,0,5,0
C0714,31-03-2026,430,18,42,41977.72,999.47,17.27,5,5,5,2,0,1,0.4,0,0,3,0
C0715,31-03-2026,717,10,74,120020.76,1621.9,14.15,4,4,4,2,2,1,0.5,0.5,0,11,0
C0716,31-03-2026,852,2,34,33666.88,990.2,34.6,6,6,6,2,0,1,0.333333333,0,0,6,0
C0717,31-03-2026,400,89,18,16751.36,930.63,27.9,6,6,5,1,0,0.833333333,0.2,0,3,3,0
C0718,31-03-2026,465,49,33,65587.79,1987.51,18.16,4,4,4,4,2,1,1,0.5,0,7,0
C0719,31-03-2026,337,6,31,55184.4,1780.14,11.39,3,3,3,3,0,1,1,0,0,14,0
C0720,31-03-2026,277,95,13,8105.98,623.54,17.12,5,5,4,3,0,0.8,0.75,0,0,0,1
C0721,31-03-2026,830,29,28,20833.82,744.06,51.46,8,8,8,3,1,1,0.375,0.125,1,0,1
C0723,31-03-2026,707,96,36,38692.29,1074.79,24.86,4,4,3,0,0,0.75,0,0,1,0,1
C0724,31-03-2026,678,20,43,41945.24,975.47,24.05,5,5,5,3,1,1,0.6,0.2,0,1,0
C0726,31-03-2026,783,47,21,18793.09,894.91,38.77,6,6,6,1,0,1,0.166666667,0,0,0,1
C0728,31-03-2026,432,31,27,41206.04,1526.15,16.94,1,1,1,0,0,1,0,0,0,10,0
C0729,31-03-2026,606,9,55,83696.88,1521.76,15.66,9,9,7,1,0,0.777777778,0.142857143,0,0,16,0
C0730,31-03-2026,678,11,54,110090.61,2038.72,15.81,4,4,4,4,3,1,1,0.75,0,14,0
C0731,31-03-2026,526,88,19,14376.91,756.68,27.73,2,2,2,1,1,1,0.5,0.5,0,0,1
C0732,31-03-2026,926,422,21,16306.99,776.52,30.83,7,7,6,2,0,0.857142857,0.333333333,0,2,0,1
C0733,31-03-2026,451,1,28,50066.98,1788.11,22,2,2,2,2,1,1,1,0.5,0,12,0
C0735,31-03-2026,532,48,31,23885.73,770.51,21.88,3,3,2,1,0,0.666666667,0.5,0,1,0,1
C0736,31-03-2026,652,14,44,88616.82,2014.02,19.46,12,12,12,3,2,1,0.25,0.166666667,0,10,0
C0737,31-03-2026,75,75,3,1441.21,480.4,0,2,2,2,0,0,1,0,0,2,0,1
C0738,31-03-2026,292,7,20,29633.84,1481.69,22.56,6,6,5,0,0,0.833333333,0,0,0,10,0
C0739,31-03-2026,57,4,2,2896.62,1448.31,0,3,3,1,1,1,0.333333333,1,1,0,8,0
C0743,31-03-2026,542,19,45,69700.41,1548.9,19.91,5,5,5,0,0,1,0,0,0,6,0
C0745,31-03-2026,543,118,17,13616.73,800.98,34.5,6,6,5,1,0,0.833333333,0.2,0,2,0,1
C0746,31-03-2026,743,150,32,31707.07,990.85,26.06,8,8,8,4,0,1,0.5,0,2,4,0
C0748,31-03-2026,670,16,30,27036.68,901.22,31.75,6,6,6,2,1,1,0.333333333,0.166666667,1,4,0
C0749,31-03-2026,292,62,5,5413.68,1082.74,103,10,10,9,0,0,0.9,0,0,2,0,1
C0750,31-03-2026,86,43,1,1858.98,1858.98,0,2,2,2,0,0,1,0,0,0,7,0
C0752,31-03-2026,532,254,24,20614.36,858.93,23.91,5,5,4,0,0,0.8,0,0,1,0,1
C0753,31-03-2026,240,9,13,25506.79,1962.06,18.75,6,6,6,3,0,1,0.5,0,0,11,0
C0754,31-03-2026,628,0,71,93444.04,1316.11,13.28,7,7,6,3,1,0.857142857,0.5,0.166666667,0,12,0
C0755,31-03-2026,260,24,22,31439.26,1429.06,21.33,5,5,5,2,1,1,0.4,0.2,0,11,0
C0756,31-03-2026,478,0,41,51315.08,1251.59,20.52,6,6,6,2,1,1,0.333333333,0.166666667,0,4,0
C0757,31-03-2026,405,12,38,54170.96,1425.55,18,5,5,5,1,0,1,0.2,0,0,10,0
C0758,31-03-2026,396,93,16,11871.81,741.99,22.33,3,3,2,0,0,0.666666667,0,0,1,0,1
C0759,31-03-2026,764,25,33,35327.91,1070.54,28.76,7,7,7,1,0,1,0.142857143,0,0,6,0
C0761,31-03-2026,502,4,16,18817.37,1176.09,43.89,5,5,5,4,1,1,0.8,0.2,0,5,0
C0762,31-03-2026,66,3,6,11883.24,1980.54,13.33,3,3,3,0,0,1,0,0,0,1,0
C0763,31-03-2026,877,1,40,47066.13,1176.65,32.14,4,4,4,1,0,1,0.25,0,0,1,0
C0764,31-03-2026,440,33,44,78713.65,1788.95,13.58,7,7,6,3,1,0.857142857,0.5,0.166666667,1,4,0
C0765,31-03-2026,46,3,1,631.83,631.83,0,2,2,2,2,0,1,1,0,0,0,1
C0766,31-03-2026,669,0,55,78263.69,1422.98,18.56,6,6,5,3,0,0.833333333,0.6,0,0,13,0
C0767,31-03-2026,441,2,33,48527.23,1470.52,17.79,6,6,5,3,1,0.833333333,0.6,0.2,0,17,0
C0768,31-03-2026,417,5,24,35643.38,1485.14,22.21,6,6,3,1,0,0.5,0.333333333,0,0,13,0
C0769,31-03-2026,636,3,62,103853.21,1675.05,15.22,3,3,2,1,0,0.666666667,0.5,0,0,9,0
C0770,31-03-2026,507,3,29,32198.44,1110.29,23.75,4,4,4,1,0,1,0.25,0,0,5,0
C0771,31-03-2026,826,34,23,16576.01,720.7,45.85,6,6,4,0,0,0.666666667,0,0,0,1,0
C0772,31-03-2026,235,4,13,10062.15,774.01,21.67,3,3,3,2,2,1,0.666666667,0.666666667,0,6,0
C0773,31-03-2026,475,8,32,48351.06,1510.97,19.82,7,7,7,4,2,1,0.571428571,0.285714286,0,1,0
C0774,31-03-2026,833,0,40,49212.09,1230.3,24.3,6,6,5,0,0,0.833333333,0,0,0,1,0
C0775,31-03-2026,491,257,18,11670.24,648.35,20.5,5,5,4,0,0,0.8,0,0,2,0,1
C0777,31-03-2026,456,7,24,19982.43,832.6,27.18,9,9,8,1,0,0.888888889,0.125,0,0,2,0
C0778,31-03-2026,309,35,16,16507.08,1031.69,17.38,10,10,9,4,0,0.9,0.444444444,0,0,6,0
C0779,31-03-2026,213,109,7,5152.08,736.01,18.33,1,1,1,1,0,1,1,0,0,2,0
C0780,31-03-2026,882,51,37,40614.27,1097.68,29.45,7,7,7,1,1,1,0.142857143,0.142857143,1,0,1
C0782,31-03-2026,915,48,37,37459.52,1012.42,33.59,14,14,13,1,0,0.928571429,0.076923077,0,2,0,1
C0783,31-03-2026,88,10,7,3441.82,491.69,32,3,3,2,2,1,0.666666667,1,0.5,0,0,1
C0784,31-03-2026,99,99,5,4320.1,864.02,0,3,3,2,0,0,0.666666667,0,0,3,0,1
C0785,31-03-2026,112,29,6,9581.62,1596.94,16.5,4,4,1,1,1,0.25,1,1,1,5,0
C0786,31-03-2026,919,4,65,59328.97,912.75,26.21,4,4,3,0,0,0.75,0,0,0,1,0
C0787,31-03-2026,935,45,54,47777.2,884.76,24.9,7,7,6,1,0,0.857142857,0.166666667,0,0,3,0
C0788,31-03-2026,363,84,9,7407.8,823.09,57.75,10,10,8,5,2,0.8,0.625,0.25,4,3,0
C0789,31-03-2026,283,46,14,23210.93,1657.92,31.14,11,11,10,4,1,0.909090909,0.4,0.1,1,4,0
C0791,31-03-2026,336,15,10,11342.89,1134.29,39.4,6,6,6,3,0,1,0.5,0,1,7,0
C0792,31-03-2026,198,78,6,3824.67,637.45,15.5,6,6,6,3,1,1,0.5,0.166666667,2,1,0
C0793,31-03-2026,68,13,1,1130.5,1130.5,0,1,1,1,0,0,1,0,0,0,6,0
C0794,31-03-2026,922,1,43,42776.56,994.8,34.59,8,8,6,2,0,0.75,0.333333333,0,0,3,0
C0795,31-03-2026,768,62,19,16411.49,863.76,64.9,7,7,6,2,1,0.857142857,0.333333333,0.166666667,2,0,1
C0796,31-03-2026,648,6,33,30322.28,918.86,25.19,3,3,3,2,2,1,0.666666667,0.666666667,0,5,0
C0798,31-03-2026,321,2,21,21702.97,1033.47,23.58,5,5,4,1,0,0.8,0.25,0,0,5,0
C0800,31-03-2026,205,5,8,8554.14,1069.27,37.33,2,2,2,0,0,1,0,0,0,6,0
C0801,31-03-2026,431,53,20,18143.16,907.16,36.88,10,10,9,1,1,0.9,0.111111111,0.111111111,0,0,1
C0802,31-03-2026,355,29,17,16853.75,991.4,27.62,7,7,5,2,0,0.714285714,0.4,0,0,0,1
C0803,31-03-2026,237,14,7,9130.98,1304.43,37,5,5,4,1,1,0.8,0.25,0.25,1,0,1
C0804,31-03-2026,465,115,28,24089.7,860.35,19.54,10,10,10,1,1,1,0.1,0.1,3,0,1
C0805,31-03-2026,896,29,52,62499.1,1201.91,25.69,8,8,8,1,0,1,0.125,0,0,3,0
C0806,31-03-2026,468,55,25,17848.44,713.94,27,6,6,6,0,0,1,0,0,1,0,1
C0807,31-03-2026,708,15,26,18540.93,713.11,30,8,8,7,4,0,0.875,0.571428571,0,0,12,0
C0809,31-03-2026,749,51,50,95831.06,1916.62,21,6,6,6,2,1,1,0.333333333,0.166666667,0,1,0
C0810,31-03-2026,534,5,25,36087.32,1443.49,24.33,9,9,8,2,0,0.888888889,0.25,0,0,3,0
C0812,31-03-2026,497,368,12,4839.86,403.32,12.86,10,10,8,3,0,0.8,0.375,0,8,0,1
C0813,31-03-2026,4,4,2,1255.87,627.93,0,1,1,1,0,0,1,0,0,1,0,1
C0814,31-03-2026,328,63,13,9595.15,738.09,26.62,7,7,5,0,0,0.714285714,0,0,1,0,1
C0815,31-03-2026,326,80,5,3616.08,723.22,46,4,4,4,0,0,1,0,0,0,0,1
C0817,31-03-2026,544,20,42,59923.96,1426.76,17.96,8,8,8,2,1,1,0.25,0.125,0,11,0
C0818,31-03-2026,863,19,71,167977.45,2365.88,17.07,5,5,5,3,0,1,0.6,0,0,13,0
C0819,31-03-2026,891,17,54,114294.38,2116.56,21.74,10,10,9,3,2,0.9,0.333333333,0.222222222,1,1,0
C0820,31-03-2026,233,1,7,4997.49,713.93,47,6,6,6,2,1,1,0.333333333,0.166666667,0,7,0
C0821,31-03-2026,927,2,56,94527.01,1687.98,23.76,6,6,6,1,1,1,0.166666667,0.166666667,0,2,0
C0823,31-03-2026,624,1,50,59253.64,1185.07,16.65,5,5,4,1,0,0.8,0.25,0,0,11,0
C0826,31-03-2026,583,0,57,57796.31,1013.97,14.71,7,7,6,4,0,0.857142857,0.666666667,0,0,4,0
C0827,31-03-2026,770,15,39,51222.91,1313.41,21.04,8,8,8,2,0,1,0.25,0,0,6,0
C0828,31-03-2026,326,25,12,17874.7,1489.56,33.67,5,5,4,2,1,0.8,0.5,0.25,0,15,0
C0829,31-03-2026,736,87,17,12521.89,736.58,58.89,8,8,6,4,1,0.75,0.666666667,0.166666667,0,0,1
C0830,31-03-2026,251,12,21,24094.52,1147.36,11.7,2,2,2,1,1,1,0.5,0.5,0,2,0
C0832,31-03-2026,376,24,23,21271.93,924.87,25.67,7,7,7,5,3,1,0.714285714,0.428571429,0,12,0
C0833,31-03-2026,449,84,18,8926.05,495.89,33.29,7,7,7,0,0,1,0,0,0,0,1
C0834,31-03-2026,278,12,21,30150.05,1435.72,19.8,6,6,5,1,0,0.833333333,0.2,0,0,5,0
C0835,31-03-2026,783,21,45,36553.48,812.3,26.16,9,9,9,1,1,1,0.111111111,0.111111111,0,0,1
C0836,31-03-2026,285,36,2,2229.88,1114.94,58,6,6,6,0,0,1,0,0,0,2,0
C0837,31-03-2026,262,3,13,12608.96,969.92,22,8,8,8,2,1,1,0.25,0.125,0,14,0
C0838,31-03-2026,881,49,24,17917.56,746.56,46.73,5,5,4,0,0,0.8,0,0,0,0,1
C0839,31-03-2026,733,17,41,83291.62,2031.5,22.23,8,8,8,1,1,1,0.125,0.125,0,7,0
C0840,31-03-2026,429,80,19,17508.6,921.51,28.9,7,7,7,1,1,1,0.142857143,0.142857143,0,7,0
C0841,31-03-2026,760,15,60,70718.37,1178.64,21.24,7,7,6,1,1,0.857142857,0.166666667,0.166666667,0,4,0
C0844,31-03-2026,461,6,41,77991.87,1902.24,14.08,8,8,8,1,1,1,0.125,0.125,0,0,1
C0846,31-03-2026,147,1,14,25058.19,1789.87,17,3,3,3,1,0,1,0.333333333,0,0,8,0
C0848,31-03-2026,178,17,17,15942.22,937.78,10.33,7,7,7,3,1,1,0.428571429,0.142857143,0,6,0
C0849,31-03-2026,908,45,84,139865.43,1665.06,17.72,7,7,6,2,0,0.857142857,0.333333333,0,0,7,0
C0850,31-03-2026,252,3,27,46177.04,1710.26,12.83,6,6,6,4,3,1,0.666666667,0.5,0,27,0
C0851,31-03-2026,421,252,13,12551.91,965.53,22.83,4,4,4,0,0,1,0,0,2,0,1
C0852,31-03-2026,614,6,64,118389.55,1849.84,12.54,8,8,6,2,0,0.75,0.333333333,0,0,12,0
C0854,31-03-2026,574,83,18,14478.33,804.35,47.7,5,5,4,1,0,0.8,0.25,0,0,0,1
C0855,31-03-2026,670,0,12,9100.81,758.4,84.8,5,5,5,0,0,1,0,0,0,3,0
C0857,31-03-2026,697,1,72,138739.61,1926.94,13.69,7,7,7,3,2,1,0.428571429,0.285714286,0,11,0
C0858,31-03-2026,477,305,25,10983.23,439.33,11.77,2,2,2,0,0,1,0,0,2,0,1
C0859,31-03-2026,488,10,48,75557.69,1574.12,17.84,8,8,7,3,2,0.875,0.428571429,0.285714286,0,12,0
C0860,31-03-2026,266,0,13,16494.78,1268.83,33.17,4,4,3,1,1,0.75,0.333333333,0.333333333,0,6,0
C0864,31-03-2026,566,7,37,70141.09,1895.71,17.79,5,5,4,0,0,0.8,0,0,0,1,0
C0866,31-03-2026,496,17,31,34503.66,1113.02,23.17,4,4,4,2,0,1,0.5,0,0,5,0
C0867,31-03-2026,894,327,17,12181.01,716.53,54.8,11,11,10,2,0,0.909090909,0.2,0,5,0,1
C0868,31-03-2026,124,10,11,12069.2,1097.2,13.67,4,4,4,2,1,1,0.5,0.25,1,4,0
C0869,31-03-2026,2,2,2,4115.78,2057.89,0,2,2,2,0,0,1,0,0,1,0,1
C0870,31-03-2026,929,29,56,86335.5,1541.71,21.71,4,4,2,0,0,0.5,0,0,0,12,0
C0871,31-03-2026,601,13,55,111894.52,2034.45,15.73,4,4,4,2,1,1,0.5,0.25,0,13,0
C0872,31-03-2026,527,3,34,53999.38,1588.22,22.19,11,11,10,3,2,0.909090909,0.3,0.2,0,5,0
C0873,31-03-2026,545,10,49,65718.14,1341.19,15.43,7,7,5,2,1,0.714285714,0.4,0.2,0,20,0
C0874,31-03-2026,109,10,7,10572.16,1510.31,10.5,3,3,3,0,0,1,0,0,0,7,0
C0875,31-03-2026,327,1,21,27830.1,1325.24,18.92,7,7,5,0,0,0.714285714,0,0,0,9,0
C0876,31-03-2026,708,8,67,62482.42,932.57,14.21,10,10,10,5,1,1,0.5,0.1,0,9,0
C0877,31-03-2026,302,2,16,17339.34,1083.71,26.75,5,5,5,2,0,1,0.4,0,0,1,0
C0878,31-03-2026,45,45,4,2490.49,622.62,0,1,1,1,0,0,1,0,0,1,0,1
C0879,31-03-2026,800,14,36,27270.3,757.51,29.75,7,7,7,0,0,1,0,0,0,8,0
C0880,31-03-2026,661,27,20,16197.04,809.85,46.18,10,10,9,3,1,0.9,0.333333333,0.111111111,0,7,0
C0881,31-03-2026,622,8,37,35989.82,972.7,17.48,9,9,9,4,0,1,0.444444444,0,0,5,0
C0882,31-03-2026,922,415,20,12179.17,608.96,24.21,8,8,6,2,1,0.75,0.333333333,0.166666667,4,0,1
C0883,31-03-2026,402,13,17,18204.64,1070.86,30.29,7,7,7,1,0,1,0.142857143,0,0,1,0
C0884,31-03-2026,78,43,2,1270.88,635.44,0,2,2,1,0,0,0.5,0,0,1,3,0
C0885,31-03-2026,885,24,41,32971.87,804.19,33.48,3,3,3,1,1,1,0.333333333,0.333333333,1,5,0
C0886,31-03-2026,94,2,13,13475.88,1036.61,11.2,5,5,5,0,0,1,0,0,0,0,1
C0887,31-03-2026,610,47,22,22212.24,1009.65,44.75,7,7,7,3,1,1,0.428571429,0.142857143,0,0,1
C0890,31-03-2026,881,9,61,76067.04,1247,23.94,8,8,7,5,1,0.875,0.714285714,0.142857143,0,10,0
C0891,31-03-2026,95,95,4,2476.31,619.08,0,0,0,0,0,0,0,0,0,0,0,1
C0893,31-03-2026,208,3,8,7780.15,972.52,30,3,3,2,0,0,0.666666667,0,0,0,8,0
C0894,31-03-2026,193,25,10,12401.78,1240.18,19.5,3,3,3,0,0,1,0,0,1,0,1
C0895,31-03-2026,730,5,57,75015.46,1316.06,16.84,10,10,10,4,1,1,0.4,0.1,0,4,0
C0896,31-03-2026,404,5,38,59783.54,1573.25,20,7,7,7,3,1,1,0.428571429,0.142857143,0,11,0
C0897,31-03-2026,920,4,75,131023.62,1746.98,18.21,5,5,5,1,0,1,0.2,0,0,2,0
C0898,31-03-2026,778,17,66,79477.59,1204.21,20.83,5,5,5,2,0,1,0.4,0,0,1,0
C0899,31-03-2026,715,31,41,35258.26,859.96,27.39,6,6,6,2,1,1,0.333333333,0.166666667,0,4,0
C0900,31-03-2026,293,13,22,50573.83,2298.81,11.77,6,6,6,2,1,1,0.333333333,0.166666667,0,15,0
C0901,31-03-2026,38,38,6,5357.27,892.88,0,0,0,0,0,0,0,0,0,0,0,1
C0902,31-03-2026,384,9,29,43178.64,1488.92,17.88,6,6,5,1,0,0.833333333,0.2,0,0,11,0
C0904,31-03-2026,860,102,26,25558.89,983.03,45.2,8,8,8,1,0,1,0.125,0,0,5,0
C0905,31-03-2026,511,24,26,20214.33,777.47,29.15,6,6,6,4,3,1,0.666666667,0.5,1,3,0
C0906,31-03-2026,640,3,54,118572.52,2195.79,19.53,4,4,4,1,0,1,0.25,0,0,9,0
C0907,31-03-2026,114,34,10,7474.22,747.42,10.2,6,6,6,0,0,1,0,0,1,0,1
C0908,31-03-2026,442,7,11,8701.01,791,44.17,6,6,6,2,0,1,0.333333333,0,1,7,0
C0910,31-03-2026,336,4,11,11138.24,1012.57,29.57,7,7,7,3,1,1,0.428571429,0.142857143,0,7,0
C0912,31-03-2026,558,96,17,13815.15,812.66,44.5,5,5,5,0,0,1,0,0,1,0,1
C0913,31-03-2026,481,360,6,2819.86,469.98,30,3,3,3,2,0,1,0.666666667,0,3,0,1
C0914,31-03-2026,574,26,27,22013.94,815.33,27,9,9,8,0,0,0.888888889,0,0,0,0,1
C0915,31-03-2026,536,2,45,60870.34,1352.67,21.09,12,12,12,4,2,1,0.333333333,0.166666667,0,14,0
C0916,31-03-2026,157,4,29,34075.37,1175.01,9.36,6,6,5,3,0,0.833333333,0.6,0,0,20,0
C0917,31-03-2026,44,6,10,10503.69,1050.37,3.25,4,4,3,0,0,0.75,0,0,0,0,1
C0918,31-03-2026,366,59,16,28332.37,1770.77,33.38,4,4,3,1,1,0.75,0.333333333,0.333333333,0,1,0
C0919,31-03-2026,359,36,10,9843.58,984.36,50.5,10,10,8,1,0,0.8,0.125,0,2,0,1
C0920,31-03-2026,185,12,20,24888.7,1244.44,8.33,2,2,1,0,0,0.5,0,0,0,1,0
C0921,31-03-2026,605,18,32,29346.93,917.09,34.47,7,7,7,1,0,1,0.142857143,0,0,6,0
C0922,31-03-2026,546,31,26,26531.61,1020.45,30.71,5,5,5,4,0,1,0.8,0,1,6,0
C0923,31-03-2026,940,10,52,57738.24,1110.35,29.07,7,7,7,3,0,1,0.428571429,0,0,2,0
C0925,31-03-2026,643,30,21,19145.8,911.7,31.79,8,8,7,1,1,0.875,0.142857143,0.142857143,0,1,0
C0927,31-03-2026,449,18,22,17487.56,794.89,24,4,4,4,1,0,1,0.25,0,1,0,1
C0928,31-03-2026,40,14,1,835.43,835.43,0,3,3,3,2,1,1,0.666666667,0.333333333,1,9,0
C0929,31-03-2026,353,6,39,80871.69,2073.63,12.81,5,5,5,2,2,1,0.4,0.4,0,11,0
C0931,31-03-2026,241,3,27,35816.3,1326.53,18.73,7,7,7,3,1,1,0.428571429,0.142857143,0,7,0
C0932,31-03-2026,746,75,44,64810.5,1472.97,26,11,11,11,4,1,1,0.363636364,0.090909091,1,1,0
C0933,31-03-2026,380,102,14,8998.35,642.74,23.11,4,4,3,1,0,0.75,0.333333333,0,0,0,1
C0935,31-03-2026,770,157,19,14643.29,770.7,38.18,4,4,4,2,0,1,0.5,0,1,9,0
C0936,31-03-2026,204,75,7,3539.03,505.58,20,6,6,4,0,0,0.666666667,0,0,3,0,1
C0937,31-03-2026,569,13,21,20703.82,985.9,29.69,6,6,4,0,0,0.666666667,0,0,0,2,0
C0938,31-03-2026,674,1,51,78979.49,1548.62,21,4,4,3,0,0,0.75,0,0,0,7,0
C0939,31-03-2026,935,20,60,58177.77,969.63,21.81,5,5,5,2,0,1,0.4,0,0,5,0
C0940,31-03-2026,520,12,30,40609.92,1353.66,26.53,9,9,7,2,0,0.777777778,0.285714286,0,1,8,0
C0941,31-03-2026,901,20,50,42034.31,840.69,25.24,6,6,4,3,1,0.666666667,0.75,0.25,0,5,0
C0942,31-03-2026,412,412,13,7845.3,603.48,0,10,10,10,2,0,1,0.2,0,10,0,1
C0945,31-03-2026,905,37,19,13508.61,710.98,62.45,4,4,4,0,0,1,0,0,0,0,1
C0946,31-03-2026,240,23,9,6943.81,771.53,25.75,6,6,4,1,0,0.666666667,0.25,0,0,6,0
C0947,31-03-2026,804,43,60,90652.48,1510.87,16,7,7,5,3,0,0.714285714,0.6,0,0,6,0
C0949,31-03-2026,348,53,3,2644.92,881.64,70.5,2,2,2,0,0,1,0,0,1,5,0
C0950,31-03-2026,476,6,41,59831.92,1459.32,14.16,2,2,2,0,0,1,0,0,0,7,0
C0951,31-03-2026,62,51,1,965.55,965.55,0,0,0,0,0,0,0,0,0,0,18,0
C0952,31-03-2026,360,19,27,41526.09,1538,17.19,4,4,2,0,0,0.5,0,0,0,0,1
C0955,31-03-2026,691,1,29,44598.26,1537.87,24,6,6,4,2,0,0.666666667,0.5,0,0,0,1
C0956,31-03-2026,491,0,47,60117.93,1279.1,14.84,6,6,6,1,0,1,0.166666667,0,0,1,0
C0957,31-03-2026,681,214,14,12442.04,888.72,72.17,4,4,4,2,0,1,0.5,0,3,0,1
C0958,31-03-2026,231,26,10,13036.21,1303.62,26.4,5,5,4,0,0,0.8,0,0,1,9,0
C0960,31-03-2026,653,5,45,81750.08,1816.67,25.25,5,5,4,1,0,0.8,0.25,0,0,10,0
C0962,31-03-2026,671,286,16,12928.07,808,34.75,7,7,7,0,0,1,0,0,6,0,1
C0964,31-03-2026,178,10,9,13010.34,1445.59,33.75,4,4,3,1,0,0.75,0.333333333,0,0,11,0
C0965,31-03-2026,355,22,23,26431.04,1149.18,18.08,7,7,7,4,1,1,0.571428571,0.142857143,2,2,0
C0967,31-03-2026,102,102,10,10733.23,1073.32,0,3,3,3,1,0,1,0.333333333,0,3,0,1
C0968,31-03-2026,679,13,48,60379.38,1257.9,25.75,8,8,7,0,0,0.875,0,0,0,2,0
C0969,31-03-2026,510,14,28,46486.37,1660.23,20.78,5,5,5,3,0,1,0.6,0,0,12,0
C0970,31-03-2026,280,65,4,2801.34,700.34,37.67,4,4,4,1,0,1,0.25,0,0,5,0
C0971,31-03-2026,121,106,2,5628.38,2814.19,0,4,4,4,1,1,1,0.25,0.25,3,8,0
C0972,31-03-2026,136,25,3,4820.21,1606.74,20.5,2,2,2,1,0,1,0.5,0,0,4,0
C0973,31-03-2026,303,0,27,35311.65,1307.84,19.31,3,3,3,0,0,1,0,0,0,5,0
C0974,31-03-2026,20,20,4,3612.49,903.12,0,0,0,0,0,0,0,0,0,0,0,1
C0975,31-03-2026,350,44,14,10893.71,778.12,33.71,5,5,5,0,0,1,0,0,1,9,0
C0977,31-03-2026,637,0,29,26524.98,914.65,28.06,2,2,2,1,0,1,0.5,0,0,5,0
C0978,31-03-2026,374,6,33,50098.43,1518.13,16,6,6,6,2,0,1,0.333333333,0,0,4,0
C0979,31-03-2026,242,87,9,11688.77,1298.75,10.2,3,3,2,1,0,0.666666667,0.5,0,1,1,0
C0981,31-03-2026,434,28,18,21397.79,1188.77,33.18,5,5,5,2,0,1,0.4,0,0,5,0
C0982,31-03-2026,504,56,64,132097.95,2064.03,9.69,7,7,7,4,1,1,0.571428571,0.142857143,1,13,0
C0986,31-03-2026,922,12,89,134502.46,1511.26,17.98,0,0,0,0,0,0,0,0,0,21,0
C0987,31-03-2026,232,232,3,2554.62,851.54,0,6,6,3,0,0,0.5,0,0,6,0,1
C0990,31-03-2026,765,11,67,113745.45,1697.69,18.61,4,4,4,2,0,1,0.5,0,0,2,0
C0991,31-03-2026,184,21,6,5096.68,849.45,56,0,0,0,0,0,0,0,0,0,3,0
C0992,31-03-2026,607,32,29,43905.68,1513.99,23.24,2,2,2,0,0,1,0,0,0,3,0
C0994,31-03-2026,398,40,15,26889.91,1792.66,38.25,8,8,4,1,0,0.5,0.25,0,1,4,0
C0995,31-03-2026,181,15,9,11599.4,1288.82,22.8,5,5,3,1,0,0.6,0.333333333,0,0,10,0
C0996,31-03-2026,397,4,16,15108.38,944.27,27.11,4,4,3,1,0,0.75,0.333333333,0,0,6,0
C0997,31-03-2026,220,2,9,9420.63,1046.74,25.5,3,3,3,0,0,1,0,0,0,3,0
C0998,31-03-2026,629,28,46,80634.13,1752.92,18.04,9,9,9,4,1,1,0.444444444,0.111111111,1,14,0
C0999,31-03-2026,421,0,21,24962.63,1188.7,26.93,1,1,1,1,0,1,1,0,0,1,0
C0001,30-06-2026,836,7,42,53384.59,1271.06,32.45,6,6,6,3,0,1,0.5,0,0,1,0
C0002,30-06-2026,415,97,5,3916.54,783.31,33,7,7,7,1,0,1,0.142857143,0,1,6,0
C0003,30-06-2026,975,57,32,29793.38,931.04,40.24,9,9,7,3,0,0.777777778,0.428571429,0,0,1,0
C0004,30-06-2026,335,2,23,35345.36,1536.75,19.17,10,10,9,6,2,0.9,0.666666667,0.222222222,0,4,0
C0005,30-06-2026,903,18,65,114311.19,1758.63,20.58,7,7,7,2,0,1,0.285714286,0,0,2,0
C0006,30-06-2026,834,5,79,163452.09,2069.01,17.43,5,5,5,2,0,1,0.4,0,0,5,0
C0009,30-06-2026,298,4,17,28218.4,1659.91,17.15,6,6,5,3,1,0.833333333,0.6,0.2,0,3,0
C0010,30-06-2026,200,200,4,2312.57,578.14,0,4,4,4,0,0,1,0,0,4,0,1
C0011,30-06-2026,901,13,23,18181.19,790.49,51.06,7,7,7,4,1,1,0.571428571,0.142857143,1,4,0
C0012,30-06-2026,144,144,6,3896.04,649.34,0,5,5,5,2,2,1,0.4,0.4,5,0,1
C0013,30-06-2026,1019,60,62,90072.84,1452.79,22.6,11,11,10,5,3,0.909090909,0.5,0.3,1,3,0
C0014,30-06-2026,475,17,43,41501.66,965.15,15.38,11,11,10,3,1,0.909090909,0.3,0.1,0,1,0
C0015,30-06-2026,191,9,19,20770.3,1093.17,11.6,5,5,5,3,1,1,0.6,0.2,0,1,0
C0016,30-06-2026,889,3,36,41839.86,1162.22,37.14,6,6,6,2,0,1,0.333333333,0,0,0,1
C0017,30-06-2026,871,21,30,33573.14,1119.1,32.1,7,7,7,2,0,1,0.285714286,0,0,2,0
C0018,30-06-2026,855,9,43,50830.13,1182.1,30.27,6,6,6,0,0,1,0,0,1,2,0
C0020,30-06-2026,771,11,69,136678.9,1980.85,17.31,5,5,5,1,0,1,0.2,0,0,3,0
C0021,30-06-2026,784,86,36,56353.75,1565.38,34.93,5,5,4,1,0,0.8,0.25,0,2,0,1
C0022,30-06-2026,512,35,30,23951.64,798.39,23.53,5,5,5,1,0,1,0.2,0,0,2,0
C0023,30-06-2026,835,9,98,168406.59,1718.43,13.42,10,10,7,2,1,0.7,0.285714286,0.142857143,1,7,0
C0025,30-06-2026,917,11,69,76363.23,1106.71,21.62,9,9,8,1,0,0.888888889,0.125,0,0,0,1
C0026,30-06-2026,378,48,22,34545.93,1570.27,20.27,6,6,6,3,0,1,0.5,0,0,9,0
C0027,30-06-2026,273,24,11,14289.32,1299.03,23.57,11,11,10,4,0,0.909090909,0.4,0,0,4,0
C0028,30-06-2026,561,37,34,28832.25,848.01,23.6,13,13,13,5,0,1,0.384615385,0,0,1,0
C0029,30-06-2026,983,157,32,25211.17,787.85,40.95,11,11,9,1,0,0.818181818,0.111111111,0,2,0,1
C0030,30-06-2026,947,183,38,32327.55,850.72,30.4,4,4,3,0,0,0.75,0,0,1,0,1
C0031,30-06-2026,1014,273,28,23088.68,824.6,33.69,7,7,5,1,1,0.714285714,0.2,0.2,3,0,1
C0032,30-06-2026,950,15,57,48867.83,857.33,23.66,13,13,12,4,0,0.923076923,0.333333333,0,2,1,0
C0033,30-06-2026,351,5,11,8970.83,815.53,35.6,8,8,8,3,0,1,0.375,0,0,4,0
C0035,30-06-2026,565,31,36,45281,1257.81,26.74,7,7,7,4,3,1,0.571428571,0.428571429,0,0,1
C0036,30-06-2026,853,47,47,64907.9,1381.02,26.2,10,10,9,2,0,0.9,0.222222222,0,0,2,0
C0037,30-06-2026,601,180,18,19064.18,1059.12,24.29,6,6,6,1,0,1,0.166666667,0,3,0,1
C0038,30-06-2026,1001,339,21,13990.34,666.21,42.23,7,7,5,1,0,0.714285714,0.2,0,2,0,1
C0039,30-06-2026,781,37,45,62005.12,1377.89,26.12,4,4,3,2,0,0.75,0.666666667,0,0,1,0
C0040,30-06-2026,126,15,7,5786.68,826.67,17,10,10,8,1,0,0.8,0.125,0,1,2,0
C0041,30-06-2026,387,3,31,37524.85,1210.48,19.88,10,10,9,1,0,0.9,0.111111111,0,0,0,1
C0042,30-06-2026,130,8,4,8294.21,2073.55,10,2,2,2,1,0,1,0.5,0,0,5,0
C0043,30-06-2026,527,64,16,11993.26,749.58,24.2,5,5,4,2,0,0.8,0.5,0,1,2,0
C0044,30-06-2026,582,24,28,21127.09,754.54,42.83,6,6,5,1,0,0.833333333,0.2,0,0,3,0
C0045,30-06-2026,407,17,28,22990.84,821.1,16.93,9,9,8,1,0,0.888888889,0.125,0,0,2,0
C0046,30-06-2026,207,47,24,33730.94,1405.46,11.36,8,8,6,2,1,0.75,0.333333333,0.166666667,0,0,1
C0047,30-06-2026,639,22,67,118777.69,1772.8,15.08,10,10,10,6,2,1,0.6,0.2,0,8,0
C0048,30-06-2026,612,33,43,71725.72,1668.04,16.96,7,7,7,2,1,1,0.285714286,0.142857143,0,6,0
C0049,30-06-2026,397,24,31,57162.49,1843.95,20,5,5,5,4,0,1,0.8,0,0,5,0
C0050,30-06-2026,43,43,3,2800.39,933.46,0,9,9,9,2,1,1,0.222222222,0.111111111,9,0,1
C0051,30-06-2026,519,519,20,16667.55,833.38,0,5,5,4,0,0,0.8,0,0,5,0,1
C0053,30-06-2026,799,231,11,10171.05,924.64,63.14,8,8,8,2,0,1,0.25,0,2,0,1
C0054,30-06-2026,986,0,47,45331.14,964.49,32.14,8,8,7,2,0,0.875,0.285714286,0,0,0,1
C0055,30-06-2026,213,17,15,16619.61,1107.97,11.75,4,4,4,1,0,1,0.25,0,0,5,0
C0056,30-06-2026,237,0,6,5160.98,860.16,50.5,7,7,6,1,0,0.857142857,0.166666667,0,0,3,0
C0057,30-06-2026,950,22,98,156463.69,1596.57,15.47,4,4,4,3,0,1,0.75,0,0,6,0
C0058,30-06-2026,817,21,35,43749.98,1250,24.74,12,12,11,4,1,0.916666667,0.363636364,0.090909091,0,1,0
C0059,30-06-2026,477,109,33,32569.78,986.96,17.58,6,6,4,0,0,0.666666667,0,0,2,0,1
C0060,30-06-2026,200,168,2,1013.7,506.85,23,6,6,5,2,0,0.833333333,0.4,0,6,0,1
C0061,30-06-2026,239,7,23,27245.76,1184.6,15.5,6,6,6,2,1,1,0.333333333,0.166666667,0,1,0
C0062,30-06-2026,388,7,22,22317.35,1014.42,25.75,3,3,3,1,1,1,0.333333333,0.333333333,0,1,0
C0063,30-06-2026,136,136,2,1358.1,679.05,0,5,5,3,0,0,0.6,0,0,5,0,1
C0064,30-06-2026,681,7,68,115651.25,1700.75,14.95,5,5,4,2,1,0.8,0.5,0.25,0,12,0
C0065,30-06-2026,962,9,118,183059.37,1551.35,13.19,12,12,11,5,1,0.916666667,0.454545455,0.090909091,0,4,0
C0066,30-06-2026,576,8,38,36728.61,966.54,24.1,7,7,5,4,1,0.714285714,0.8,0.2,1,0,1
C0067,30-06-2026,788,89,18,18287.17,1015.95,35.7,7,7,5,0,0,0.714285714,0,0,1,0,1
C0068,30-06-2026,652,12,76,128885.93,1695.87,14,13,13,12,8,4,0.923076923,0.666666667,0.333333333,2,12,0
C0069,30-06-2026,850,20,28,28337.51,1012.05,37.65,6,6,6,1,1,1,0.166666667,0.166666667,0,2,0
C0070,30-06-2026,413,52,14,12477.52,891.25,35.12,12,12,11,3,1,0.916666667,0.272727273,0.090909091,1,3,0
C0071,30-06-2026,347,51,38,73840.24,1943.16,11.95,7,7,7,1,0,1,0.142857143,0,1,0,1
C0072,30-06-2026,228,10,15,17940.09,1196.01,20.56,2,2,2,1,0,1,0.5,0,0,0,1
C0073,30-06-2026,221,221,5,3090.29,618.06,0,1,1,1,1,0,1,1,0,1,0,1
C0074,30-06-2026,760,184,10,9365.28,936.53,58,5,5,5,0,0,1,0,0,2,0,1
C0075,30-06-2026,346,20,21,24124.92,1148.81,21.83,4,4,4,3,1,1,0.75,0.25,0,1,0
C0076,30-06-2026,907,379,18,15488.97,860.5,30.09,9,9,7,2,0,0.777777778,0.285714286,0,3,0,1
C0077,30-06-2026,299,299,7,4785.94,683.71,0,8,8,7,0,0,0.875,0,0,8,0,1
C0078,30-06-2026,359,2,30,45823.74,1527.46,18.25,4,4,4,1,0,1,0.25,0,0,3,0
C0079,30-06-2026,189,12,12,19289.9,1607.49,16.12,4,4,4,0,0,1,0,0,0,2,0
C0080,30-06-2026,1007,84,28,40636.99,1451.32,39.67,8,8,7,3,2,0.875,0.428571429,0.285714286,0,2,0
C0081,30-06-2026,471,1,24,19026.16,792.76,31.75,3,3,2,1,0,0.666666667,0.5,0,0,0,1
C0082,30-06-2026,875,141,23,28216.84,1226.82,38.88,11,11,11,3,0,1,0.272727273,0,2,1,0
C0083,30-06-2026,786,27,27,32224.78,1193.51,52.33,5,5,5,2,0,1,0.4,0,0,1,0
C0084,30-06-2026,612,36,10,6978.42,697.84,80.2,9,9,9,4,0,1,0.444444444,0,1,2,0
C0085,30-06-2026,754,6,36,30051.45,834.76,33.8,10,10,7,2,0,0.7,0.285714286,0,0,2,0
C0086,30-06-2026,668,86,46,53381.25,1160.46,16.68,5,5,3,2,0,0.6,0.666666667,0,0,0,1
C0087,30-06-2026,841,27,39,42307.36,1084.8,27.43,6,6,6,2,0,1,0.333333333,0,0,1,0
C0088,30-06-2026,39,39,2,1097.36,548.68,0,5,5,4,0,0,0.8,0,0,5,0,1
C0090,30-06-2026,361,4,32,42445.34,1326.42,18.81,8,8,8,5,0,1,0.625,0,0,4,0
C0091,30-06-2026,871,326,24,16554.75,689.78,32.93,3,3,3,0,0,1,0,0,1,0,1
C0092,30-06-2026,683,12,30,28129.33,937.64,32.29,4,4,4,2,0,1,0.5,0,0,3,0
C0093,30-06-2026,708,3,35,39451.41,1127.18,24.87,8,8,8,3,1,1,0.375,0.125,0,2,0
C0094,30-06-2026,951,40,89,129713.91,1457.46,17.14,7,7,7,3,2,1,0.428571429,0.285714286,1,0,1
C0095,30-06-2026,833,16,51,72123.37,1414.18,29.16,7,7,6,2,0,0.857142857,0.333333333,0,0,2,0
C0096,30-06-2026,554,9,40,38429.88,960.75,22.64,6,6,5,3,1,0.833333333,0.6,0.2,0,2,0
C0097,30-06-2026,239,10,20,23702.89,1185.14,11.8,6,6,5,2,1,0.833333333,0.4,0.2,0,6,0
C0098,30-06-2026,884,435,17,9398.32,552.84,40.11,11,11,9,0,0,0.818181818,0,0,7,0,1
C0099,30-06-2026,941,282,23,18552.62,806.64,42.54,11,11,10,1,0,0.909090909,0.1,0,2,0,1
C0100,30-06-2026,957,71,40,40500.59,1012.51,31.26,16,16,13,2,1,0.8125,0.153846154,0.076923077,1,1,0
C0101,30-06-2026,228,4,33,62091.51,1881.56,11.42,10,10,8,1,1,0.8,0.125,0.125,0,3,0
C0102,30-06-2026,884,192,29,20989.89,723.79,36.75,11,11,8,2,1,0.727272727,0.25,0.125,1,0,1
C0103,30-06-2026,30,1,5,4614.04,922.81,5.33,1,1,1,0,0,1,0,0,0,0,1
C0104,30-06-2026,61,10,3,3124.35,1041.45,8.5,3,3,3,0,0,1,0,0,1,1,0
C0105,30-06-2026,382,89,35,51345,1467,17,7,7,6,2,0,0.857142857,0.333333333,0,2,0,1
C0106,30-06-2026,960,19,49,29611.48,604.32,30.57,10,10,8,4,1,0.8,0.5,0.125,0,2,0
C0107,30-06-2026,309,0,20,46311.88,2315.59,17.45,6,6,6,1,0,1,0.166666667,0,0,6,0
C0108,30-06-2026,760,25,23,22214.28,965.84,55.58,7,7,7,2,0,1,0.285714286,0,0,2,0
C0109,30-06-2026,715,60,44,129900.78,2952.29,22.08,5,5,5,1,0,1,0.2,0,0,0,1
C0110,30-06-2026,709,50,48,113895.32,2372.82,22.7,9,9,9,1,0,1,0.111111111,0,2,0,1
C0111,30-06-2026,556,66,13,11546.35,888.18,36.6,11,11,9,4,0,0.818181818,0.444444444,0,2,1,0
C0112,30-06-2026,541,72,31,51169.53,1650.63,20.06,9,9,9,2,0,1,0.222222222,0,2,0,1
C0113,30-06-2026,141,4,6,8615.49,1435.92,25.25,3,3,3,1,1,1,0.333333333,0.333333333,0,2,0
C0114,30-06-2026,999,18,36,27481.12,763.36,34.29,6,6,6,1,0,1,0.166666667,0,0,1,0
C0115,30-06-2026,836,456,15,10966.54,731.1,32.56,8,8,7,2,1,0.875,0.285714286,0.142857143,5,0,1
C0116,30-06-2026,798,52,27,24342.79,901.58,33.56,6,6,6,4,1,1,0.666666667,0.166666667,0,2,0
C0117,30-06-2026,328,6,23,39794.68,1730.2,23.23,6,6,6,2,0,1,0.333333333,0,0,3,0
C0118,30-06-2026,941,28,37,39797.49,1075.61,34.47,8,8,8,3,0,1,0.375,0,1,5,0
C0119,30-06-2026,809,306,15,9636.86,642.46,60.38,9,9,8,2,0,0.888888889,0.25,0,4,0,1
C0120,30-06-2026,42,15,2,1958.4,979.2,0,4,4,4,2,2,1,0.5,0.5,0,3,0
C0121,30-06-2026,207,207,6,4316.82,719.47,0,8,8,7,1,0,0.875,0.142857143,0,8,0,1
C0122,30-06-2026,627,55,28,38939.43,1390.69,29.6,3,3,3,1,1,1,0.333333333,0.333333333,0,0,1
C0123,30-06-2026,840,76,41,53894.54,1314.5,33.55,14,14,14,5,2,1,0.357142857,0.142857143,0,0,1
C0124,30-06-2026,525,2,32,51584.97,1612.03,24.94,18,18,16,7,4,0.888888889,0.4375,0.25,1,4,0
C0125,30-06-2026,187,30,7,8160.94,1165.85,33.5,4,4,4,2,1,1,0.5,0.25,0,2,0
C0126,30-06-2026,600,77,37,60805.69,1643.4,23.26,3,3,2,0,0,0.666666667,0,0,1,0,1
C0127,30-06-2026,738,8,31,31782.23,1025.23,33.5,8,8,7,2,1,0.875,0.285714286,0.142857143,0,1,0
C0128,30-06-2026,190,58,13,17997.29,1384.41,12.78,7,7,7,2,1,1,0.285714286,0.142857143,1,0,1
C0129,30-06-2026,664,11,43,74650.88,1736.07,25.87,6,6,5,3,0,0.833333333,0.6,0,0,4,0
C0130,30-06-2026,828,92,37,40482.18,1094.11,32.91,5,5,5,0,0,1,0,0,0,2,0
C0132,30-06-2026,599,13,53,51707.57,975.61,16,5,5,4,2,0,0.8,0.5,0,0,0,1
C0133,30-06-2026,1011,251,31,40322.78,1300.73,33.19,2,2,1,1,1,0.5,1,1,1,1,0
C0134,30-06-2026,577,44,36,34005.96,944.61,24.72,3,3,2,0,0,0.666666667,0,0,0,1,0
C0135,30-06-2026,984,90,41,36162.83,882.02,26.3,8,8,8,1,0,1,0.125,0,0,1,0
C0136,30-06-2026,678,5,80,117083.63,1463.55,13.2,6,6,6,1,1,1,0.166666667,0.166666667,0,5,0
C0137,30-06-2026,99,6,8,15463.66,1932.96,6.67,5,5,5,3,2,1,0.6,0.4,0,1,0
C0138,30-06-2026,758,17,86,165303.73,1922.14,12.94,14,14,12,4,2,0.857142857,0.333333333,0.166666667,0,2,0
C0139,30-06-2026,631,7,27,36689.4,1358.87,22.78,9,9,9,4,2,1,0.444444444,0.222222222,0,5,0
C0140,30-06-2026,649,14,31,37837.2,1220.55,25.48,12,12,11,2,0,0.916666667,0.181818182,0,0,0,1
C0141,30-06-2026,81,72,5,10356.87,2071.37,3,6,6,5,1,0,0.833333333,0.2,0,6,0,1
C0142,30-06-2026,219,56,4,3440.31,860.08,34.33,11,11,11,7,2,1,0.636363636,0.181818182,3,1,0
C0143,30-06-2026,835,4,33,24733.23,749.49,40.71,8,8,8,3,1,1,0.375,0.125,0,5,0
C0144,30-06-2026,411,12,26,48073.61,1848.98,19.05,10,10,9,4,1,0.9,0.444444444,0.111111111,0,3,0
C0145,30-06-2026,478,8,38,68445.98,1801.21,23.56,7,7,6,0,0,0.857142857,0,0,0,3,0
C0146,30-06-2026,972,181,29,31092.68,1072.16,43.12,7,7,6,2,0,0.857142857,0.333333333,0,2,0,1
C0147,30-06-2026,563,37,47,60881.43,1295.35,17.89,2,2,2,1,0,1,0.5,0,0,1,0
C0148,30-06-2026,54,9,5,5611.84,1122.37,1,3,3,3,0,0,1,0,0,0,2,0
C0149,30-06-2026,447,22,16,21777.36,1361.08,48.5,7,7,7,3,1,1,0.428571429,0.142857143,0,2,0
C0150,30-06-2026,980,488,23,20287.85,882.08,37.25,7,7,6,2,1,0.857142857,0.333333333,0.166666667,5,0,1
C0151,30-06-2026,356,172,15,8150.22,543.35,18.75,8,8,8,1,1,1,0.125,0.125,2,0,1
C0152,30-06-2026,502,38,23,15025.96,653.3,27.93,5,5,4,1,0,0.8,0.25,0,0,2,0
C0154,30-06-2026,957,62,61,103856.27,1702.56,25.64,17,17,14,4,0,0.823529412,0.285714286,0,1,0,1
C0155,30-06-2026,800,46,27,25238.69,934.77,48.2,7,7,7,1,0,1,0.142857143,0,0,1,0
C0156,30-06-2026,643,14,67,119982.53,1790.78,15.51,9,9,8,4,1,0.888888889,0.5,0.125,0,2,0
C0157,30-06-2026,794,29,47,83400.95,1774.49,22.27,4,4,4,1,1,1,0.25,0.25,1,1,0
C0158,30-06-2026,199,8,13,13047.32,1003.64,14.25,8,8,7,2,2,0.875,0.285714286,0.285714286,0,5,0
C0159,30-06-2026,468,10,19,19275.02,1014.47,30.83,13,13,13,6,3,1,0.461538462,0.230769231,0,3,0
C0160,30-06-2026,282,268,5,3027.12,605.42,3.5,4,4,4,1,0,1,0.25,0,3,0,1
C0161,30-06-2026,476,45,32,43214.24,1350.44,16.18,5,5,4,0,0,0.8,0,0,3,6,0
C0162,30-06-2026,367,1,29,51656.58,1781.26,19.94,5,5,2,0,0,0.4,0,0,0,5,0
C0163,30-06-2026,802,8,40,51485.94,1287.15,25.96,11,11,10,2,0,0.909090909,0.2,0,0,0,1
C0164,30-06-2026,298,14,34,50766.3,1493.13,12.89,11,11,11,3,0,1,0.272727273,0,1,1,0
C0165,30-06-2026,505,1,61,119653.81,1961.54,13.63,6,6,5,3,1,0.833333333,0.6,0.2,0,4,0
C0166,30-06-2026,39,2,5,6221.68,1244.34,6,2,2,2,1,0,1,0.5,0,0,2,0
C0167,30-06-2026,696,9,25,23178.97,927.16,29.12,8,8,8,3,0,1,0.375,0,0,1,0
C0168,30-06-2026,248,22,26,30663.97,1179.38,13.23,4,4,4,1,0,1,0.25,0,0,8,0
C0169,30-06-2026,668,346,9,11192.37,1243.6,62.33,5,5,5,0,0,1,0,0,0,0,1
C0170,30-06-2026,307,6,13,16668.87,1282.22,26.67,2,2,1,1,0,0.5,1,0,0,2,0
C0172,30-06-2026,887,53,31,29200.43,941.95,31.2,7,7,6,0,0,0.857142857,0,0,0,3,0
C0173,30-06-2026,323,0,15,10988.4,732.56,27.1,9,9,8,3,2,0.888888889,0.375,0.25,0,0,1
C0174,30-06-2026,853,53,49,50982.16,1040.45,25,9,9,9,4,0,1,0.444444444,0,1,3,0
C0175,30-06-2026,368,18,17,15590.32,917.08,27.89,11,11,9,2,0,0.818181818,0.222222222,0,0,4,0
C0176,30-06-2026,73,21,1,578.83,578.83,0,4,4,3,0,0,0.75,0,0,0,5,0
C0177,30-06-2026,55,18,3,4622.16,1540.72,0,7,7,7,3,1,1,0.428571429,0.142857143,2,4,0
C0178,30-06-2026,591,8,32,19922.74,622.59,23.8,7,7,7,5,0,1,0.714285714,0,0,0,1
C0179,30-06-2026,631,72,33,50239.9,1522.42,22.65,9,9,9,1,0,1,0.111111111,0,0,0,1
C0180,30-06-2026,434,13,32,61119.91,1910,17.53,5,5,5,4,1,1,0.8,0.2,0,7,0
C0181,30-06-2026,949,0,41,39834.24,971.57,35.57,4,4,4,1,0,1,0.25,0,0,0,1
C0182,30-06-2026,88,7,9,11061.91,1229.1,18.75,6,6,5,2,0,0.833333333,0.4,0,0,3,0
C0183,30-06-2026,195,47,10,14475.48,1447.55,18.8,6,6,6,3,1,1,0.5,0.166666667,0,4,0
C0184,30-06-2026,1019,71,68,75158.98,1105.28,19.56,7,7,7,1,0,1,0.142857143,0,2,0,1
C0185,30-06-2026,606,16,21,34831.58,1658.65,34.33,7,7,7,3,0,1,0.428571429,0,0,2,0
C0186,30-06-2026,591,179,6,7033.89,1172.31,77.25,9,9,7,2,1,0.777777778,0.285714286,0.142857143,5,0,1
C0187,30-06-2026,46,27,5,6943.53,1388.71,8.5,2,2,2,0,0,1,0,0,2,5,0
C0188,30-06-2026,54,1,13,16236.11,1248.93,4,7,7,7,0,0,1,0,0,1,5,0
C0189,30-06-2026,778,51,29,16108.76,555.47,39.22,8,8,8,2,2,1,0.25,0.25,0,3,0
C0190,30-06-2026,898,21,33,30052.27,910.67,41.84,8,8,7,3,1,0.875,0.428571429,0.142857143,0,3,0
C0191,30-06-2026,464,175,16,15602.1,975.13,20.73,14,14,14,3,0,1,0.214285714,0,9,0,1
C0192,30-06-2026,419,14,26,19313.13,742.81,26.64,8,8,8,4,2,1,0.5,0.25,0,3,0
C0193,30-06-2026,224,2,16,16722.2,1045.14,18.67,7,7,7,1,0,1,0.142857143,0,0,1,0
C0194,30-06-2026,597,117,23,17058.95,741.69,42.9,8,8,7,0,0,0.875,0,0,3,0,1
C0195,30-06-2026,541,10,18,19141.08,1063.39,28.42,5,5,5,1,0,1,0.2,0,0,1,0
C0196,30-06-2026,935,24,47,46112.38,981.11,21.62,8,8,7,4,1,0.875,0.571428571,0.142857143,0,3,0
C0197,30-06-2026,487,79,21,32824.68,1563.08,23.36,7,7,7,2,0,1,0.285714286,0,2,0,1
C0198,30-06-2026,499,70,40,52660.36,1316.51,15.16,8,8,7,2,0,0.875,0.285714286,0,1,3,0
C0199,30-06-2026,354,47,18,27499.3,1527.74,22.8,4,4,3,2,0,0.75,0.666666667,0,1,0,1
C0200,30-06-2026,973,48,72,136548.31,1896.5,21.29,6,6,5,4,1,0.833333333,0.8,0.2,0,0,1
C0201,30-06-2026,21,1,2,3551.5,1775.75,17,1,1,1,1,1,1,1,1,0,7,0
C0202,30-06-2026,610,27,23,21938.06,953.83,26.13,7,7,7,0,0,1,0,0,0,2,0
C0203,30-06-2026,458,33,33,62543.37,1895.25,19.59,7,7,7,0,0,1,0,0,1,2,0
C0204,30-06-2026,244,0,26,33954.91,1305.96,17.92,7,7,7,4,0,1,0.571428571,0,0,3,0
C0205,30-06-2026,505,13,12,10574.11,881.18,45.14,11,11,10,3,1,0.909090909,0.3,0.1,1,5,0
C0206,30-06-2026,542,6,32,45363.04,1417.6,26.64,2,2,2,1,0,1,0.5,0,0,1,0
C0207,30-06-2026,349,4,22,40081.54,1821.89,18.71,10,10,10,2,1,1,0.2,0.1,0,6,0
C0208,30-06-2026,151,151,5,3249.99,650,0,3,3,2,0,0,0.666666667,0,0,3,0,1
C0209,30-06-2026,1014,10,61,79904.93,1309.92,25.67,15,15,14,5,4,0.933333333,0.357142857,0.285714286,0,1,0
C0210,30-06-2026,114,114,12,9081.35,756.78,0,4,4,4,0,0,1,0,0,4,0,1
C0211,30-06-2026,34,17,3,4953.39,1651.13,0,2,2,2,2,0,1,1,0,1,0,1
C0212,30-06-2026,888,61,41,38572.32,940.79,28.18,6,6,5,0,0,0.833333333,0,0,1,6,0
C0213,30-06-2026,991,264,18,11367.35,631.52,47.5,12,12,11,3,1,0.916666667,0.272727273,0.090909091,3,0,1
C0214,30-06-2026,181,20,6,5471.27,911.88,25.67,4,4,4,0,0,1,0,0,0,1,0
C0215,30-06-2026,239,6,17,18224.99,1072.06,14.45,9,9,9,4,3,1,0.444444444,0.333333333,0,1,0
C0216,30-06-2026,599,31,27,33517.82,1241.4,44.36,5,5,5,1,1,1,0.2,0.2,1,2,0
C0217,30-06-2026,667,56,46,85502.04,1858.74,16.67,8,8,7,1,0,0.875,0.142857143,0,0,0,1
C0218,30-06-2026,980,27,91,130233.85,1431.14,18.26,2,2,2,1,1,1,0.5,0.5,0,5,0
C0219,30-06-2026,667,17,55,69417.83,1262.14,16.4,12,12,10,3,3,0.833333333,0.3,0.3,0,2,0
C0220,30-06-2026,524,2,20,12728.58,636.43,23.23,7,7,7,4,0,1,0.571428571,0,0,3,0
C0221,30-06-2026,739,217,22,14411.9,655.09,47,4,4,4,2,0,1,0.5,0,2,0,1
C0222,30-06-2026,921,43,41,34780.39,848.3,31.95,9,9,8,4,1,0.888888889,0.5,0.125,1,2,0
C0223,30-06-2026,790,11,25,24769.84,990.79,45.64,9,9,9,3,0,1,0.333333333,0,0,5,0
C0224,30-06-2026,530,156,23,15011.55,652.68,27.44,12,12,10,4,1,0.833333333,0.4,0.1,4,0,1
C0225,30-06-2026,53,13,2,1621.18,810.59,8,4,4,4,1,1,1,0.25,0.25,0,3,0
C0226,30-06-2026,445,73,15,14990.56,999.37,30.38,7,7,7,1,0,1,0.142857143,0,1,1,0
C0227,30-06-2026,833,51,39,31746.57,814.01,25.64,7,7,7,1,0,1,0.142857143,0,1,1,0
C0228,30-06-2026,1011,414,21,12117.69,577.03,29.75,6,6,5,1,0,0.833333333,0.2,0,3,0,1
C0229,30-06-2026,724,129,45,51119.39,1135.99,22.48,7,7,7,1,1,1,0.142857143,0.142857143,1,2,0
C0230,30-06-2026,137,8,15,24043.2,1602.88,8.86,4,4,4,2,0,1,0.5,0,0,7,0
C0231,30-06-2026,685,119,61,98626.38,1616.83,16.29,8,8,8,3,1,1,0.375,0.125,1,0,1
C0232,30-06-2026,310,54,20,37661.55,1883.08,16.07,10,10,10,4,1,1,0.4,0.1,1,0,1
C0233,30-06-2026,980,80,61,140627.31,2305.37,25.77,9,9,7,2,0,0.777777778,0.285714286,0,1,0,1
C0234,30-06-2026,301,39,13,15327.73,1179.06,21,8,8,8,5,2,1,0.625,0.25,2,1,0
C0235,30-06-2026,608,92,38,91854.25,2417.22,26.5,2,2,1,1,1,0.5,1,1,1,0,1
C0236,30-06-2026,675,34,27,39134.18,1449.41,29,10,10,10,4,0,1,0.4,0,1,0,1
C0237,30-06-2026,458,146,11,8410.57,764.6,50.6,6,6,6,1,0,1,0.166666667,0,1,0,1
C0238,30-06-2026,476,3,62,146003.05,2354.89,15.22,10,10,9,4,3,0.9,0.444444444,0.333333333,1,6,0
C0239,30-06-2026,312,33,17,17782.28,1046.02,21.09,4,4,4,0,0,1,0,0,1,4,0
C0240,30-06-2026,462,187,5,4652.83,930.57,78.67,8,8,7,0,0,0.875,0,0,2,0,1
C0241,30-06-2026,650,48,68,86573.33,1273.14,17.69,6,6,5,3,0,0.833333333,0.6,0,0,1,0
C0242,30-06-2026,157,39,10,13908,1390.8,25.5,3,3,3,2,1,1,0.666666667,0.333333333,3,3,0
C0243,30-06-2026,947,40,43,50845.32,1182.45,31.54,8,8,7,1,0,0.875,0.142857143,0,0,2,0
C0244,30-06-2026,898,13,68,114280.42,1680.59,19.07,8,8,7,4,3,0.875,0.571428571,0.428571429,0,3,0
C0245,30-06-2026,260,10,4,4007.4,1001.85,100,7,7,7,1,0,1,0.142857143,0,0,1,0
C0246,30-06-2026,132,42,11,20413.28,1855.75,8.83,4,4,4,2,0,1,0.5,0,2,0,1
C0247,30-06-2026,679,23,37,39481.21,1067.06,26.89,6,6,4,2,1,0.666666667,0.5,0.25,0,1,0
C0248,30-06-2026,191,2,8,5837.17,729.65,25,4,4,4,1,0,1,0.25,0,0,2,0
C0249,30-06-2026,755,6,64,120571.23,1883.93,19.65,4,4,4,0,0,1,0,0,0,4,0
C0250,30-06-2026,398,346,14,13740.25,981.45,5.88,6,6,5,0,0,0.833333333,0,0,6,0,1
C0251,30-06-2026,101,33,1,1396.72,1396.72,0,7,7,7,4,1,1,0.571428571,0.142857143,1,2,0
C0252,30-06-2026,453,3,16,13531.27,845.7,30.8,2,2,2,0,0,1,0,0,0,0,1
C0253,30-06-2026,305,46,17,30710.84,1806.52,17.9,7,7,7,4,2,1,0.571428571,0.285714286,0,5,0
C0254,30-06-2026,760,60,37,36142.04,976.81,26.68,4,4,4,1,1,1,0.25,0.25,0,3,0
C0255,30-06-2026,640,143,17,12692.42,746.61,26.91,9,9,9,1,0,1,0.111111111,0,3,0,1
C0256,30-06-2026,425,7,30,24320.22,810.67,21.75,5,5,5,2,1,1,0.4,0.2,0,0,1
C0257,30-06-2026,984,25,111,197043.79,1775.17,12.19,7,7,6,2,0,0.857142857,0.333333333,0,0,4,0
C0258,30-06-2026,284,40,14,12301.06,878.65,23.38,8,8,6,3,1,0.75,0.5,0.166666667,2,5,0
C0259,30-06-2026,112,14,2,3529.27,1764.64,11,5,5,5,3,2,1,0.6,0.4,0,5,0
C0260,30-06-2026,744,85,31,24529.11,791.26,32.44,5,5,5,1,0,1,0.2,0,0,2,0
C0261,30-06-2026,139,8,18,37368.08,2076,12.38,3,3,2,0,0,0.666666667,0,0,1,8,0
C0262,30-06-2026,209,18,8,11146.53,1393.32,24.4,3,3,2,1,1,0.666666667,0.5,0.5,0,2,0
C0263,30-06-2026,105,14,7,9717.07,1388.15,8.75,2,2,2,0,0,1,0,0,1,5,0
C0264,30-06-2026,830,4,48,44354.82,924.06,28.32,8,8,7,4,1,0.875,0.571428571,0.142857143,0,2,0
C0265,30-06-2026,420,65,8,7945.62,993.2,50.6,8,8,8,3,1,1,0.375,0.125,3,0,1
C0266,30-06-2026,886,226,29,28554.93,984.65,29.5,5,5,4,0,0,0.8,0,0,0,0,1
C0267,30-06-2026,360,16,24,31516.84,1313.2,17.93,5,5,5,2,0,1,0.4,0,0,1,0
C0268,30-06-2026,959,4,35,34570.3,987.72,44.16,7,7,7,1,0,1,0.142857143,0,0,2,0
C0269,30-06-2026,730,15,58,113611.66,1958.82,18.18,5,5,5,1,0,1,0.2,0,0,7,0
C0270,30-06-2026,183,183,6,4681.04,780.17,0,5,5,4,0,0,0.8,0,0,5,0,1
C0271,30-06-2026,175,50,9,10655.63,1183.96,16,3,3,3,1,0,1,0.333333333,0,0,2,0
C0272,30-06-2026,735,154,19,17445.96,918.21,41.15,7,7,7,0,0,1,0,0,2,0,1
C0273,30-06-2026,610,116,22,22607.17,1027.6,32.18,3,3,3,2,1,1,0.666666667,0.333333333,1,1,0
C0274,30-06-2026,981,177,35,22690.09,648.29,29.42,8,8,8,1,0,1,0.125,0,1,0,1
C0275,30-06-2026,578,1,19,28603.28,1505.44,23.42,9,9,9,3,1,1,0.333333333,0.111111111,0,1,0
C0276,30-06-2026,707,94,40,44319.65,1107.99,26.1,9,9,9,3,1,1,0.333333333,0.111111111,3,0,1
C0278,30-06-2026,85,58,1,1584.22,1584.22,0,6,6,6,0,0,1,0,0,2,1,0
C0279,30-06-2026,35,35,1,555,555,0,2,2,2,0,0,1,0,0,2,0,1
C0280,30-06-2026,498,94,15,15528.94,1035.26,29.43,6,6,2,0,0,0.333333333,0,0,1,4,0
C0281,30-06-2026,797,168,20,17765.66,888.28,40,10,10,8,0,0,0.8,0,0,2,0,1
C0282,30-06-2026,669,83,40,47374.91,1184.37,18.7,12,12,11,4,4,0.916666667,0.363636364,0.363636364,3,1,0
C0283,30-06-2026,573,81,15,14504.16,966.94,43,15,15,14,3,3,0.933333333,0.214285714,0.214285714,1,2,0
C0284,30-06-2026,34,34,3,9124.89,3041.63,0,3,3,3,1,1,1,0.333333333,0.333333333,3,0,1
C0285,30-06-2026,857,109,69,103666.77,1502.42,14.98,4,4,3,0,0,0.75,0,0,0,0,1
C0286,30-06-2026,686,71,35,28727.28,820.78,23.3,5,5,5,1,0,1,0.2,0,0,1,0
C0287,30-06-2026,773,1,35,37151.94,1061.48,36.74,4,4,3,1,1,0.75,0.333333333,0.333333333,0,0,1
C0288,30-06-2026,843,500,14,12371.27,883.66,33.12,6,6,6,1,1,1,0.166666667,0.166666667,2,0,1
C0289,30-06-2026,320,161,7,4422.22,631.75,34.67,9,9,8,1,0,0.888888889,0.125,0,1,0,1
C0290,30-06-2026,1004,82,70,127820.18,1826,17.52,6,6,6,2,2,1,0.333333333,0.333333333,2,0,1
C0291,30-06-2026,578,40,41,64867.47,1582.13,18.4,6,6,3,0,0,0.5,0,0,1,0,1
C0292,30-06-2026,866,10,76,95469.61,1256.18,15.69,7,7,6,2,1,0.857142857,0.333333333,0.166666667,0,3,0
C0293,30-06-2026,540,45,38,62870.44,1654.49,21.57,11,11,11,3,0,1,0.272727273,0,2,1,0
C0294,30-06-2026,83,83,3,2720.94,906.98,0,6,6,6,1,0,1,0.166666667,0,6,0,1
C0295,30-06-2026,625,119,18,12594.63,699.7,18,5,5,5,1,0,1,0.2,0,0,1,0
C0296,30-06-2026,598,20,41,61160.94,1491.73,20.09,6,6,6,2,0,1,0.333333333,0,0,3,0
C0297,30-06-2026,873,4,50,78219.44,1564.39,28.12,6,6,6,3,1,1,0.5,0.166666667,0,2,0
C0299,30-06-2026,864,125,25,20015.08,800.6,54.25,10,10,9,1,0,0.9,0.111111111,0,1,0,1
C0300,30-06-2026,130,130,1,685.34,685.34,0,5,5,5,1,0,1,0.2,0,5,0,1
C0301,30-06-2026,273,30,8,9706.97,1213.37,21,11,11,11,3,2,1,0.272727273,0.181818182,1,4,0
C0302,30-06-2026,455,21,28,31249.23,1116.04,17.84,5,5,5,1,0,1,0.2,0,0,1,0
C0303,30-06-2026,445,15,23,26973.45,1172.76,26.15,12,12,12,1,1,1,0.083333333,0.083333333,2,1,0
C0304,30-06-2026,837,233,11,9193.45,835.77,76.5,8,8,8,1,0,1,0.125,0,0,0,1
C0305,30-06-2026,116,12,4,3580.13,895.03,11.67,8,8,7,2,1,0.875,0.285714286,0.142857143,1,5,0
C0306,30-06-2026,887,21,25,31414.32,1256.57,44.31,3,3,1,0,0,0.333333333,0,0,0,1,0
C0308,30-06-2026,582,10,42,65907.38,1569.22,20.48,6,6,5,2,0,0.833333333,0.4,0,0,1,0
C0309,30-06-2026,738,412,12,6618.07,551.51,23.56,9,9,9,0,0,1,0,0,6,0,1
C0310,30-06-2026,386,322,4,4687.05,1171.76,10.5,10,10,8,2,2,0.8,0.25,0.25,9,0,1
C0311,30-06-2026,772,17,55,77648.94,1411.8,18.91,10,10,9,4,0,0.9,0.444444444,0,0,1,0
C0312,30-06-2026,64,64,5,10240.79,2048.16,0,4,4,4,4,3,1,1,0.75,4,0,1
C0313,30-06-2026,301,13,26,40701.31,1565.44,14.41,7,7,7,3,0,1,0.428571429,0,0,5,0
C0314,30-06-2026,285,15,26,36087.92,1388,13.67,4,4,4,1,0,1,0.25,0,1,2,0
C0315,30-06-2026,258,258,7,5639.73,805.68,0,3,3,3,0,0,1,0,0,3,0,1
C0316,30-06-2026,164,2,14,28469.81,2033.56,12.44,8,8,8,2,1,1,0.25,0.125,0,6,0
C0317,30-06-2026,205,33,21,23824.01,1134.48,11.67,6,6,6,3,2,1,0.5,0.333333333,3,2,0
C0319,30-06-2026,564,13,30,40567.94,1352.26,25.5,7,7,7,3,1,1,0.428571429,0.142857143,0,1,0
C0320,30-06-2026,1012,0,94,162718.36,1731.05,16.62,5,5,5,1,0,1,0.2,0,0,9,0
C0321,30-06-2026,244,18,8,7007.25,875.91,12,2,2,2,1,1,1,0.5,0.5,0,4,0
C0322,30-06-2026,856,39,93,139027.19,1494.92,14.54,5,5,4,1,0,0.8,0.25,0,1,7,0
C0323,30-06-2026,992,78,59,72563.82,1229.9,22.87,2,2,2,1,1,1,0.5,0.5,0,3,0
C0324,30-06-2026,600,1,28,32276.34,1152.73,19.9,9,9,9,3,2,1,0.333333333,0.222222222,1,0,1
C0325,30-06-2026,245,17,25,26521.7,1060.87,14.83,2,2,2,0,0,1,0,0,1,3,0
C0326,30-06-2026,273,14,33,46248.76,1401.48,11.22,10,10,10,4,0,1,0.4,0,0,2,0
C0327,30-06-2026,372,44,22,27018.36,1228.11,23.77,8,8,8,1,0,1,0.125,0,1,2,0
C0328,30-06-2026,1006,25,53,52838.67,996.96,28.35,7,7,6,2,1,0.857142857,0.333333333,0.166666667,0,2,0
C0329,30-06-2026,1002,128,66,126645.17,1918.87,18.68,7,7,7,1,0,1,0.142857143,0,1,0,1
C0330,30-06-2026,912,98,79,171902.34,2175.98,18.38,4,4,3,1,0,0.75,0.333333333,0,0,0,1
C0331,30-06-2026,76,10,3,2756.13,918.71,11,5,5,5,0,0,1,0,0,0,3,0
C0332,30-06-2026,797,48,39,34710.33,890.01,26.38,3,3,3,0,0,1,0,0,0,2,0
C0333,30-06-2026,510,56,14,11552.1,825.15,44.38,9,9,8,2,2,0.888888889,0.25,0.25,2,1,0
C0334,30-06-2026,922,7,115,206543.68,1796.03,13.21,10,10,8,3,2,0.8,0.375,0.25,0,5,0
C0335,30-06-2026,587,277,27,20476.71,758.4,20.54,11,11,10,1,1,0.909090909,0.1,0.1,3,0,1
C0336,30-06-2026,867,28,98,146139.07,1491.22,13.32,6,6,5,3,2,0.833333333,0.6,0.4,0,3,0
C0337,30-06-2026,942,71,50,58197.89,1163.96,28.86,8,8,8,0,0,1,0,0,0,1,0
C0338,30-06-2026,376,40,19,22910.63,1205.82,20.14,7,7,6,1,0,0.857142857,0.166666667,0,1,2,0
C0339,30-06-2026,240,126,7,7212.16,1030.31,17.5,4,4,3,0,0,0.75,0,0,3,0,1
C0341,30-06-2026,243,58,18,36732.79,2040.71,15.67,11,11,10,4,3,0.909090909,0.4,0.3,4,0,1
C0342,30-06-2026,313,313,8,8674.89,1084.36,0,8,8,6,0,0,0.75,0,0,8,0,1
C0343,30-06-2026,143,3,13,21318.74,1639.9,16.71,3,3,3,3,1,1,1,0.333333333,0,2,0
C0345,30-06-2026,701,1,67,116977.87,1745.94,17.89,10,10,8,6,4,0.8,0.75,0.5,0,9,0
C0346,30-06-2026,583,5,41,28252.25,689.08,21.43,8,8,7,2,2,0.875,0.285714286,0.285714286,0,2,0
C0347,30-06-2026,241,197,8,4508.22,563.53,8.5,6,6,6,2,0,1,0.333333333,0,5,0,1
C0348,30-06-2026,561,4,62,159092.12,2566,14.97,8,8,8,4,2,1,0.5,0.25,0,5,0
C0349,30-06-2026,537,86,8,8019.82,1002.48,81.25,8,8,7,1,1,0.875,0.142857143,0.142857143,1,0,1
C0350,30-06-2026,746,7,49,76033.24,1551.7,21.96,10,10,10,4,2,1,0.4,0.2,0,2,0
C0351,30-06-2026,794,51,46,95107.8,2067.56,18.8,6,6,6,3,1,1,0.5,0.166666667,0,4,0
C0352,30-06-2026,112,0,4,3064.03,766.01,38,5,5,4,0,0,0.8,0,0,0,0,1
C0353,30-06-2026,77,4,2,2181.48,1090.74,0,3,3,3,1,0,1,0.333333333,0,1,0,1
C0354,30-06-2026,48,48,2,2880.48,1440.24,0,5,5,5,0,0,1,0,0,5,0,1
C0355,30-06-2026,275,58,18,26732.07,1485.12,19.6,8,8,8,2,0,1,0.25,0,2,0,1
C0356,30-06-2026,750,187,44,48036.59,1091.74,15.33,8,8,6,1,0,0.75,0.166666667,0,1,1,0
C0357,30-06-2026,961,0,46,65020.44,1413.49,27.53,6,6,5,0,0,0.833333333,0,0,0,0,1
C0358,30-06-2026,678,30,35,36088.27,1031.09,28.71,13,13,13,6,2,1,0.461538462,0.153846154,2,2,0
C0359,30-06-2026,689,104,49,74924.02,1529.06,16.12,6,6,5,2,0,0.833333333,0.4,0,0,0,1
C0360,30-06-2026,1006,84,56,90123.28,1609.34,18.77,12,12,11,4,1,0.916666667,0.363636364,0.090909091,0,0,1
C0361,30-06-2026,611,49,58,107337.36,1850.64,17.61,7,7,7,2,0,1,0.285714286,0,1,1,0
C0362,30-06-2026,627,56,29,31182.97,1075.27,21.05,10,10,10,4,2,1,0.4,0.2,0,2,0
C0363,30-06-2026,322,50,8,7730.69,966.34,47,6,6,5,2,0,0.833333333,0.4,0,1,0,1
C0364,30-06-2026,291,191,3,1916.5,638.83,18,6,6,6,1,0,1,0.166666667,0,5,0,1
C0365,30-06-2026,709,7,86,255061.43,2965.83,13.41,7,7,7,4,1,1,0.571428571,0.142857143,0,1,0
C0366,30-06-2026,320,17,22,49533.41,2251.52,15.15,3,3,3,3,1,1,1,0.333333333,0,8,0
C0367,30-06-2026,291,5,36,67316.01,1869.89,14.29,5,5,5,2,1,1,0.4,0.2,0,3,0
C0368,30-06-2026,824,125,29,26706.87,920.93,39.13,6,6,6,2,0,1,0.333333333,0,1,0,1
C0369,30-06-2026,355,103,20,25385.5,1269.28,15,9,9,9,1,0,1,0.111111111,0,4,0,1
C0370,30-06-2026,293,293,7,3931.3,561.61,0,5,5,4,1,0,0.8,0.25,0,5,0,1
C0371,30-06-2026,911,1,44,49181.68,1117.77,26.74,8,8,8,2,1,1,0.25,0.125,0,3,0
C0372,30-06-2026,559,1,76,139477.65,1835.23,11.98,11,11,11,3,1,1,0.272727273,0.090909091,0,11,0
C0373,30-06-2026,622,120,40,73345.54,1833.64,22.5,6,6,5,1,1,0.833333333,0.2,0.2,0,0,1
C0374,30-06-2026,975,97,46,75077.09,1632.11,28.32,6,6,5,2,1,0.833333333,0.4,0.2,0,0,1
C0375,30-06-2026,1026,467,7,5564.08,794.87,52.2,8,8,6,0,0,0.75,0,0,3,0,1
C0376,30-06-2026,810,89,46,39526.84,859.28,25.88,5,5,5,2,1,1,0.4,0.2,2,1,0
C0377,30-06-2026,382,25,23,18209.66,791.72,16.53,4,4,4,1,0,1,0.25,0,0,1,0
C0379,30-06-2026,897,99,26,22528.71,866.49,35.36,9,9,9,1,0,1,0.111111111,0,0,0,1
C0380,30-06-2026,827,47,44,45264.88,1028.75,24.19,9,9,7,2,1,0.777777778,0.285714286,0.142857143,0,1,0
C0381,30-06-2026,674,2,52,58409.45,1123.26,16.26,3,3,3,1,0,1,0.333333333,0,0,2,0
C0382,30-06-2026,621,73,36,57966.84,1610.19,21.35,12,12,11,2,1,0.916666667,0.181818182,0.090909091,0,0,1
C0383,30-06-2026,693,60,34,39561.85,1163.58,27.1,4,4,4,1,0,1,0.25,0,0,3,0
C0384,30-06-2026,249,4,20,26596.21,1329.81,16.92,8,8,7,1,0,0.875,0.142857143,0,0,11,0
C0385,30-06-2026,159,78,1,1997.68,1997.68,0,5,5,5,1,1,1,0.2,0.2,4,0,1
C0386,30-06-2026,242,11,15,18454.91,1230.33,21.71,9,9,8,3,2,0.888888889,0.375,0.25,1,0,1
C0388,30-06-2026,547,11,36,32642.31,906.73,17.79,10,10,8,4,3,0.8,0.5,0.375,0,2,0
C0389,30-06-2026,541,164,25,19566.65,782.67,20.29,4,4,4,1,0,1,0.25,0,1,0,1
C0390,30-06-2026,626,3,35,33526.51,957.9,26.33,6,6,6,4,0,1,0.666666667,0,0,0,1
C0391,30-06-2026,848,73,72,99030.45,1375.42,14.1,6,6,5,2,0,0.833333333,0.4,0,2,0,1
C0392,30-06-2026,157,157,1,961.3,961.3,0,9,9,8,1,0,0.888888889,0.125,0,9,0,1
C0393,30-06-2026,1022,13,60,66458.65,1107.64,25.61,11,11,11,2,1,1,0.181818182,0.090909091,0,0,1
C0394,30-06-2026,461,68,25,48487.39,1939.5,15.84,8,8,6,4,1,0.75,0.666666667,0.166666667,2,3,0
C0395,30-06-2026,758,1,60,103574.98,1726.25,19.35,6,6,6,1,0,1,0.166666667,0,0,6,0
C0396,30-06-2026,168,73,9,14537.15,1615.24,10.33,2,2,1,0,0,0.5,0,0,0,0,1
C0397,30-06-2026,742,41,42,27498.52,654.73,27.83,6,6,5,4,2,0.833333333,0.8,0.4,1,1,0
C0398,30-06-2026,551,50,26,33549.63,1290.37,27.19,7,7,7,2,1,1,0.285714286,0.142857143,0,1,0
C0399,30-06-2026,342,18,28,34454.63,1230.52,21.62,7,7,7,3,2,1,0.428571429,0.285714286,2,1,0
C0400,30-06-2026,89,77,6,6060.36,1010.06,3.33,5,5,5,0,0,1,0,0,5,0,1
C0401,30-06-2026,417,6,28,28682.05,1024.36,17,7,7,6,3,0,0.857142857,0.5,0,0,6,0
C0402,30-06-2026,394,25,25,25999.11,1039.96,17.5,11,11,11,2,2,1,0.181818182,0.181818182,1,1,0
C0403,30-06-2026,862,78,42,30157.65,718.04,29,6,6,5,1,0,0.833333333,0.2,0,1,1,0
C0404,30-06-2026,170,28,12,11599.14,966.59,13,7,7,7,1,0,1,0.142857143,0,2,2,0
C0405,30-06-2026,621,457,15,8228.32,548.55,17.67,8,8,7,1,0,0.875,0.142857143,0,6,0,1
C0406,30-06-2026,816,103,37,45579.81,1231.89,23.36,7,7,7,1,0,1,0.142857143,0,2,0,1
C0408,30-06-2026,572,1,38,40957.62,1077.83,18.83,9,9,9,2,0,1,0.222222222,0,0,0,1
C0409,30-06-2026,36,36,2,1200.42,600.21,0,3,3,2,0,0,0.666666667,0,0,2,0,1
C0410,30-06-2026,719,14,52,95482.96,1836.21,20.94,2,2,1,0,0,0.5,0,0,0,5,0
C0411,30-06-2026,256,1,14,14868.82,1062.06,22.88,1,1,1,0,0,1,0,0,0,0,1
C0412,30-06-2026,133,50,12,17851.03,1487.59,11,6,6,6,0,0,1,0,0,1,0,1
C0413,30-06-2026,58,25,4,5679.68,1419.92,8.5,7,7,7,2,0,1,0.285714286,0,3,1,0
C0414,30-06-2026,439,54,31,50602.9,1632.35,21,14,14,11,4,1,0.785714286,0.363636364,0.090909091,2,0,1
C0415,30-06-2026,797,19,39,49593.23,1271.62,24.77,6,6,5,2,1,0.833333333,0.4,0.2,0,2,0
C0417,30-06-2026,235,0,12,14443.14,1203.6,27.67,5,5,5,2,0,1,0.4,0,0,3,0
C0418,30-06-2026,617,258,13,13940.55,1072.35,25.6,8,8,6,1,0,0.75,0.166666667,0,1,0,1
C0419,30-06-2026,932,62,41,49674.61,1211.58,31.13,8,8,8,5,1,1,0.625,0.125,0,2,0
C0420,30-06-2026,506,55,23,26649.41,1158.67,33.62,5,5,5,3,1,1,0.6,0.2,0,1,0
C0421,30-06-2026,182,53,17,34401.86,2023.64,11.29,5,5,5,2,1,1,0.4,0.2,0,0,1
C0422,30-06-2026,682,4,60,126433.61,2107.23,13.3,4,4,4,2,0,1,0.5,0,0,5,0
C0423,30-06-2026,598,7,32,39831.71,1244.74,21.64,4,4,4,0,0,1,0,0,0,2,0
C0424,30-06-2026,519,8,29,38187.49,1316.81,24.29,9,9,8,1,0,0.888888889,0.125,0,0,3,0
C0425,30-06-2026,834,429,16,11456.67,716.04,43.62,8,8,7,1,0,0.875,0.142857143,0,3,0,1
C0426,30-06-2026,359,15,28,37253.05,1330.47,18.12,6,6,6,2,1,1,0.333333333,0.166666667,0,4,0
C0427,30-06-2026,366,72,24,44332.87,1847.2,20.18,11,11,9,3,1,0.818181818,0.333333333,0.111111111,4,0,1
C0428,30-06-2026,827,54,82,153759.29,1875.11,15.59,6,6,6,4,2,1,0.666666667,0.333333333,1,11,0
C0429,30-06-2026,685,5,55,90108.94,1638.34,18.58,6,6,6,4,2,1,0.666666667,0.333333333,0,1,0
C0430,30-06-2026,847,362,22,18302.06,831.91,33.4,9,9,9,1,0,1,0.111111111,0,5,0,1
C0431,30-06-2026,253,21,27,24114.96,893.15,11.71,8,8,7,2,0,0.875,0.285714286,0,2,0,1
C0432,30-06-2026,952,8,95,111333.22,1171.93,17.37,5,5,5,2,0,1,0.4,0,0,4,0
C0433,30-06-2026,250,47,20,31337.21,1566.86,15.18,6,6,5,3,3,0.833333333,0.6,0.6,1,2,0
C0434,30-06-2026,652,162,12,5202.81,433.57,62.67,7,7,7,3,0,1,0.428571429,0,2,0,1
C0435,30-06-2026,959,71,34,29805.36,876.63,34.35,3,3,3,0,0,1,0,0,0,2,0
C0436,30-06-2026,452,54,24,35824.89,1492.7,20.67,11,11,10,1,0,0.909090909,0.1,0,0,0,1
C0437,30-06-2026,24,24,1,455.89,455.89,0,4,4,3,0,0,0.75,0,0,4,0,1
C0440,30-06-2026,210,28,14,10252.71,732.34,14.88,11,11,10,2,0,0.909090909,0.2,0,0,2,0
C0441,30-06-2026,807,17,72,117125.12,1626.74,20.38,5,5,5,3,0,1,0.6,0,1,1,0
C0442,30-06-2026,428,3,21,21727.34,1034.64,27.67,7,7,7,3,1,1,0.428571429,0.142857143,0,1,0
C0443,30-06-2026,380,212,12,13605.77,1133.81,26.5,11,11,10,2,0,0.909090909,0.2,0,3,0,1
C0444,30-06-2026,339,8,33,68307.31,2069.92,12.64,9,9,9,5,3,1,0.555555556,0.333333333,0,5,0
C0445,30-06-2026,975,51,80,67376.86,842.21,17.76,9,9,8,4,1,0.888888889,0.5,0.125,0,4,0
C0446,30-06-2026,167,167,3,1207.17,402.39,0,9,9,6,0,0,0.666666667,0,0,9,0,1
C0447,30-06-2026,555,16,24,27858.71,1160.78,31.38,8,8,8,3,0,1,0.375,0,0,2,0
C0448,30-06-2026,361,6,28,28600.43,1021.44,21,5,5,4,2,1,0.8,0.5,0.25,0,0,1
C0449,30-06-2026,178,5,7,6283.34,897.62,53.33,6,6,5,4,2,0.833333333,0.8,0.4,0,3,0
C0452,30-06-2026,751,36,56,76264.14,1361.86,23.11,8,8,7,0,0,0.875,0,0,2,2,0
C0453,30-06-2026,419,82,31,53750.09,1733.87,17,7,7,6,2,0,0.857142857,0.333333333,0,1,0,1
C0454,30-06-2026,740,28,65,120299.58,1850.76,18.55,7,7,7,3,1,1,0.428571429,0.142857143,0,4,0
C0455,30-06-2026,728,142,27,33208.25,1229.94,32.29,9,9,8,0,0,0.888888889,0,0,2,0,1
C0456,30-06-2026,158,5,4,5096.93,1274.23,36.33,5,5,5,2,0,1,0.4,0,0,3,0
C0457,30-06-2026,506,324,8,4577.95,572.24,31.8,10,10,8,2,1,0.8,0.25,0.125,6,0,1
C0458,30-06-2026,650,3,49,51484.79,1050.71,18.52,5,5,5,1,1,1,0.2,0.2,0,3,0
C0459,30-06-2026,421,36,14,11170.23,797.87,39.2,10,10,10,4,0,1,0.4,0,0,2,0
C0460,30-06-2026,399,18,14,17458.55,1247.04,54.33,7,7,7,3,0,1,0.428571429,0,1,3,0
C0461,30-06-2026,487,2,22,19034.8,865.22,28.42,5,5,5,2,0,1,0.4,0,0,0,1
C0462,30-06-2026,235,11,10,17355.05,1735.5,26.17,11,11,10,4,0,0.909090909,0.4,0,2,1,0
C0463,30-06-2026,822,45,64,85528.39,1336.38,21.68,4,4,4,1,1,1,0.25,0.25,0,3,0
C0464,30-06-2026,951,11,97,214275.42,2209.02,17.42,9,9,8,6,2,0.888888889,0.75,0.25,0,3,0
C0465,30-06-2026,155,13,10,12002.96,1200.3,32.5,6,6,5,2,0,0.833333333,0.4,0,0,2,0
C0466,30-06-2026,647,33,45,43554.68,967.88,17.27,13,13,11,6,1,0.846153846,0.545454545,0.090909091,1,3,0
C0467,30-06-2026,480,22,24,41954.82,1748.12,18.56,12,12,12,3,1,1,0.25,0.083333333,0,1,0
C0468,30-06-2026,80,6,9,9008.08,1000.9,16,4,4,4,1,0,1,0.25,0,0,1,0
C0469,30-06-2026,983,15,80,124718.22,1558.98,18.02,10,10,10,4,2,1,0.4,0.2,0,1,0
C0470,30-06-2026,490,24,33,34212.53,1036.74,20.71,3,3,3,2,0,1,0.666666667,0,0,1,0
C0471,30-06-2026,377,34,23,24523.21,1066.23,21.73,5,5,5,1,0,1,0.2,0,1,1,0
C0472,30-06-2026,170,18,9,5787.1,643.01,25,7,7,5,1,0,0.714285714,0.2,0,1,0,1
C0473,30-06-2026,329,5,27,57582,2132.67,19.2,6,6,6,2,1,1,0.333333333,0.166666667,0,5,0
C0474,30-06-2026,259,178,6,3879.23,646.54,23.67,8,8,8,1,0,1,0.125,0,5,0,1
C0475,30-06-2026,822,6,44,44298.05,1006.77,33.39,10,10,9,3,1,0.9,0.333333333,0.111111111,0,1,0
C0476,30-06-2026,441,31,22,21483.27,976.51,22.53,11,11,10,3,2,0.909090909,0.3,0.2,1,2,0
C0477,30-06-2026,589,151,21,21802,1038.19,41.2,5,5,5,1,0,1,0.2,0,2,0,1
C0478,30-06-2026,940,15,46,51785.34,1125.77,29.81,8,8,8,4,0,1,0.5,0,0,1,0
C0479,30-06-2026,663,2,44,71290.6,1620.24,20.04,8,8,8,1,1,1,0.125,0.125,0,1,0
C0480,30-06-2026,119,22,6,6174.57,1029.1,27.67,5,5,5,2,0,1,0.4,0,1,4,0
C0481,30-06-2026,739,2,38,48392.26,1273.48,24.04,8,8,8,3,0,1,0.375,0,0,0,1
C0482,30-06-2026,395,35,26,28076.12,1079.85,17.4,9,9,8,2,0,0.888888889,0.25,0,0,4,0
C0483,30-06-2026,338,338,17,8990.49,528.85,0,7,7,6,1,1,0.857142857,0.166666667,0.166666667,7,0,1
C0484,30-06-2026,726,21,37,42262.58,1142.23,35.26,7,7,6,1,1,0.857142857,0.166666667,0.166666667,0,1,0
C0485,30-06-2026,545,84,42,59792.42,1423.63,17.12,6,6,6,1,0,1,0.166666667,0,2,0,1
C0486,30-06-2026,607,10,26,35437.48,1362.98,32.25,8,8,8,2,1,1,0.25,0.125,1,1,0
C0487,30-06-2026,733,26,49,65237.29,1331.37,22.65,2,2,2,0,0,1,0,0,0,1,0
C0488,30-06-2026,487,16,41,43819.15,1068.76,15.54,5,5,5,1,0,1,0.2,0,0,4,0
C0489,30-06-2026,602,57,27,26903.96,996.44,28.24,9,9,6,1,0,0.666666667,0.166666667,0,1,1,0
C0490,30-06-2026,804,54,37,47107.3,1273.17,28.22,6,6,5,1,0,0.833333333,0.2,0,0,2,0
C0492,30-06-2026,718,101,46,84810.82,1843.71,16.19,4,4,4,1,0,1,0.25,0,1,0,1
C0493,30-06-2026,391,22,30,44538.34,1484.61,21.81,8,8,8,3,1,1,0.375,0.125,0,1,0
C0494,30-06-2026,191,6,20,33645.56,1682.28,16.43,5,5,5,3,1,1,0.6,0.2,1,10,0
C0495,30-06-2026,119,119,4,4111.74,1027.94,0,3,3,2,0,0,0.666666667,0,0,3,0,1
C0496,30-06-2026,216,21,10,6034.25,603.42,41.25,2,2,1,1,0,0.5,1,0,0,1,0
C0497,30-06-2026,423,52,31,27175.11,876.62,13.71,2,2,2,1,0,1,0.5,0,0,2,0
C0498,30-06-2026,369,10,23,31849.66,1384.77,23.73,4,4,4,3,0,1,0.75,0,1,4,0
C0499,30-06-2026,420,31,15,14709.61,980.64,44.83,15,15,14,6,3,0.933333333,0.428571429,0.214285714,0,1,0
C0500,30-06-2026,380,45,22,23841.36,1083.7,28.09,7,7,6,1,0,0.857142857,0.166666667,0,1,0,1
C0501,30-06-2026,746,13,67,107170.75,1599.56,15,7,7,5,2,2,0.714285714,0.4,0.4,0,1,0
C0502,30-06-2026,58,5,5,9293.09,1858.62,23.5,3,3,3,0,0,1,0,0,0,0,1
C0503,30-06-2026,871,26,33,21685.34,657.13,35.94,6,6,6,1,0,1,0.166666667,0,0,2,0
C0504,30-06-2026,610,110,32,64724.41,2022.64,22.82,2,2,2,2,1,1,1,0.5,1,0,1
C0505,30-06-2026,130,89,12,16758.78,1396.56,5.57,7,7,7,3,1,1,0.428571429,0.142857143,6,0,1
C0506,30-06-2026,337,11,22,35507.09,1613.96,20,11,11,10,4,3,0.909090909,0.4,0.3,1,2,0
C0507,30-06-2026,994,294,27,17339.83,642.22,43.08,7,7,6,0,0,0.857142857,0,0,3,0,1
C0508,30-06-2026,451,37,16,9982.9,623.93,27.43,5,5,5,1,0,1,0.2,0,0,4,0
C0509,30-06-2026,724,22,62,92131.76,1486,14.95,5,5,5,1,1,1,0.2,0.2,0,5,0
C0510,30-06-2026,1011,9,113,199825.2,1768.36,14.22,5,5,5,0,0,1,0,0,0,6,0
C0511,30-06-2026,599,31,63,107119.78,1700.31,14.61,11,11,10,4,1,0.909090909,0.4,0.1,0,4,0
C0512,30-06-2026,374,16,17,19207.31,1129.84,24.9,2,2,1,0,0,0.5,0,0,1,3,0
C0513,30-06-2026,670,70,44,67391.46,1531.62,17.79,8,8,8,2,2,1,0.25,0.25,0,1,0
C0514,30-06-2026,467,2,33,42388.08,1284.49,19.3,7,7,6,2,0,0.857142857,0.333333333,0,0,2,0
C0515,30-06-2026,825,15,28,28425.46,1015.2,38.17,7,7,6,3,1,0.857142857,0.5,0.166666667,0,1,0
C0516,30-06-2026,804,322,21,19025.76,905.99,32.5,8,8,8,1,0,1,0.125,0,4,0,1
C0517,30-06-2026,262,112,15,16534.69,1102.31,17,7,7,7,2,0,1,0.285714286,0,4,0,1
C0518,30-06-2026,353,10,29,42505.65,1465.71,21.77,9,9,9,5,1,1,0.555555556,0.111111111,0,1,0
C0519,30-06-2026,497,2,31,35058.1,1130.91,20.89,7,7,7,4,2,1,0.571428571,0.285714286,0,3,0
C0520,30-06-2026,106,106,1,1211.57,1211.57,0,4,4,4,0,0,1,0,0,4,0,1
C0521,30-06-2026,875,58,53,53872.54,1016.46,24.27,7,7,7,2,0,1,0.285714286,0,1,1,0
C0522,30-06-2026,640,172,11,9586.98,871.54,49.5,4,4,4,3,0,1,0.75,0,0,0,1
C0523,30-06-2026,680,24,16,13771.25,860.7,31.54,9,9,8,5,3,0.888888889,0.625,0.375,0,3,0
C0524,30-06-2026,792,16,82,138290.48,1686.47,14.47,5,5,5,4,2,1,0.8,0.4,0,2,0
C0525,30-06-2026,529,108,34,50033.08,1471.56,19.33,7,7,5,4,1,0.714285714,0.8,0.2,1,0,1
C0526,30-06-2026,1032,91,26,27630.4,1062.71,44.56,7,7,6,3,1,0.857142857,0.5,0.166666667,0,2,0
C0528,30-06-2026,17,0,12,13316.73,1109.73,1.67,4,4,4,1,1,1,0.25,0.25,0,3,0
C0529,30-06-2026,173,12,13,25107.8,1931.37,14.78,7,7,7,5,3,1,0.714285714,0.428571429,2,1,0
C0530,30-06-2026,310,36,15,13205.84,880.39,20.8,7,7,7,4,1,1,0.571428571,0.142857143,0,1,0
C0531,30-06-2026,350,16,22,34183.35,1553.79,16.27,3,3,3,1,0,1,0.333333333,0,0,3,0
C0532,30-06-2026,154,2,10,11243.79,1124.38,12.57,3,3,3,2,1,1,0.666666667,0.333333333,2,2,0
C0533,30-06-2026,802,33,33,33459.08,1013.91,41.76,12,12,12,2,2,1,0.166666667,0.166666667,1,1,0
C0534,30-06-2026,571,9,25,22357.09,894.28,28.43,8,8,8,6,2,1,0.75,0.25,0,1,0
C0535,30-06-2026,851,17,44,34860.69,792.29,25,10,10,8,1,0,0.8,0.125,0,1,2,0
C0536,30-06-2026,478,18,26,36405.35,1400.21,22.33,10,10,9,3,2,0.9,0.333333333,0.222222222,0,7,0
C0537,30-06-2026,937,24,40,41412.34,1035.31,23.96,6,6,6,0,0,1,0,0,0,3,0
C0538,30-06-2026,401,4,37,52976.87,1431.81,17.37,5,5,5,2,1,1,0.4,0.2,0,4,0
C0539,30-06-2026,261,261,12,9744.61,812.05,0,7,7,7,2,1,1,0.285714286,0.142857143,7,0,1
C0540,30-06-2026,49,39,1,560.14,560.14,0,6,6,6,2,0,1,0.333333333,0,6,3,0
C0541,30-06-2026,17,17,5,4080.15,816.03,0,2,2,2,0,0,1,0,0,2,0,1
C0542,30-06-2026,115,43,12,14666.38,1222.2,5.67,3,3,3,0,0,1,0,0,2,2,0
C0543,30-06-2026,733,42,33,26971.49,817.32,36.31,4,4,3,1,0,0.75,0.333333333,0,0,1,0
C0544,30-06-2026,605,69,35,45660.15,1304.58,19.74,6,6,6,2,1,1,0.333333333,0.166666667,1,5,0
C0545,30-06-2026,375,83,20,27864.44,1393.22,17.67,6,6,5,2,0,0.833333333,0.4,0,3,0,1
C0546,30-06-2026,287,47,14,9177.19,655.51,27.12,11,11,10,0,0,0.909090909,0,0,1,3,0
C0547,30-06-2026,775,27,51,53556.88,1050.13,22.96,9,9,7,2,0,0.777777778,0.285714286,0,0,2,0
C0548,30-06-2026,66,66,3,1773.3,591.1,0,8,8,8,2,1,1,0.25,0.125,8,0,1
C0549,30-06-2026,1002,45,43,65370.59,1520.25,33.05,11,11,11,4,1,1,0.363636364,0.090909091,0,3,0
C0550,30-06-2026,473,174,15,9001.75,600.12,26.43,7,7,5,1,0,0.714285714,0.2,0,4,0,1
C0551,30-06-2026,159,0,6,8703.27,1450.54,31.25,6,6,6,2,0,1,0.333333333,0,0,4,0
C0552,30-06-2026,169,4,16,18700.88,1168.8,12.83,6,6,6,1,0,1,0.166666667,0,0,6,0
C0553,30-06-2026,26,26,7,5108.06,729.72,0,3,3,3,0,0,1,0,0,3,0,1
C0554,30-06-2026,584,28,31,37669.25,1215.14,27.41,6,6,5,2,1,0.833333333,0.4,0.2,0,2,0
C0555,30-06-2026,161,7,9,11438.27,1270.92,21,8,8,6,5,3,0.75,0.833333333,0.5,0,1,0
C0556,30-06-2026,437,164,13,9536.12,733.55,49.75,7,7,6,1,0,0.857142857,0.166666667,0,3,0,1
C0557,30-06-2026,36,36,2,7977.12,3988.56,0,4,4,2,1,1,0.5,0.5,0.5,4,0,1
C0558,30-06-2026,817,11,72,93347.19,1296.49,18.82,5,5,5,2,1,1,0.4,0.2,0,2,0
C0559,30-06-2026,142,41,2,2720.05,1360.02,18,3,3,3,1,0,1,0.333333333,0,1,6,0
C0560,30-06-2026,64,2,11,8935.74,812.34,10.2,5,5,5,3,1,1,0.6,0.2,0,5,0
C0561,30-06-2026,997,17,59,77239.69,1309.15,24.62,9,9,8,3,1,0.888888889,0.375,0.125,0,2,0
C0562,30-06-2026,836,102,31,25465.33,821.46,40.12,6,6,5,0,0,0.833333333,0,0,0,0,1
C0564,30-06-2026,524,2,32,26853.02,839.16,26.83,6,6,6,0,0,1,0,0,0,0,1
C0565,30-06-2026,117,5,6,4631.36,771.89,32,2,2,2,0,0,1,0,0,0,5,0
C0566,30-06-2026,265,3,25,19970.91,798.84,11.87,3,3,3,1,1,1,0.333333333,0.333333333,0,1,0
C0567,30-06-2026,1008,58,70,119893.96,1712.77,22.1,8,8,6,2,1,0.75,0.333333333,0.166666667,0,0,1
C0568,30-06-2026,966,8,100,134266.66,1342.67,13.79,11,11,11,6,3,1,0.545454545,0.272727273,1,4,0
C0569,30-06-2026,475,55,18,16848.42,936.02,35.36,9,9,9,1,1,1,0.111111111,0.111111111,2,2,0
C0570,30-06-2026,307,6,30,35568.89,1185.63,16.93,6,6,6,3,1,1,0.5,0.166666667,0,9,0
C0571,30-06-2026,492,11,26,28072.41,1079.71,23.47,5,5,5,1,0,1,0.2,0,0,0,1
C0572,30-06-2026,552,129,11,11986.92,1089.72,56.83,7,7,6,1,0,0.857142857,0.166666667,0,1,0,1
C0573,30-06-2026,158,16,6,12314.65,2052.44,13.33,4,4,4,1,0,1,0.25,0,0,1,0
C0574,30-06-2026,388,165,17,15926.64,936.86,18.78,4,4,3,1,0,0.75,0.333333333,0,1,0,1
C0575,30-06-2026,1009,20,43,54788.58,1274.15,27.7,8,8,8,3,1,1,0.375,0.125,0,4,0
C0576,30-06-2026,163,13,15,20791.46,1386.1,17,4,4,4,2,2,1,0.5,0.5,1,5,0
C0577,30-06-2026,457,81,19,31162.28,1640.12,26.5,6,6,5,0,0,0.833333333,0,0,2,0,1
C0578,30-06-2026,916,145,34,23680.82,696.49,39.19,5,5,5,0,0,1,0,0,1,0,1
C0579,30-06-2026,849,4,51,62761.73,1230.62,20.39,4,4,4,2,2,1,0.5,0.5,0,1,0
C0580,30-06-2026,927,68,64,133041.86,2078.78,20.16,9,9,8,3,0,0.888888889,0.375,0,0,0,1
C0581,30-06-2026,830,7,68,89413.5,1314.9,17.76,4,4,4,3,0,1,0.75,0,0,5,0
C0582,30-06-2026,531,53,28,46408.92,1657.46,20.53,7,7,7,1,1,1,0.142857143,0.142857143,0,0,1
C0583,30-06-2026,690,25,48,59659.28,1242.9,18.93,8,8,6,3,1,0.75,0.5,0.166666667,0,0,1
C0584,30-06-2026,315,315,14,7381.63,527.26,0,4,4,3,1,0,0.75,0.333333333,0,4,0,1
C0585,30-06-2026,420,213,8,4980.9,622.61,29.2,8,8,8,3,2,1,0.375,0.25,4,0,1
C0586,30-06-2026,443,104,17,16292.64,958.39,28.67,7,7,7,3,1,1,0.428571429,0.142857143,2,2,0
C0587,30-06-2026,735,463,5,6288.39,1257.68,35.5,10,10,10,2,1,1,0.2,0.1,7,0,1
C0588,30-06-2026,1004,143,51,49762.93,975.74,37.65,8,8,6,5,2,0.75,0.833333333,0.333333333,0,2,0
C0589,30-06-2026,527,118,18,22208.69,1233.82,23,11,11,9,1,0,0.818181818,0.111111111,0,3,0,1
C0590,30-06-2026,565,8,34,31536.67,927.55,22.47,6,6,5,3,1,0.833333333,0.6,0.2,0,3,0
C0591,30-06-2026,146,41,6,4588.35,764.72,20.5,2,2,2,0,0,1,0,0,1,2,0
C0592,30-06-2026,138,22,3,1955.38,651.79,36,3,3,3,1,1,1,0.333333333,0.333333333,0,1,0
C0594,30-06-2026,214,99,12,14334.33,1194.53,10.43,6,6,6,4,0,1,0.666666667,0,3,0,1
C0595,30-06-2026,299,0,29,37124.58,1280.16,15.4,5,5,5,2,1,1,0.4,0.2,0,1,0
C0596,30-06-2026,871,41,90,121856.95,1353.97,14.45,9,9,9,3,1,1,0.333333333,0.111111111,1,5,0
C0597,30-06-2026,735,4,43,47159.97,1096.74,25.77,11,11,9,1,1,0.818181818,0.111111111,0.111111111,0,1,0
C0598,30-06-2026,246,28,14,12051.43,860.82,24.62,9,9,8,3,1,0.888888889,0.375,0.125,1,2,0
C0599,30-06-2026,268,47,13,10976.49,844.35,19.89,7,7,7,1,0,1,0.142857143,0,1,1,0
C0600,30-06-2026,793,1,72,92154.48,1279.92,15.23,5,5,4,1,0,0.8,0.25,0,0,1,0
C0601,30-06-2026,941,395,30,14862.92,495.43,27.83,8,8,6,0,0,0.75,0,0,8,0,1
C0602,30-06-2026,743,128,31,27552.63,888.79,30.28,2,2,2,1,1,1,0.5,0.5,0,0,1
C0603,30-06-2026,830,12,73,116479.25,1595.61,15.54,9,9,8,3,1,0.888888889,0.375,0.125,0,1,0
C0604,30-06-2026,296,84,20,19079.07,953.95,11.67,3,3,3,1,0,1,0.333333333,0,0,0,1
C0605,30-06-2026,709,1,102,213051.75,2088.74,11.27,8,8,8,3,1,1,0.375,0.125,0,5,0
C0606,30-06-2026,844,17,45,39116.54,869.26,25.85,6,6,5,0,0,0.833333333,0,0,0,3,0
C0607,30-06-2026,720,48,21,19985.66,951.7,46.83,10,10,7,1,1,0.7,0.142857143,0.142857143,1,2,0
C0608,30-06-2026,603,555,5,3690.02,738,14.67,12,12,11,4,1,0.916666667,0.363636364,0.090909091,11,0,1
C0609,30-06-2026,896,33,31,28216.19,910.2,44.12,8,8,8,3,0,1,0.375,0,0,3,0
C0610,30-06-2026,57,57,2,1248.1,624.05,0,3,3,3,0,0,1,0,0,3,0,1
C0611,30-06-2026,53,4,7,13571.24,1938.75,8.33,5,5,5,2,0,1,0.4,0,0,3,0
C0613,30-06-2026,138,25,11,12718.32,1156.21,10.75,9,9,9,3,0,1,0.333333333,0,2,3,0
C0614,30-06-2026,493,36,30,50344.45,1678.15,18.5,12,12,11,3,0,0.916666667,0.272727273,0,1,0,1
C0615,30-06-2026,461,5,30,33800.21,1126.67,20.11,6,6,6,2,1,1,0.333333333,0.166666667,0,4,0
C0616,30-06-2026,543,6,73,95245.48,1304.73,11.58,4,4,4,2,0,1,0.5,0,0,1,0
C0617,30-06-2026,901,17,93,150247.25,1615.56,14.45,7,7,5,0,0,0.714285714,0,0,0,6,0
C0618,30-06-2026,328,113,6,5254.38,875.73,81,8,8,8,4,1,1,0.5,0.125,3,0,1
C0619,30-06-2026,487,175,10,4620.85,462.08,57.25,9,9,8,3,1,0.888888889,0.375,0.125,4,0,1
C0620,30-06-2026,304,26,23,35726.58,1553.33,16.73,7,7,7,2,0,1,0.285714286,0,1,4,0
C0621,30-06-2026,911,6,35,32109.26,917.41,34.84,5,5,3,1,1,0.6,0.333333333,0.333333333,0,1,0
C0622,30-06-2026,111,10,8,6946.24,868.28,16.5,4,4,4,2,1,1,0.5,0.25,0,5,0
C0623,30-06-2026,675,360,12,10312.13,859.34,20.5,8,8,7,1,0,0.875,0.142857143,0,3,0,1
C0625,30-06-2026,657,56,28,28095.4,1003.41,29.07,7,7,6,3,2,0.857142857,0.5,0.333333333,1,4,0
C0626,30-06-2026,822,108,23,13449.78,584.77,32.12,8,8,7,2,0,0.875,0.285714286,0,0,3,0
C0627,30-06-2026,152,42,4,5435.11,1358.78,15.33,6,6,5,3,2,0.833333333,0.6,0.4,1,2,0
C0628,30-06-2026,1,1,1,891.47,891.47,0,0,0,0,0,0,0,0,0,0,0,1
C0629,30-06-2026,1001,66,55,118902.04,2161.86,26.18,11,11,10,1,0,0.909090909,0.1,0,0,0,1
C0630,30-06-2026,274,57,23,35197.07,1530.31,16.18,6,6,5,1,0,0.833333333,0.2,0,4,0,1
C0631,30-06-2026,151,4,13,16384.26,1260.33,22.75,7,7,6,1,0,0.857142857,0.166666667,0,0,0,1
C0632,30-06-2026,671,31,46,67285.98,1462.74,22.54,10,10,8,1,1,0.8,0.125,0.125,0,0,1
C0633,30-06-2026,402,2,15,16713.28,1114.22,30.3,7,7,6,0,0,0.857142857,0,0,0,0,1
C0634,30-06-2026,402,47,25,45175.44,1807.02,16.25,6,6,6,1,0,1,0.166666667,0,0,0,1
C0635,30-06-2026,427,66,25,43264.99,1730.6,21.33,8,8,7,1,0,0.875,0.142857143,0,1,2,0
C0636,30-06-2026,1011,7,106,153060.29,1443.96,14,7,7,7,2,0,1,0.285714286,0,0,4,0
C0637,30-06-2026,563,25,25,18045.57,721.82,25.06,8,8,8,2,1,1,0.25,0.125,2,1,0
C0638,30-06-2026,312,3,17,14902.78,876.63,30.2,7,7,7,4,1,1,0.571428571,0.142857143,0,0,1
C0639,30-06-2026,42,4,1,443.4,443.4,0,3,3,3,0,0,1,0,0,0,5,0
C0640,30-06-2026,213,123,5,3236.47,647.29,73,6,6,6,1,0,1,0.166666667,0,4,2,0
C0641,30-06-2026,831,18,45,44545.37,989.9,26.96,8,8,7,3,2,0.875,0.428571429,0.285714286,0,2,0
C0642,30-06-2026,462,9,26,33972.13,1306.62,24,3,3,3,0,0,1,0,0,0,0,1
C0643,30-06-2026,548,7,47,69595.75,1480.76,15.16,4,4,4,1,0,1,0.25,0,0,3,0
C0644,30-06-2026,357,34,19,21156.02,1113.47,20.11,5,5,5,1,0,1,0.2,0,2,2,0
C0645,30-06-2026,152,0,15,24700.58,1646.71,11,5,5,5,1,0,1,0.2,0,0,4,0
C0646,30-06-2026,813,34,44,47549.48,1080.67,31.08,7,7,7,0,0,1,0,0,0,0,1
C0647,30-06-2026,31,31,7,10179.83,1454.26,0,4,4,4,1,0,1,0.25,0,4,0,1
C0648,30-06-2026,142,142,5,1734.74,346.95,0,8,8,7,1,0,0.875,0.142857143,0,8,0,1
C0649,30-06-2026,719,2,60,114622.14,1910.37,20.06,12,12,9,2,1,0.75,0.222222222,0.111111111,0,5,0
C0650,30-06-2026,419,8,44,82731.52,1880.26,13.81,2,2,2,1,0,1,0.5,0,0,3,0
C0651,30-06-2026,250,46,13,16340.36,1256.95,14.5,8,8,8,2,1,1,0.25,0.125,1,4,0
C0652,30-06-2026,717,7,51,70949,1391.16,27.04,11,11,10,0,0,0.909090909,0,0,0,1,0
C0653,30-06-2026,206,130,7,3139.56,448.51,25.5,6,6,6,1,0,1,0.166666667,0,5,0,1
C0654,30-06-2026,982,174,32,24506.19,765.82,38.95,6,6,6,2,0,1,0.333333333,0,0,0,1
C0655,30-06-2026,1010,93,83,92718.48,1117.09,18.23,11,11,10,1,1,0.909090909,0.1,0.1,0,0,1
C0656,30-06-2026,759,107,14,13916.04,994,63.44,6,6,6,0,0,1,0,0,0,0,1
C0657,30-06-2026,880,19,45,47154.82,1047.88,30.43,7,7,7,1,0,1,0.142857143,0,0,1,0
C0658,30-06-2026,84,5,6,7240.74,1206.79,22.33,4,4,4,2,1,1,0.5,0.25,0,2,0
C0659,30-06-2026,350,76,15,15759.13,1050.61,31.86,5,5,4,0,0,0.8,0,0,0,0,1
C0660,30-06-2026,577,63,27,19130.55,708.54,28.15,7,7,7,2,1,1,0.285714286,0.142857143,0,1,0
C0661,30-06-2026,1019,7,93,101036.6,1086.42,15.5,9,9,9,5,3,1,0.555555556,0.333333333,0,3,0
C0662,30-06-2026,528,88,26,39057.71,1502.22,19.75,8,8,8,0,0,1,0,0,3,0,1
C0663,30-06-2026,159,6,10,10379.62,1037.96,24,7,7,7,2,1,1,0.285714286,0.142857143,0,0,1
C0664,30-06-2026,130,130,5,2615.93,523.19,0,4,4,3,1,0,0.75,0.333333333,0,4,0,1
C0665,30-06-2026,563,53,37,43102.73,1164.94,21.32,4,4,4,1,0,1,0.25,0,0,0,1
C0666,30-06-2026,603,5,53,64711.62,1220.97,17.36,8,8,8,3,0,1,0.375,0,0,0,1
C0667,30-06-2026,1,1,2,1173.02,586.51,0,1,1,1,0,0,1,0,0,0,0,1
C0668,30-06-2026,76,37,3,2100.89,700.3,1.5,4,4,4,3,0,1,0.75,0,1,8,0
C0669,30-06-2026,868,64,52,81290.16,1563.27,25.29,6,6,6,0,0,1,0,0,0,0,1
C0670,30-06-2026,612,4,55,70839.21,1287.99,16.85,9,9,8,2,0,0.888888889,0.25,0,0,1,0
C0671,30-06-2026,354,6,16,11058.28,691.14,29.64,7,7,6,2,1,0.857142857,0.333333333,0.166666667,0,0,1
C0672,30-06-2026,383,12,28,39360.16,1405.72,23.36,6,6,5,4,1,0.833333333,0.8,0.2,0,7,0
C0673,30-06-2026,908,28,92,98264.93,1068.1,19.53,6,6,6,3,0,1,0.5,0,0,3,0
C0674,30-06-2026,530,6,49,131426.29,2682.17,15.81,3,3,3,3,0,1,1,0,0,6,0
C0675,30-06-2026,928,23,71,129638.75,1825.9,20.24,4,4,4,0,0,1,0,0,0,2,0
C0676,30-06-2026,916,17,67,93290.53,1392.4,17.95,11,11,9,5,1,0.818181818,0.555555556,0.111111111,0,1,0
C0677,30-06-2026,623,34,47,50446.79,1073.34,19.18,5,5,5,0,0,1,0,0,0,1,0
C0678,30-06-2026,829,26,44,69537.73,1580.4,30.21,7,7,6,2,1,0.857142857,0.333333333,0.166666667,0,3,0
C0679,30-06-2026,334,25,17,14367.7,845.16,35.38,6,6,6,1,0,1,0.166666667,0,0,3,0
C0680,30-06-2026,942,384,25,13444.4,537.78,25.86,7,7,6,2,0,0.857142857,0.333333333,0,0,0,1
C0681,30-06-2026,830,1,93,185738.1,1997.18,15.9,5,5,5,1,1,1,0.2,0.2,0,5,0
C0682,30-06-2026,576,1,53,88626.18,1672.19,14.41,3,3,3,0,0,1,0,0,0,1,0
C0683,30-06-2026,921,97,56,80161.61,1431.46,23.09,10,10,10,3,0,1,0.3,0,0,0,1
C0684,30-06-2026,740,0,87,181424.54,2085.34,15.16,10,10,9,3,1,0.9,0.333333333,0.111111111,0,3,0
C0685,30-06-2026,208,208,2,1790.92,895.46,0,9,9,8,1,1,0.888888889,0.125,0.125,9,0,1
C0686,30-06-2026,667,52,31,26441.89,852.96,29.26,8,8,8,2,1,1,0.25,0.125,0,1,0
C0687,30-06-2026,1023,92,58,89764.01,1547.66,24.9,3,3,3,1,0,1,0.333333333,0,0,0,1
C0688,30-06-2026,567,116,36,31766.22,882.4,15.77,3,3,3,0,0,1,0,0,2,0,1
C0689,30-06-2026,289,4,17,25585.88,1505.05,23.1,9,9,9,4,2,1,0.444444444,0.222222222,1,10,0
C0690,30-06-2026,531,95,34,65256.27,1919.3,16.9,4,4,4,2,1,1,0.5,0.25,2,0,1
C0691,30-06-2026,150,16,6,6011.62,1001.94,18.33,5,5,5,3,1,1,0.6,0.2,0,2,0
C0692,30-06-2026,229,37,17,20128.72,1184.04,11,7,7,7,2,0,1,0.285714286,0,2,5,0
C0694,30-06-2026,221,7,8,9669.57,1208.7,40.6,9,9,7,1,1,0.777777778,0.142857143,0.142857143,0,4,0
C0695,30-06-2026,73,73,10,7503.75,750.38,0,1,1,1,0,0,1,0,0,1,0,1
C0696,30-06-2026,170,32,12,14734.6,1227.88,16.5,7,7,6,1,0,0.857142857,0.166666667,0,1,7,0
C0697,30-06-2026,852,457,13,9910.1,762.32,48.33,9,9,9,2,1,1,0.222222222,0.111111111,4,0,1
C0698,30-06-2026,824,6,55,91101.73,1656.4,26.3,1,1,1,1,0,1,1,0,0,1,0
C0699,30-06-2026,1023,49,89,171153.86,1923.08,15.38,7,7,6,5,1,0.857142857,0.833333333,0.166666667,0,6,0
C0700,30-06-2026,998,23,88,117833.99,1339.02,19.48,6,6,6,4,2,1,0.666666667,0.333333333,0,3,0
C0701,30-06-2026,536,9,43,109916.78,2556.2,16.08,3,3,3,2,0,1,0.666666667,0,0,5,0
C0702,30-06-2026,824,84,47,31750.27,675.54,26.39,5,5,5,2,1,1,0.4,0.2,1,4,0
C0703,30-06-2026,869,9,98,182813.68,1865.45,14.93,9,9,9,2,0,1,0.222222222,0,0,2,0
C0704,30-06-2026,638,197,19,17915.19,942.9,34.67,6,6,5,0,0,0.833333333,0,0,0,0,1
C0705,30-06-2026,68,1,3,2827.1,942.37,24,3,3,3,0,0,1,0,0,1,0,1
C0706,30-06-2026,848,459,17,9821.61,577.74,51.67,7,7,7,2,1,1,0.285714286,0.142857143,3,0,1
C0707,30-06-2026,141,141,5,3004.05,600.81,0,4,4,4,0,0,1,0,0,4,0,1
C0708,30-06-2026,496,183,5,4269.8,853.96,46,8,8,7,2,0,0.875,0.285714286,0,4,0,1
C0709,30-06-2026,34,16,2,1887.66,943.83,0,4,4,4,2,0,1,0.5,0,2,7,0
C0710,30-06-2026,366,28,22,31389.45,1426.79,23.92,9,9,9,1,0,1,0.111111111,0,1,0,1
C0712,30-06-2026,419,101,17,12964.47,762.62,37.12,9,9,9,1,1,1,0.111111111,0.111111111,3,2,0
C0713,30-06-2026,817,4,44,50133.55,1139.4,25.43,5,5,5,1,0,1,0.2,0,0,0,1
C0714,30-06-2026,521,60,45,46728.17,1038.4,17.88,7,7,7,2,0,1,0.285714286,0,0,0,1
C0715,30-06-2026,808,13,85,135089.66,1589.29,14.52,5,5,5,2,2,1,0.4,0.4,0,8,0
C0716,30-06-2026,943,11,40,38687.94,967.2,33.65,7,7,7,2,0,1,0.285714286,0,0,2,0
C0717,30-06-2026,491,22,21,17991.11,856.72,33.62,8,8,7,2,1,0.875,0.285714286,0.142857143,1,1,0
C0718,30-06-2026,556,21,40,80341.81,2008.55,20.17,4,4,4,4,2,1,1,0.5,0,4,0
C0719,30-06-2026,428,0,47,81402.69,1731.97,12.38,3,3,3,3,0,1,1,0,0,3,0
C0720,30-06-2026,368,186,13,8105.98,623.54,17.12,7,7,6,4,0,0.857142857,0.666666667,0,2,0,1
C0721,30-06-2026,921,120,28,20833.82,744.06,51.46,9,9,9,3,1,1,0.333333333,0.111111111,2,3,0
C0722,30-06-2026,17,17,1,1776.49,1776.49,0,2,2,2,1,1,1,0.5,0.5,2,0,1
C0723,30-06-2026,798,187,36,38692.29,1074.79,24.86,4,4,3,0,0,0.75,0,0,1,0,1
C0724,30-06-2026,769,25,44,42259.96,960.45,26.86,7,7,7,3,1,1,0.428571429,0.142857143,1,1,0
C0725,30-06-2026,14,5,1,1133.34,1133.34,0,1,1,1,1,0,1,1,0,1,9,0
C0726,30-06-2026,874,138,21,18793.09,894.91,38.77,6,6,6,1,0,1,0.166666667,0,0,0,1
C0727,30-06-2026,128,5,6,4935.96,822.66,19.5,8,8,6,1,0,0.75,0.166666667,0,0,0,1
C0728,30-06-2026,523,15,37,54589.82,1475.4,17.17,1,1,1,0,0,1,0,0,0,4,0
C0729,30-06-2026,697,23,71,108382.48,1526.51,14.53,10,10,8,1,0,0.8,0.125,0,1,4,0
C0730,30-06-2026,769,10,68,136005.05,2000.07,15.37,5,5,4,4,3,0.8,1,0.75,0,4,0
C0731,30-06-2026,617,179,19,14376.91,756.68,27.73,2,2,2,1,1,1,0.5,0.5,0,0,1
C0732,30-06-2026,1017,513,21,16306.99,776.52,30.83,7,7,6,2,0,0.857142857,0.333333333,0,2,0,1
C0733,30-06-2026,542,12,40,69982.03,1749.55,20.57,4,4,4,3,2,1,0.75,0.5,0,2,0
C0734,30-06-2026,33,33,2,2035.7,1017.85,0,2,2,2,0,0,1,0,0,2,0,1
C0735,30-06-2026,623,139,31,23885.73,770.51,21.88,4,4,3,1,0,0.75,0.333333333,0,2,0,1
C0736,30-06-2026,743,17,54,103737.41,1921.06,19.8,12,12,12,3,2,1,0.25,0.166666667,0,2,0
C0737,30-06-2026,166,166,3,1441.21,480.4,0,8,8,7,2,1,0.875,0.285714286,0.142857143,8,0,1
C0738,30-06-2026,383,20,30,45058.84,1501.96,20.07,6,6,5,0,0,0.833333333,0,0,0,2,0
C0739,30-06-2026,148,7,10,9837.54,983.75,12.57,6,6,4,2,1,0.666666667,0.5,0.25,0,1,0
C0741,30-06-2026,55,55,6,4834.85,805.81,0,2,2,2,1,0,1,0.5,0,2,0,1
C0743,30-06-2026,633,51,51,80194.16,1572.43,19.12,8,8,8,0,0,1,0,0,3,0,1
C0744,30-06-2026,89,29,3,6999.41,2333.14,57,2,2,2,2,1,1,1,0.5,2,3,0
C0745,30-06-2026,634,209,17,13616.73,800.98,34.5,8,8,6,1,0,0.75,0.166666667,0,4,0,1
C0746,30-06-2026,834,80,36,34082.37,946.73,31.5,8,8,8,4,0,1,0.5,0,0,2,0
C0747,30-06-2026,87,18,2,937.51,468.76,38,2,2,2,1,0,1,0.5,0,0,2,0
C0748,30-06-2026,761,20,34,30915.96,909.29,31.32,8,8,8,2,1,1,0.25,0.125,2,2,0
C0749,30-06-2026,383,153,5,5413.68,1082.74,103,15,15,13,0,0,0.866666667,0,0,7,0,1
C0750,30-06-2026,177,2,8,13951.52,1743.94,44,6,6,6,2,0,1,0.333333333,0,0,1,0
C0751,30-06-2026,8,8,2,2452.86,1226.43,0,3,3,2,0,0,0.666666667,0,0,3,0,1
C0752,30-06-2026,623,345,24,20614.36,858.93,23.91,6,6,5,1,0,0.833333333,0.2,0,2,0,1
C0753,30-06-2026,331,15,24,45622.24,1900.93,15.67,6,6,6,3,0,1,0.5,0,0,2,0
C0754,30-06-2026,719,10,83,116292.15,1401.11,12.74,8,8,7,4,1,0.875,0.571428571,0.142857143,0,2,0
C0755,30-06-2026,351,13,33,49664.04,1504.97,16.33,6,6,6,2,1,1,0.333333333,0.166666667,0,6,0
C0756,30-06-2026,569,17,45,56075.6,1246.12,20.2,6,6,6,2,1,1,0.333333333,0.166666667,0,1,0
C0757,30-06-2026,496,43,48,68772.84,1432.77,16.8,6,6,6,1,0,1,0.166666667,0,1,0,1
C0758,30-06-2026,487,184,16,11871.81,741.99,22.33,5,5,4,0,0,0.8,0,0,3,0,1
C0759,30-06-2026,855,19,39,40989.91,1051.02,29.21,7,7,7,1,0,1,0.142857143,0,0,1,0
C0761,30-06-2026,593,15,21,22750.48,1083.36,36.54,6,6,6,5,2,1,0.833333333,0.333333333,0,0,1
C0762,30-06-2026,157,62,7,13209.69,1887.1,18,10,10,9,2,0,0.9,0.222222222,0,2,0,1
C0763,30-06-2026,968,52,41,48158.85,1174.61,32.48,5,5,5,1,0,1,0.2,0,1,1,0
C0764,30-06-2026,531,24,48,87580.75,1824.6,16.27,9,9,8,4,1,0.888888889,0.5,0.125,1,4,0
C0765,30-06-2026,137,0,2,1306.86,653.43,94,4,4,4,3,1,1,0.75,0.25,0,1,0
C0766,30-06-2026,760,2,68,98103.18,1442.69,17.14,8,8,7,5,0,0.875,0.714285714,0,0,5,0
C0767,30-06-2026,532,20,50,69919.16,1398.38,14.68,7,7,6,3,1,0.857142857,0.5,0.166666667,0,5,0
C0768,30-06-2026,508,14,37,62359.66,1685.4,19.65,7,7,4,2,0,0.571428571,0.5,0,0,11,0
C0769,30-06-2026,727,2,71,116953.21,1647.23,15.61,4,4,2,1,0,0.5,0.5,0,0,3,0
C0770,30-06-2026,598,2,34,38484.68,1131.9,24.84,4,4,4,1,0,1,0.25,0,0,0,1
C0771,30-06-2026,917,71,24,18242.5,760.1,46.43,6,6,4,0,0,0.666666667,0,0,0,2,0
C0772,30-06-2026,326,23,19,14592.44,768.02,20.2,4,4,4,3,3,1,0.75,0.75,0,2,0
C0773,30-06-2026,566,90,33,49958.07,1513.88,19.22,9,9,9,5,2,1,0.555555556,0.222222222,2,0,1
C0774,30-06-2026,924,66,41,50031.58,1220.28,24.32,6,6,5,0,0,0.833333333,0,0,0,0,1
C0775,30-06-2026,582,348,18,11670.24,648.35,20.5,7,7,6,1,0,0.857142857,0.166666667,0,4,0,1
C0776,30-06-2026,123,2,12,21653.77,1804.48,11.8,7,7,5,1,0,0.714285714,0.2,0,0,2,0
C0777,30-06-2026,547,66,26,21233.93,816.69,27.58,10,10,9,2,0,0.9,0.222222222,0,1,1,0
C0778,30-06-2026,400,18,22,22006.13,1000.28,20.58,12,12,11,5,0,0.916666667,0.454545455,0,0,1,0
C0779,30-06-2026,304,9,9,6741.58,749.06,61.5,3,3,3,1,0,1,0.333333333,0,0,1,0
C0780,30-06-2026,973,142,37,40614.27,1097.68,29.45,8,8,8,1,1,1,0.125,0.125,2,0,1
C0781,30-06-2026,75,26,6,7703.9,1283.98,9.67,3,3,1,0,0,0.333333333,0,0,1,1,0
C0782,30-06-2026,1006,139,37,37459.52,1012.42,33.59,17,17,16,1,0,0.941176471,0.0625,0,5,0,1
C0783,30-06-2026,179,101,7,3441.82,491.69,32,4,4,3,2,1,0.75,0.666666667,0.333333333,1,0,1
C0784,30-06-2026,190,190,5,4320.1,864.02,0,4,4,3,0,0,0.75,0,0,4,0,1
C0785,30-06-2026,203,4,11,16026.37,1456.94,24.83,6,6,3,1,1,0.5,0.333333333,0.333333333,0,1,0
C0786,30-06-2026,1010,57,66,59864.74,907.04,26.54,6,6,5,0,0,0.833333333,0,0,1,2,0
C0787,30-06-2026,1026,13,57,49861.82,874.77,26.32,9,9,7,1,0,0.777777778,0.142857143,0,0,0,1
C0788,30-06-2026,454,89,12,9891.5,824.29,63.4,12,12,10,5,2,0.833333333,0.5,0.2,2,1,0
C0789,30-06-2026,374,54,18,31522.15,1751.23,33.44,15,15,14,4,1,0.933333333,0.285714286,0.071428571,3,0,1
C0791,30-06-2026,427,19,17,16872.12,992.48,40.57,8,8,8,4,0,1,0.5,0,0,3,0
C0792,30-06-2026,289,76,7,4709.62,672.8,41.33,7,7,7,4,1,1,0.571428571,0.142857143,1,0,1
C0793,30-06-2026,159,64,7,9802.1,1400.3,10,6,6,6,0,0,1,0,0,2,0,1
C0794,30-06-2026,1013,35,46,45167.99,981.91,32.72,8,8,6,2,0,0.75,0.333333333,0,0,3,0
C0795,30-06-2026,859,153,19,16411.49,863.76,64.9,7,7,6,2,1,0.857142857,0.333333333,0.166666667,2,0,1
C0796,30-06-2026,739,20,38,33891.03,891.87,25.26,4,4,4,3,3,1,0.75,0.75,1,2,0
C0797,30-06-2026,15,2,7,5618.36,802.62,2,1,1,1,0,0,1,0,0,1,0,1
C0798,30-06-2026,412,25,26,25218.99,969.96,23.4,6,6,5,1,0,0.833333333,0.2,0,0,1,0
C0800,30-06-2026,296,32,14,14212.44,1015.17,29.33,4,4,4,0,0,1,0,0,1,3,0
C0801,30-06-2026,522,144,20,18143.16,907.16,36.88,10,10,9,1,1,0.9,0.111111111,0.111111111,0,0,1
C0802,30-06-2026,446,120,17,16853.75,991.4,27.62,9,9,7,2,0,0.777777778,0.285714286,0,2,0,1
C0803,30-06-2026,328,105,7,9130.98,1304.43,37,6,6,4,1,1,0.666666667,0.25,0.25,2,0,1
C0804,30-06-2026,556,206,28,24089.7,860.35,19.54,11,11,10,1,1,0.909090909,0.1,0.1,4,0,1
C0805,30-06-2026,987,11,55,66054.94,1201,27.55,9,9,9,1,0,1,0.111111111,0,0,3,0
C0806,30-06-2026,559,146,25,17848.44,713.94,27,8,8,8,0,0,1,0,0,3,0,1
C0807,30-06-2026,799,47,38,28262.33,743.75,23.43,10,10,9,4,0,0.9,0.444444444,0,1,1,0
C0808,30-06-2026,141,36,1,1501.79,1501.79,0,5,5,5,3,0,1,0.6,0,1,2,0
C0809,30-06-2026,840,88,51,96889.91,1899.8,22.14,7,7,7,3,2,1,0.428571429,0.285714286,1,0,1
C0810,30-06-2026,625,13,28,40688.42,1453.16,26.35,10,10,9,3,0,0.9,0.333333333,0,0,3,0
C0811,30-06-2026,112,42,1,1781.97,1781.97,0,7,7,7,3,0,1,0.428571429,0,5,2,0
C0812,30-06-2026,588,459,12,4839.86,403.32,12.86,10,10,8,3,0,0.8,0.375,0,8,0,1
C0813,30-06-2026,95,95,2,1255.87,627.93,0,6,6,5,2,1,0.833333333,0.4,0.2,6,0,1
C0814,30-06-2026,419,154,13,9595.15,738.09,26.62,10,10,8,0,0,0.8,0,0,4,0,1
C0815,30-06-2026,417,171,5,3616.08,723.22,46,5,5,5,0,0,1,0,0,1,0,1
C0816,30-06-2026,113,20,15,25973.56,1731.57,9.67,6,6,6,1,0,1,0.166666667,0,2,3,0
C0817,30-06-2026,635,35,53,83790.49,1580.95,16.35,8,8,8,2,1,1,0.25,0.125,0,4,0
C0818,30-06-2026,954,2,84,204378.88,2433.08,16.52,5,5,5,3,0,1,0.6,0,0,6,0
C0819,30-06-2026,982,38,55,115780.85,2105.11,23.08,10,10,9,3,2,0.9,0.333333333,0.222222222,0,0,1
C0820,30-06-2026,324,40,14,11745.57,838.97,30,8,8,8,4,1,1,0.5,0.125,1,3,0
C0821,30-06-2026,1018,4,58,98872.84,1704.7,24.94,6,6,6,1,1,1,0.166666667,0.166666667,0,0,1
C0822,30-06-2026,48,13,1,1680.76,1680.76,0,2,2,1,0,0,0.5,0,0,1,4,0
C0823,30-06-2026,715,16,61,74864.61,1227.29,16.44,5,5,4,1,0,0.8,0.25,0,0,1,0
C0824,30-06-2026,17,17,6,7473.72,1245.62,0,2,2,2,0,0,1,0,0,2,0,1
C0825,30-06-2026,59,59,2,1661.61,830.8,0,6,6,5,1,0,0.833333333,0.2,0,5,0,1
C0826,30-06-2026,674,40,61,60998.69,999.98,14.89,7,7,6,4,0,0.857142857,0.666666667,0,0,1,0
C0827,30-06-2026,861,10,45,56470.17,1254.89,21.41,8,8,8,2,0,1,0.25,0,0,1,0
C0828,30-06-2026,417,4,27,33194.7,1229.43,24.15,6,6,4,2,1,0.666666667,0.5,0.25,0,2,0
C0829,30-06-2026,827,178,17,12521.89,736.58,58.89,9,9,7,4,1,0.777777778,0.571428571,0.142857143,1,0,1
C0830,30-06-2026,342,74,23,26996.42,1173.76,13.27,3,3,3,1,1,1,0.333333333,0.333333333,0,2,0
C0831,30-06-2026,21,6,3,1967.31,655.77,0,1,1,0,0,0,0,0,0,1,5,0
C0832,30-06-2026,467,12,35,31362.74,896.08,20.55,9,9,9,7,5,1,0.777777778,0.555555556,2,3,0
C0833,30-06-2026,540,175,18,8926.05,495.89,33.29,7,7,7,0,0,1,0,0,0,0,1
C0834,30-06-2026,369,9,26,33643.5,1293.98,20.86,6,6,5,1,0,0.833333333,0.2,0,0,3,0
C0835,30-06-2026,874,112,45,36553.48,812.3,26.16,11,11,11,2,1,1,0.181818182,0.090909091,2,0,1
C0836,30-06-2026,376,63,4,4753.08,1188.27,61,9,9,9,1,1,1,0.111111111,0.111111111,2,1,0
C0837,30-06-2026,353,37,27,21228.23,786.23,15.53,13,13,12,2,1,0.923076923,0.166666667,0.083333333,2,1,0
C0838,30-06-2026,972,140,24,17917.56,746.56,46.73,6,6,5,0,0,0.833333333,0,0,1,0,1
C0839,30-06-2026,824,2,48,96218,2004.54,22.8,8,8,8,1,1,1,0.125,0.125,0,4,0
C0840,30-06-2026,520,42,26,23694.88,911.34,29.86,7,7,7,1,1,1,0.142857143,0.142857143,0,4,0
C0841,30-06-2026,851,46,64,76153.87,1189.9,21.81,8,8,7,1,1,0.875,0.142857143,0.142857143,1,1,0
C0842,30-06-2026,50,1,3,2203.41,734.47,0,2,2,1,0,0,0.5,0,0,0,1,0
C0844,30-06-2026,552,97,41,77991.87,1902.24,14.08,10,10,10,2,1,1,0.2,0.1,2,0,1
C0845,30-06-2026,48,0,8,17814.93,2226.87,10.67,2,2,2,0,0,1,0,0,0,7,0
C0846,30-06-2026,238,26,22,44908.72,2041.31,14,7,7,7,1,0,1,0.142857143,0,1,0,1
C0848,30-06-2026,269,16,23,20804.4,904.54,14.23,9,9,9,4,1,1,0.444444444,0.111111111,0,6,0
C0849,30-06-2026,999,10,91,148362.86,1630.36,18.1,8,8,7,3,1,0.875,0.428571429,0.142857143,0,6,0
C0850,30-06-2026,343,12,54,87613.99,1622.48,9.83,7,7,7,5,3,1,0.714285714,0.428571429,0,3,0
C0851,30-06-2026,512,343,13,12551.91,965.53,22.83,4,4,4,0,0,1,0,0,2,0,1
C0852,30-06-2026,705,10,76,143747.68,1891.42,12.79,11,11,9,3,0,0.818181818,0.333333333,0,0,5,0
C0854,30-06-2026,665,174,18,14478.33,804.35,47.7,6,6,5,1,0,0.833333333,0.2,0,1,0,1
C0855,30-06-2026,761,10,15,11416.37,761.09,72.14,5,5,5,0,0,1,0,0,0,4,0
C0857,30-06-2026,788,19,83,161085.82,1940.79,13.49,8,8,8,3,2,1,0.375,0.25,0,6,0
C0858,30-06-2026,568,396,25,10983.23,439.33,11.77,3,3,3,0,0,1,0,0,3,0,1
C0859,30-06-2026,579,9,60,96491.4,1608.19,17.35,9,9,8,4,3,0.888888889,0.5,0.375,1,8,0
C0860,30-06-2026,357,22,19,24512.47,1290.13,26.8,9,9,8,2,1,0.888888889,0.25,0.125,2,1,0
C0861,30-06-2026,145,7,4,6641.39,1660.35,20,4,4,4,0,0,1,0,0,2,4,0
C0864,30-06-2026,657,60,38,70632.37,1858.75,18.6,6,6,5,0,0,0.833333333,0,0,1,0,1
C0865,30-06-2026,97,37,11,17507.63,1591.6,13.67,7,7,7,5,3,1,0.714285714,0.428571429,2,5,0
C0866,30-06-2026,587,4,36,43274.61,1202.07,24.81,4,4,4,2,0,1,0.5,0,0,10,0
C0867,30-06-2026,985,418,17,12181.01,716.53,54.8,11,11,10,2,0,0.909090909,0.2,0,5,0,1
C0868,30-06-2026,215,5,15,18986.44,1265.76,22.83,6,6,6,2,1,1,0.333333333,0.166666667,0,1,0
C0869,30-06-2026,93,93,2,4115.78,2057.89,0,5,5,5,0,0,1,0,0,4,0,1
C0870,30-06-2026,1020,12,68,99717.5,1466.43,20.63,4,4,2,0,0,0.5,0,0,0,1,0
C0871,30-06-2026,692,8,68,130138.84,1913.81,15,6,6,5,3,2,0.833333333,0.6,0.4,0,5,0
C0872,30-06-2026,618,14,39,62917.51,1613.27,22.75,13,13,11,3,2,0.846153846,0.272727273,0.181818182,0,8,0
C0873,30-06-2026,636,9,69,89089.61,1291.15,13.44,8,8,6,2,1,0.75,0.333333333,0.166666667,0,9,0
C0874,30-06-2026,200,61,14,20163.86,1440.28,11.71,4,4,4,0,0,1,0,0,1,0,1
C0875,30-06-2026,418,9,30,41097.77,1369.93,18.28,7,7,5,0,0,0.714285714,0,0,0,4,0
C0876,30-06-2026,799,10,76,70408.2,926.42,14.91,11,11,11,5,1,1,0.454545455,0.090909091,1,2,0
C0877,30-06-2026,393,72,17,18760.29,1103.55,26.11,8,8,7,2,0,0.875,0.285714286,0,3,2,0
C0878,30-06-2026,136,136,4,2490.49,622.62,0,7,7,7,1,0,1,0.142857143,0,7,0,1
C0879,30-06-2026,891,22,44,37972.49,863.01,29.48,7,7,7,0,0,1,0,0,0,1,0
C0880,30-06-2026,752,11,27,21821.38,808.2,43.93,11,11,10,3,1,0.909090909,0.3,0.1,0,1,0
C0881,30-06-2026,713,1,42,40658.07,968.05,19.38,10,10,10,5,0,1,0.5,0,0,0,1
C0882,30-06-2026,1013,506,20,12179.17,608.96,24.21,9,9,7,2,1,0.777777778,0.285714286,0.142857143,5,0,1
C0883,30-06-2026,493,51,18,18813.82,1045.21,33.12,8,8,8,1,0,1,0.125,0,1,1,0
C0884,30-06-2026,169,49,5,3553.79,710.76,85,3,3,2,1,0,0.666666667,0.5,0,0,2,0
C0885,30-06-2026,976,18,46,40127.16,872.33,34.78,3,3,3,1,1,1,0.333333333,0.333333333,0,3,0
C0886,30-06-2026,185,93,13,13475.88,1036.61,11.2,7,7,7,0,0,1,0,0,2,0,1
C0887,30-06-2026,701,138,22,22212.24,1009.65,44.75,7,7,7,3,1,1,0.428571429,0.142857143,0,0,1
C0889,30-06-2026,122,8,4,4550.56,1137.64,43,6,6,6,2,0,1,0.333333333,0,0,3,0
C0890,30-06-2026,972,40,71,90203.27,1270.47,22.32,8,8,7,5,1,0.875,0.714285714,0.142857143,0,6,0
C0891,30-06-2026,186,186,4,2476.31,619.08,0,4,4,4,0,0,1,0,0,4,0,1
C0892,30-06-2026,1,1,3,6524.58,2174.86,0,0,0,0,0,0,0,0,0,0,0,1
C0893,30-06-2026,299,7,16,16330.74,1020.67,25.29,4,4,3,1,0,0.75,0.333333333,0,0,0,1
C0894,30-06-2026,284,116,10,12401.78,1240.18,19.5,8,8,7,0,0,0.875,0,0,6,1,0
C0895,30-06-2026,821,65,61,80090.56,1312.96,16.76,11,11,11,4,1,1,0.363636364,0.090909091,1,2,0
C0896,30-06-2026,495,15,49,77770.11,1587.15,17.54,7,7,7,3,1,1,0.428571429,0.142857143,0,2,0
C0897,30-06-2026,1011,7,77,138001.46,1792.23,19.39,5,5,5,1,0,1,0.2,0,0,2,0
C0898,30-06-2026,869,81,67,81872.08,1221.97,21,5,5,5,2,0,1,0.4,0,0,0,1
C0899,30-06-2026,806,40,45,37672.77,837.17,27.38,7,7,7,2,1,1,0.285714286,0.142857143,0,1,0
C0900,30-06-2026,384,9,37,78573.18,2123.6,13.05,7,7,7,2,1,1,0.285714286,0.142857143,0,3,0
C0901,30-06-2026,129,129,6,5357.27,892.88,0,2,2,1,0,0,0.5,0,0,2,0,1
C0902,30-06-2026,475,2,40,60297.69,1507.44,16.7,8,8,7,2,0,0.875,0.285714286,0,0,2,0
C0904,30-06-2026,951,28,31,30032.52,968.79,44.37,8,8,8,1,0,1,0.125,0,0,2,0
C0905,30-06-2026,602,40,29,23850.39,822.43,30.27,8,8,8,5,3,1,0.625,0.375,2,1,0
C0906,30-06-2026,731,1,63,134454.77,2134.2,19.97,4,4,4,1,0,1,0.25,0,0,4,0
C0907,30-06-2026,205,125,10,7474.22,747.42,10.2,9,9,8,0,0,0.888888889,0,0,4,0,1
C0908,30-06-2026,533,43,18,15756.31,875.35,32,8,8,8,4,1,1,0.5,0.125,0,2,0
C0910,30-06-2026,427,8,18,16918.97,939.94,29.4,7,7,7,3,1,1,0.428571429,0.142857143,0,1,0
C0911,30-06-2026,74,0,8,6171.93,771.49,8.33,3,3,3,1,0,1,0.333333333,0,0,3,0
C0912,30-06-2026,649,187,17,13815.15,812.66,44.5,7,7,7,1,0,1,0.142857143,0,3,0,1
C0913,30-06-2026,572,451,6,2819.86,469.98,30,3,3,3,2,0,1,0.666666667,0,3,0,1
C0914,30-06-2026,665,117,27,22013.94,815.33,27,11,11,10,0,0,0.909090909,0,0,2,0,1
C0915,30-06-2026,627,11,59,80356.28,1361.97,17.18,12,12,12,4,2,1,0.333333333,0.166666667,0,10,0
C0916,30-06-2026,248,3,49,65693.81,1340.69,7.69,9,9,8,5,1,0.888888889,0.625,0.125,0,5,0
C0917,30-06-2026,135,97,10,10503.69,1050.37,3.25,10,10,9,2,2,0.9,0.222222222,0.222222222,6,0,1
C0918,30-06-2026,457,74,17,31249.47,1838.2,38.11,6,6,5,1,1,0.833333333,0.2,0.2,2,0,1
C0919,30-06-2026,450,127,10,9843.58,984.36,50.5,12,12,10,2,0,0.833333333,0.2,0,4,0,1
C0920,30-06-2026,276,83,21,26282.09,1251.53,9.23,2,2,1,0,0,0.5,0,0,0,0,1
C0921,30-06-2026,696,15,38,34430.91,906.08,30.55,9,9,9,1,0,1,0.111111111,0,0,2,0
C0922,30-06-2026,637,21,32,34335.34,1072.98,29.5,5,5,5,4,0,1,0.8,0,0,1,0
C0923,30-06-2026,1031,23,54,58913.56,1090.99,30.76,7,7,7,3,0,1,0.428571429,0,0,4,0
C0925,30-06-2026,734,33,22,21252.68,966.03,35.53,8,8,7,1,1,0.875,0.142857143,0.142857143,0,1,0
C0926,30-06-2026,116,31,2,1886.58,943.29,0,2,2,2,1,1,1,0.5,0.5,0,5,0
C0927,30-06-2026,540,109,22,17487.56,794.89,24,7,7,6,1,0,0.857142857,0.166666667,0,4,2,0
C0928,30-06-2026,131,0,11,15854.57,1441.32,21,8,8,8,3,1,1,0.375,0.125,0,0,1
C0929,30-06-2026,444,3,50,105071.22,2101.42,12.96,6,6,6,2,2,1,0.333333333,0.333333333,0,10,0
C0930,30-06-2026,18,0,4,2842.92,710.73,8,2,2,2,0,0,1,0,0,0,0,1
C0931,30-06-2026,332,23,34,43473.75,1278.64,18.47,9,9,9,5,2,1,0.555555556,0.222222222,0,2,0
C0932,30-06-2026,837,90,45,67389.23,1497.54,28.08,12,12,12,5,2,1,0.416666667,0.166666667,1,0,1
C0933,30-06-2026,471,193,14,8998.35,642.74,23.11,6,6,5,2,0,0.833333333,0.4,0,2,0,1
C0934,30-06-2026,87,54,3,7353.93,2451.31,0,0,0,0,0,0,0,0,0,0,7,0
C0935,30-06-2026,861,67,28,22364.55,798.73,42.93,4,4,4,2,0,1,0.5,0,0,2,0
C0936,30-06-2026,295,166,7,3539.03,505.58,20,7,7,5,0,0,0.714285714,0,0,4,0,1
C0937,30-06-2026,660,12,23,23068.2,1002.97,31.87,7,7,5,0,0,0.714285714,0,0,0,0,1
C0938,30-06-2026,765,25,58,88270.57,1521.91,20.48,4,4,3,0,0,0.75,0,0,0,6,0
C0939,30-06-2026,1026,16,65,62002.81,953.89,22,6,6,6,2,0,1,0.333333333,0,0,0,1
C0940,30-06-2026,611,32,38,47250.9,1243.44,24.86,10,10,8,3,0,0.8,0.375,0,1,3,0
C0941,30-06-2026,992,43,55,45651.76,830.03,25.81,6,6,4,3,1,0.666666667,0.75,0.25,0,1,0
C0942,30-06-2026,503,503,13,7845.3,603.48,0,12,12,12,2,0,1,0.166666667,0,12,0,1
C0945,30-06-2026,996,128,19,13508.61,710.98,62.45,6,6,5,0,0,0.833333333,0,0,2,0,1
C0946,30-06-2026,331,20,15,13182.37,878.82,24.62,9,9,6,2,1,0.666666667,0.333333333,0.166666667,2,6,0
C0947,30-06-2026,895,52,66,105381.77,1596.69,16.87,8,8,6,3,0,0.75,0.5,0,1,2,0
C0948,30-06-2026,88,11,8,16908.08,2113.51,7,6,6,6,6,2,1,1,0.333333333,1,3,0
C0949,30-06-2026,439,33,8,8350.21,1043.78,42,2,2,2,0,0,1,0,0,0,3,0
C0950,30-06-2026,567,3,48,70522.79,1469.22,14.93,3,3,3,0,0,1,0,0,1,3,0
C0951,30-06-2026,153,6,19,22897.85,1205.15,11.33,4,4,4,2,1,1,0.5,0.25,0,2,0
C0952,30-06-2026,451,110,27,41526.09,1538,17.19,4,4,2,0,0,0.5,0,0,0,0,1
C0953,30-06-2026,52,52,1,431.71,431.71,0,6,6,6,0,0,1,0,0,6,0,1
C0954,30-06-2026,45,3,1,2089.68,2089.68,0,3,3,2,1,1,0.666666667,0.5,0.5,0,1,0
C0955,30-06-2026,782,92,29,44598.26,1537.87,24,6,6,4,2,0,0.666666667,0.5,0,0,0,1
C0956,30-06-2026,582,71,48,61321.14,1277.52,15.04,7,7,6,1,0,0.857142857,0.166666667,0,1,0,1
C0957,30-06-2026,772,305,14,12442.04,888.72,72.17,4,4,4,2,0,1,0.5,0,3,0,1
C0958,30-06-2026,322,4,19,22874.91,1203.94,22.27,10,10,8,1,0,0.8,0.125,0,0,0,1
C0959,30-06-2026,43,22,1,1129.56,1129.56,0,5,5,4,0,0,0.8,0,0,4,2,0
C0960,30-06-2026,744,4,55,100909.06,1834.71,22.52,6,6,5,1,0,0.833333333,0.2,0,0,3,0
C0961,30-06-2026,66,27,3,3932.6,1310.87,18,2,2,2,0,0,1,0,0,0,1,0
C0962,30-06-2026,762,377,16,12928.07,808,34.75,9,9,9,0,0,1,0,0,8,0,1
C0963,30-06-2026,97,13,4,5421.68,1355.42,58,4,4,4,0,0,1,0,0,0,2,0
C0964,30-06-2026,269,8,20,31697.29,1584.86,25.33,5,5,4,2,1,0.8,0.5,0.25,0,4,0
C0965,30-06-2026,446,19,25,30328.98,1213.16,21.93,7,7,7,4,1,1,0.571428571,0.142857143,0,1,0
C0966,30-06-2026,51,21,4,10070.66,2517.66,19,3,3,3,2,0,1,0.666666667,0,1,6,0
C0967,30-06-2026,193,193,10,10733.23,1073.32,0,6,6,6,2,0,1,0.333333333,0,6,0,1
C0968,30-06-2026,770,1,50,62566.14,1251.32,28.84,8,8,7,0,0,0.875,0,0,0,0,1
C0969,30-06-2026,601,4,40,62927.84,1573.2,19,6,6,6,3,0,1,0.5,0,0,2,0
C0970,30-06-2026,371,35,9,9047.26,1005.25,39,5,5,5,1,0,1,0.2,0,1,1,0
C0971,30-06-2026,212,29,10,21260.25,2126.02,33.6,9,9,9,1,1,1,0.111111111,0.111111111,2,4,0
C0972,30-06-2026,227,56,7,10189.6,1455.66,25.25,5,5,5,2,1,1,0.4,0.2,1,3,0
C0973,30-06-2026,394,5,32,43477.7,1358.68,21.06,4,4,4,1,0,1,0.25,0,0,8,0
C0974,30-06-2026,111,111,4,3612.49,903.12,0,4,4,4,0,0,1,0,0,4,0,1
C0975,30-06-2026,441,21,23,17250.25,750.01,29.17,5,5,5,0,0,1,0,0,0,2,0
C0976,30-06-2026,24,24,7,7110.28,1015.75,0,3,3,3,0,0,1,0,0,3,0,1
C0977,30-06-2026,728,54,34,30320.26,891.77,25.58,4,4,4,1,0,1,0.25,0,2,2,0
C0978,30-06-2026,465,27,37,56402.85,1524.4,17,6,6,6,2,0,1,0.333333333,0,0,6,0
C0979,30-06-2026,333,83,10,13212.32,1321.23,24.33,4,4,3,1,0,0.75,0.333333333,0,1,6,0
C0981,30-06-2026,525,37,23,27334.47,1188.46,27.94,7,7,7,2,0,1,0.285714286,0,2,1,0
C0982,30-06-2026,595,4,77,162550.12,2111.04,10.95,8,8,8,4,1,1,0.5,0.125,0,3,0
C0986,30-06-2026,1013,18,110,174068.7,1582.44,16.07,0,0,0,0,0,0,0,0,0,3,0
C0987,30-06-2026,323,323,3,2554.62,851.54,0,8,8,5,0,0,0.625,0,0,8,0,1
C0988,30-06-2026,73,34,1,830,830,0,4,4,4,1,0,1,0.25,0,2,3,0
C0990,30-06-2026,856,73,69,116606.08,1689.94,18.37,6,6,6,2,0,1,0.333333333,0,1,0,1
C0991,30-06-2026,275,5,9,8348.34,927.59,43.8,4,4,4,0,0,1,0,0,0,2,0
C0992,30-06-2026,698,12,32,50115.69,1566.12,26.63,2,2,2,0,0,1,0,0,0,1,0
C0994,30-06-2026,489,29,19,31403.7,1652.83,37.09,8,8,4,1,0,0.5,0.25,0,0,1,0
C0995,30-06-2026,272,20,19,23068.52,1214.13,16.67,9,9,6,1,0,0.666666667,0.166666667,0,1,2,0
C0996,30-06-2026,488,58,22,21937.24,997.15,25.55,5,5,4,1,0,0.8,0.25,0,1,1,0
C0997,30-06-2026,311,30,12,12367.37,1030.61,24,4,4,3,0,0,0.75,0,0,1,2,0
C0998,30-06-2026,720,12,60,105119.92,1752,16.97,9,9,9,4,1,1,0.444444444,0.111111111,0,3,0
C0999,30-06-2026,512,78,22,25649.31,1165.88,26,1,1,1,1,0,1,1,0,0,1,0
C1000,30-06-2026,20,5,1,825.67,825.67,0,2,2,2,1,1,1,0.5,0.5,0,1,0
